timestamp,day,type,bottle,light_treatment,richness,composition,incubator,concentration,cv,n
20210920,0,IC,b_01,constant,10,c_08,A,7.08,NA,1
20210920,0,IC,b_02,constant,7,c_02,A,8.534385970998404,NA,1
20210920,0,IC,b_03,constant,14,c_11,A,7.058771941996808,NA,1
20210920,0,IC,b_04,constant,7,c_05,A,7.933157912995213,NA,1
20210920,0,IC,b_05,decreasing,14,c_13,B,7.73,NA,1
20210920,0,IC,b_06,decreasing,14,c_11,B,7.510911560278021,NA,1
20210920,0,IC,b_07,decreasing,10,c_06,B,7.2018231205560435,NA,1
20210920,0,IC,b_08,decreasing,7,c_01,B,9.262734680834065,NA,1
20210920,0,IC,b_09,decreasing,7,c_02,C,8.713646241112087,NA,1
20210920,0,IC,b_10,decreasing,10,c_07,C,8.634557801390109,NA,1
20210920,0,IC,b_11,decreasing,10,c_08,C,7.165469361668132,NA,1
20210920,0,IC,b_12,decreasing,14,c_14,C,7.586380921946154,NA,1
20210920,0,IC,b_13,constant,10,c_06,D,7.83263165198085,NA,1
20210920,0,IC,b_14,constant,7,c_03,D,7.257017622979254,NA,1
20210920,0,IC,b_15,constant,14,c_14,D,7.411403593977659,NA,1
20210920,0,IC,b_16,constant,14,c_15,D,7.2057895649760635,NA,1
20210920,0,IC,b_17,decreasing,7,c_05,E,6.850938723336263,NA,1
20210920,0,IC,b_18,decreasing,7,c_04,E,7.931850283614286,NA,1
20210920,0,IC,b_19,decreasing,14,c_12,E,7.602761843892307,NA,1
20210920,0,IC,b_20,decreasing,10,c_09,E,8.19367340417033,NA,1
20210920,0,IC,b_21,constant,10,c_07,F,8.697719419968085,NA,1
20210920,0,IC,b_22,constant,10,c_10,F,8.142105390966488,NA,1
20210920,0,IC,b_23,constant,7,c_04,F,7.136491361964893,NA,1
20210920,0,IC,b_24,constant,14,c_13,F,7.950877332963297,NA,1
20210920,0,IC,b_25,decreasing,7,c_03,G,7.978231205560438,NA,1
20210920,0,IC,b_26,decreasing,14,c_15,G,7.94914276583846,NA,1
20210920,0,IC,b_27,decreasing,10,c_10,G,9.05005432611648,NA,1
20210920,0,IC,b_28,constant,10,c_09,H,7.458421216956914,NA,1
20210920,0,IC,b_29,constant,14,c_12,H,7.622807187955318,NA,1
20210920,0,IC,b_30,constant,7,c_01,H,9.527193158953722,NA,1
20210920,0,TC,b_01,constant,10,c_08,A,54.37,NA,1
20210920,0,TC,b_02,constant,7,c_02,A,53.361729341566644,NA,1
20210920,0,TC,b_03,constant,14,c_11,A,54.883458683133284,NA,1
20210920,0,TC,b_04,constant,7,c_05,A,50.71518802469993,NA,1
20210920,0,TC,b_05,decreasing,14,c_13,B,58.18,NA,1
20210920,0,TC,b_06,decreasing,14,c_11,B,54.96180634337301,NA,1
20210920,0,TC,b_07,decreasing,10,c_06,B,54.76361268674602,NA,1
20210920,0,TC,b_08,decreasing,7,c_01,B,52.335419030119034,NA,1
20210920,0,TC,b_09,decreasing,7,c_02,C,52.66722537349205,NA,1
20210920,0,TC,b_10,decreasing,10,c_07,C,49.19903171686506,NA,1
20210920,0,TC,b_11,decreasing,10,c_08,C,55.320838060238074,NA,1
20210920,0,TC,b_12,decreasing,14,c_14,C,54.62264440361109,NA,1
20210920,0,TC,b_13,constant,10,c_06,D,54.210752098799695,NA,1
20210920,0,TC,b_14,constant,7,c_03,D,53.03248144036633,NA,1
20210920,0,TC,b_15,constant,14,c_14,D,51.87421078193297,NA,1
20210920,0,TC,b_16,constant,14,c_15,D,51.43594012349961,NA,1
20210920,0,TC,b_17,decreasing,7,c_05,E,52.081676120476146,NA,1
20210920,0,TC,b_18,decreasing,7,c_04,E,61.20348246384916,NA,1
20210920,0,TC,b_19,decreasing,14,c_12,E,59.495288807222174,NA,1
20210920,0,TC,b_20,decreasing,10,c_09,E,52.94709515059519,NA,1
20210920,0,TC,b_21,constant,10,c_07,F,49.12458683133282,NA,1
20210920,0,TC,b_22,constant,10,c_10,F,46.066316172899455,NA,1
20210920,0,TC,b_23,constant,7,c_04,F,57.698045514466095,NA,1
20210920,0,TC,b_24,constant,14,c_13,F,54.279774856032745,NA,1
20210920,0,TC,b_25,decreasing,7,c_03,G,44.30612686746026,NA,1
20210920,0,TC,b_26,decreasing,14,c_15,G,52.42793321083326,NA,1
20210920,0,TC,b_27,decreasing,10,c_10,G,43.78973955420628,NA,1
20210920,0,TC,b_28,constant,10,c_09,H,55.3166922222993,NA,1
20210920,0,TC,b_29,constant,14,c_12,H,56.66842156386594,NA,1
20210920,0,TC,b_30,constant,7,c_01,H,51.80015090543258,NA,1
20210920,0,TN,b_01,constant,10,c_08,A,2.05,NA,1
20210920,0,TN,b_02,constant,7,c_02,A,2.6147901200305284,NA,1
20210920,0,TN,b_03,constant,14,c_11,A,1.959580240061056,NA,1
20210920,0,TN,b_04,constant,7,c_05,A,2.094370360091584,NA,1
20210920,0,TN,b_05,decreasing,14,c_13,B,2.39,NA,1
20210920,0,TN,b_06,decreasing,14,c_11,B,2.0576907405927938,NA,1
20210920,0,TN,b_07,decreasing,10,c_06,B,2.0153814811855875,NA,1
20210920,0,TN,b_08,decreasing,7,c_01,B,2.103072221778381,NA,1
20210920,0,TN,b_09,decreasing,7,c_02,C,2.4307629623711753,NA,1
20210920,0,TN,b_10,decreasing,10,c_07,C,1.8584537029639692,NA,1
20210920,0,TN,b_11,decreasing,10,c_08,C,2.236144443556763,NA,1
20210920,0,TN,b_12,decreasing,14,c_14,C,2.1038351841495566,NA,1
20210920,0,TN,b_13,constant,10,c_06,D,2.117481440366336,NA,1
20210920,0,TN,b_14,constant,7,c_03,D,1.892271560396864,NA,1
20210920,0,TN,b_15,constant,14,c_14,D,1.697061680427392,NA,1
20210920,0,TN,b_16,constant,14,c_15,D,1.93185180045792,NA,1
20210920,0,TN,b_17,decreasing,7,c_05,E,1.8922888871135255,NA,1
20210920,0,TN,b_18,decreasing,7,c_04,E,2.5499796277063194,NA,1
20210920,0,TN,b_19,decreasing,14,c_12,E,2.367670368299113,NA,1
20210920,0,TN,b_20,decreasing,10,c_09,E,2.085361108891907,NA,1
20210920,0,TN,b_21,constant,10,c_07,F,1.83580240061056,NA,1
20210920,0,TN,b_22,constant,10,c_10,F,1.7905925206410878,NA,1
20210920,0,TN,b_23,constant,7,c_04,F,2.3553826406716163,NA,1
20210920,0,TN,b_24,constant,14,c_13,F,2.100172760702144,NA,1
20210920,0,TN,b_25,decreasing,7,c_03,G,1.6038148118558757,NA,1
20210920,0,TN,b_26,decreasing,14,c_15,G,1.9815055524486693,NA,1
20210920,0,TN,b_27,decreasing,10,c_10,G,2.099196293041463,NA,1
20210920,0,TN,b_28,constant,10,c_09,H,2.129333240824256,NA,1
20210920,0,TN,b_29,constant,14,c_12,H,2.1141233608547836,NA,1
20210920,0,TN,b_30,constant,7,c_01,H,2.128913480885312,NA,1
20210920,0,TOC,b_01,constant,10,c_08,A,47.29,NA,1
20210920,0,TOC,b_02,constant,7,c_02,A,44.82734337056823,NA,1
20210920,0,TOC,b_03,constant,14,c_11,A,47.824686741136475,NA,1
20210920,0,TOC,b_04,constant,7,c_05,A,42.782030111704714,NA,1
20210920,0,TOC,b_05,decreasing,14,c_13,B,50.45,NA,1
20210920,0,TOC,b_06,decreasing,14,c_11,B,47.45089478309498,NA,1
20210920,0,TOC,b_07,decreasing,10,c_06,B,47.56178956618998,NA,1
20210920,0,TOC,b_08,decreasing,7,c_01,B,43.07268434928497,NA,1
20210920,0,TOC,b_09,decreasing,7,c_02,C,43.95357913237996,NA,1
20210920,0,TOC,b_10,decreasing,10,c_07,C,40.56447391547495,NA,1
20210920,0,TOC,b_11,decreasing,10,c_08,C,48.155368698569944,NA,1
20210920,0,TOC,b_12,decreasing,14,c_14,C,47.03626348166493,NA,1
20210920,0,TOC,b_13,constant,10,c_06,D,46.37812044681884,NA,1
20210920,0,TOC,b_14,constant,7,c_03,D,45.77546381738708,NA,1
20210920,0,TOC,b_15,constant,14,c_14,D,44.46280718795531,NA,1
20210920,0,TOC,b_16,constant,14,c_15,D,44.230150558523555,NA,1
20210920,0,TOC,b_17,decreasing,7,c_05,E,45.23073739713988,NA,1
20210920,0,TOC,b_18,decreasing,7,c_04,E,53.27163218023488,NA,1
20210920,0,TOC,b_19,decreasing,14,c_12,E,51.892526963329864,NA,1
20210920,0,TOC,b_20,decreasing,10,c_09,E,44.75342174642486,NA,1
20210920,0,TOC,b_21,constant,10,c_07,F,40.42686741136474,NA,1
20210920,0,TOC,b_22,constant,10,c_10,F,37.92421078193296,NA,1
20210920,0,TOC,b_23,constant,7,c_04,F,50.561554152501195,NA,1
20210920,0,TOC,b_24,constant,14,c_13,F,46.328897523069436,NA,1
20210920,0,TOC,b_25,decreasing,7,c_03,G,36.32789566189981,NA,1
20210920,0,TOC,b_26,decreasing,14,c_15,G,44.4787904449948,NA,1
20210920,0,TOC,b_27,decreasing,10,c_10,G,34.7396852280898,NA,1
20210920,0,TOC,b_28,constant,10,c_09,H,47.85827100534238,NA,1
20210920,0,TOC,b_29,constant,14,c_12,H,49.04561437591062,NA,1
20210920,0,TOC,b_30,constant,7,c_01,H,42.27295774647886,NA,1
20210922,2,IC,b_01,constant,10,c_08,A,7.001579129952125,NA,1
20210922,2,IC,b_02,constant,7,c_02,A,8.455965100950529,NA,1
20210922,2,IC,b_03,constant,14,c_11,A,6.690351071948935,NA,1
20210922,2,IC,b_04,constant,7,c_05,A,7.264737042947338,NA,1
20210922,2,IC,b_05,decreasing,14,c_13,B,7.637346808340657,NA,1
20210922,2,IC,b_06,decreasing,14,c_11,B,7.308258368618678,NA,1
20210922,2,IC,b_07,decreasing,10,c_06,B,7.4291699288967,NA,1
20210922,2,IC,b_08,decreasing,7,c_01,B,10.280081489174723,NA,1
20210922,2,IC,b_09,decreasing,7,c_02,C,8.860993049452745,NA,1
20210922,2,IC,b_10,decreasing,10,c_07,C,8.941904609730766,NA,1
20210922,2,IC,b_11,decreasing,10,c_08,C,7.312816170008787,NA,1
20210922,2,IC,b_12,decreasing,14,c_14,C,7.633727730286809,NA,1
20210922,2,IC,b_13,constant,10,c_06,D,7.0942107819329765,NA,1
20210922,2,IC,b_14,constant,7,c_03,D,6.848596752931381,NA,1
20210922,2,IC,b_15,constant,14,c_14,D,6.8529827239297845,NA,1
20210922,2,IC,b_16,constant,14,c_15,D,7.217368694928189,NA,1
20210922,2,IC,b_17,decreasing,7,c_05,E,6.618285531676919,NA,1
20210922,2,IC,b_18,decreasing,7,c_04,E,7.96919709195494,NA,1
20210922,2,IC,b_19,decreasing,14,c_12,E,7.870108652232962,NA,1
20210922,2,IC,b_20,decreasing,10,c_09,E,8.401020212510986,NA,1
20210922,2,IC,b_21,constant,10,c_07,F,8.89929854992021,NA,1
20210922,2,IC,b_22,constant,10,c_10,F,7.933684520918615,NA,1
20210922,2,IC,b_23,constant,7,c_04,F,6.938070491917018,NA,1
20210922,2,IC,b_24,constant,14,c_13,F,7.152456462915423,NA,1
20210922,2,IC,b_25,decreasing,7,c_03,G,7.345578013901093,NA,1
20210922,2,IC,b_26,decreasing,14,c_15,G,7.266489574179116,NA,1
20210922,2,IC,b_27,decreasing,10,c_10,G,8.767401134457138,NA,1
20210922,2,IC,b_28,constant,10,c_09,H,7.500000346909041,NA,1
20210922,2,IC,b_29,constant,14,c_12,H,7.5143863179074435,NA,1
20210922,2,IC,b_30,constant,7,c_01,H,9.05877228890585,NA,1
20210922,2,TC,b_01,constant,10,c_08,A,54.52188024699923,NA,1
20210922,2,TC,b_02,constant,7,c_02,A,53.603609588565874,NA,1
20210922,2,TC,b_03,constant,14,c_11,A,51.78533893013251,NA,1
20210922,2,TC,b_04,constant,7,c_05,A,47.49706827169915,NA,1
20210922,2,TC,b_05,decreasing,14,c_13,B,58.77419030119037,NA,1
20210922,2,TC,b_06,decreasing,14,c_11,B,56.33599664456339,NA,1
20210922,2,TC,b_07,decreasing,10,c_06,B,57.04780298793641,NA,1
20210922,2,TC,b_08,decreasing,7,c_01,B,58.12960933130942,NA,1
20210922,2,TC,b_09,decreasing,7,c_02,C,57.191415674682425,NA,1
20210922,2,TC,b_10,decreasing,10,c_07,C,51.84322201805544,NA,1
20210922,2,TC,b_11,decreasing,10,c_08,C,57.695028361428456,NA,1
20210922,2,TC,b_12,decreasing,14,c_14,C,55.80683470480147,NA,1
20210922,2,TC,b_13,constant,10,c_06,D,54.73263234579892,NA,1
20210922,2,TC,b_14,constant,7,c_03,D,51.15436168736556,NA,1
20210922,2,TC,b_15,constant,14,c_14,D,49.2460910289322,NA,1
20210922,2,TC,b_16,constant,14,c_15,D,51.89782037049884,NA,1
20210922,2,TC,b_17,decreasing,7,c_05,E,56.07586642166653,NA,1
20210922,2,TC,b_18,decreasing,7,c_04,E,63.65767276503954,NA,1
20210922,2,TC,b_19,decreasing,14,c_12,E,60.34947910841255,NA,1
20210922,2,TC,b_20,decreasing,10,c_09,E,55.701285451785566,NA,1
20210922,2,TC,b_21,constant,10,c_07,F,51.216467078332045,NA,1
20210922,2,TC,b_22,constant,10,c_10,F,48.08819641989868,NA,1
20210922,2,TC,b_23,constant,7,c_04,F,59.809925761465315,NA,1
20210922,2,TC,b_24,constant,14,c_13,F,55.73165510303197,NA,1
20210922,2,TC,b_25,decreasing,7,c_03,G,44.66031716865063,NA,1
20210922,2,TC,b_26,decreasing,14,c_15,G,53.86212351202364,NA,1
20210922,2,TC,b_27,decreasing,10,c_10,G,44.92392985539666,NA,1
20210922,2,TC,b_28,constant,10,c_09,H,56.88857246929853,NA,1
20210922,2,TC,b_29,constant,14,c_12,H,53.35030181086517,NA,1
20210922,2,TC,b_30,constant,7,c_01,H,48.92203115243181,NA,1
20210922,2,TN,b_01,constant,10,c_08,A,2.04370360091584,NA,1
20210922,2,TN,b_02,constant,7,c_02,A,2.5284937209463676,NA,1
20210922,2,TN,b_03,constant,14,c_11,A,1.8032838409768959,NA,1
20210922,2,TN,b_04,constant,7,c_05,A,1.7480739610074236,NA,1
20210922,2,TN,b_05,decreasing,14,c_13,B,2.2807222177838136,NA,1
20210922,2,TN,b_06,decreasing,14,c_11,B,1.9784129583766075,NA,1
20210922,2,TN,b_07,decreasing,10,c_06,B,2.0461036989694015,NA,1
20210922,2,TN,b_08,decreasing,7,c_01,B,2.493794439562195,NA,1
20210922,2,TN,b_09,decreasing,7,c_02,C,2.7014851801549886,NA,1
20210922,2,TN,b_10,decreasing,10,c_07,C,2.0191759207477826,NA,1
20210922,2,TN,b_11,decreasing,10,c_08,C,2.1368666613405765,NA,1
20210922,2,TN,b_12,decreasing,14,c_14,C,2.11455740193337,NA,1
20210922,2,TN,b_13,constant,10,c_06,D,1.9711850412821756,NA,1
20210922,2,TN,b_14,constant,7,c_03,D,1.8159751613127035,NA,1
20210922,2,TN,b_15,constant,14,c_14,D,1.6407652813432319,NA,1
20210922,2,TN,b_16,constant,14,c_15,D,1.9155554013737595,NA,1
20210922,2,TN,b_17,decreasing,7,c_05,E,1.9730111048973389,NA,1
20210922,2,TN,b_18,decreasing,7,c_04,E,2.640701845490133,NA,1
20210922,2,TN,b_19,decreasing,14,c_12,E,2.3583925860829265,NA,1
20210922,2,TN,b_20,decreasing,10,c_09,E,2.2260833266757207,NA,1
20210922,2,TN,b_21,constant,10,c_07,F,2.0895060015263995,NA,1
20210922,2,TN,b_22,constant,10,c_10,F,1.9942961215569275,NA,1
20210922,2,TN,b_23,constant,7,c_04,F,2.4890862415874553,NA,1
20210922,2,TN,b_24,constant,14,c_13,F,2.2338763616179835,NA,1
20210922,2,TN,b_25,decreasing,7,c_03,G,1.6245370296396893,NA,1
20210922,2,TN,b_26,decreasing,14,c_15,G,1.9922277702324829,NA,1
20210922,2,TN,b_27,decreasing,10,c_10,G,2.199918510825277,NA,1
20210922,2,TN,b_28,constant,10,c_09,H,2.1030368417400953,NA,1
20210922,2,TN,b_29,constant,14,c_12,H,2.0778269617706235,NA,1
20210922,2,TN,b_30,constant,7,c_01,H,2.1126170818011514,NA,1
20210922,2,TOC,b_01,constant,10,c_08,A,47.5203011170471,NA,1
20210922,2,TOC,b_02,constant,7,c_02,A,45.14764448761534,NA,1
20210922,2,TOC,b_03,constant,14,c_11,A,45.09498785818357,NA,1
20210922,2,TOC,b_04,constant,7,c_05,A,40.232331228751804,NA,1
20210922,2,TOC,b_05,decreasing,14,c_13,B,51.13684349284972,NA,1
20210922,2,TOC,b_06,decreasing,14,c_11,B,49.02773827594471,NA,1
20210922,2,TOC,b_07,decreasing,10,c_06,B,49.6186330590397,NA,1
20210922,2,TOC,b_08,decreasing,7,c_01,B,47.84952784213469,NA,1
20210922,2,TOC,b_09,decreasing,7,c_02,C,48.33042262522968,NA,1
20210922,2,TOC,b_10,decreasing,10,c_07,C,42.90131740832468,NA,1
20210922,2,TOC,b_11,decreasing,10,c_08,C,50.38221219141966,NA,1
20210922,2,TOC,b_12,decreasing,14,c_14,C,48.17310697451466,NA,1
20210922,2,TOC,b_13,constant,10,c_06,D,47.63842156386594,NA,1
20210922,2,TOC,b_14,constant,7,c_03,D,44.30576493443417,NA,1
20210922,2,TOC,b_15,constant,14,c_14,D,42.393108305002414,NA,1
20210922,2,TOC,b_16,constant,14,c_15,D,44.680451675570644,NA,1
20210922,2,TOC,b_17,decreasing,7,c_05,E,49.45758088998961,NA,1
20210922,2,TOC,b_18,decreasing,7,c_04,E,55.688475673084604,NA,1
20210922,2,TOC,b_19,decreasing,14,c_12,E,52.479370456179595,NA,1
20210922,2,TOC,b_20,decreasing,10,c_09,E,47.30026523927457,NA,1
20210922,2,TOC,b_21,constant,10,c_07,F,42.317168528411834,NA,1
20210922,2,TOC,b_22,constant,10,c_10,F,40.15451189898007,NA,1
20210922,2,TOC,b_23,constant,7,c_04,F,52.8718552695483,NA,1
20210922,2,TOC,b_24,constant,14,c_13,F,48.57919864011654,NA,1
20210922,2,TOC,b_25,decreasing,7,c_03,G,37.31473915474954,NA,1
20210922,2,TOC,b_26,decreasing,14,c_15,G,46.595633937844525,NA,1
20210922,2,TOC,b_27,decreasing,10,c_10,G,36.15652872093951,NA,1
20210922,2,TOC,b_28,constant,10,c_09,H,49.38857212238949,NA,1
20210922,2,TOC,b_29,constant,14,c_12,H,45.835915492957724,NA,1
20210922,2,TOC,b_30,constant,7,c_01,H,39.863258863525964,NA,1
20210924,4,IC,b_01,constant,10,c_08,A,1.47,NA,2
20210924,4,IC,b_02,constant,7,c_02,A,3.067858784620496,NA,2
20210924,4,IC,b_03,constant,14,c_11,A,1.815717569240992,NA,2
20210924,4,IC,b_04,constant,7,c_05,A,2.2435763538614877,NA,2
20210924,4,IC,b_05,decreasing,14,c_13,B,2.7,NA,2
20210924,4,IC,b_06,decreasing,14,c_11,B,1.1012044892040178,NA,2
20210924,4,IC,b_07,decreasing,10,c_06,B,-0.38759102159196424,NA,2
20210924,4,IC,b_08,decreasing,7,c_01,B,6.698613467612055,NA,2
20210924,4,IC,b_09,decreasing,7,c_02,C,3.773635913632149,NA,1
20210924,4,IC,b_10,decreasing,10,c_07,C,6.0770448920401865,NA,1
20210924,4,IC,b_11,decreasing,10,c_08,C,2.910453870448223,NA,1
20210924,4,IC,b_12,decreasing,14,c_14,C,3.09386284885626,NA,1
20210924,4,IC,b_13,constant,10,c_06,D,3.076610830891903,NA,1
20210924,4,IC,b_14,constant,7,c_03,D,3.2113284001328948,NA,1
20210924,4,IC,b_15,constant,14,c_14,D,2.9460459693738867,NA,1
20210924,4,IC,b_16,constant,14,c_15,D,3.080763538614878,NA,1
20210924,4,IC,b_17,decreasing,7,c_05,E,2.8909077408964468,NA,1
20210924,4,IC,b_18,decreasing,7,c_04,E,4.394316719304484,NA,1
20210924,4,IC,b_19,decreasing,14,c_12,E,3.897725697712521,NA,1
20210924,4,IC,b_20,decreasing,10,c_09,E,3.801134676120558,NA,1
20210924,4,IC,b_21,constant,10,c_07,F,6.164351384819838,NA,1
20210924,4,IC,b_22,constant,10,c_10,F,3.57906895406083,NA,1
20210924,4,IC,b_23,constant,7,c_04,F,3.7737865233018217,NA,1
20210924,4,IC,b_24,constant,14,c_13,F,3.078504092542813,NA,1
20210924,4,IC,b_25,decreasing,7,c_03,G,4.008179568160744,NA,1
20210924,4,IC,b_26,decreasing,14,c_15,G,3.721588546568782,NA,1
20210924,4,IC,b_27,decreasing,10,c_10,G,4.094997524976818,NA,1
20210924,4,IC,b_28,constant,10,c_09,H,3.0873743695067803,NA,1
20210924,4,IC,b_29,constant,14,c_12,H,3.752091938747772,NA,1
20210924,4,IC,b_30,constant,7,c_01,H,8.046809507988765,NA,1
20210924,4,TC,b_01,constant,10,c_08,A,41.78,NA,2
20210924,4,TC,b_02,constant,7,c_02,A,44.233481993805455,NA,2
20210924,4,TC,b_03,constant,14,c_11,A,42.1219639876109,NA,2
20210924,4,TC,b_04,constant,7,c_05,A,40.03044598141635,NA,2
20210924,4,TC,b_05,decreasing,14,c_13,B,44.84,NA,2
20210924,4,TC,b_06,decreasing,14,c_11,B,42.54170884082023,NA,2
20210924,4,TC,b_07,decreasing,10,c_06,B,39.75841768164046,NA,2
20210924,4,TC,b_08,decreasing,7,c_01,B,42.410126522460686,NA,2
20210924,4,TC,b_09,decreasing,7,c_02,C,42.08567072656184,NA,1
20210924,4,TC,b_10,decreasing,10,c_07,C,44.8870884082023,NA,1
20210924,4,TC,b_11,decreasing,10,c_08,C,44.82850608984276,NA,1
20210924,4,TC,b_12,decreasing,14,c_14,C,42.70992377148322,NA,1
20210924,4,TC,b_13,constant,10,c_06,D,45.68156785133078,NA,1
20210924,4,TC,b_14,constant,7,c_03,D,42.12253183894168,NA,1
20210924,4,TC,b_15,constant,14,c_14,D,41.82349582655258,NA,1
20210924,4,TC,b_16,constant,14,c_15,D,43.30445981416348,NA,1
20210924,4,TC,b_17,decreasing,7,c_05,E,40.467012179685526,NA,1
20210924,4,TC,b_18,decreasing,7,c_04,E,53.50842986132598,NA,1
20210924,4,TC,b_19,decreasing,14,c_12,E,45.75984754296645,NA,1
20210924,4,TC,b_20,decreasing,10,c_09,E,43.04126522460691,NA,1
20210924,4,TC,b_21,constant,10,c_07,F,42.789279752217965,NA,1
20210924,4,TC,b_22,constant,10,c_10,F,38.21024373982886,NA,1
20210924,4,TC,b_23,constant,7,c_04,F,52.80120772743976,NA,1
20210924,4,TC,b_24,constant,14,c_13,F,46.08217171505066,NA,1
20210924,4,TC,b_25,decreasing,7,c_03,G,34.11835363280921,NA,1
20210924,4,TC,b_26,decreasing,14,c_15,G,40.31977131444967,NA,1
20210924,4,TC,b_27,decreasing,10,c_10,G,32.981188996090125,NA,1
20210924,4,TC,b_28,constant,10,c_09,H,46.316027665494254,NA,1
20210924,4,TC,b_29,constant,14,c_12,H,48.29699165310515,NA,1
20210924,4,TC,b_30,constant,7,c_01,H,42.977955640716054,NA,1
20210924,4,TN,b_01,constant,10,c_08,A,1.9,NA,2
20210924,4,TN,b_02,constant,7,c_02,A,2.5600837314294713,NA,2
20210924,4,TN,b_03,constant,14,c_11,A,1.900167462858943,NA,2
20210924,4,TN,b_04,constant,7,c_05,A,1.9252511942884143,NA,2
20210924,4,TN,b_05,decreasing,14,c_13,B,2.115,NA,2
20210924,4,TN,b_06,decreasing,14,c_11,B,1.8465068071221626,NA,2
20210924,4,TN,b_07,decreasing,10,c_06,B,1.7630136142443256,NA,2
20210924,4,TN,b_08,decreasing,7,c_01,B,1.9995204213664879,NA,2
20210924,4,TN,b_09,decreasing,7,c_02,C,2.2440544569772998,NA,1
20210924,4,TN,b_10,decreasing,10,c_07,C,2.0900680712216255,NA,1
20210924,4,TN,b_11,decreasing,10,c_08,C,1.9660816854659504,NA,1
20210924,4,TN,b_12,decreasing,14,c_14,C,1.8920952997102753,NA,1
20210924,4,TN,b_13,constant,10,c_06,D,2.020009554307312,NA,1
20210924,4,TN,b_14,constant,7,c_03,D,1.7691770171662555,NA,1
20210924,4,TN,b_15,constant,14,c_14,D,1.7083444800251981,NA,1
20210924,4,TN,b_16,constant,14,c_15,D,1.9175119428841407,NA,1
20210924,4,TN,b_17,decreasing,7,c_05,E,1.6621633709319008,NA,1
20210924,4,TN,b_18,decreasing,7,c_04,E,2.6481769851762262,NA,1
20210924,4,TN,b_19,decreasing,14,c_12,E,1.9941905994205507,NA,1
20210924,4,TN,b_20,decreasing,10,c_09,E,2.070204213664876,NA,1
20210924,4,TN,b_21,constant,10,c_07,F,1.9833492571788545,NA,1
20210924,4,TN,b_22,constant,10,c_10,F,1.8525167200377972,NA,1
20210924,4,TN,b_23,constant,7,c_04,F,2.7016841828967397,NA,1
20210924,4,TN,b_24,constant,14,c_13,F,2.1708516457556826,NA,1
20210924,4,TN,b_25,decreasing,7,c_03,G,1.5002722848865013,NA,1
20210924,4,TN,b_26,decreasing,14,c_15,G,1.8062858991308264,NA,1
20210924,4,TN,b_27,decreasing,10,c_10,G,1.7622995133751513,NA,1
20210924,4,TN,b_28,constant,10,c_09,H,2.167521497191453,NA,1
20210924,4,TN,b_29,constant,14,c_12,H,2.266688960050396,NA,1
20210924,4,TN,b_30,constant,7,c_01,H,2.065856422909339,NA,1
20210924,4,TOC,b_01,constant,10,c_08,A,40.31,NA,2
20210924,4,TOC,b_02,constant,7,c_02,A,41.16847879730587,NA,2
20210924,4,TOC,b_03,constant,14,c_11,A,40.31195759461174,NA,2
20210924,4,TOC,b_04,constant,7,c_05,A,37.795436391917605,NA,2
20210924,4,TOC,b_05,decreasing,14,c_13,B,42.14,NA,2
20210924,4,TOC,b_06,decreasing,14,c_11,B,41.43838414117724,NA,2
20210924,4,TOC,b_07,decreasing,10,c_06,B,40.14176828235448,NA,2
20210924,4,TOC,b_08,decreasing,7,c_01,B,35.705152423531715,NA,2
20210924,4,TOC,b_09,decreasing,7,c_02,C,38.295073129417894,NA,1
20210924,4,TOC,b_10,decreasing,10,c_07,C,38.788841411772374,NA,1
20210924,4,TOC,b_11,decreasing,10,c_08,C,41.89260969412684,NA,1
20210924,4,TOC,b_12,decreasing,14,c_14,C,39.586377976481316,NA,1
20210924,4,TOC,b_13,constant,10,c_06,D,42.67349113534085,NA,1
20210924,4,TOC,b_14,constant,7,c_03,D,38.985448729952594,NA,1
20210924,4,TOC,b_15,constant,14,c_14,D,38.957406324564325,NA,1
20210924,4,TOC,b_16,constant,14,c_15,D,40.309363919176064,NA,1
20210924,4,TOC,b_17,decreasing,7,c_05,E,37.52521938825369,NA,1
20210924,4,TOC,b_18,decreasing,7,c_04,E,49.058987670608154,NA,1
20210924,4,TOC,b_19,decreasing,14,c_12,E,41.80275595296264,NA,1
20210924,4,TOC,b_20,decreasing,10,c_09,E,39.17652423531711,NA,1
20210924,4,TOC,b_21,constant,10,c_07,F,36.73915189223475,NA,1
20210924,4,TOC,b_22,constant,10,c_10,F,34.75110948684648,NA,1
20210924,4,TOC,b_23,constant,7,c_04,F,49.15306708145822,NA,1
20210924,4,TOC,b_24,constant,14,c_13,F,43.13502467606997,NA,1
20210924,4,TOC,b_25,decreasing,7,c_03,G,30.02536564708948,NA,1
20210924,4,TOC,b_26,decreasing,14,c_15,G,36.50913392944395,NA,1
20210924,4,TOC,b_27,decreasing,10,c_10,G,28.792902211798427,NA,1
20210924,4,TOC,b_28,constant,10,c_09,H,43.38285505451691,NA,1
20210924,4,TOC,b_29,constant,14,c_12,H,44.70481264912864,NA,1
20210924,4,TOC,b_30,constant,7,c_01,H,35.09677024374039,NA,1
20210927,7,IC,b_01,constant,10,c_08,A,2.8215270772297565,NA,1
20210927,7,IC,b_02,constant,7,c_02,A,3.366244646470748,NA,1
20210927,7,IC,b_03,constant,14,c_11,A,2.30096221571174,NA,1
20210927,7,IC,b_04,constant,7,c_05,A,2.6456797849527316,NA,1
20210927,7,IC,b_05,decreasing,14,c_13,B,3.7422693522411166,NA,1
20210927,7,IC,b_06,decreasing,14,c_11,B,3.3656783306491533,NA,1
20210927,7,IC,b_07,decreasing,10,c_06,B,3.5990873090571904,NA,1
20210927,7,IC,b_08,decreasing,7,c_01,B,8.132496287465226,NA,1
20210927,7,IC,b_09,decreasing,7,c_02,C,4.005905265873265,NA,1
20210927,7,IC,b_10,decreasing,10,c_07,C,5.569314244281302,NA,1
20210927,7,IC,b_11,decreasing,10,c_08,C,3.7627232226893392,NA,1
20210927,7,IC,b_12,decreasing,14,c_14,C,3.2861322010973764,NA,1
20210927,7,IC,b_13,constant,10,c_06,D,3.0681379081216598,NA,1
20210927,7,IC,b_14,constant,7,c_03,D,3.172855477362651,NA,1
20210927,7,IC,b_15,constant,14,c_14,D,3.658786523301822,NA,2
20210927,7,IC,b_16,constant,14,c_15,D,3.6129389972427064,NA,2
20210927,7,IC,b_17,decreasing,7,c_05,E,4.456588546568781,NA,2
20210927,7,IC,b_18,decreasing,7,c_04,E,5.2047985606346785,NA,2
20210927,7,IC,b_19,decreasing,14,c_12,E,5.096022099447514,NA,1
20210927,7,IC,b_20,decreasing,10,c_09,E,4.796218588766473,NA,2
20210927,7,IC,b_21,constant,10,c_07,F,5.008701366947127,NA,2
20210927,7,IC,b_22,constant,10,c_10,F,3.702853840888012,NA,2
20210927,7,IC,b_23,constant,7,c_04,F,4.042006314828896,NA,2
20210927,7,IC,b_24,constant,14,c_13,F,4.132286407766991,NA,1
20210927,7,IC,b_25,decreasing,7,c_03,G,5.424088397790054,NA,1
20210927,7,IC,b_26,decreasing,14,c_15,G,5.24709944751381,NA,1
20210927,7,IC,b_27,decreasing,10,c_10,G,5.410110497237568,NA,1
20210927,7,IC,b_28,constant,10,c_09,H,3.626635922330098,NA,1
20210927,7,IC,b_29,constant,14,c_12,H,3.960223300970875,NA,1
20210927,7,IC,b_30,constant,7,c_01,H,6.593810679611653,NA,1
20210927,7,TC,b_01,constant,10,c_08,A,45.15891962832695,NA,1
20210927,7,TC,b_02,constant,7,c_02,A,44.539883615937846,NA,1
20210927,7,TC,b_03,constant,14,c_11,A,42.18084760354875,NA,1
20210927,7,TC,b_04,constant,7,c_05,A,41.071811591159644,NA,1
20210927,7,TC,b_05,decreasing,14,c_13,B,46.02253044921381,NA,1
20210927,7,TC,b_06,decreasing,14,c_11,B,41.95394813085427,NA,1
20210927,7,TC,b_07,decreasing,10,c_06,B,41.53536581249473,NA,1
20210927,7,TC,b_08,decreasing,7,c_01,B,45.066783494135194,NA,1
20210927,7,TC,b_09,decreasing,7,c_02,C,42.288201175775654,NA,1
20210927,7,TC,b_10,decreasing,10,c_07,C,42.05961885741611,NA,1
20210927,7,TC,b_11,decreasing,10,c_08,C,42.78103653905658,NA,1
20210927,7,TC,b_12,decreasing,14,c_14,C,41.65245422069703,NA,1
20210927,7,TC,b_13,constant,10,c_06,D,45.390487479657736,NA,1
20210927,7,TC,b_14,constant,7,c_03,D,41.15145146726863,NA,1
20210927,7,TC,b_15,constant,14,c_14,D,41.491207727439765,NA,2
20210927,7,TC,b_16,constant,14,c_15,D,42.8176120513423,NA,2
20210927,7,TC,b_17,decreasing,7,c_05,E,42.514771314449675,NA,2
20210927,7,TC,b_18,decreasing,7,c_04,E,52.842531260242275,NA,2
20210927,7,TC,b_19,decreasing,14,c_12,E,45.00529120603488,NA,2
20210927,7,TC,b_20,decreasing,10,c_09,E,46.89230662983425,NA,1
20210927,7,TC,b_21,constant,10,c_07,F,41.629633670854986,NA,2
20210927,7,TC,b_22,constant,10,c_10,F,37.96603799475752,NA,2
20210927,7,TC,b_23,constant,7,c_04,F,50.89244231866006,NA,2
20210927,7,TC,b_24,constant,14,c_13,F,44.938846642562595,NA,2
20210927,7,TC,b_25,decreasing,7,c_03,G,44.82281767955801,NA,1
20210927,7,TC,b_26,decreasing,14,c_15,G,51.066919889502756,NA,1
20210927,7,TC,b_27,decreasing,10,c_10,G,48.601022099447505,NA,1
20210927,7,TC,b_28,constant,10,c_09,H,43.68398058252428,NA,1
20210927,7,TC,b_29,constant,14,c_12,H,43.565825242718454,NA,1
20210927,7,TC,b_30,constant,7,c_01,H,40.14766990291263,NA,1
20210927,7,TN,b_01,constant,10,c_08,A,1.9550238857682813,NA,1
20210927,7,TN,b_02,constant,7,c_02,A,2.3741913486272237,NA,1
20210927,7,TN,b_03,constant,14,c_11,A,1.7433588114861671,NA,1
20210927,7,TN,b_04,constant,7,c_05,A,1.7725262743451098,NA,1
20210927,7,TN,b_05,decreasing,14,c_13,B,2.050408427329752,NA,1
20210927,7,TN,b_06,decreasing,14,c_11,B,1.7964220415740768,NA,1
20210927,7,TN,b_07,decreasing,10,c_06,B,1.772435655818402,NA,1
20210927,7,TN,b_08,decreasing,7,c_01,B,2.0684492700627275,NA,1
20210927,7,TN,b_09,decreasing,7,c_02,C,2.264462884307052,NA,1
20210927,7,TN,b_10,decreasing,10,c_07,C,1.9204764985513774,NA,1
20210927,7,TN,b_11,decreasing,10,c_08,C,1.766490112795702,NA,1
20210927,7,TN,b_12,decreasing,14,c_14,C,1.7725037270400272,NA,1
20210927,7,TN,b_13,constant,10,c_06,D,1.915033440075594,NA,1
20210927,7,TN,b_14,constant,7,c_03,D,1.7042009029345366,NA,1
20210927,7,TN,b_15,constant,14,c_14,D,1.7266841828967399,NA,2
20210927,7,TN,b_16,constant,14,c_15,D,1.921857720151454,NA,2
20210927,7,TN,b_17,decreasing,7,c_05,E,1.811285899130826,NA,2
20210927,7,TN,b_18,decreasing,7,c_04,E,2.6439681206176298,NA,2
20210927,7,TN,b_19,decreasing,14,c_12,E,1.9716503421044331,NA,2
20210927,7,TN,b_20,decreasing,10,c_09,E,2.1780524861878447,NA,1
20210927,7,TN,b_21,constant,10,c_07,F,1.9227254064250245,NA,2
20210927,7,TN,b_22,constant,10,c_10,F,1.8328989436797383,NA,2
20210927,7,TN,b_23,constant,7,c_04,F,2.5130724809344525,NA,2
20210927,7,TN,b_24,constant,14,c_13,F,2.068246018189166,NA,2
20210927,7,TN,b_25,decreasing,7,c_03,G,1.9148066298342534,NA,1
20210927,7,TN,b_26,decreasing,14,c_15,G,2.2241574585635346,NA,1
20210927,7,TN,b_27,decreasing,10,c_10,G,2.533508287292817,NA,1
20210927,7,TN,b_28,constant,10,c_09,H,1.8553349514563107,NA,1
20210927,7,TN,b_29,constant,14,c_12,H,1.836514563106796,NA,1
20210927,7,TN,b_30,constant,7,c_01,H,1.897694174757281,NA,1
20210927,7,TOC,b_01,constant,10,c_08,A,42.50872783835212,NA,1
20210927,7,TOC,b_02,constant,7,c_02,A,41.35068543296386,NA,1
20210927,7,TOC,b_03,constant,14,c_11,A,40.0626430275756,NA,1
20210927,7,TOC,b_04,constant,7,c_05,A,38.61460062218733,NA,1
20210927,7,TOC,b_05,decreasing,14,c_13,B,42.15304847063422,NA,1
20210927,7,TOC,b_06,decreasing,14,c_11,B,38.45681675298869,NA,1
20210927,7,TOC,b_07,decreasing,10,c_06,B,37.80058503534316,NA,1
20210927,7,TOC,b_08,decreasing,7,c_01,B,36.79435331769764,NA,1
20210927,7,TOC,b_09,decreasing,7,c_02,C,38.138121600052116,NA,1
20210927,7,TOC,b_10,decreasing,10,c_07,C,36.34188988240658,NA,1
20210927,7,TOC,b_11,decreasing,10,c_08,C,38.865658164761065,NA,1
20210927,7,TOC,b_12,decreasing,14,c_14,C,38.20942644711553,NA,1
20210927,7,TOC,b_13,constant,10,c_06,D,42.56221897369297,NA,1
20210927,7,TOC,b_14,constant,7,c_03,D,38.224176568304706,NA,1
20210927,7,TOC,b_15,constant,14,c_14,D,37.958067081458225,NA,2
20210927,7,TOC,b_16,constant,14,c_15,D,39.33317451954079,NA,2
20210927,7,TOC,b_17,decreasing,7,c_05,E,37.969133929443956,NA,2
20210927,7,TOC,b_18,decreasing,7,c_04,E,47.546563650731684,NA,2
20210927,7,TOC,b_19,decreasing,14,c_12,E,43.08218232044199,NA,1
20210927,7,TOC,b_20,decreasing,10,c_09,E,41.52327348066298,NA,1
20210927,7,TOC,b_21,constant,10,c_07,F,36.763711709953625,NA,2
20210927,7,TOC,b_22,constant,10,c_10,F,34.408819148036194,NA,2
20210927,7,TOC,b_23,constant,7,c_04,F,46.99892658611876,NA,2
20210927,7,TOC,b_24,constant,14,c_13,F,40.72431553398058,NA,1
20210927,7,TOC,b_25,decreasing,7,c_03,G,39.39872928176794,NA,1
20210927,7,TOC,b_26,decreasing,14,c_15,G,45.81982044198894,NA,1
20210927,7,TOC,b_27,decreasing,10,c_10,G,43.19091160220992,NA,1
20210927,7,TOC,b_28,constant,10,c_09,H,40.057344660194175,NA,1
20210927,7,TOC,b_29,constant,14,c_12,H,39.605601941747565,NA,1
20210927,7,TOC,b_30,constant,7,c_01,H,33.55385922330097,NA,1
20210929,9,IC,b_01,constant,10,c_08,A,0.82,NA,1
20210929,9,IC,b_02,constant,7,c_02,A,2.7926236007462686,NA,1
20210929,9,IC,b_03,constant,14,c_11,A,1.4352472014925373,NA,1
20210929,9,IC,b_04,constant,7,c_05,A,2.427870802238806,NA,1
20210929,9,IC,b_05,decreasing,14,c_13,B,2.32,NA,1
20210929,9,IC,b_06,decreasing,14,c_11,B,2.148520066889632,NA,1
20210929,9,IC,b_07,decreasing,10,c_06,B,2.167040133779264,NA,1
20210929,9,IC,b_08,decreasing,7,c_01,B,7.545560200668897,NA,1
20210929,9,IC,b_09,decreasing,7,c_02,C,2.8140802675585284,NA,1
20210929,9,IC,b_10,decreasing,10,c_07,C,3.6026003344481605,NA,1
20210929,9,IC,b_11,decreasing,10,c_08,C,2.511120401337793,NA,1
20210929,9,IC,b_12,decreasing,14,c_14,C,2.069640468227425,NA,1
20210929,9,IC,b_13,constant,10,c_06,D,1.1514832089552236,NA,1
20210929,9,IC,b_14,constant,7,c_03,D,2.3441068097014925,NA,1
20210929,9,IC,b_15,constant,14,c_14,D,1.5467304104477608,NA,1
20210929,9,IC,b_16,constant,14,c_15,D,1.5193540111940296,NA,1
20210929,9,IC,b_17,decreasing,7,c_05,E,2.2522408026755847,NA,1
20210929,9,IC,b_18,decreasing,7,c_04,E,3.480760869565217,NA,1
20210929,9,IC,b_19,decreasing,14,c_12,E,3.369280936454849,NA,1
20210929,9,IC,b_20,decreasing,10,c_09,E,2.937801003344481,NA,1
20210929,9,IC,b_21,constant,10,c_07,F,2.352472014925373,NA,1
20210929,9,IC,b_22,constant,10,c_10,F,1.2050956156716413,NA,1
20210929,9,IC,b_23,constant,7,c_04,F,0.9277192164179104,NA,1
20210929,9,IC,b_24,constant,14,c_13,F,0.8503428171641785,NA,1
20210929,9,IC,b_25,decreasing,7,c_03,G,3.1304013377926414,NA,1
20210929,9,IC,b_26,decreasing,14,c_15,G,2.7889214046822737,NA,1
20210929,9,IC,b_27,decreasing,10,c_10,G,3.597441471571906,NA,1
20210929,9,IC,b_28,constant,10,c_09,H,0.6608372201492534,NA,1
20210929,9,IC,b_29,constant,14,c_12,H,0.6434608208955215,NA,1
20210929,9,IC,b_30,constant,7,c_01,H,4.91608442164179,NA,1
20210929,9,TC,b_01,constant,10,c_08,A,43.16,NA,1
20210929,9,TC,b_02,constant,7,c_02,A,45.56646688432836,NA,1
20210929,9,TC,b_03,constant,14,c_11,A,41.982933768656714,NA,1
20210929,9,TC,b_04,constant,7,c_05,A,41.879400652985076,NA,1
20210929,9,TC,b_05,decreasing,14,c_13,B,46.81,NA,1
20210929,9,TC,b_06,decreasing,14,c_11,B,43.791806020066886,NA,1
20210929,9,TC,b_07,decreasing,10,c_06,B,44.16361204013378,NA,1
20210929,9,TC,b_08,decreasing,7,c_01,B,50.89541806020066,NA,1
20210929,9,TC,b_09,decreasing,7,c_02,C,45.74722408026756,NA,1
20210929,9,TC,b_10,decreasing,10,c_07,C,44.819030100334444,NA,1
20210929,9,TC,b_11,decreasing,10,c_08,C,48.440836120401336,NA,1
20210929,9,TC,b_12,decreasing,14,c_14,C,45.64264214046823,NA,1
20210929,9,TC,b_13,constant,10,c_06,D,43.16760261194029,NA,1
20210929,9,TC,b_14,constant,7,c_03,D,40.594069496268645,NA,1
20210929,9,TC,b_15,constant,14,c_14,D,40.82053638059701,NA,1
20210929,9,TC,b_16,constant,14,c_15,D,41.66700326492536,NA,1
20210929,9,TC,b_17,decreasing,7,c_05,E,46.331672240802675,NA,1
20210929,9,TC,b_18,decreasing,7,c_04,E,59.18347826086956,NA,1
20210929,9,TC,b_19,decreasing,14,c_12,E,51.03528428093645,NA,1
20210929,9,TC,b_20,decreasing,10,c_09,E,48.717090301003346,NA,1
20210929,9,TC,b_21,constant,10,c_07,F,39.839337686567156,NA,1
20210929,9,TC,b_22,constant,10,c_10,F,38.00580457089551,NA,1
20210929,9,TC,b_23,constant,7,c_04,F,50.422271455223864,NA,1
20210929,9,TC,b_24,constant,14,c_13,F,43.10873833955223,NA,1
20210929,9,TC,b_25,decreasing,7,c_03,G,40.796120401337795,NA,1
20210929,9,TC,b_26,decreasing,14,c_15,G,45.43792642140468,NA,1
20210929,9,TC,b_27,decreasing,10,c_10,G,44.979732441471576,NA,1
20210929,9,TC,b_28,constant,10,c_09,H,42.00460587686566,NA,1
20210929,9,TC,b_29,constant,14,c_12,H,42.971072761194016,NA,1
20210929,9,TC,b_30,constant,7,c_01,H,43.597539645522374,NA,1
20210929,9,TN,b_01,constant,10,c_08,A,2.06,NA,1
20210929,9,TN,b_02,constant,7,c_02,A,2.632315764925373,NA,1
20210929,9,TN,b_03,constant,14,c_11,A,1.9046315298507461,NA,1
20210929,9,TN,b_04,constant,7,c_05,A,1.9869472947761189,NA,1
20210929,9,TN,b_05,decreasing,14,c_13,B,2.31,NA,1
20210929,9,TN,b_06,decreasing,14,c_11,B,1.9700125418060201,NA,1
20210929,9,TN,b_07,decreasing,10,c_06,B,1.9700250836120403,NA,1
20210929,9,TN,b_08,decreasing,7,c_01,B,2.59003762541806,NA,1
20210929,9,TN,b_09,decreasing,7,c_02,C,2.57005016722408,NA,1
20210929,9,TN,b_10,decreasing,10,c_07,C,2.2000627090301004,NA,1
20210929,9,TN,b_11,decreasing,10,c_08,C,2.17007525083612,NA,1
20210929,9,TN,b_12,decreasing,14,c_14,C,2.0600877926421406,NA,1
20210929,9,TN,b_13,constant,10,c_06,D,1.9477891791044772,NA,1
20210929,9,TN,b_14,constant,7,c_03,D,1.8101049440298504,NA,1
20210929,9,TN,b_15,constant,14,c_14,D,1.7324207089552235,NA,1
20210929,9,TN,b_16,constant,14,c_15,D,1.9447364738805968,NA,1
20210929,9,TN,b_17,decreasing,7,c_05,E,2.0201505016722403,NA,1
20210929,9,TN,b_18,decreasing,7,c_04,E,2.9401630434782606,NA,1
20210929,9,TN,b_19,decreasing,14,c_12,E,2.3301755852842803,NA,1
20210929,9,TN,b_20,decreasing,10,c_09,E,2.3301881270903007,NA,1
20210929,9,TN,b_21,constant,10,c_07,F,1.9463152985074625,NA,1
20210929,9,TN,b_22,constant,10,c_10,F,1.9586310634328354,NA,1
20210929,9,TN,b_23,constant,7,c_04,F,2.5909468283582084,NA,1
20210929,9,TN,b_24,constant,14,c_13,F,2.1032625932835813,NA,1
20210929,9,TN,b_25,decreasing,7,c_03,G,1.8202508361204006,NA,1
20210929,9,TN,b_26,decreasing,14,c_15,G,2.0402633779264208,NA,1
20210929,9,TN,b_27,decreasing,10,c_10,G,2.5202759197324403,NA,1
20210929,9,TN,b_28,constant,10,c_09,H,1.9925256529850741,NA,1
20210929,9,TN,b_29,constant,14,c_12,H,2.044841417910447,NA,1
20210929,9,TN,b_30,constant,7,c_01,H,2.2071571828358207,NA,1
20210929,9,TOC,b_01,constant,10,c_08,A,42.339999999999996,NA,1
20210929,9,TOC,b_02,constant,7,c_02,A,42.773843283582096,NA,1
20210929,9,TOC,b_03,constant,14,c_11,A,40.54768656716418,NA,1
20210929,9,TOC,b_04,constant,7,c_05,A,39.45152985074627,NA,1
20210929,9,TOC,b_05,decreasing,14,c_13,B,44.49,NA,1
20210929,9,TOC,b_06,decreasing,14,c_11,B,41.643285953177255,NA,1
20210929,9,TOC,b_07,decreasing,10,c_06,B,41.99657190635451,NA,1
20210929,9,TOC,b_08,decreasing,7,c_01,B,43.349857859531774,NA,1
20210929,9,TOC,b_09,decreasing,7,c_02,C,42.933143812709034,NA,1
20210929,9,TOC,b_10,decreasing,10,c_07,C,41.21642976588629,NA,1
20210929,9,TOC,b_11,decreasing,10,c_08,C,45.929715719063545,NA,1
20210929,9,TOC,b_12,decreasing,14,c_14,C,43.57300167224081,NA,1
20210929,9,TOC,b_13,constant,10,c_06,D,42.01611940298507,NA,1
20210929,9,TOC,b_14,constant,7,c_03,D,38.24996268656715,NA,1
20210929,9,TOC,b_15,constant,14,c_14,D,39.273805970149255,NA,1
20210929,9,TOC,b_16,constant,14,c_15,D,40.14764925373133,NA,1
20210929,9,TOC,b_17,decreasing,7,c_05,E,44.07943143812709,NA,1
20210929,9,TOC,b_18,decreasing,7,c_04,E,55.70271739130434,NA,1
20210929,9,TOC,b_19,decreasing,14,c_12,E,47.666003344481595,NA,1
20210929,9,TOC,b_20,decreasing,10,c_09,E,45.779289297658856,NA,1
20210929,9,TOC,b_21,constant,10,c_07,F,37.48686567164178,NA,1
20210929,9,TOC,b_22,constant,10,c_10,F,36.800708955223875,NA,1
20210929,9,TOC,b_23,constant,7,c_04,F,49.49455223880596,NA,1
20210929,9,TOC,b_24,constant,14,c_13,F,42.25839552238805,NA,1
20210929,9,TOC,b_25,decreasing,7,c_03,G,37.66571906354514,NA,1
20210929,9,TOC,b_26,decreasing,14,c_15,G,42.64900501672239,NA,1
20210929,9,TOC,b_27,decreasing,10,c_10,G,41.38229096989966,NA,1
20210929,9,TOC,b_28,constant,10,c_09,H,41.343768656716406,NA,1
20210929,9,TOC,b_29,constant,14,c_12,H,42.3276119402985,NA,1
20210929,9,TOC,b_30,constant,7,c_01,H,38.68145522388058,NA,1
20211001,11,IC,b_01,constant,10,c_08,A,1.85,NA,1
20211001,11,IC,b_02,constant,7,c_02,A,2.307371735074627,NA,1
20211001,11,IC,b_03,constant,14,c_11,A,1.3847434701492534,NA,1
20211001,11,IC,b_04,constant,7,c_05,A,1.9421152052238806,NA,1
20211001,11,IC,b_05,decreasing,14,c_13,B,2.27,NA,1
20211001,11,IC,b_06,decreasing,14,c_11,B,2.6070234113712374,NA,1
20211001,11,IC,b_07,decreasing,10,c_06,B,2.104046822742475,NA,1
20211001,11,IC,b_08,decreasing,7,c_01,B,7.731070234113712,NA,1
20211001,11,IC,b_09,decreasing,7,c_02,C,3.20809364548495,NA,1
20211001,11,IC,b_10,decreasing,10,c_07,C,4.015117056856187,NA,1
20211001,11,IC,b_11,decreasing,10,c_08,C,2.4121404682274252,NA,1
20211001,11,IC,b_12,decreasing,14,c_14,C,2.6991638795986623,NA,1
20211001,11,IC,b_13,constant,10,c_06,D,1.3884608208955218,NA,1
20211001,11,IC,b_14,constant,7,c_03,D,1.3958325559701488,NA,1
20211001,11,IC,b_15,constant,14,c_14,D,0.8232042910447757,NA,1
20211001,11,IC,b_16,constant,14,c_15,D,0.8105760261194022,NA,1
20211001,11,IC,b_17,decreasing,7,c_05,E,2.3642809364548496,NA,1
20211001,11,IC,b_18,decreasing,7,c_04,E,3.4313043478260874,NA,1
20211001,11,IC,b_19,decreasing,14,c_12,E,3.3883277591973244,NA,1
20211001,11,IC,b_20,decreasing,10,c_09,E,3.4053511705685624,NA,1
20211001,11,IC,b_21,constant,10,c_07,F,2.667434701492536,NA,1
20211001,11,IC,b_22,constant,10,c_10,F,1.514806436567163,NA,1
20211001,11,IC,b_23,constant,7,c_04,F,1.3221781716417897,NA,1
20211001,11,IC,b_24,constant,14,c_13,F,0.7395499067164173,NA,1
20211001,11,IC,b_25,decreasing,7,c_03,G,3.1604682274247495,NA,1
20211001,11,IC,b_26,decreasing,14,c_15,G,3.2774916387959867,NA,1
20211001,11,IC,b_27,decreasing,10,c_10,G,3.6945150501672246,NA,1
20211001,11,IC,b_28,constant,10,c_09,H,0.5690368470149236,NA,1
20211001,11,IC,b_29,constant,14,c_12,H,0.5264085820895508,NA,1
20211001,11,IC,b_30,constant,7,c_01,H,4.703780317164178,NA,1
20211001,11,TC,b_01,constant,10,c_08,A,44.14,NA,1
20211001,11,TC,b_02,constant,7,c_02,A,46.084722481343285,NA,1
20211001,11,TC,b_03,constant,14,c_11,A,38.45944496268657,NA,1
20211001,11,TC,b_04,constant,7,c_05,A,40.68416744402985,NA,1
20211001,11,TC,b_05,decreasing,14,c_13,B,46.3,NA,1
20211001,11,TC,b_06,decreasing,14,c_11,B,44.42796404682275,NA,1
20211001,11,TC,b_07,decreasing,10,c_06,B,43.63592809364549,NA,1
20211001,11,TC,b_08,decreasing,7,c_01,B,47.88389214046823,NA,1
20211001,11,TC,b_09,decreasing,7,c_02,C,46.87185618729097,NA,1
20211001,11,TC,b_10,decreasing,10,c_07,C,45.15982023411371,NA,1
20211001,11,TC,b_11,decreasing,10,c_08,C,47.50778428093646,NA,1
20211001,11,TC,b_12,decreasing,14,c_14,C,46.8457483277592,NA,1
20211001,11,TC,b_13,constant,10,c_06,D,43.8066697761194,NA,1
20211001,11,TC,b_14,constant,7,c_03,D,38.33139225746268,NA,1
20211001,11,TC,b_15,constant,14,c_14,D,39.48611473880597,NA,1
20211001,11,TC,b_16,constant,14,c_15,D,39.85083722014925,NA,1
20211001,11,TC,b_17,decreasing,7,c_05,E,45.815568561872915,NA,1
20211001,11,TC,b_18,decreasing,7,c_04,E,59.413532608695654,NA,1
20211001,11,TC,b_19,decreasing,14,c_12,E,50.47149665551839,NA,1
20211001,11,TC,b_20,decreasing,10,c_09,E,48.36946070234114,NA,1
20211001,11,TC,b_21,constant,10,c_07,F,41.92444962686567,NA,1
20211001,11,TC,b_22,constant,10,c_10,F,39.099172108208954,NA,1
20211001,11,TC,b_23,constant,7,c_04,F,50.94389458955224,NA,1
20211001,11,TC,b_24,constant,14,c_13,F,42.94861707089552,NA,1
20211001,11,TC,b_25,decreasing,7,c_03,G,40.29928093645485,NA,1
20211001,11,TC,b_26,decreasing,14,c_15,G,45.12724498327759,NA,1
20211001,11,TC,b_27,decreasing,10,c_10,G,44.78520903010034,NA,1
20211001,11,TC,b_28,constant,10,c_09,H,41.72750699626865,NA,1
20211001,11,TC,b_29,constant,14,c_12,H,40.812229477611936,NA,1
20211001,11,TC,b_30,constant,7,c_01,H,41.226951958955226,NA,1
20211001,11,TN,b_01,constant,10,c_08,A,1.9,NA,1
20211001,11,TN,b_02,constant,7,c_02,A,2.536993936567164,NA,1
20211001,11,TN,b_03,constant,14,c_11,A,1.5739878731343284,NA,1
20211001,11,TN,b_04,constant,7,c_05,A,1.7709818097014927,NA,1
20211001,11,TN,b_05,decreasing,14,c_13,B,2.19,NA,1
20211001,11,TN,b_06,decreasing,14,c_11,B,1.8729138795986624,NA,1
20211001,11,TN,b_07,decreasing,10,c_06,B,1.8558277591973247,NA,1
20211001,11,TN,b_08,decreasing,7,c_01,B,2.128741638795987,NA,1
20211001,11,TN,b_09,decreasing,7,c_02,C,2.521655518394649,NA,1
20211001,11,TN,b_10,decreasing,10,c_07,C,2.124569397993311,NA,1
20211001,11,TN,b_11,decreasing,10,c_08,C,1.9974832775919733,NA,1
20211001,11,TN,b_12,decreasing,14,c_14,C,1.9803971571906356,NA,1
20211001,11,TN,b_13,constant,10,c_06,D,1.8439272388059698,NA,1
20211001,11,TN,b_14,constant,7,c_03,D,1.610921175373134,NA,1
20211001,11,TN,b_15,constant,14,c_14,D,1.5379151119402983,NA,1
20211001,11,TN,b_16,constant,14,c_15,D,1.704909048507462,NA,1
20211001,11,TN,b_17,decreasing,7,c_05,E,1.8549665551839467,NA,1
20211001,11,TN,b_18,decreasing,7,c_04,E,2.907880434782609,NA,1
20211001,11,TN,b_19,decreasing,14,c_12,E,2.1907943143812707,NA,1
20211001,11,TN,b_20,decreasing,10,c_09,E,2.123708193979933,NA,1
20211001,11,TN,b_21,constant,10,c_07,F,1.9398787313432833,NA,1
20211001,11,TN,b_22,constant,10,c_10,F,1.9068726679104475,NA,1
20211001,11,TN,b_23,constant,7,c_04,F,2.483866604477612,NA,1
20211001,11,TN,b_24,constant,14,c_13,F,1.9508605410447755,NA,1
20211001,11,TN,b_25,decreasing,7,c_03,G,1.688277591973244,NA,1
20211001,11,TN,b_26,decreasing,14,c_15,G,1.8911914715719065,NA,1
20211001,11,TN,b_27,decreasing,10,c_10,G,2.3441053511705685,NA,1
20211001,11,TN,b_28,constant,10,c_09,H,1.8088362873134323,NA,1
20211001,11,TN,b_29,constant,14,c_12,H,1.7658302238805963,NA,1
20211001,11,TN,b_30,constant,7,c_01,H,1.9028241604477605,NA,1
20211001,11,TOC,b_01,constant,10,c_08,A,42.29,NA,1
20211001,11,TOC,b_02,constant,7,c_02,A,43.77735074626866,NA,1
20211001,11,TOC,b_03,constant,14,c_11,A,37.07470149253731,NA,1
20211001,11,TOC,b_04,constant,7,c_05,A,38.74205223880597,NA,1
20211001,11,TOC,b_05,decreasing,14,c_13,B,44.029999999999994,NA,1
20211001,11,TOC,b_06,decreasing,14,c_11,B,41.82094063545151,NA,1
20211001,11,TOC,b_07,decreasing,10,c_06,B,41.53188127090301,NA,1
20211001,11,TOC,b_08,decreasing,7,c_01,B,40.15282190635451,NA,1
20211001,11,TOC,b_09,decreasing,7,c_02,C,43.66376254180602,NA,1
20211001,11,TOC,b_10,decreasing,10,c_07,C,41.14470317725752,NA,1
20211001,11,TOC,b_11,decreasing,10,c_08,C,45.09564381270903,NA,1
20211001,11,TOC,b_12,decreasing,14,c_14,C,44.14658444816053,NA,1
20211001,11,TOC,b_13,constant,10,c_06,D,42.418208955223875,NA,1
20211001,11,TOC,b_14,constant,7,c_03,D,36.93555970149253,NA,1
20211001,11,TOC,b_15,constant,14,c_14,D,38.66291044776119,NA,1
20211001,11,TOC,b_16,constant,14,c_15,D,39.040261194029846,NA,1
20211001,11,TOC,b_17,decreasing,7,c_05,E,43.451287625418054,NA,1
20211001,11,TOC,b_18,decreasing,7,c_04,E,55.982228260869555,NA,1
20211001,11,TOC,b_19,decreasing,14,c_12,E,47.08316889632106,NA,1
20211001,11,TOC,b_20,decreasing,10,c_09,E,44.964109531772564,NA,1
20211001,11,TOC,b_21,constant,10,c_07,F,39.25701492537313,NA,1
20211001,11,TOC,b_22,constant,10,c_10,F,37.584365671641784,NA,1
20211001,11,TOC,b_23,constant,7,c_04,F,49.62171641791044,NA,1
20211001,11,TOC,b_24,constant,14,c_13,F,42.20906716417909,NA,1
20211001,11,TOC,b_25,decreasing,7,c_03,G,37.13881270903009,NA,1
20211001,11,TOC,b_26,decreasing,14,c_15,G,41.8497533444816,NA,1
20211001,11,TOC,b_27,decreasing,10,c_10,G,41.09069397993311,NA,1
20211001,11,TOC,b_28,constant,10,c_09,H,41.158470149253716,NA,1
20211001,11,TOC,b_29,constant,14,c_12,H,40.28582089552238,NA,1
20211001,11,TOC,b_30,constant,7,c_01,H,36.52317164179104,NA,1
20211004,14,IC,b_01,constant,10,c_08,A,2.11,NA,1
20211004,14,IC,b_02,constant,7,c_02,A,3.256173316927404,NA,1
20211004,14,IC,b_03,constant,14,c_11,A,2.592346633854807,NA,1
20211004,14,IC,b_04,constant,7,c_05,A,2.9285199507822113,NA,1
20211004,14,IC,b_05,decreasing,14,c_13,B,2.81,NA,1
20211004,14,IC,b_06,decreasing,14,c_11,B,2.812778958554729,NA,1
20211004,14,IC,b_07,decreasing,10,c_06,B,2.745557917109458,NA,1
20211004,14,IC,b_08,decreasing,7,c_01,B,8.638336875664187,NA,1
20211004,14,IC,b_09,decreasing,7,c_02,C,3.571115834218916,NA,1
20211004,14,IC,b_10,decreasing,10,c_07,C,4.293894792773646,NA,1
20211004,14,IC,b_11,decreasing,10,c_08,C,3.0366737513283746,NA,1
20211004,14,IC,b_12,decreasing,14,c_14,C,3.2494527098831036,NA,1
20211004,14,IC,b_13,constant,10,c_06,D,2.4840798031288447,NA,1
20211004,14,IC,b_14,constant,7,c_03,D,2.8502531200562484,NA,1
20211004,14,IC,b_15,constant,14,c_14,D,2.466426436983652,NA,1
20211004,14,IC,b_16,constant,14,c_15,D,3.202599753911056,NA,1
20211004,14,IC,b_17,decreasing,7,c_05,E,3.343347502656749,NA,1
20211004,14,IC,b_18,decreasing,7,c_04,E,4.576126461211478,NA,1
20211004,14,IC,b_19,decreasing,14,c_12,E,3.9589054197662077,NA,1
20211004,14,IC,b_20,decreasing,10,c_09,E,3.4416843783209363,NA,1
20211004,14,IC,b_21,constant,10,c_07,F,2.823466338548075,NA,1
20211004,14,IC,b_22,constant,10,c_10,F,4.659819827737739,NA,2
20211004,14,IC,b_23,constant,7,c_04,F,6.117586206896552,NA,1
20211004,14,IC,b_24,constant,14,c_13,F,6.465172413793103,NA,1
20211004,14,IC,b_25,decreasing,7,c_03,G,7.16,NA,1
20211004,14,IC,b_26,decreasing,14,c_15,G,7.36,NA,1
20211004,14,IC,b_27,decreasing,10,c_10,G,7.16,NA,1
20211004,14,IC,b_28,constant,10,c_09,H,6.045517241379311,NA,1
20211004,14,IC,b_29,constant,14,c_12,H,5.783103448275861,NA,1
20211004,14,IC,b_30,constant,7,c_01,H,7.350689655172415,NA,1
20211004,14,TC,b_01,constant,10,c_08,A,41.81,NA,1
20211004,14,TC,b_02,constant,7,c_02,A,44.69233960274213,NA,1
20211004,14,TC,b_03,constant,14,c_11,A,40.84467920548426,NA,1
20211004,14,TC,b_04,constant,7,c_05,A,39.987018808226395,NA,1
20211004,14,TC,b_05,decreasing,14,c_13,B,47.09,NA,1
20211004,14,TC,b_06,decreasing,14,c_11,B,41.832789585547296,NA,1
20211004,14,TC,b_07,decreasing,10,c_06,B,41.18557917109459,NA,1
20211004,14,TC,b_08,decreasing,7,c_01,B,41.08836875664187,NA,1
20211004,14,TC,b_09,decreasing,7,c_02,C,42.44115834218916,NA,1
20211004,14,TC,b_10,decreasing,10,c_07,C,38.783947927736456,NA,1
20211004,14,TC,b_11,decreasing,10,c_08,C,43.01673751328374,NA,1
20211004,14,TC,b_12,decreasing,14,c_14,C,40.99952709883104,NA,1
20211004,14,TC,b_13,constant,10,c_06,D,45.58807523290561,NA,1
20211004,14,TC,b_14,constant,7,c_03,D,42.99041483564774,NA,1
20211004,14,TC,b_15,constant,14,c_14,D,42.062754438389874,NA,1
20211004,14,TC,b_16,constant,14,c_15,D,44.465094041132005,NA,1
20211004,14,TC,b_17,decreasing,7,c_05,E,36.66347502656748,NA,1
20211004,14,TC,b_18,decreasing,7,c_04,E,53.94626461211478,NA,1
20211004,14,TC,b_19,decreasing,14,c_12,E,41.75905419766207,NA,1
20211004,14,TC,b_20,decreasing,10,c_09,E,39.351843783209354,NA,1
20211004,14,TC,b_21,constant,10,c_07,F,40.07679205484268,NA,1
20211004,14,TC,b_22,constant,10,c_10,F,43.374565828792406,NA,2
20211004,14,TC,b_23,constant,7,c_04,F,54.11034482758621,NA,1
20211004,14,TC,b_24,constant,14,c_13,F,50.97068965517242,NA,1
20211004,14,TC,b_25,decreasing,7,c_03,G,39.17,NA,1
20211004,14,TC,b_26,decreasing,14,c_15,G,38.64500000000001,NA,1
20211004,14,TC,b_27,decreasing,10,c_10,G,39.17000000000002,NA,1
20211004,14,TC,b_28,constant,10,c_09,H,55.32206896551725,NA,1
20211004,14,TC,b_29,constant,14,c_12,H,51.112413793103464,NA,1
20211004,14,TC,b_30,constant,7,c_01,H,45.19275862068967,NA,1
20211004,14,TN,b_01,constant,10,c_08,A,0.73,NA,1
20211004,14,TN,b_02,constant,7,c_02,A,0.8851045878010195,NA,1
20211004,14,TN,b_03,constant,14,c_11,A,0.6502091756020391,NA,1
20211004,14,TN,b_04,constant,7,c_05,A,0.6653137634030586,NA,1
20211004,14,TN,b_05,decreasing,14,c_13,B,0.85,NA,1
20211004,14,TN,b_06,decreasing,14,c_11,B,0.6569872476089267,NA,1
20211004,14,TN,b_07,decreasing,10,c_06,B,0.6739744952178534,NA,1
20211004,14,TN,b_08,decreasing,7,c_01,B,0.6409617428267801,NA,1
20211004,14,TN,b_09,decreasing,7,c_02,C,0.7679489904357067,NA,1
20211004,14,TN,b_10,decreasing,10,c_07,C,0.5749362380446333,NA,1
20211004,14,TN,b_11,decreasing,10,c_08,C,0.6819234856535601,NA,1
20211004,14,TN,b_12,decreasing,14,c_14,C,0.6989107332624868,NA,1
20211004,14,TN,b_13,constant,10,c_06,D,0.7412550536122342,NA,1
20211004,14,TN,b_14,constant,7,c_03,D,0.7163596414132537,NA,1
20211004,14,TN,b_15,constant,14,c_14,D,0.6114642292142732,NA,1
20211004,14,TN,b_16,constant,14,c_15,D,0.7365688170152928,NA,1
20211004,14,TN,b_17,decreasing,7,c_05,E,0.5338469713071201,NA,1
20211004,14,TN,b_18,decreasing,7,c_04,E,1.1008342189160467,NA,1
20211004,14,TN,b_19,decreasing,14,c_12,E,0.6578214665249735,NA,1
20211004,14,TN,b_20,decreasing,10,c_09,E,0.5848087141339002,NA,1
20211004,14,TN,b_21,constant,10,c_07,F,0.6220917560203902,NA,1
20211004,14,TN,b_22,constant,10,c_10,F,0.8435981719107049,NA,2
20211004,14,TN,b_23,constant,7,c_04,F,1.0639655172413793,NA,1
20211004,14,TN,b_24,constant,14,c_13,F,0.8679310344827587,NA,1
20211004,14,TN,b_25,decreasing,7,c_03,G,0.57,NA,1
20211004,14,TN,b_26,decreasing,14,c_15,G,0.4900000000000001,NA,1
20211004,14,TN,b_27,decreasing,10,c_10,G,0.5700000000000003,NA,1
20211004,14,TN,b_28,constant,10,c_09,H,0.9937931034482762,NA,1
20211004,14,TN,b_29,constant,14,c_12,H,0.8577586206896555,NA,1
20211004,14,TN,b_30,constant,7,c_01,H,0.8817241379310349,NA,1
20211004,14,TOC,b_01,constant,10,c_08,A,39.7,NA,1
20211004,14,TOC,b_02,constant,7,c_02,A,41.436166285814735,NA,1
20211004,14,TOC,b_03,constant,14,c_11,A,38.25233257162946,NA,1
20211004,14,TOC,b_04,constant,7,c_05,A,37.058498857444185,NA,1
20211004,14,TOC,b_05,decreasing,14,c_13,B,44.28,NA,1
20211004,14,TOC,b_06,decreasing,14,c_11,B,39.020010626992566,NA,1
20211004,14,TOC,b_07,decreasing,10,c_06,B,38.44002125398512,NA,1
20211004,14,TOC,b_08,decreasing,7,c_01,B,32.45003188097768,NA,1
20211004,14,TOC,b_09,decreasing,7,c_02,C,38.87004250797025,NA,1
20211004,14,TOC,b_10,decreasing,10,c_07,C,34.4900531349628,NA,1
20211004,14,TOC,b_11,decreasing,10,c_08,C,39.98006376195537,NA,1
20211004,14,TOC,b_12,decreasing,14,c_14,C,37.75007438894793,NA,1
20211004,14,TOC,b_13,constant,10,c_06,D,43.10399542977677,NA,1
20211004,14,TOC,b_14,constant,7,c_03,D,40.140161715591496,NA,1
20211004,14,TOC,b_15,constant,14,c_14,D,39.59632800140622,NA,1
20211004,14,TOC,b_16,constant,14,c_15,D,41.26249428722095,NA,1
20211004,14,TOC,b_17,decreasing,7,c_05,E,33.32012752391073,NA,1
20211004,14,TOC,b_18,decreasing,7,c_04,E,49.370138150903294,NA,1
20211004,14,TOC,b_19,decreasing,14,c_12,E,37.80014877789586,NA,1
20211004,14,TOC,b_20,decreasing,10,c_09,E,35.91015940488841,NA,1
20211004,14,TOC,b_21,constant,10,c_07,F,37.2533257162946,NA,1
20211004,14,TOC,b_22,constant,10,c_10,F,38.714746001054664,NA,2
20211004,14,TOC,b_23,constant,7,c_04,F,47.99275862068966,NA,1
20211004,14,TOC,b_24,constant,14,c_13,F,44.505517241379316,NA,1
20211004,14,TOC,b_25,decreasing,7,c_03,G,32.010000000000005,NA,1
20211004,14,TOC,b_26,decreasing,14,c_15,G,31.285000000000007,NA,1
20211004,14,TOC,b_27,decreasing,10,c_10,G,32.010000000000005,NA,1
20211004,14,TOC,b_28,constant,10,c_09,H,49.276551724137946,NA,1
20211004,14,TOC,b_29,constant,14,c_12,H,45.32931034482761,NA,1
20211004,14,TOC,b_30,constant,7,c_01,H,37.84206896551726,NA,1
20211006,16,IC,b_01,constant,10,c_08,A,6.39,NA,1
20211006,16,IC,b_02,constant,7,c_02,A,6.819316697761194,NA,1
20211006,16,IC,b_03,constant,14,c_11,A,6.248633395522388,NA,1
20211006,16,IC,b_04,constant,7,c_05,A,6.367950093283582,NA,1
20211006,16,IC,b_05,decreasing,14,c_13,B,6.07,NA,1
20211006,16,IC,b_06,decreasing,14,c_11,B,6.168896321070234,NA,1
20211006,16,IC,b_07,decreasing,10,c_06,B,6.277792642140468,NA,1
20211006,16,IC,b_08,decreasing,7,c_01,B,7.936688963210702,NA,1
20211006,16,IC,b_09,decreasing,7,c_02,C,6.605585284280936,NA,1
20211006,16,IC,b_10,decreasing,10,c_07,C,6.56448160535117,NA,1
20211006,16,IC,b_11,decreasing,10,c_08,C,6.203377926421403,NA,1
20211006,16,IC,b_12,decreasing,14,c_14,C,6.262274247491638,NA,1
20211006,16,IC,b_13,constant,10,c_06,D,5.991800373134328,NA,1
20211006,16,IC,b_14,constant,7,c_03,D,5.811117070895523,NA,1
20211006,16,IC,b_15,constant,14,c_14,D,6.030433768656716,NA,1
20211006,16,IC,b_16,constant,14,c_15,D,6.20975046641791,NA,1
20211006,16,IC,b_17,decreasing,7,c_05,E,6.0667558528428085,NA,1
20211006,16,IC,b_18,decreasing,7,c_04,E,6.5956521739130425,NA,1
20211006,16,IC,b_19,decreasing,14,c_12,E,6.174548494983276,NA,1
20211006,16,IC,b_20,decreasing,10,c_09,E,6.433444816053511,NA,1
20211006,16,IC,b_21,constant,10,c_07,F,6.4463339552238805,NA,1
20211006,16,IC,b_22,constant,10,c_10,F,6.125650652985074,NA,1
20211006,16,IC,b_23,constant,7,c_04,F,5.994967350746268,NA,1
20211006,16,IC,b_24,constant,14,c_13,F,6.004284048507463,NA,1
20211006,16,IC,b_25,decreasing,7,c_03,G,6.187926421404681,NA,1
20211006,16,IC,b_26,decreasing,14,c_15,G,6.866822742474914,NA,1
20211006,16,IC,b_27,decreasing,10,c_10,G,6.625719063545149,NA,1
20211006,16,IC,b_28,constant,10,c_09,H,6.251550839552238,NA,1
20211006,16,IC,b_29,constant,14,c_12,H,5.930867537313432,NA,1
20211006,16,IC,b_30,constant,7,c_01,H,7.490184235074627,NA,1
20211006,16,TC,b_01,constant,10,c_08,A,43.63,NA,1
20211006,16,TC,b_02,constant,7,c_02,A,45.7506203358209,NA,1
20211006,16,TC,b_03,constant,14,c_11,A,42.081240671641794,NA,1
20211006,16,TC,b_04,constant,7,c_05,A,41.39186100746269,NA,1
20211006,16,TC,b_05,decreasing,14,c_13,B,45.99,NA,1
20211006,16,TC,b_06,decreasing,14,c_11,B,42.51646321070234,NA,1
20211006,16,TC,b_07,decreasing,10,c_06,B,43.22292642140468,NA,1
20211006,16,TC,b_08,decreasing,7,c_01,B,39.029389632107026,NA,1
20211006,16,TC,b_09,decreasing,7,c_02,C,46.04585284280936,NA,1
20211006,16,TC,b_10,decreasing,10,c_07,C,39.7423160535117,NA,1
20211006,16,TC,b_11,decreasing,10,c_08,C,44.10877926421404,NA,1
20211006,16,TC,b_12,decreasing,14,c_14,C,42.795242474916385,NA,1
20211006,16,TC,b_13,constant,10,c_06,D,41.95744402985075,NA,1
20211006,16,TC,b_14,constant,7,c_03,D,39.06806436567164,NA,1
20211006,16,TC,b_15,constant,14,c_14,D,39.15868470149253,NA,1
20211006,16,TC,b_16,constant,14,c_15,D,39.34930503731343,NA,1
20211006,16,TC,b_17,decreasing,7,c_05,E,42.78755852842809,NA,1
20211006,16,TC,b_18,decreasing,7,c_04,E,58.21402173913043,NA,1
20211006,16,TC,b_19,decreasing,14,c_12,E,46.610484949832774,NA,1
20211006,16,TC,b_20,decreasing,10,c_09,E,46.306948160535114,NA,1
20211006,16,TC,b_21,constant,10,c_07,F,38.55240671641791,NA,1
20211006,16,TC,b_22,constant,10,c_10,F,43.7430270522388,NA,1
20211006,16,TC,b_23,constant,7,c_04,F,53.2036473880597,NA,1
20211006,16,TC,b_24,constant,14,c_13,F,44.05426772388059,NA,1
20211006,16,TC,b_25,decreasing,7,c_03,G,38.62926421404682,NA,1
20211006,16,TC,b_26,decreasing,14,c_15,G,39.275727424749164,NA,1
20211006,16,TC,b_27,decreasing,10,c_10,G,43.7621906354515,NA,1
20211006,16,TC,b_28,constant,10,c_09,H,46.01674906716417,NA,1
20211006,16,TC,b_29,constant,14,c_12,H,42.64736940298506,NA,1
20211006,16,TC,b_30,constant,7,c_01,H,36.24798973880596,NA,1
20211006,16,TN,b_01,constant,10,c_08,A,0.72,NA,1
20211006,16,TN,b_02,constant,7,c_02,A,0.8869542910447761,NA,1
20211006,16,TN,b_03,constant,14,c_11,A,0.6639085820895523,NA,1
20211006,16,TN,b_04,constant,7,c_05,A,0.6408628731343283,NA,1
20211006,16,TN,b_05,decreasing,14,c_13,B,0.83,NA,1
20211006,16,TN,b_06,decreasing,14,c_11,B,0.6705811036789298,NA,1
20211006,16,TN,b_07,decreasing,10,c_06,B,0.6911622073578595,NA,1
20211006,16,TN,b_08,decreasing,7,c_01,B,0.6417433110367893,NA,1
20211006,16,TN,b_09,decreasing,7,c_02,C,0.8623244147157191,NA,1
20211006,16,TN,b_10,decreasing,10,c_07,C,0.5529055183946489,NA,1
20211006,16,TN,b_11,decreasing,10,c_08,C,0.6834866220735786,NA,1
20211006,16,TN,b_12,decreasing,14,c_14,C,0.6840677257525084,NA,1
20211006,16,TN,b_13,constant,10,c_06,D,0.6434514925373135,NA,1
20211006,16,TN,b_14,constant,7,c_03,D,0.6304057835820897,NA,1
20211006,16,TN,b_15,constant,14,c_14,D,0.5673600746268657,NA,1
20211006,16,TN,b_16,constant,14,c_15,D,0.6043143656716419,NA,1
20211006,16,TN,b_17,decreasing,7,c_05,E,0.6369732441471572,NA,1
20211006,16,TN,b_18,decreasing,7,c_04,E,1.2375543478260869,NA,1
20211006,16,TN,b_19,decreasing,14,c_12,E,0.7481354515050167,NA,1
20211006,16,TN,b_20,decreasing,10,c_09,E,0.7287165551839464,NA,1
20211006,16,TN,b_21,constant,10,c_07,F,0.49908582089552245,NA,1
20211006,16,TN,b_22,constant,10,c_10,F,0.7560401119402985,NA,1
20211006,16,TN,b_23,constant,7,c_04,F,1.0929944029850747,NA,1
20211006,16,TN,b_24,constant,14,c_13,F,0.7499486940298508,NA,1
20211006,16,TN,b_25,decreasing,7,c_03,G,0.6016220735785952,NA,1
20211006,16,TN,b_26,decreasing,14,c_15,G,0.5822031772575249,NA,1
20211006,16,TN,b_27,decreasing,10,c_10,G,0.7827842809364548,NA,1
20211006,16,TN,b_28,constant,10,c_09,H,0.7977658582089553,NA,1
20211006,16,TN,b_29,constant,14,c_12,H,0.6347201492537314,NA,1
20211006,16,TN,b_30,constant,7,c_01,H,0.5916744402985076,NA,1
20211006,16,TOC,b_01,constant,10,c_08,A,37.24,NA,1
20211006,16,TOC,b_02,constant,7,c_02,A,38.9313036380597,NA,1
20211006,16,TOC,b_03,constant,14,c_11,A,35.832607276119404,NA,1
20211006,16,TOC,b_04,constant,7,c_05,A,35.023910914179105,NA,1
20211006,16,TOC,b_05,decreasing,14,c_13,B,39.92,NA,1
20211006,16,TOC,b_06,decreasing,14,c_11,B,36.34756688963211,NA,1
20211006,16,TOC,b_07,decreasing,10,c_06,B,36.94513377926422,NA,1
20211006,16,TOC,b_08,decreasing,7,c_01,B,31.092700668896327,NA,1
20211006,16,TOC,b_09,decreasing,7,c_02,C,39.440267558528426,NA,1
20211006,16,TOC,b_10,decreasing,10,c_07,C,33.17783444816054,NA,1
20211006,16,TOC,b_11,decreasing,10,c_08,C,37.90540133779265,NA,1
20211006,16,TOC,b_12,decreasing,14,c_14,C,36.532968227424746,NA,1
20211006,16,TOC,b_13,constant,10,c_06,D,35.965643656716416,NA,1
20211006,16,TOC,b_14,constant,7,c_03,D,33.25694729477612,NA,1
20211006,16,TOC,b_15,constant,14,c_14,D,33.12825093283582,NA,1
20211006,16,TOC,b_16,constant,14,c_15,D,33.13955457089553,NA,1
20211006,16,TOC,b_17,decreasing,7,c_05,E,36.72080267558528,NA,1
20211006,16,TOC,b_18,decreasing,7,c_04,E,51.618369565217385,NA,1
20211006,16,TOC,b_19,decreasing,14,c_12,E,40.4359364548495,NA,1
20211006,16,TOC,b_20,decreasing,10,c_09,E,39.8735033444816,NA,1
20211006,16,TOC,b_21,constant,10,c_07,F,32.106072761194035,NA,1
20211006,16,TOC,b_22,constant,10,c_10,F,37.61737639925372,NA,1
20211006,16,TOC,b_23,constant,7,c_04,F,47.20868003731343,NA,1
20211006,16,TOC,b_24,constant,14,c_13,F,38.04998367537313,NA,1
20211006,16,TOC,b_25,decreasing,7,c_03,G,32.44133779264213,NA,1
20211006,16,TOC,b_26,decreasing,14,c_15,G,32.40890468227424,NA,1
20211006,16,TOC,b_27,decreasing,10,c_10,G,37.13647157190635,NA,1
20211006,16,TOC,b_28,constant,10,c_09,H,39.76519822761193,NA,1
20211006,16,TOC,b_29,constant,14,c_12,H,36.71650186567164,NA,1
20211006,16,TOC,b_30,constant,7,c_01,H,28.757805503731344,NA,1
20211008,18,IC,b_01,constant,10,c_08,A,1.14,NA,1
20211008,18,IC,b_02,constant,7,c_02,A,1.6372714552238807,NA,1
20211008,18,IC,b_03,constant,14,c_11,A,1.4645429104477612,NA,1
20211008,18,IC,b_04,constant,7,c_05,A,1.2018143656716418,NA,1
20211008,18,IC,b_05,decreasing,14,c_13,B,2.31,NA,1
20211008,18,IC,b_06,decreasing,14,c_11,B,1.6619188963210705,NA,1
20211008,18,IC,b_07,decreasing,10,c_06,B,1.9038377926421406,NA,1
20211008,18,IC,b_08,decreasing,7,c_01,B,6.6457566889632105,NA,1
20211008,18,IC,b_09,decreasing,7,c_02,C,2.017675585284281,NA,1
20211008,18,IC,b_10,decreasing,10,c_07,C,3.3295944816053513,NA,1
20211008,18,IC,b_11,decreasing,10,c_08,C,1.6915133779264213,NA,1
20211008,18,IC,b_12,decreasing,14,c_14,C,1.6334322742474918,NA,1
20211008,18,IC,b_13,constant,10,c_06,D,0.46725746268656754,NA,1
20211008,18,IC,b_14,constant,7,c_03,D,1.394528917910448,NA,1
20211008,18,IC,b_15,constant,14,c_14,D,0.3818003731343287,NA,1
20211008,18,IC,b_16,constant,14,c_15,D,0.4090718283582089,NA,1
20211008,18,IC,b_17,decreasing,7,c_05,E,1.5930267558528426,NA,1
20211008,18,IC,b_18,decreasing,7,c_04,E,2.9149456521739134,NA,1
20211008,18,IC,b_19,decreasing,14,c_12,E,2.3368645484949835,NA,1
20211008,18,IC,b_20,decreasing,10,c_09,E,2.6287834448160536,NA,1
20211008,18,IC,b_21,constant,10,c_07,F,1.5954291044776125,NA,1
20211008,18,IC,b_22,constant,10,c_10,F,0.5327005597014929,NA,1
20211008,18,IC,b_23,constant,7,c_04,F,0.5999720149253736,NA,1
20211008,18,IC,b_24,constant,14,c_13,F,0.4272434701492531,NA,1
20211008,18,IC,b_25,decreasing,7,c_03,G,2.438377926421405,NA,1
20211008,18,IC,b_26,decreasing,14,c_15,G,2.780296822742475,NA,1
20211008,18,IC,b_27,decreasing,10,c_10,G,3.1522157190635456,NA,1
20211008,18,IC,b_28,constant,10,c_09,H,0.23632929104477585,NA,1
20211008,18,IC,b_29,constant,14,c_12,H,0.07360074626865654,NA,1
20211008,18,IC,b_30,constant,7,c_01,H,4.3408722014925365,NA,1
20211008,18,TC,b_01,constant,10,c_08,A,44.66,NA,1
20211008,18,TC,b_02,constant,7,c_02,A,46.429127798507466,NA,1
20211008,18,TC,b_03,constant,14,c_11,A,41.528255597014926,NA,1
20211008,18,TC,b_04,constant,7,c_05,A,40.76738339552239,NA,1
20211008,18,TC,b_05,decreasing,14,c_13,B,49,NA,1
20211008,18,TC,b_06,decreasing,14,c_11,B,44.40303511705686,NA,1
20211008,18,TC,b_07,decreasing,10,c_06,B,41.41607023411371,NA,1
20211008,18,TC,b_08,decreasing,7,c_01,B,47.079105351170575,NA,1
20211008,18,TC,b_09,decreasing,7,c_02,C,45.82214046822743,NA,1
20211008,18,TC,b_10,decreasing,10,c_07,C,39.55517558528428,NA,1
20211008,18,TC,b_11,decreasing,10,c_08,C,46.98821070234114,NA,1
20211008,18,TC,b_12,decreasing,14,c_14,C,44.021245819398,NA,1
20211008,18,TC,b_13,constant,10,c_06,D,41.029533582089556,NA,1
20211008,18,TC,b_14,constant,7,c_03,D,38.42866138059701,NA,1
20211008,18,TC,b_15,constant,14,c_14,D,38.20778917910448,NA,1
20211008,18,TC,b_16,constant,14,c_15,D,36.19691697761194,NA,1
20211008,18,TC,b_17,decreasing,7,c_05,E,45.75642140468228,NA,1
20211008,18,TC,b_18,decreasing,7,c_04,E,62.569456521739134,NA,1
20211008,18,TC,b_19,decreasing,14,c_12,E,47.71249163879599,NA,1
20211008,18,TC,b_20,decreasing,10,c_09,E,46.875526755852846,NA,1
20211008,18,TC,b_21,constant,10,c_07,F,40.91255597014925,NA,1
20211008,18,TC,b_22,constant,10,c_10,F,43.36168376865671,NA,1
20211008,18,TC,b_23,constant,7,c_04,F,54.18081156716418,NA,1
20211008,18,TC,b_24,constant,14,c_13,F,42.43993936567164,NA,1
20211008,18,TC,b_25,decreasing,7,c_03,G,38.72070234113713,NA,1
20211008,18,TC,b_26,decreasing,14,c_15,G,40.023737458193985,NA,1
20211008,18,TC,b_27,decreasing,10,c_10,G,48.48677257525084,NA,1
20211008,18,TC,b_28,constant,10,c_09,H,42.28645055970149,NA,1
20211008,18,TC,b_29,constant,14,c_12,H,39.64557835820895,NA,1
20211008,18,TC,b_30,constant,7,c_01,H,42.25470615671641,NA,1
20211008,18,TN,b_01,constant,10,c_08,A,2.18,NA,1
20211008,18,TN,b_02,constant,7,c_02,A,2.9216744402985073,NA,1
20211008,18,TN,b_03,constant,14,c_11,A,2.083348880597015,NA,1
20211008,18,TN,b_04,constant,7,c_05,A,2.065023320895522,NA,1
20211008,18,TN,b_05,decreasing,14,c_13,B,2.71,NA,1
20211008,18,TN,b_06,decreasing,14,c_11,B,2.2543352842809363,NA,1
20211008,18,TN,b_07,decreasing,10,c_06,B,2.0986705685618725,NA,1
20211008,18,TN,b_08,decreasing,7,c_01,B,2.693005852842809,NA,1
20211008,18,TN,b_09,decreasing,7,c_02,C,2.8173411371237456,NA,1
20211008,18,TN,b_10,decreasing,10,c_07,C,2.121676421404682,NA,1
20211008,18,TN,b_11,decreasing,10,c_08,C,2.2660117056856186,NA,1
20211008,18,TN,b_12,decreasing,14,c_14,C,2.1803469899665555,NA,1
20211008,18,TN,b_13,constant,10,c_06,D,2.0500932835820898,NA,1
20211008,18,TN,b_14,constant,7,c_03,D,1.9817677238805973,NA,1
20211008,18,TN,b_15,constant,14,c_14,D,1.8534421641791043,NA,1
20211008,18,TN,b_16,constant,14,c_15,D,1.8651166044776124,NA,1
20211008,18,TN,b_17,decreasing,7,c_05,E,2.2620234113712376,NA,1
20211008,18,TN,b_18,decreasing,7,c_04,E,3.6063586956521743,NA,1
20211008,18,TN,b_19,decreasing,14,c_12,E,2.5406939799331103,NA,1
20211008,18,TN,b_20,decreasing,10,c_09,E,2.3750292642140467,NA,1
20211008,18,TN,b_21,constant,10,c_07,F,2.2034888059701494,NA,1
20211008,18,TN,b_22,constant,10,c_10,F,2.505163246268657,NA,1
20211008,18,TN,b_23,constant,7,c_04,F,3.0068376865671644,NA,1
20211008,18,TN,b_24,constant,14,c_13,F,2.178512126865672,NA,1
20211008,18,TN,b_25,decreasing,7,c_03,G,1.966705685618729,NA,1
20211008,18,TN,b_26,decreasing,14,c_15,G,1.9210409698996656,NA,1
20211008,18,TN,b_27,decreasing,10,c_10,G,2.975376254180602,NA,1
20211008,18,TN,b_28,constant,10,c_09,H,2.0952098880597014,NA,1
20211008,18,TN,b_29,constant,14,c_12,H,1.9568843283582096,NA,1
20211008,18,TN,b_30,constant,7,c_01,H,2.3885587686567167,NA,1
20211008,18,TOC,b_01,constant,10,c_08,A,43.519999999999996,NA,1
20211008,18,TOC,b_02,constant,7,c_02,A,44.791856343283584,NA,1
20211008,18,TOC,b_03,constant,14,c_11,A,40.06371268656717,NA,1
20211008,18,TOC,b_04,constant,7,c_05,A,39.56556902985075,NA,1
20211008,18,TOC,b_05,decreasing,14,c_13,B,46.69,NA,1
20211008,18,TOC,b_06,decreasing,14,c_11,B,42.74111622073578,NA,1
20211008,18,TOC,b_07,decreasing,10,c_06,B,39.512232441471575,NA,1
20211008,18,TOC,b_08,decreasing,7,c_01,B,40.43334866220736,NA,1
20211008,18,TOC,b_09,decreasing,7,c_02,C,43.804464882943144,NA,1
20211008,18,TOC,b_10,decreasing,10,c_07,C,36.22558110367893,NA,1
20211008,18,TOC,b_11,decreasing,10,c_08,C,45.296697324414716,NA,1
20211008,18,TOC,b_12,decreasing,14,c_14,C,42.3878135451505,NA,1
20211008,18,TOC,b_13,constant,10,c_06,D,40.56227611940299,NA,1
20211008,18,TOC,b_14,constant,7,c_03,D,37.03413246268658,NA,1
20211008,18,TOC,b_15,constant,14,c_14,D,37.825988805970155,NA,1
20211008,18,TOC,b_16,constant,14,c_15,D,35.78784514925374,NA,1
20211008,18,TOC,b_17,decreasing,7,c_05,E,44.16339464882943,NA,1
20211008,18,TOC,b_18,decreasing,7,c_04,E,59.65451086956522,NA,1
20211008,18,TOC,b_19,decreasing,14,c_12,E,45.37562709030101,NA,1
20211008,18,TOC,b_20,decreasing,10,c_09,E,44.24674331103678,NA,1
20211008,18,TOC,b_21,constant,10,c_07,F,39.317126865671646,NA,1
20211008,18,TOC,b_22,constant,10,c_10,F,42.82898320895523,NA,1
20211008,18,TOC,b_23,constant,7,c_04,F,53.58083955223881,NA,1
20211008,18,TOC,b_24,constant,14,c_13,F,42.0126958955224,NA,1
20211008,18,TOC,b_25,decreasing,7,c_03,G,36.28232441471571,NA,1
20211008,18,TOC,b_26,decreasing,14,c_15,G,37.243440635451506,NA,1
20211008,18,TOC,b_27,decreasing,10,c_10,G,45.33455685618729,NA,1
20211008,18,TOC,b_28,constant,10,c_09,H,42.050121268656724,NA,1
20211008,18,TOC,b_29,constant,14,c_12,H,39.571977611940305,NA,1
20211008,18,TOC,b_30,constant,7,c_01,H,37.913833955223886,NA,1
20211011,21,IC,b_01,constant,10,c_08,A,2.4,NA,1
20211011,21,IC,b_02,constant,7,c_02,A,3.165834888059701,NA,1
20211011,21,IC,b_03,constant,14,c_11,A,2.791669776119403,NA,1
20211011,21,IC,b_04,constant,7,c_05,A,2.2875046641791044,NA,1
20211011,21,IC,b_05,decreasing,14,c_13,B,2.84,NA,1
20211011,21,IC,b_06,decreasing,14,c_11,B,2.703127090301003,NA,1
20211011,21,IC,b_07,decreasing,10,c_06,B,2.726254180602006,NA,1
20211011,21,IC,b_08,decreasing,7,c_01,B,7.209381270903009,NA,1
20211011,21,IC,b_09,decreasing,7,c_02,C,3.212508361204013,NA,1
20211011,21,IC,b_10,decreasing,10,c_07,C,3.9356354515050165,NA,1
20211011,21,IC,b_11,decreasing,10,c_08,C,3.02876254180602,NA,1
20211011,21,IC,b_12,decreasing,14,c_14,C,2.931889632107023,NA,1
20211011,21,IC,b_13,constant,10,c_06,D,2.040018656716418,NA,1
20211011,21,IC,b_14,constant,7,c_03,D,2.5558535447761197,NA,1
20211011,21,IC,b_15,constant,14,c_14,D,2.051688432835821,NA,1
20211011,21,IC,b_16,constant,14,c_15,D,1.7475233208955223,NA,1
20211011,21,IC,b_17,decreasing,7,c_05,E,2.8475250836120396,NA,1
20211011,21,IC,b_18,decreasing,7,c_04,E,3.560652173913043,NA,1
20211011,21,IC,b_19,decreasing,14,c_12,E,3.3337792642140465,NA,1
20211011,21,IC,b_20,decreasing,10,c_09,E,3.26690635451505,NA,1
20211011,21,IC,b_21,constant,10,c_07,F,2.5766977611940303,NA,1
20211011,21,IC,b_22,constant,10,c_10,F,2.0025326492537316,NA,1
20211011,21,IC,b_23,constant,7,c_04,F,1.968367537313433,NA,1
20211011,21,IC,b_24,constant,14,c_13,F,1.6742024253731338,NA,1
20211011,21,IC,b_25,decreasing,7,c_03,G,3.2025418060200654,NA,1
20211011,21,IC,b_26,decreasing,14,c_15,G,3.77566889632107,NA,1
20211011,21,IC,b_27,decreasing,10,c_10,G,3.9787959866220723,NA,1
20211011,21,IC,b_28,constant,10,c_09,H,1.30754197761194,NA,1
20211011,21,IC,b_29,constant,14,c_12,H,1.5133768656716424,NA,1
20211011,21,IC,b_30,constant,7,c_01,H,5.849211753731344,NA,1
20211011,21,TC,b_01,constant,10,c_08,A,48.42,NA,1
20211011,21,TC,b_02,constant,7,c_02,A,53.36615438432836,NA,1
20211011,21,TC,b_03,constant,14,c_11,A,46.622308768656715,NA,1
20211011,21,TC,b_04,constant,7,c_05,A,45.89846315298507,NA,1
20211011,21,TC,b_05,decreasing,14,c_13,B,52.43,NA,1
20211011,21,TC,b_06,decreasing,14,c_11,B,47.501333612040135,NA,1
20211011,21,TC,b_07,decreasing,10,c_06,B,47.702667224080265,NA,1
20211011,21,TC,b_08,decreasing,7,c_01,B,52.3640008361204,NA,1
20211011,21,TC,b_09,decreasing,7,c_02,C,54.46533444816053,NA,1
20211011,21,TC,b_10,decreasing,10,c_07,C,50.00666806020067,NA,1
20211011,21,TC,b_11,decreasing,10,c_08,C,52.6180016722408,NA,1
20211011,21,TC,b_12,decreasing,14,c_14,C,49.18933528428093,NA,1
20211011,21,TC,b_13,constant,10,c_06,D,46.9838526119403,NA,1
20211011,21,TC,b_14,constant,7,c_03,D,43.11000699626866,NA,1
20211011,21,TC,b_15,constant,14,c_14,D,44.076161380597014,NA,1
20211011,21,TC,b_16,constant,14,c_15,D,43.94231576492537,NA,1
20211011,21,TC,b_17,decreasing,7,c_05,E,51.3460033444816,NA,1
20211011,21,TC,b_18,decreasing,7,c_04,E,69.40733695652173,NA,1
20211011,21,TC,b_19,decreasing,14,c_12,E,52.86867056856187,NA,1
20211011,21,TC,b_20,decreasing,10,c_09,E,54.070004180602,NA,1
20211011,21,TC,b_21,constant,10,c_07,F,46.79308768656717,NA,1
20211011,21,TC,b_22,constant,10,c_10,F,50.05924207089552,NA,1
20211011,21,TC,b_23,constant,7,c_04,F,61.80539645522388,NA,1
20211011,21,TC,b_24,constant,14,c_13,F,48.17155083955224,NA,1
20211011,21,TC,b_25,decreasing,7,c_03,G,43.59667224080267,NA,1
20211011,21,TC,b_26,decreasing,14,c_15,G,44.628005852842804,NA,1
20211011,21,TC,b_27,decreasing,10,c_10,G,54.68933946488294,NA,1
20211011,21,TC,b_28,constant,10,c_09,H,46.87616837686567,NA,1
20211011,21,TC,b_29,constant,14,c_12,H,44.85232276119403,NA,1
20211011,21,TC,b_30,constant,7,c_01,H,45.89847714552239,NA,1
20211011,21,TN,b_01,constant,10,c_08,A,1.94,NA,1
20211011,21,TN,b_02,constant,7,c_02,A,2.6486567164179107,NA,1
20211011,21,TN,b_03,constant,14,c_11,A,1.8373134328358212,NA,1
20211011,21,TN,b_04,constant,7,c_05,A,1.8159701492537317,NA,1
20211011,21,TN,b_05,decreasing,14,c_13,B,2.3,NA,1
20211011,21,TN,b_06,decreasing,14,c_11,B,1.8839172240802675,NA,1
20211011,21,TN,b_07,decreasing,10,c_06,B,1.8878344481605347,NA,1
20211011,21,TN,b_08,decreasing,7,c_01,B,2.5117516722408024,NA,1
20211011,21,TN,b_09,decreasing,7,c_02,C,2.63566889632107,NA,1
20211011,21,TN,b_10,decreasing,10,c_07,C,2.1895861204013376,NA,1
20211011,21,TN,b_11,decreasing,10,c_08,C,2.0235033444816053,NA,1
20211011,21,TN,b_12,decreasing,14,c_14,C,1.9274205685618724,NA,1
20211011,21,TN,b_13,constant,10,c_06,D,1.823880597014925,NA,1
20211011,21,TN,b_14,constant,7,c_03,D,1.7325373134328355,NA,1
20211011,21,TN,b_15,constant,14,c_14,D,1.601194029850746,NA,1
20211011,21,TN,b_16,constant,14,c_15,D,1.7698507462686561,NA,1
20211011,21,TN,b_17,decreasing,7,c_05,E,1.9470066889632105,NA,1
20211011,21,TN,b_18,decreasing,7,c_04,E,3.070923913043478,NA,1
20211011,21,TN,b_19,decreasing,14,c_12,E,2.1548411371237455,NA,1
20211011,21,TN,b_20,decreasing,10,c_09,E,2.168758361204013,NA,1
20211011,21,TN,b_21,constant,10,c_07,F,1.9731343283582086,NA,1
20211011,21,TN,b_22,constant,10,c_10,F,2.231791044776119,NA,1
20211011,21,TN,b_23,constant,7,c_04,F,2.6804477611940296,NA,1
20211011,21,TN,b_24,constant,14,c_13,F,1.9391044776119397,NA,1
20211011,21,TN,b_25,decreasing,7,c_03,G,1.7783444816053506,NA,1
20211011,21,TN,b_26,decreasing,14,c_15,G,1.8022617056856183,NA,1
20211011,21,TN,b_27,decreasing,10,c_10,G,2.676178929765886,NA,1
20211011,21,TN,b_28,constant,10,c_09,H,1.8237313432835816,NA,1
20211011,21,TN,b_29,constant,14,c_12,H,1.7623880597014918,NA,1
20211011,21,TN,b_30,constant,7,c_01,H,2.1410447761194025,NA,1
20211011,21,TOC,b_01,constant,10,c_08,A,46.02,NA,1
20211011,21,TOC,b_02,constant,7,c_02,A,50.200319496268655,NA,1
20211011,21,TOC,b_03,constant,14,c_11,A,43.83063899253731,NA,1
20211011,21,TOC,b_04,constant,7,c_05,A,43.61095848880597,NA,1
20211011,21,TOC,b_05,decreasing,14,c_13,B,49.59,NA,1
20211011,21,TOC,b_06,decreasing,14,c_11,B,44.79820652173913,NA,1
20211011,21,TOC,b_07,decreasing,10,c_06,B,44.97641304347826,NA,1
20211011,21,TOC,b_08,decreasing,7,c_01,B,45.15461956521739,NA,1
20211011,21,TOC,b_09,decreasing,7,c_02,C,51.25282608695652,NA,1
20211011,21,TOC,b_10,decreasing,10,c_07,C,46.071032608695646,NA,1
20211011,21,TOC,b_11,decreasing,10,c_08,C,49.58923913043478,NA,1
20211011,21,TOC,b_12,decreasing,14,c_14,C,46.257445652173914,NA,1
20211011,21,TOC,b_13,constant,10,c_06,D,44.94383395522387,NA,1
20211011,21,TOC,b_14,constant,7,c_03,D,40.55415345149254,NA,1
20211011,21,TOC,b_15,constant,14,c_14,D,42.02447294776119,NA,1
20211011,21,TOC,b_16,constant,14,c_15,D,42.194792444029844,NA,1
20211011,21,TOC,b_17,decreasing,7,c_05,E,48.498478260869554,NA,1
20211011,21,TOC,b_18,decreasing,7,c_04,E,65.84668478260869,NA,1
20211011,21,TOC,b_19,decreasing,14,c_12,E,49.534891304347816,NA,1
20211011,21,TOC,b_20,decreasing,10,c_09,E,50.803097826086955,NA,1
20211011,21,TOC,b_21,constant,10,c_07,F,44.21638992537313,NA,1
20211011,21,TOC,b_22,constant,10,c_10,F,48.056709421641784,NA,1
20211011,21,TOC,b_23,constant,7,c_04,F,59.83702891791043,NA,1
20211011,21,TOC,b_24,constant,14,c_13,F,46.49734841417909,NA,1
20211011,21,TOC,b_25,decreasing,7,c_03,G,40.3941304347826,NA,1
20211011,21,TOC,b_26,decreasing,14,c_15,G,40.85233695652173,NA,1
20211011,21,TOC,b_27,decreasing,10,c_10,G,50.71054347826087,NA,1
20211011,21,TOC,b_28,constant,10,c_09,H,45.56862639925372,NA,1
20211011,21,TOC,b_29,constant,14,c_12,H,43.33894589552238,NA,1
20211011,21,TOC,b_30,constant,7,c_01,H,40.04926539179104,NA,1
20211013,23,IC,b_01,constant,10,c_08,A,2.04,NA,1
20211013,23,IC,b_02,constant,7,c_02,A,2.3927495335820894,NA,1
20211013,23,IC,b_03,constant,14,c_11,A,1.6654990671641787,NA,1
20211013,23,IC,b_04,constant,7,c_05,A,2.568248600746269,NA,1
20211013,23,IC,b_05,decreasing,14,c_13,B,2.99,NA,1
20211013,23,IC,b_06,decreasing,14,c_11,B,2.458578595317726,NA,1
20211013,23,IC,b_07,decreasing,10,c_06,B,3.5271571906354513,NA,1
20211013,23,IC,b_08,decreasing,7,c_01,B,7.0557357859531775,NA,1
20211013,23,IC,b_09,decreasing,7,c_02,C,3.3443143812709035,NA,1
20211013,23,IC,b_10,decreasing,10,c_07,C,3.962892976588629,NA,1
20211013,23,IC,b_11,decreasing,10,c_08,C,2.681471571906355,NA,1
20211013,23,IC,b_12,decreasing,14,c_14,C,2.9000501672240806,NA,1
20211013,23,IC,b_13,constant,10,c_06,D,1.812994402985074,NA,1
20211013,23,IC,b_14,constant,7,c_03,D,3.2157439365671636,NA,1
20211013,23,IC,b_15,constant,14,c_14,D,0.9784934701492531,NA,1
20211013,23,IC,b_16,constant,14,c_15,D,1.3912430037313426,NA,1
20211013,23,IC,b_17,decreasing,7,c_05,E,2.682943143812709,NA,1
20211013,23,IC,b_18,decreasing,7,c_04,E,3.6015217391304346,NA,1
20211013,23,IC,b_19,decreasing,14,c_12,E,3.2601003344481607,NA,1
20211013,23,IC,b_20,decreasing,10,c_09,E,3.0286789297658863,NA,1
20211013,23,IC,b_21,constant,10,c_07,F,2.494990671641791,NA,1
20211013,23,IC,b_22,constant,10,c_10,F,1.8777402052238803,NA,1
20211013,23,IC,b_23,constant,7,c_04,F,1.69048973880597,NA,1
20211013,23,IC,b_24,constant,14,c_13,F,0.9232392723880594,NA,1
20211013,23,IC,b_25,decreasing,7,c_03,G,3.361571906354515,NA,1
20211013,23,IC,b_26,decreasing,14,c_15,G,3.990150501672241,NA,1
20211013,23,IC,b_27,decreasing,10,c_10,G,4.118729096989966,NA,1
20211013,23,IC,b_28,constant,10,c_09,H,0.9942374067164166,NA,1
20211013,23,IC,b_29,constant,14,c_12,H,0.9169869402985067,NA,1
20211013,23,IC,b_30,constant,7,c_01,H,5.189736473880597,NA,1
20211013,23,TC,b_01,constant,10,c_08,A,48.61,NA,1
20211013,23,TC,b_02,constant,7,c_02,A,52.41659281716418,NA,1
20211013,23,TC,b_03,constant,14,c_11,A,44.213185634328354,NA,1
20211013,23,TC,b_04,constant,7,c_05,A,48.71977845149254,NA,1
20211013,23,TC,b_05,decreasing,14,c_13,B,54.66,NA,1
20211013,23,TC,b_06,decreasing,14,c_11,B,48.704360367892974,NA,1
20211013,23,TC,b_07,decreasing,10,c_06,B,51.00872073578595,NA,1
20211013,23,TC,b_08,decreasing,7,c_01,B,51.12308110367893,NA,1
20211013,23,TC,b_09,decreasing,7,c_02,C,55.8474414715719,NA,1
20211013,23,TC,b_10,decreasing,10,c_07,C,50.02180183946488,NA,1
20211013,23,TC,b_11,decreasing,10,c_08,C,50.77616220735786,NA,1
20211013,23,TC,b_12,decreasing,14,c_14,C,50.66052257525083,NA,1
20211013,23,TC,b_13,constant,10,c_06,D,47.20911380597014,NA,1
20211013,23,TC,b_14,constant,7,c_03,D,43.035706623134324,NA,1
20211013,23,TC,b_15,constant,14,c_14,D,44.5522994402985,NA,1
20211013,23,TC,b_16,constant,14,c_15,D,43.64889225746267,NA,1
20211013,23,TC,b_17,decreasing,7,c_05,E,53.40232441471571,NA,1
20211013,23,TC,b_18,decreasing,7,c_04,E,70.84668478260869,NA,1
20211013,23,TC,b_19,decreasing,14,c_12,E,52.32104515050166,NA,1
20211013,23,TC,b_20,decreasing,10,c_09,E,51.495405518394634,NA,1
20211013,23,TC,b_21,constant,10,c_07,F,47.131856343283566,NA,1
20211013,23,TC,b_22,constant,10,c_10,F,52.16844916044775,NA,1
20211013,23,TC,b_23,constant,7,c_04,F,63.205041977611934,NA,1
20211013,23,TC,b_24,constant,14,c_13,F,47.921634794776104,NA,1
20211013,23,TC,b_25,decreasing,7,c_03,G,44.607207357859515,NA,1
20211013,23,TC,b_26,decreasing,14,c_15,G,46.48156772575249,NA,1
20211013,23,TC,b_27,decreasing,10,c_10,G,57.05592809364547,NA,1
20211013,23,TC,b_28,constant,10,c_09,H,47.80800606343281,NA,1
20211013,23,TC,b_29,constant,14,c_12,H,42.374598880597,NA,1
20211013,23,TC,b_30,constant,7,c_01,H,45.36119169776117,NA,1
20211013,23,TN,b_01,constant,10,c_08,A,1.86,NA,1
20211013,23,TN,b_02,constant,7,c_02,A,2.486907649253731,NA,1
20211013,23,TN,b_03,constant,14,c_11,A,1.6438152985074626,NA,1
20211013,23,TN,b_04,constant,7,c_05,A,1.770722947761194,NA,1
20211013,23,TN,b_05,decreasing,14,c_13,B,2.25,NA,1
20211013,23,TN,b_06,decreasing,14,c_11,B,1.7491555183946486,NA,1
20211013,23,TN,b_07,decreasing,10,c_06,B,1.8283110367892976,NA,1
20211013,23,TN,b_08,decreasing,7,c_01,B,2.167466555183946,NA,1
20211013,23,TN,b_09,decreasing,7,c_02,C,2.4466220735785953,NA,1
20211013,23,TN,b_10,decreasing,10,c_07,C,1.975777591973244,NA,1
20211013,23,TN,b_11,decreasing,10,c_08,C,1.7549331103678927,NA,1
20211013,23,TN,b_12,decreasing,14,c_14,C,1.8040886287625417,NA,1
20211013,23,TN,b_13,constant,10,c_06,D,1.6528917910447762,NA,1
20211013,23,TN,b_14,constant,7,c_03,D,1.5697994402985074,NA,1
20211013,23,TN,b_15,constant,14,c_14,D,1.5167070895522385,NA,1
20211013,23,TN,b_16,constant,14,c_15,D,1.5636147388059702,NA,1
20211013,23,TN,b_17,decreasing,7,c_05,E,1.8098662207357858,NA,1
20211013,23,TN,b_18,decreasing,7,c_04,E,2.8690217391304342,NA,1
20211013,23,TN,b_19,decreasing,14,c_12,E,1.8981772575250833,NA,1
20211013,23,TN,b_20,decreasing,10,c_09,E,1.8573327759197324,NA,1
20211013,23,TN,b_21,constant,10,c_07,F,1.8181529850746267,NA,1
20211013,23,TN,b_22,constant,10,c_10,F,2.1050606343283578,NA,1
20211013,23,TN,b_23,constant,7,c_04,F,2.5719682835820894,NA,1
20211013,23,TN,b_24,constant,14,c_13,F,1.7888759328358206,NA,1
20211013,23,TN,b_25,decreasing,7,c_03,G,1.6431103678929764,NA,1
20211013,23,TN,b_26,decreasing,14,c_15,G,1.652265886287625,NA,1
20211013,23,TN,b_27,decreasing,10,c_10,G,2.601421404682274,NA,1
20211013,23,TN,b_28,constant,10,c_09,H,1.786506529850746,NA,1
20211013,23,TN,b_29,constant,14,c_12,H,1.5934141791044776,NA,1
20211013,23,TN,b_30,constant,7,c_01,H,2.0003218283582087,NA,1
20211013,23,TOC,b_01,constant,10,c_08,A,46.57,NA,1
20211013,23,TOC,b_02,constant,7,c_02,A,50.02384328358208,NA,1
20211013,23,TOC,b_03,constant,14,c_11,A,42.54768656716418,NA,1
20211013,23,TOC,b_04,constant,7,c_05,A,46.151529850746265,NA,1
20211013,23,TOC,b_05,decreasing,14,c_13,B,51.669999999999995,NA,1
20211013,23,TOC,b_06,decreasing,14,c_11,B,46.24578177257525,NA,1
20211013,23,TOC,b_07,decreasing,10,c_06,B,47.48156354515049,NA,1
20211013,23,TOC,b_08,decreasing,7,c_01,B,44.06734531772575,NA,1
20211013,23,TOC,b_09,decreasing,7,c_02,C,52.503127090301,NA,1
20211013,23,TOC,b_10,decreasing,10,c_07,C,46.05890886287625,NA,1
20211013,23,TOC,b_11,decreasing,10,c_08,C,48.09469063545151,NA,1
20211013,23,TOC,b_12,decreasing,14,c_14,C,47.76047240802676,NA,1
20211013,23,TOC,b_13,constant,10,c_06,D,45.396119402985065,NA,1
20211013,23,TOC,b_14,constant,7,c_03,D,39.819962686567166,NA,1
20211013,23,TOC,b_15,constant,14,c_14,D,43.57380597014925,NA,1
20211013,23,TOC,b_16,constant,14,c_15,D,42.25764925373134,NA,1
20211013,23,TOC,b_17,decreasing,7,c_05,E,50.719381270903,NA,1
20211013,23,TOC,b_18,decreasing,7,c_04,E,67.24516304347826,NA,1
20211013,23,TOC,b_19,decreasing,14,c_12,E,49.0609448160535,NA,1
20211013,23,TOC,b_20,decreasing,10,c_09,E,48.46672658862875,NA,1
20211013,23,TOC,b_21,constant,10,c_07,F,44.636865671641786,NA,1
20211013,23,TOC,b_22,constant,10,c_10,F,50.290708955223884,NA,1
20211013,23,TOC,b_23,constant,7,c_04,F,61.514552238805976,NA,1
20211013,23,TOC,b_24,constant,14,c_13,F,46.99839552238805,NA,1
20211013,23,TOC,b_25,decreasing,7,c_03,G,41.24563545150501,NA,1
20211013,23,TOC,b_26,decreasing,14,c_15,G,42.49141722408026,NA,1
20211013,23,TOC,b_27,decreasing,10,c_10,G,52.9371989966555,NA,1
20211013,23,TOC,b_28,constant,10,c_09,H,46.81376865671641,NA,1
20211013,23,TOC,b_29,constant,14,c_12,H,41.457611940298506,NA,1
20211013,23,TOC,b_30,constant,7,c_01,H,40.17145522388059,NA,1
20211015,25,IC,b_01,constant,10,c_08,A,1.11,NA,1
20211015,25,IC,b_02,constant,7,c_02,A,1.9393703358208956,NA,1
20211015,25,IC,b_03,constant,14,c_11,A,1.458740671641791,NA,1
20211015,25,IC,b_04,constant,7,c_05,A,1.778111007462687,NA,1
20211015,25,IC,b_05,decreasing,14,c_13,B,2.17,NA,1
20211015,25,IC,b_06,decreasing,14,c_11,B,1.8297658862876252,NA,1
20211015,25,IC,b_07,decreasing,10,c_06,B,1.7995317725752504,NA,1
20211015,25,IC,b_08,decreasing,7,c_01,B,5.689297658862877,NA,1
20211015,25,IC,b_09,decreasing,7,c_02,C,2.3190635451505015,NA,1
20211015,25,IC,b_10,decreasing,10,c_07,C,2.8288294314381273,NA,1
20211015,25,IC,b_11,decreasing,10,c_08,C,1.8685953177257524,NA,1
20211015,25,IC,b_12,decreasing,14,c_14,C,1.9483612040133775,NA,1
20211015,25,IC,b_13,constant,10,c_06,D,1.0924440298507463,NA,1
20211015,25,IC,b_14,constant,7,c_03,D,1.351814365671642,NA,1
20211015,25,IC,b_15,constant,14,c_14,D,1.1111847014925376,NA,1
20211015,25,IC,b_16,constant,14,c_15,D,0.9505550373134328,NA,1
20211015,25,IC,b_17,decreasing,7,c_05,E,1.9071906354515047,NA,1
20211015,25,IC,b_18,decreasing,7,c_04,E,2.56695652173913,NA,1
20211015,25,IC,b_19,decreasing,14,c_12,E,2.3567224080267555,NA,1
20211015,25,IC,b_20,decreasing,10,c_09,E,2.3364882943143814,NA,1
20211015,25,IC,b_21,constant,10,c_07,F,1.7674067164179106,NA,1
20211015,25,IC,b_22,constant,10,c_10,F,1.246777052238806,NA,1
20211015,25,IC,b_23,constant,7,c_04,F,1.006147388059702,NA,1
20211015,25,IC,b_24,constant,14,c_13,F,0.8755177238805971,NA,1
20211015,25,IC,b_25,decreasing,7,c_03,G,2.4353177257525083,NA,1
20211015,25,IC,b_26,decreasing,14,c_15,G,2.715083612040134,NA,1
20211015,25,IC,b_27,decreasing,10,c_10,G,2.864849498327759,NA,1
20211015,25,IC,b_28,constant,10,c_09,H,0.7629990671641789,NA,1
20211015,25,IC,b_29,constant,14,c_12,H,0.5723694029850748,NA,1
20211015,25,IC,b_30,constant,7,c_01,H,3.651739738805971,NA,1
20211015,25,TC,b_01,constant,10,c_08,A,42.61,NA,1
20211015,25,TC,b_02,constant,7,c_02,A,47.22952891791045,NA,1
20211015,25,TC,b_03,constant,14,c_11,A,40.18905783582089,NA,1
20211015,25,TC,b_04,constant,7,c_05,A,43.30858675373134,NA,1
20211015,25,TC,b_05,decreasing,14,c_13,B,48.98,NA,1
20211015,25,TC,b_06,decreasing,14,c_11,B,42.790844481605355,NA,1
20211015,25,TC,b_07,decreasing,10,c_06,B,43.9216889632107,NA,1
20211015,25,TC,b_08,decreasing,7,c_01,B,42.86253344481605,NA,1
20211015,25,TC,b_09,decreasing,7,c_02,C,47.583377926421406,NA,1
20211015,25,TC,b_10,decreasing,10,c_07,C,44.12422240802675,NA,1
20211015,25,TC,b_11,decreasing,10,c_08,C,46.9050668896321,NA,1
20211015,25,TC,b_12,decreasing,14,c_14,C,45.11591137123746,NA,1
20211015,25,TC,b_13,constant,10,c_06,D,42.474347014925364,NA,1
20211015,25,TC,b_14,constant,7,c_03,D,40.29387593283582,NA,1
20211015,25,TC,b_15,constant,14,c_14,D,41.77340485074626,NA,1
20211015,25,TC,b_16,constant,14,c_15,D,40.0729337686567,NA,1
20211015,25,TC,b_17,decreasing,7,c_05,E,45.54013377926421,NA,1
20211015,25,TC,b_18,decreasing,7,c_04,E,64.24097826086955,NA,1
20211015,25,TC,b_19,decreasing,14,c_12,E,48.371822742474905,NA,1
20211015,25,TC,b_20,decreasing,10,c_09,E,47.70266722408026,NA,1
20211015,25,TC,b_21,constant,10,c_07,F,40.670578358208935,NA,1
20211015,25,TC,b_22,constant,10,c_10,F,48.57010727611939,NA,1
20211015,25,TC,b_23,constant,7,c_04,F,58.13963619402983,NA,1
20211015,25,TC,b_24,constant,14,c_13,F,45.27916511194028,NA,1
20211015,25,TC,b_25,decreasing,7,c_03,G,42.31688963210701,NA,1
20211015,25,TC,b_26,decreasing,14,c_15,G,36.807734113712364,NA,1
20211015,25,TC,b_27,decreasing,10,c_10,G,48.30857859531771,NA,1
20211015,25,TC,b_28,constant,10,c_09,H,43.847280783582065,NA,1
20211015,25,TC,b_29,constant,14,c_12,H,39.326809701492515,NA,1
20211015,25,TC,b_30,constant,7,c_01,H,36.25633861940296,NA,1
20211015,25,TN,b_01,constant,10,c_08,A,1.7,NA,1
20211015,25,TN,b_02,constant,7,c_02,A,2.0042187499999997,NA,1
20211015,25,TN,b_03,constant,14,c_11,A,1.5484375,NA,1
20211015,25,TN,b_04,constant,7,c_05,A,1.70265625,NA,1
20211015,25,TN,b_05,decreasing,14,c_13,B,1.9,NA,1
20211015,25,TN,b_06,decreasing,14,c_11,B,1.6539673913043476,NA,1
20211015,25,TN,b_07,decreasing,10,c_06,B,1.6979347826086955,NA,1
20211015,25,TN,b_08,decreasing,7,c_01,B,1.6019021739130435,NA,1
20211015,25,TN,b_09,decreasing,7,c_02,C,1.9358695652173912,NA,1
20211015,25,TN,b_10,decreasing,10,c_07,C,1.639836956521739,NA,1
20211015,25,TN,b_11,decreasing,10,c_08,C,1.723804347826087,NA,1
20211015,25,TN,b_12,decreasing,14,c_14,C,1.7477717391304348,NA,1
20211015,25,TN,b_13,constant,10,c_06,D,1.660625,NA,1
20211015,25,TN,b_14,constant,7,c_03,D,1.65484375,NA,1
20211015,25,TN,b_15,constant,14,c_14,D,1.6490624999999999,NA,1
20211015,25,TN,b_16,constant,14,c_15,D,1.62328125,NA,1
20211015,25,TN,b_17,decreasing,7,c_05,E,1.697608695652174,NA,1
20211015,25,TN,b_18,decreasing,7,c_04,E,2.581576086956522,NA,1
20211015,25,TN,b_19,decreasing,14,c_12,E,1.7755434782608697,NA,1
20211015,25,TN,b_20,decreasing,10,c_09,E,1.7595108695652175,NA,1
20211015,25,TN,b_21,constant,10,c_07,F,1.514375,NA,1
20211015,25,TN,b_22,constant,10,c_10,F,2.0385937500000004,NA,1
20211015,25,TN,b_23,constant,7,c_04,F,2.4228125,NA,1
20211015,25,TN,b_24,constant,14,c_13,F,1.7470312499999998,NA,1
20211015,25,TN,b_25,decreasing,7,c_03,G,1.6393478260869567,NA,1
20211015,25,TN,b_26,decreasing,14,c_15,G,1.4133152173913046,NA,1
20211015,25,TN,b_27,decreasing,10,c_10,G,1.8972826086956522,NA,1
20211015,25,TN,b_28,constant,10,c_09,H,1.72390625,NA,1
20211015,25,TN,b_29,constant,14,c_12,H,1.528125,NA,1
20211015,25,TN,b_30,constant,7,c_01,H,1.53234375,NA,1
20211015,25,TOC,b_01,constant,10,c_08,A,41.5,NA,1
20211015,25,TOC,b_02,constant,7,c_02,A,45.290158582089546,NA,1
20211015,25,TOC,b_03,constant,14,c_11,A,38.7303171641791,NA,1
20211015,25,TOC,b_04,constant,7,c_05,A,41.53047574626865,NA,1
20211015,25,TOC,b_05,decreasing,14,c_13,B,46.809999999999995,NA,1
20211015,25,TOC,b_06,decreasing,14,c_11,B,40.96107859531773,NA,1
20211015,25,TOC,b_07,decreasing,10,c_06,B,42.122157190635455,NA,1
20211015,25,TOC,b_08,decreasing,7,c_01,B,37.17323578595318,NA,1
20211015,25,TOC,b_09,decreasing,7,c_02,C,45.26431438127091,NA,1
20211015,25,TOC,b_10,decreasing,10,c_07,C,41.29539297658863,NA,1
20211015,25,TOC,b_11,decreasing,10,c_08,C,45.036471571906354,NA,1
20211015,25,TOC,b_12,decreasing,14,c_14,C,43.167550167224086,NA,1
20211015,25,TOC,b_13,constant,10,c_06,D,41.38190298507462,NA,1
20211015,25,TOC,b_14,constant,7,c_03,D,38.94206156716417,NA,1
20211015,25,TOC,b_15,constant,14,c_14,D,40.66222014925372,NA,1
20211015,25,TOC,b_16,constant,14,c_15,D,39.122378731343275,NA,1
20211015,25,TOC,b_17,decreasing,7,c_05,E,43.63294314381271,NA,1
20211015,25,TOC,b_18,decreasing,7,c_04,E,61.67402173913044,NA,1
20211015,25,TOC,b_19,decreasing,14,c_12,E,46.015100334448164,NA,1
20211015,25,TOC,b_20,decreasing,10,c_09,E,45.36617892976589,NA,1
20211015,25,TOC,b_21,constant,10,c_07,F,38.903171641791026,NA,1
20211015,25,TOC,b_22,constant,10,c_10,F,47.323330223880575,NA,1
20211015,25,TOC,b_23,constant,7,c_04,F,57.13348880597014,NA,1
20211015,25,TOC,b_24,constant,14,c_13,F,44.40364738805968,NA,1
20211015,25,TOC,b_25,decreasing,7,c_03,G,39.881571906354516,NA,1
20211015,25,TOC,b_26,decreasing,14,c_15,G,34.092650501672246,NA,1
20211015,25,TOC,b_27,decreasing,10,c_10,G,45.44372909698996,NA,1
20211015,25,TOC,b_28,constant,10,c_09,H,43.084281716417884,NA,1
20211015,25,TOC,b_29,constant,14,c_12,H,38.75444029850743,NA,1
20211015,25,TOC,b_30,constant,7,c_01,H,32.60459888059699,NA,1
20211018,28,IC,b_01,constant,10,c_08,A,1.15,NA,1
20211018,28,IC,b_02,constant,7,c_02,A,2.16707322761194,NA,1
20211018,28,IC,b_03,constant,14,c_11,A,1.2341464552238808,NA,1
20211018,28,IC,b_04,constant,7,c_05,A,1.551219682835821,NA,1
20211018,28,IC,b_05,decreasing,14,c_13,B,2.62,NA,1
20211018,28,IC,b_06,decreasing,14,c_11,B,2.1816638795986623,NA,1
20211018,28,IC,b_07,decreasing,10,c_06,B,1.8133277591973245,NA,1
20211018,28,IC,b_08,decreasing,7,c_01,B,6.374991638795986,NA,1
20211018,28,IC,b_09,decreasing,7,c_02,C,2.2466555183946486,NA,1
20211018,28,IC,b_10,decreasing,10,c_07,C,3.328319397993311,NA,1
20211018,28,IC,b_11,decreasing,10,c_08,C,1.699983277591973,NA,1
20211018,28,IC,b_12,decreasing,14,c_14,C,2.091647157190635,NA,1
20211018,28,IC,b_13,constant,10,c_06,D,1.2848787313432837,NA,1
20211018,28,IC,b_14,constant,7,c_03,D,1.3819519589552236,NA,1
20211018,28,IC,b_15,constant,14,c_14,D,0.7190251865671642,NA,1
20211018,28,IC,b_16,constant,14,c_15,D,0.6460984141791046,NA,1
20211018,28,IC,b_17,decreasing,7,c_05,E,1.7999665551839463,NA,1
20211018,28,IC,b_18,decreasing,7,c_04,E,2.9916304347826084,NA,1
20211018,28,IC,b_19,decreasing,14,c_12,E,2.5832943143812703,NA,1
20211018,28,IC,b_20,decreasing,10,c_09,E,2.494958193979933,NA,1
20211018,28,IC,b_21,constant,10,c_07,F,2.061464552238806,NA,1
20211018,28,IC,b_22,constant,10,c_10,F,1.6485377798507472,NA,1
20211018,28,IC,b_23,constant,7,c_04,F,1.335611007462687,NA,1
20211018,28,IC,b_24,constant,14,c_13,F,0.7026842350746265,NA,1
20211018,28,IC,b_25,decreasing,7,c_03,G,2.6032775919732436,NA,1
20211018,28,IC,b_26,decreasing,14,c_15,G,3.074941471571906,NA,1
20211018,28,IC,b_27,decreasing,10,c_10,G,3.2666053511705684,NA,1
20211018,28,IC,b_28,constant,10,c_09,H,0.630977145522388,NA,1
20211018,28,IC,b_29,constant,14,c_12,H,0.4480503731343286,NA,1
20211018,28,IC,b_30,constant,7,c_01,H,3.4151236007462686,NA,1
20211018,28,TC,b_01,constant,10,c_08,A,39.32,NA,1
20211018,28,TC,b_02,constant,7,c_02,A,43.643521455223876,NA,1
20211018,28,TC,b_03,constant,14,c_11,A,36.837042910447764,NA,1
20211018,28,TC,b_04,constant,7,c_05,A,41.58056436567165,NA,1
20211018,28,TC,b_05,decreasing,14,c_13,B,46.74,NA,1
20211018,28,TC,b_06,decreasing,14,c_11,B,40.70193143812709,NA,1
20211018,28,TC,b_07,decreasing,10,c_06,B,41.98386287625418,NA,1
20211018,28,TC,b_08,decreasing,7,c_01,B,42.655794314381275,NA,1
20211018,28,TC,b_09,decreasing,7,c_02,C,46.147725752508364,NA,1
20211018,28,TC,b_10,decreasing,10,c_07,C,42.289657190635445,NA,1
20211018,28,TC,b_11,decreasing,10,c_08,C,42.58158862876254,NA,1
20211018,28,TC,b_12,decreasing,14,c_14,C,42.903520066889634,NA,1
20211018,28,TC,b_13,constant,10,c_06,D,39.032257462686566,NA,1
20211018,28,TC,b_14,constant,7,c_03,D,36.99577891791044,NA,1
20211018,28,TC,b_15,constant,14,c_14,D,37.819300373134325,NA,1
20211018,28,TC,b_16,constant,14,c_15,D,35.70282182835821,NA,1
20211018,28,TC,b_17,decreasing,7,c_05,E,42.57317725752508,NA,1
20211018,28,TC,b_18,decreasing,7,c_04,E,63.29510869565217,NA,1
20211018,28,TC,b_19,decreasing,14,c_12,E,47.57704013377926,NA,1
20211018,28,TC,b_20,decreasing,10,c_09,E,45.60897157190635,NA,1
20211018,28,TC,b_21,constant,10,c_07,F,37.02042910447761,NA,1
20211018,28,TC,b_22,constant,10,c_10,F,42.873950559701484,NA,1
20211018,28,TC,b_23,constant,7,c_04,F,54.75747201492537,NA,1
20211018,28,TC,b_24,constant,14,c_13,F,40.56099347014925,NA,1
20211018,28,TC,b_25,decreasing,7,c_03,G,36.7086287625418,NA,1
20211018,28,TC,b_26,decreasing,14,c_15,G,35.990560200668895,NA,1
20211018,28,TC,b_27,decreasing,10,c_10,G,48.10249163879598,NA,1
20211018,28,TC,b_28,constant,10,c_09,H,41.645079291044766,NA,1
20211018,28,TC,b_29,constant,14,c_12,H,37.81860074626865,NA,1
20211018,28,TC,b_30,constant,7,c_01,H,33.26212220149254,NA,1
20211018,28,TN,b_01,constant,10,c_08,A,1.67,NA,1
20211018,28,TN,b_02,constant,7,c_02,A,1.9912756529850746,NA,1
20211018,28,TN,b_03,constant,14,c_11,A,1.3325513059701495,NA,1
20211018,28,TN,b_04,constant,7,c_05,A,1.523826958955224,NA,1
20211018,28,TN,b_05,decreasing,14,c_13,B,1.65,NA,1
20211018,28,TN,b_06,decreasing,14,c_11,B,1.439017558528428,NA,1
20211018,28,TN,b_07,decreasing,10,c_06,B,1.4580351170568562,NA,1
20211018,28,TN,b_08,decreasing,7,c_01,B,1.4270526755852841,NA,1
20211018,28,TN,b_09,decreasing,7,c_02,C,1.6760702341137124,NA,1
20211018,28,TN,b_10,decreasing,10,c_07,C,1.3150877926421405,NA,1
20211018,28,TN,b_11,decreasing,10,c_08,C,1.3941053511705686,NA,1
20211018,28,TN,b_12,decreasing,14,c_14,C,1.4631229096989966,NA,1
20211018,28,TN,b_13,constant,10,c_06,D,1.4453078358208955,NA,1
20211018,28,TN,b_14,constant,7,c_03,D,1.45658348880597,NA,1
20211018,28,TN,b_15,constant,14,c_14,D,1.3878591417910449,NA,1
20211018,28,TN,b_16,constant,14,c_15,D,1.3491347947761194,NA,1
20211018,28,TN,b_17,decreasing,7,c_05,E,1.3782107023411372,NA,1
20211018,28,TN,b_18,decreasing,7,c_04,E,2.2672282608695653,NA,1
20211018,28,TN,b_19,decreasing,14,c_12,E,1.5462458193979935,NA,1
20211018,28,TN,b_20,decreasing,10,c_09,E,1.4852633779264215,NA,1
20211018,28,TN,b_21,constant,10,c_07,F,1.3555130597014926,NA,1
20211018,28,TN,b_22,constant,10,c_10,F,1.8667887126865672,NA,1
20211018,28,TN,b_23,constant,7,c_04,F,2.158064365671642,NA,1
20211018,28,TN,b_24,constant,14,c_13,F,1.5893400186567164,NA,1
20211018,28,TN,b_25,decreasing,7,c_03,G,1.200351170568562,NA,1
20211018,28,TN,b_26,decreasing,14,c_15,G,1.37936872909699,NA,1
20211018,28,TN,b_27,decreasing,10,c_10,G,1.6483862876254183,NA,1
20211018,28,TN,b_28,constant,10,c_09,H,1.654442630597015,NA,1
20211018,28,TN,b_29,constant,14,c_12,H,1.4957182835820895,NA,1
20211018,28,TN,b_30,constant,7,c_01,H,1.426993936567164,NA,1
20211018,28,TOC,b_01,constant,10,c_08,A,38.17,NA,1
20211018,28,TOC,b_02,constant,7,c_02,A,41.47644822761194,NA,1
20211018,28,TOC,b_03,constant,14,c_11,A,35.60289645522388,NA,1
20211018,28,TOC,b_04,constant,7,c_05,A,40.02934468283582,NA,1
20211018,28,TOC,b_05,decreasing,14,c_13,B,44.120000000000005,NA,1
20211018,28,TOC,b_06,decreasing,14,c_11,B,38.520267558528424,NA,1
20211018,28,TOC,b_07,decreasing,10,c_06,B,40.17053511705685,NA,1
20211018,28,TOC,b_08,decreasing,7,c_01,B,36.280802675585285,NA,1
20211018,28,TOC,b_09,decreasing,7,c_02,C,43.90107023411371,NA,1
20211018,28,TOC,b_10,decreasing,10,c_07,C,38.961337792642134,NA,1
20211018,28,TOC,b_11,decreasing,10,c_08,C,40.88160535117056,NA,1
20211018,28,TOC,b_12,decreasing,14,c_14,C,40.81187290969899,NA,1
20211018,28,TOC,b_13,constant,10,c_06,D,37.747378731343275,NA,1
20211018,28,TOC,b_14,constant,7,c_03,D,35.613826958955215,NA,1
20211018,28,TOC,b_15,constant,14,c_14,D,37.10027518656716,NA,1
20211018,28,TOC,b_16,constant,14,c_15,D,35.056723414179096,NA,1
20211018,28,TOC,b_17,decreasing,7,c_05,E,40.77321070234113,NA,1
20211018,28,TOC,b_18,decreasing,7,c_04,E,60.303478260869554,NA,1
20211018,28,TOC,b_19,decreasing,14,c_12,E,44.993745819397986,NA,1
20211018,28,TOC,b_20,decreasing,10,c_09,E,43.11401337792641,NA,1
20211018,28,TOC,b_21,constant,10,c_07,F,34.958964552238804,NA,1
20211018,28,TOC,b_22,constant,10,c_10,F,41.22541277985074,NA,1
20211018,28,TOC,b_23,constant,7,c_04,F,53.42186100746268,NA,1
20211018,28,TOC,b_24,constant,14,c_13,F,39.85830923507462,NA,1
20211018,28,TOC,b_25,decreasing,7,c_03,G,34.10535117056854,NA,1
20211018,28,TOC,b_26,decreasing,14,c_15,G,32.915618729096984,NA,1
20211018,28,TOC,b_27,decreasing,10,c_10,G,44.83588628762541,NA,1
20211018,28,TOC,b_28,constant,10,c_09,H,41.01410214552238,NA,1
20211018,28,TOC,b_29,constant,14,c_12,H,37.37055037313432,NA,1
20211018,28,TOC,b_30,constant,7,c_01,H,29.84699860074626,NA,1
20211020,30,IC,b_01,constant,10,c_08,A,0.85,NA,1
20211020,30,IC,b_02,constant,7,c_02,A,1.6452402052238806,NA,1
20211020,30,IC,b_03,constant,14,c_11,A,1.3004804104477612,NA,1
20211020,30,IC,b_04,constant,7,c_05,A,1.1757206156716418,NA,1
20211020,30,IC,b_05,decreasing,14,c_13,B,2.12,NA,1
20211020,30,IC,b_06,decreasing,14,c_11,B,1.9147658862876253,NA,1
20211020,30,IC,b_07,decreasing,10,c_06,B,1.8995317725752505,NA,1
20211020,30,IC,b_08,decreasing,7,c_01,B,6.494297658862877,NA,1
20211020,30,IC,b_09,decreasing,7,c_02,C,2.3490635451505013,NA,1
20211020,30,IC,b_10,decreasing,10,c_07,C,3.713829431438127,NA,1
20211020,30,IC,b_11,decreasing,10,c_08,C,1.7685953177257523,NA,1
20211020,30,IC,b_12,decreasing,14,c_14,C,1.9033612040133776,NA,1
20211020,30,IC,b_13,constant,10,c_06,D,0.5128824626865671,NA,1
20211020,30,IC,b_14,constant,7,c_03,D,1.3981226679104477,NA,1
20211020,30,IC,b_15,constant,14,c_14,D,0.5433628731343285,NA,1
20211020,30,IC,b_16,constant,14,c_15,D,0.6086030783582093,NA,1
20211020,30,IC,b_17,decreasing,7,c_05,E,2.167190635451505,NA,1
20211020,30,IC,b_18,decreasing,7,c_04,E,3.04195652173913,NA,1
20211020,30,IC,b_19,decreasing,14,c_12,E,2.5367224080267556,NA,1
20211020,30,IC,b_20,decreasing,10,c_09,E,2.5414882943143815,NA,1
20211020,30,IC,b_21,constant,10,c_07,F,2.044804104477613,NA,1
20211020,30,IC,b_22,constant,10,c_10,F,1.140044309701492,NA,1
20211020,30,IC,b_23,constant,7,c_04,F,1.0552845149253733,NA,1
20211020,30,IC,b_24,constant,14,c_13,F,0.3905247201492541,NA,1
20211020,30,IC,b_25,decreasing,7,c_03,G,2.5553177257525084,NA,1
20211020,30,IC,b_26,decreasing,14,c_15,G,2.6900836120401337,NA,1
20211020,30,IC,b_27,decreasing,10,c_10,G,3.284849498327759,NA,1
20211020,30,IC,b_28,constant,10,c_09,H,0.02148554104477718,NA,1
20211020,30,IC,b_29,constant,14,c_12,H,0.01672574626865675,NA,1
20211020,30,IC,b_30,constant,7,c_01,H,3.5019659514925374,NA,1
20211020,30,TC,b_01,constant,10,c_08,A,41.89,NA,1
20211020,30,TC,b_02,constant,7,c_02,A,46.889223414179106,NA,1
20211020,30,TC,b_03,constant,14,c_11,A,40.44844682835821,NA,1
20211020,30,TC,b_04,constant,7,c_05,A,43.48767024253731,NA,1
20211020,30,TC,b_05,decreasing,14,c_13,B,50.08,NA,1
20211020,30,TC,b_06,decreasing,14,c_11,B,43.19312290969899,NA,1
20211020,30,TC,b_07,decreasing,10,c_06,B,43.99624581939799,NA,1
20211020,30,TC,b_08,decreasing,7,c_01,B,43.719368729096985,NA,1
20211020,30,TC,b_09,decreasing,7,c_02,C,49.00249163879598,NA,1
20211020,30,TC,b_10,decreasing,10,c_07,C,45.70561454849498,NA,1
20211020,30,TC,b_11,decreasing,10,c_08,C,46.82873745819398,NA,1
20211020,30,TC,b_12,decreasing,14,c_14,C,44.33186036789297,NA,1
20211020,30,TC,b_13,constant,10,c_06,D,40.85068097014926,NA,1
20211020,30,TC,b_14,constant,7,c_03,D,38.469904384328366,NA,1
20211020,30,TC,b_15,constant,14,c_14,D,38.57912779850747,NA,1
20211020,30,TC,b_16,constant,14,c_15,D,38.368351212686576,NA,1
20211020,30,TC,b_17,decreasing,7,c_05,E,44.34747491638795,NA,1
20211020,30,TC,b_18,decreasing,7,c_04,E,65.56059782608695,NA,1
20211020,30,TC,b_19,decreasing,14,c_12,E,47.833720735785946,NA,1
20211020,30,TC,b_20,decreasing,10,c_09,E,48.85684364548494,NA,1
20211020,30,TC,b_21,constant,10,c_07,F,39.424468283582094,NA,1
20211020,30,TC,b_22,constant,10,c_10,F,49.1736916977612,NA,1
20211020,30,TC,b_23,constant,7,c_04,F,58.6129151119403,NA,1
20211020,30,TC,b_24,constant,14,c_13,F,41.662138526119406,NA,1
20211020,30,TC,b_25,decreasing,7,c_03,G,39.192458193979924,NA,1
20211020,30,TC,b_26,decreasing,14,c_15,G,37.65558110367892,NA,1
20211020,30,TC,b_27,decreasing,10,c_10,G,52.41870401337792,NA,1
20211020,30,TC,b_28,constant,10,c_09,H,45.16903218283583,NA,1
20211020,30,TC,b_29,constant,14,c_12,H,39.43825559701493,NA,1
20211020,30,TC,b_30,constant,7,c_01,H,35.187479011194036,NA,1
20211020,30,TN,b_01,constant,10,c_08,A,1.42,NA,1
20211020,30,TN,b_02,constant,7,c_02,A,1.6887243470149251,NA,1
20211020,30,TN,b_03,constant,14,c_11,A,1.3574486940298507,NA,1
20211020,30,TN,b_04,constant,7,c_05,A,1.406173041044776,NA,1
20211020,30,TN,b_05,decreasing,14,c_13,B,1.64,NA,1
20211020,30,TN,b_06,decreasing,14,c_11,B,1.3320317725752508,NA,1
20211020,30,TN,b_07,decreasing,10,c_06,B,1.3940635451505015,NA,1
20211020,30,TN,b_08,decreasing,7,c_01,B,1.3360953177257524,NA,1
20211020,30,TN,b_09,decreasing,7,c_02,C,1.5781270903010034,NA,1
20211020,30,TN,b_10,decreasing,10,c_07,C,1.3401588628762542,NA,1
20211020,30,TN,b_11,decreasing,10,c_08,C,1.4321906354515048,NA,1
20211020,30,TN,b_12,decreasing,14,c_14,C,1.3742224080267558,NA,1
20211020,30,TN,b_13,constant,10,c_06,D,1.3646921641791043,NA,1
20211020,30,TN,b_14,constant,7,c_03,D,1.2934165111940297,NA,1
20211020,30,TN,b_15,constant,14,c_14,D,1.212140858208955,NA,1
20211020,30,TN,b_16,constant,14,c_15,D,1.2808652052238805,NA,1
20211020,30,TN,b_17,decreasing,7,c_05,E,1.29438127090301,NA,1
20211020,30,TN,b_18,decreasing,7,c_04,E,2.1164130434782606,NA,1
20211020,30,TN,b_19,decreasing,14,c_12,E,1.4184448160535115,NA,1
20211020,30,TN,b_20,decreasing,10,c_09,E,1.4704765886287625,NA,1
20211020,30,TN,b_21,constant,10,c_07,F,1.2144869402985072,NA,1
20211020,30,TN,b_22,constant,10,c_10,F,1.7232112873134326,NA,1
20211020,30,TN,b_23,constant,7,c_04,F,2.001935634328358,NA,1
20211020,30,TN,b_24,constant,14,c_13,F,1.4506599813432834,NA,1
20211020,30,TN,b_25,decreasing,7,c_03,G,1.2306354515050166,NA,1
20211020,30,TN,b_26,decreasing,14,c_15,G,1.1626672240802676,NA,1
20211020,30,TN,b_27,decreasing,10,c_10,G,1.7146989966555182,NA,1
20211020,30,TN,b_28,constant,10,c_09,H,1.525557369402985,NA,1
20211020,30,TN,b_29,constant,14,c_12,H,1.3442817164179102,NA,1
20211020,30,TN,b_30,constant,7,c_01,H,1.1930060634328357,NA,1
20211020,30,TOC,b_01,constant,10,c_08,A,41.04,NA,1
20211020,30,TOC,b_02,constant,7,c_02,A,45.24398320895523,NA,1
20211020,30,TOC,b_03,constant,14,c_11,A,39.147966417910446,NA,1
20211020,30,TOC,b_04,constant,7,c_05,A,42.311949626865676,NA,1
20211020,30,TOC,b_05,decreasing,14,c_13,B,47.96,NA,1
20211020,30,TOC,b_06,decreasing,14,c_11,B,41.278357023411374,NA,1
20211020,30,TOC,b_07,decreasing,10,c_06,B,42.09671404682275,NA,1
20211020,30,TOC,b_08,decreasing,7,c_01,B,37.22507107023411,NA,1
20211020,30,TOC,b_09,decreasing,7,c_02,C,46.65342809364549,NA,1
20211020,30,TOC,b_10,decreasing,10,c_07,C,41.99178511705686,NA,1
20211020,30,TOC,b_11,decreasing,10,c_08,C,45.06014214046823,NA,1
20211020,30,TOC,b_12,decreasing,14,c_14,C,42.4284991638796,NA,1
20211020,30,TOC,b_13,constant,10,c_06,D,40.337798507462686,NA,1
20211020,30,TOC,b_14,constant,7,c_03,D,37.07178171641791,NA,1
20211020,30,TOC,b_15,constant,14,c_14,D,38.03576492537314,NA,1
20211020,30,TOC,b_16,constant,14,c_15,D,37.759748134328355,NA,1
20211020,30,TOC,b_17,decreasing,7,c_05,E,42.180284280936455,NA,1
20211020,30,TOC,b_18,decreasing,7,c_04,E,62.518641304347824,NA,1
20211020,30,TOC,b_19,decreasing,14,c_12,E,45.29699832775919,NA,1
20211020,30,TOC,b_20,decreasing,10,c_09,E,46.31535535117057,NA,1
20211020,30,TOC,b_21,constant,10,c_07,F,37.37966417910447,NA,1
20211020,30,TOC,b_22,constant,10,c_10,F,48.0336473880597,NA,1
20211020,30,TOC,b_23,constant,7,c_04,F,57.55763059701492,NA,1
20211020,30,TOC,b_24,constant,14,c_13,F,41.27161380597014,NA,1
20211020,30,TOC,b_25,decreasing,7,c_03,G,36.63714046822742,NA,1
20211020,30,TOC,b_26,decreasing,14,c_15,G,34.96549749163879,NA,1
20211020,30,TOC,b_27,decreasing,10,c_10,G,49.13385451505017,NA,1
20211020,30,TOC,b_28,constant,10,c_09,H,45.14754664179104,NA,1
20211020,30,TOC,b_29,constant,14,c_12,H,39.42152985074626,NA,1
20211020,30,TOC,b_30,constant,7,c_01,H,31.685513059701485,NA,1
20211022,32,IC,b_01,constant,10,c_08,A,0.81,NA,1
20211022,32,IC,b_02,constant,7,c_02,A,1.2333861940298507,NA,1
20211022,32,IC,b_03,constant,14,c_11,A,0.9367723880597012,NA,1
20211022,32,IC,b_04,constant,7,c_05,A,0.9801585820895522,NA,1
20211022,32,IC,b_05,decreasing,14,c_13,B,1.47,NA,1
20211022,32,IC,b_06,decreasing,14,c_11,B,1.4685744147157191,NA,1
20211022,32,IC,b_07,decreasing,10,c_06,B,1.4871488294314381,NA,1
20211022,32,IC,b_08,decreasing,7,c_01,B,4.1257232441471565,NA,1
20211022,32,IC,b_09,decreasing,7,c_02,C,1.5642976588628763,NA,1
20211022,32,IC,b_10,decreasing,10,c_07,C,2.1328720735785955,NA,1
20211022,32,IC,b_11,decreasing,10,c_08,C,1.5714464882943144,NA,1
20211022,32,IC,b_12,decreasing,14,c_14,C,1.5800209030100334,NA,1
20211022,32,IC,b_13,constant,10,c_06,D,0.7706343283582084,NA,1
20211022,32,IC,b_14,constant,7,c_03,D,0.9740205223880594,NA,1
20211022,32,IC,b_15,constant,14,c_14,D,0.81740671641791,NA,1
20211022,32,IC,b_16,constant,14,c_15,D,0.7907929104477609,NA,1
20211022,32,IC,b_17,decreasing,7,c_05,E,1.4928929765886287,NA,1
20211022,32,IC,b_18,decreasing,7,c_04,E,1.9614673913043477,NA,1
20211022,32,IC,b_19,decreasing,14,c_12,E,1.8000418060200667,NA,1
20211022,32,IC,b_20,decreasing,10,c_09,E,1.768616220735786,NA,1
20211022,32,IC,b_21,constant,10,c_07,F,1.377723880597014,NA,1
20211022,32,IC,b_22,constant,10,c_10,F,0.8211100746268656,NA,1
20211022,32,IC,b_23,constant,7,c_04,F,0.7044962686567158,NA,1
20211022,32,IC,b_24,constant,14,c_13,F,0.4878824626865663,NA,1
20211022,32,IC,b_25,decreasing,7,c_03,G,1.801488294314381,NA,1
20211022,32,IC,b_26,decreasing,14,c_15,G,2.0300627090300996,NA,1
20211022,32,IC,b_27,decreasing,10,c_10,G,2.0886371237458192,NA,1
20211022,32,IC,b_28,constant,10,c_09,H,0.32142723880597,NA,1
20211022,32,IC,b_29,constant,14,c_12,H,0.29481343283582007,NA,1
20211022,32,IC,b_30,constant,7,c_01,H,2.478199626865671,NA,1
20211022,32,TC,b_01,constant,10,c_08,A,38.72,NA,1
20211022,32,TC,b_02,constant,7,c_02,A,42.124867070895526,NA,1
20211022,32,TC,b_03,constant,14,c_11,A,35.10973414179105,NA,1
20211022,32,TC,b_04,constant,7,c_05,A,37.474601212686565,NA,1
20211022,32,TC,b_05,decreasing,14,c_13,B,42.6,NA,1
20211022,32,TC,b_06,decreasing,14,c_11,B,37.6059364548495,NA,1
20211022,32,TC,b_07,decreasing,10,c_06,B,38.231872909699,NA,1
20211022,32,TC,b_08,decreasing,7,c_01,B,36.287809364548494,NA,1
20211022,32,TC,b_09,decreasing,7,c_02,C,40.58374581939799,NA,1
20211022,32,TC,b_10,decreasing,10,c_07,C,38.39968227424749,NA,1
20211022,32,TC,b_11,decreasing,10,c_08,C,40.71561872909699,NA,1
20211022,32,TC,b_12,decreasing,14,c_14,C,38.23155518394649,NA,1
20211022,32,TC,b_13,constant,10,c_06,D,34.658404850746265,NA,1
20211022,32,TC,b_14,constant,7,c_03,D,31.663271921641787,NA,1
20211022,32,TC,b_15,constant,14,c_14,D,34.34813899253731,NA,1
20211022,32,TC,b_16,constant,14,c_15,D,33.38300606343283,NA,1
20211022,32,TC,b_17,decreasing,7,c_05,E,37.871237458193974,NA,1
20211022,32,TC,b_18,decreasing,7,c_04,E,56.48717391304347,NA,1
20211022,32,TC,b_19,decreasing,14,c_12,E,40.65311036789297,NA,1
20211022,32,TC,b_20,decreasing,10,c_09,E,41.75904682274247,NA,1
20211022,32,TC,b_21,constant,10,c_07,F,34.267341417910444,NA,1
20211022,32,TC,b_22,constant,10,c_10,F,44.30220848880597,NA,1
20211022,32,TC,b_23,constant,7,c_04,F,51.86707555970148,NA,1
20211022,32,TC,b_24,constant,14,c_13,F,37.57194263059701,NA,1
20211022,32,TC,b_25,decreasing,7,c_03,G,33.20872909698996,NA,1
20211022,32,TC,b_26,decreasing,14,c_15,G,32.054665551839456,NA,1
20211022,32,TC,b_27,decreasing,10,c_10,G,44.690602006688955,NA,1
20211022,32,TC,b_28,constant,10,c_09,H,39.1314109141791,NA,1
20211022,32,TC,b_29,constant,14,c_12,H,34.74627798507462,NA,1
20211022,32,TC,b_30,constant,7,c_01,H,31.661145055970138,NA,1
20211022,32,TN,b_01,constant,10,c_08,A,1.24,NA,1
20211022,32,TN,b_02,constant,7,c_02,A,1.4825023320895523,NA,1
20211022,32,TN,b_03,constant,14,c_11,A,1.1150046641791045,NA,1
20211022,32,TN,b_04,constant,7,c_05,A,1.2175069962686567,NA,1
20211022,32,TN,b_05,decreasing,14,c_13,B,1.4,NA,1
20211022,32,TN,b_06,decreasing,14,c_11,B,1.2142934782608696,NA,1
20211022,32,TN,b_07,decreasing,10,c_06,B,1.2585869565217391,NA,1
20211022,32,TN,b_08,decreasing,7,c_01,B,1.1128804347826087,NA,1
20211022,32,TN,b_09,decreasing,7,c_02,C,1.3271739130434785,NA,1
20211022,32,TN,b_10,decreasing,10,c_07,C,1.1614673913043478,NA,1
20211022,32,TN,b_11,decreasing,10,c_08,C,1.2557608695652176,NA,1
20211022,32,TN,b_12,decreasing,14,c_14,C,1.230054347826087,NA,1
20211022,32,TN,b_13,constant,10,c_06,D,1.1200279850746266,NA,1
20211022,32,TN,b_14,constant,7,c_03,D,1.082530317164179,NA,1
20211022,32,TN,b_15,constant,14,c_14,D,1.0350326492537312,NA,1
20211022,32,TN,b_16,constant,14,c_15,D,1.1275349813432833,NA,1
20211022,32,TN,b_17,decreasing,7,c_05,E,1.1515217391304349,NA,1
20211022,32,TN,b_18,decreasing,7,c_04,E,1.9858152173913044,NA,1
20211022,32,TN,b_19,decreasing,14,c_12,E,1.260108695652174,NA,1
20211022,32,TN,b_20,decreasing,10,c_09,E,1.2644021739130438,NA,1
20211022,32,TN,b_21,constant,10,c_07,F,1.0300466417910445,NA,1
20211022,32,TN,b_22,constant,10,c_10,F,1.5925489738805967,NA,1
20211022,32,TN,b_23,constant,7,c_04,F,1.825051305970149,NA,1
20211022,32,TN,b_24,constant,14,c_13,F,1.1875536380597014,NA,1
20211022,32,TN,b_25,decreasing,7,c_03,G,1.0458695652173913,NA,1
20211022,32,TN,b_26,decreasing,14,c_15,G,1.010163043478261,NA,1
20211022,32,TN,b_27,decreasing,10,c_10,G,1.4744565217391306,NA,1
20211022,32,TN,b_28,constant,10,c_09,H,1.28756296641791,NA,1
20211022,32,TN,b_29,constant,14,c_12,H,1.1100652985074624,NA,1
20211022,32,TN,b_30,constant,7,c_01,H,1.0225676305970146,NA,1
20211022,32,TOC,b_01,constant,10,c_08,A,37.91,NA,1
20211022,32,TOC,b_02,constant,7,c_02,A,40.891480876865664,NA,1
20211022,32,TOC,b_03,constant,14,c_11,A,34.17296175373134,NA,1
20211022,32,TOC,b_04,constant,7,c_05,A,36.494442630597014,NA,1
20211022,32,TOC,b_05,decreasing,14,c_13,B,41.13,NA,1
20211022,32,TOC,b_06,decreasing,14,c_11,B,36.13736204013378,NA,1
20211022,32,TOC,b_07,decreasing,10,c_06,B,36.74472408026757,NA,1
20211022,32,TOC,b_08,decreasing,7,c_01,B,32.162086120401334,NA,1
20211022,32,TOC,b_09,decreasing,7,c_02,C,39.01944816053511,NA,1
20211022,32,TOC,b_10,decreasing,10,c_07,C,36.2668102006689,NA,1
20211022,32,TOC,b_11,decreasing,10,c_08,C,39.14417224080268,NA,1
20211022,32,TOC,b_12,decreasing,14,c_14,C,36.65153428093646,NA,1
20211022,32,TOC,b_13,constant,10,c_06,D,33.88777052238806,NA,1
20211022,32,TOC,b_14,constant,7,c_03,D,30.689251399253727,NA,1
20211022,32,TOC,b_15,constant,14,c_14,D,33.53073227611939,NA,1
20211022,32,TOC,b_16,constant,14,c_15,D,32.59221315298507,NA,1
20211022,32,TOC,b_17,decreasing,7,c_05,E,36.37834448160536,NA,1
20211022,32,TOC,b_18,decreasing,7,c_04,E,54.52570652173913,NA,1
20211022,32,TOC,b_19,decreasing,14,c_12,E,38.85306856187292,NA,1
20211022,32,TOC,b_20,decreasing,10,c_09,E,39.9904306020067,NA,1
20211022,32,TOC,b_21,constant,10,c_07,F,32.88961753731343,NA,1
20211022,32,TOC,b_22,constant,10,c_10,F,43.481098414179094,NA,1
20211022,32,TOC,b_23,constant,7,c_04,F,51.162579291044764,NA,1
20211022,32,TOC,b_24,constant,14,c_13,F,37.08406016791044,NA,1
20211022,32,TOC,b_25,decreasing,7,c_03,G,31.407240802675588,NA,1
20211022,32,TOC,b_26,decreasing,14,c_15,G,30.024602842809365,NA,1
20211022,32,TOC,b_27,decreasing,10,c_10,G,42.60196488294315,NA,1
20211022,32,TOC,b_28,constant,10,c_09,H,38.80998367537312,NA,1
20211022,32,TOC,b_29,constant,14,c_12,H,34.45146455223879,NA,1
20211022,32,TOC,b_30,constant,7,c_01,H,29.182945429104464,NA,1
20211025,35,IC,b_01,constant,10,c_08,A,0.46,NA,1
20211025,35,IC,b_02,constant,7,c_02,A,1.2373484141791045,NA,1
20211025,35,IC,b_03,constant,14,c_11,A,0.9346968283582089,NA,1
20211025,35,IC,b_04,constant,7,c_05,A,1.0820452425373135,NA,1
20211025,35,IC,b_05,decreasing,14,c_13,B,1.82,NA,1
20211025,35,IC,b_06,decreasing,14,c_11,B,1.0617600334448158,NA,1
20211025,35,IC,b_07,decreasing,10,c_06,B,1.1835200668896322,NA,1
20211025,35,IC,b_08,decreasing,7,c_01,B,3.4952801003344485,NA,1
20211025,35,IC,b_09,decreasing,7,c_02,C,1.6070401337792641,NA,1
20211025,35,IC,b_10,decreasing,10,c_07,C,2.17880016722408,NA,1
20211025,35,IC,b_11,decreasing,10,c_08,C,1.3005602006688965,NA,1
20211025,35,IC,b_12,decreasing,14,c_14,C,1.3323202341137126,NA,1
20211025,35,IC,b_13,constant,10,c_06,D,0.7581809701492539,NA,1
20211025,35,IC,b_14,constant,7,c_03,D,1.195529384328358,NA,1
20211025,35,IC,b_15,constant,14,c_14,D,1.0828777985074627,NA,1
20211025,35,IC,b_16,constant,14,c_15,D,0.960226212686567,NA,1
20211025,35,IC,b_17,decreasing,7,c_05,E,1.7011204013377927,NA,1
20211025,35,IC,b_18,decreasing,7,c_04,E,1.9328804347826085,NA,1
20211025,35,IC,b_19,decreasing,14,c_12,E,2.0346404682274253,NA,1
20211025,35,IC,b_20,decreasing,10,c_09,E,1.7664005016722406,NA,1
20211025,35,IC,b_21,constant,10,c_07,F,1.2869682835820897,NA,1
20211025,35,IC,b_22,constant,10,c_10,F,1.0243166977611944,NA,1
20211025,35,IC,b_23,constant,7,c_04,F,0.7216651119402986,NA,1
20211025,35,IC,b_24,constant,14,c_13,F,0.7590135261194031,NA,1
20211025,35,IC,b_25,decreasing,7,c_03,G,1.7752006688963213,NA,1
20211025,35,IC,b_26,decreasing,14,c_15,G,1.366960702341137,NA,1
20211025,35,IC,b_27,decreasing,10,c_10,G,1.9687207357859537,NA,1
20211025,35,IC,b_28,constant,10,c_09,H,0.28840718283582145,NA,1
20211025,35,IC,b_29,constant,14,c_12,H,0.365755597014926,NA,1
20211025,35,IC,b_30,constant,7,c_01,H,1.99310401119403,NA,1
20211025,35,TC,b_01,constant,10,c_08,A,43.84,NA,1
20211025,35,TC,b_02,constant,7,c_02,A,50.492644589552235,NA,1
20211025,35,TC,b_03,constant,14,c_11,A,39.82528917910447,NA,1
20211025,35,TC,b_04,constant,7,c_05,A,42.54793376865671,NA,1
20211025,35,TC,b_05,decreasing,14,c_13,B,45.76,NA,1
20211025,35,TC,b_06,decreasing,14,c_11,B,43.687621237458195,NA,1
20211025,35,TC,b_07,decreasing,10,c_06,B,43.94524247491639,NA,1
20211025,35,TC,b_08,decreasing,7,c_01,B,48.712863712374585,NA,1
20211025,35,TC,b_09,decreasing,7,c_02,C,51.66048494983278,NA,1
20211025,35,TC,b_10,decreasing,10,c_07,C,47.478106187290976,NA,1
20211025,35,TC,b_11,decreasing,10,c_08,C,47.555727424749165,NA,1
20211025,35,TC,b_12,decreasing,14,c_14,C,44.62334866220736,NA,1
20211025,35,TC,b_13,constant,10,c_06,D,42.05173507462686,NA,1
20211025,35,TC,b_14,constant,7,c_03,D,36.89437966417909,NA,1
20211025,35,TC,b_15,constant,14,c_14,D,40.95702425373133,NA,1
20211025,35,TC,b_16,constant,14,c_15,D,40.349668843283574,NA,1
20211025,35,TC,b_17,decreasing,7,c_05,E,45.00145484949833,NA,1
20211025,35,TC,b_18,decreasing,7,c_04,E,65.75907608695653,NA,1
20211025,35,TC,b_19,decreasing,14,c_12,E,46.836697324414715,NA,1
20211025,35,TC,b_20,decreasing,10,c_09,E,46.71431856187291,NA,1
20211025,35,TC,b_21,constant,10,c_07,F,44.29289179104477,NA,1
20211025,35,TC,b_22,constant,10,c_10,F,52.295536380597,NA,1
20211025,35,TC,b_23,constant,7,c_04,F,58.70818097014924,NA,1
20211025,35,TC,b_24,constant,14,c_13,F,42.59082555970148,NA,1
20211025,35,TC,b_25,decreasing,7,c_03,G,38.63242474916388,NA,1
20211025,35,TC,b_26,decreasing,14,c_15,G,39.07004598662208,NA,1
20211025,35,TC,b_27,decreasing,10,c_10,G,54.48766722408027,NA,1
20211025,35,TC,b_28,constant,10,c_09,H,41.88140391791043,NA,1
20211025,35,TC,b_29,constant,14,c_12,H,37.76404850746267,NA,1
20211025,35,TC,b_30,constant,7,c_01,H,40.8366930970149,NA,1
20211025,35,TN,b_01,constant,10,c_08,A,1.36,NA,1
20211025,35,TN,b_02,constant,7,c_02,A,1.9962709888059698,NA,1
20211025,35,TN,b_03,constant,14,c_11,A,1.2025419776119401,NA,1
20211025,35,TN,b_04,constant,7,c_05,A,1.2688129664179104,NA,1
20211025,35,TN,b_05,decreasing,14,c_13,B,1.57,NA,1
20211025,35,TN,b_06,decreasing,14,c_11,B,1.3894732441471571,NA,1
20211025,35,TN,b_07,decreasing,10,c_06,B,1.4089464882943141,NA,1
20211025,35,TN,b_08,decreasing,7,c_01,B,2.008419732441471,NA,1
20211025,35,TN,b_09,decreasing,7,c_02,C,1.9878929765886286,NA,1
20211025,35,TN,b_10,decreasing,10,c_07,C,1.7673662207357859,NA,1
20211025,35,TN,b_11,decreasing,10,c_08,C,1.4968394648829428,NA,1
20211025,35,TN,b_12,decreasing,14,c_14,C,1.4163127090301,NA,1
20211025,35,TN,b_13,constant,10,c_06,D,1.2652518656716416,NA,1
20211025,35,TN,b_14,constant,7,c_03,D,1.1615228544776117,NA,1
20211025,35,TN,b_15,constant,14,c_14,D,1.157793843283582,NA,1
20211025,35,TN,b_16,constant,14,c_15,D,1.174064832089552,NA,1
20211025,35,TN,b_17,decreasing,7,c_05,E,1.323678929765886,NA,1
20211025,35,TN,b_18,decreasing,7,c_04,E,2.4031521739130435,NA,1
20211025,35,TN,b_19,decreasing,14,c_12,E,1.5726254180602004,NA,1
20211025,35,TN,b_20,decreasing,10,c_09,E,1.5520986622073576,NA,1
20211025,35,TN,b_21,constant,10,c_07,F,1.4954197761194028,NA,1
20211025,35,TN,b_22,constant,10,c_10,F,1.8416907649253726,NA,1
20211025,35,TN,b_23,constant,7,c_04,F,2.027961753731343,NA,1
20211025,35,TN,b_24,constant,14,c_13,F,1.3042327425373132,NA,1
20211025,35,TN,b_25,decreasing,7,c_03,G,1.2694648829431434,NA,1
20211025,35,TN,b_26,decreasing,14,c_15,G,1.2689381270903004,NA,1
20211025,35,TN,b_27,decreasing,10,c_10,G,2.148411371237458,NA,1
20211025,35,TN,b_28,constant,10,c_09,H,1.1993166977611938,NA,1
20211025,35,TN,b_29,constant,14,c_12,H,1.0955876865671639,NA,1
20211025,35,TN,b_30,constant,7,c_01,H,1.5518586753731338,NA,1
20211025,35,TOC,b_01,constant,10,c_08,A,43.38,NA,1
20211025,35,TOC,b_02,constant,7,c_02,A,49.25529617537313,NA,1
20211025,35,TOC,b_03,constant,14,c_11,A,38.89059235074627,NA,1
20211025,35,TOC,b_04,constant,7,c_05,A,41.4658885261194,NA,1
20211025,35,TOC,b_05,decreasing,14,c_13,B,43.94,NA,1
20211025,35,TOC,b_06,decreasing,14,c_11,B,42.625861204013376,NA,1
20211025,35,TOC,b_07,decreasing,10,c_06,B,42.761722408026756,NA,1
20211025,35,TOC,b_08,decreasing,7,c_01,B,45.21758361204014,NA,1
20211025,35,TOC,b_09,decreasing,7,c_02,C,50.05344481605351,NA,1
20211025,35,TOC,b_10,decreasing,10,c_07,C,45.299306020066894,NA,1
20211025,35,TOC,b_11,decreasing,10,c_08,C,46.25516722408027,NA,1
20211025,35,TOC,b_12,decreasing,14,c_14,C,43.29102842809365,NA,1
20211025,35,TOC,b_13,constant,10,c_06,D,41.293554104477614,NA,1
20211025,35,TOC,b_14,constant,7,c_03,D,35.698850279850745,NA,1
20211025,35,TOC,b_15,constant,14,c_14,D,39.87414645522388,NA,1
20211025,35,TOC,b_16,constant,14,c_15,D,39.38944263059702,NA,1
20211025,35,TOC,b_17,decreasing,7,c_05,E,43.300334448160534,NA,1
20211025,35,TOC,b_18,decreasing,7,c_04,E,63.82619565217391,NA,1
20211025,35,TOC,b_19,decreasing,14,c_12,E,44.802056856187285,NA,1
20211025,35,TOC,b_20,decreasing,10,c_09,E,44.947918060200664,NA,1
20211025,35,TOC,b_21,constant,10,c_07,F,43.0059235074627,NA,1
20211025,35,TOC,b_22,constant,10,c_10,F,51.27121968283583,NA,1
20211025,35,TOC,b_23,constant,7,c_04,F,57.98651585820897,NA,1
20211025,35,TOC,b_24,constant,14,c_13,F,41.831812033582096,NA,1
20211025,35,TOC,b_25,decreasing,7,c_03,G,36.85722408026756,NA,1
20211025,35,TOC,b_26,decreasing,14,c_15,G,37.70308528428094,NA,1
20211025,35,TOC,b_27,decreasing,10,c_10,G,52.51894648829431,NA,1
20211025,35,TOC,b_28,constant,10,c_09,H,41.59299673507463,NA,1
20211025,35,TOC,b_29,constant,14,c_12,H,37.39829291044776,NA,1
20211025,35,TOC,b_30,constant,7,c_01,H,38.843589085820895,NA,1
20211027,37,IC,b_01,constant,10,c_08,A,5.72,NA,1
20211027,37,IC,b_02,constant,7,c_02,A,6.315501399253731,NA,1
20211027,37,IC,b_03,constant,14,c_11,A,6.101002798507462,NA,1
20211027,37,IC,b_04,constant,7,c_05,A,6.336504197761194,NA,1
20211027,37,IC,b_05,decreasing,14,c_13,B,6.33,NA,1
20211027,37,IC,b_06,decreasing,14,c_11,B,6.313992474916388,NA,1
20211027,37,IC,b_07,decreasing,10,c_06,B,6.337984949832776,NA,1
20211027,37,IC,b_08,decreasing,7,c_01,B,7.791977424749164,NA,1
20211027,37,IC,b_09,decreasing,7,c_02,C,7.295969899665552,NA,1
20211027,37,IC,b_10,decreasing,10,c_07,C,6.81996237458194,NA,1
20211027,37,IC,b_11,decreasing,10,c_08,C,6.303954849498328,NA,1
20211027,37,IC,b_12,decreasing,14,c_14,C,6.467947324414716,NA,1
20211027,37,IC,b_13,constant,10,c_06,D,5.986016791044776,NA,1
20211027,37,IC,b_14,constant,7,c_03,D,5.951518190298508,NA,1
20211027,37,IC,b_15,constant,14,c_14,D,5.847019589552239,NA,1
20211027,37,IC,b_16,constant,14,c_15,D,5.96252098880597,NA,1
20211027,37,IC,b_17,decreasing,7,c_05,E,6.3179096989966554,NA,1
20211027,37,IC,b_18,decreasing,7,c_04,E,7.021902173913044,NA,1
20211027,37,IC,b_19,decreasing,14,c_12,E,6.665894648829432,NA,1
20211027,37,IC,b_20,decreasing,10,c_09,E,6.55988712374582,NA,1
20211027,37,IC,b_21,constant,10,c_07,F,6.030027985074627,NA,1
20211027,37,IC,b_22,constant,10,c_10,F,5.975529384328358,NA,1
20211027,37,IC,b_23,constant,7,c_04,F,5.99103078358209,NA,1
20211027,37,IC,b_24,constant,14,c_13,F,5.746532182835821,NA,1
20211027,37,IC,b_25,decreasing,7,c_03,G,6.539849498327758,NA,1
20211027,37,IC,b_26,decreasing,14,c_15,G,6.753841973244146,NA,1
20211027,37,IC,b_27,decreasing,10,c_10,G,6.797834448160534,NA,1
20211027,37,IC,b_28,constant,10,c_09,H,6.188537779850747,NA,1
20211027,37,IC,b_29,constant,14,c_12,H,5.5440391791044785,NA,1
20211027,37,IC,b_30,constant,7,c_01,H,6.799540578358211,NA,1
20211027,37,TC,b_01,constant,10,c_08,A,43,NA,1
20211027,37,TC,b_02,constant,7,c_02,A,49.83954057835821,NA,1
20211027,37,TC,b_03,constant,14,c_11,A,40.959081156716415,NA,1
20211027,37,TC,b_04,constant,7,c_05,A,43.73862173507463,NA,1
20211027,37,TC,b_05,decreasing,14,c_13,B,49.19,NA,1
20211027,37,TC,b_06,decreasing,14,c_11,B,44.587801003344474,NA,1
20211027,37,TC,b_07,decreasing,10,c_06,B,45.18560200668896,NA,1
20211027,37,TC,b_08,decreasing,7,c_01,B,44.91340301003344,NA,1
20211027,37,TC,b_09,decreasing,7,c_02,C,51.09120401337792,NA,1
20211027,37,TC,b_10,decreasing,10,c_07,C,47.1990050167224,NA,1
20211027,37,TC,b_11,decreasing,10,c_08,C,48.12680602006689,NA,1
20211027,37,TC,b_12,decreasing,14,c_14,C,45.514607023411365,NA,1
20211027,37,TC,b_13,constant,10,c_06,D,43.28448694029851,NA,1
20211027,37,TC,b_14,constant,7,c_03,D,41.43402751865671,NA,1
20211027,37,TC,b_15,constant,14,c_14,D,41.483568097014924,NA,1
20211027,37,TC,b_16,constant,14,c_15,D,40.70310867537313,NA,1
20211027,37,TC,b_17,decreasing,7,c_05,E,46.76361204013377,NA,1
20211027,37,TC,b_18,decreasing,7,c_04,E,66.92141304347825,NA,1
20211027,37,TC,b_19,decreasing,14,c_12,E,48.80921404682273,NA,1
20211027,37,TC,b_20,decreasing,10,c_09,E,49.82701505016722,NA,1
20211027,37,TC,b_21,constant,10,c_07,F,42.73081156716418,NA,1
20211027,37,TC,b_22,constant,10,c_10,F,53.390352145522385,NA,1
20211027,37,TC,b_23,constant,7,c_04,F,60.099892723880586,NA,1
20211027,37,TC,b_24,constant,14,c_13,F,44.6994333022388,NA,1
20211027,37,TC,b_25,decreasing,7,c_03,G,40.46602006688962,NA,1
20211027,37,TC,b_26,decreasing,14,c_15,G,37.5538210702341,NA,1
20211027,37,TC,b_27,decreasing,10,c_10,G,53.691622073578586,NA,1
20211027,37,TC,b_28,constant,10,c_09,H,44.97759561567163,NA,1
20211027,37,TC,b_29,constant,14,c_12,H,41.03713619402984,NA,1
20211027,37,TC,b_30,constant,7,c_01,H,35.06667677238806,NA,1
20211027,37,TN,b_01,constant,10,c_08,A,1.18,NA,1
20211027,37,TN,b_02,constant,7,c_02,A,1.4677681902985074,NA,1
20211027,37,TN,b_03,constant,14,c_11,A,1.0655363805970148,NA,1
20211027,37,TN,b_04,constant,7,c_05,A,1.1333045708955223,NA,1
20211027,37,TN,b_05,decreasing,14,c_13,B,1.32,NA,1
20211027,37,TN,b_06,decreasing,14,c_11,B,1.1078219063545152,NA,1
20211027,37,TN,b_07,decreasing,10,c_06,B,1.13564381270903,NA,1
20211027,37,TN,b_08,decreasing,7,c_01,B,1.1034657190635453,NA,1
20211027,37,TN,b_09,decreasing,7,c_02,C,1.3212876254180603,NA,1
20211027,37,TN,b_10,decreasing,10,c_07,C,1.0791095317725754,NA,1
20211027,37,TN,b_11,decreasing,10,c_08,C,1.1469314381270903,NA,1
20211027,37,TN,b_12,decreasing,14,c_14,C,1.1047533444816056,NA,1
20211027,37,TN,b_13,constant,10,c_06,D,1.1232182835820894,NA,1
20211027,37,TN,b_14,constant,7,c_03,D,1.1709864738805968,NA,1
20211027,37,TN,b_15,constant,14,c_14,D,1.0487546641791043,NA,1
20211027,37,TN,b_16,constant,14,c_15,D,1.076522854477612,NA,1
20211027,37,TN,b_17,decreasing,7,c_05,E,1.0838628762541809,NA,1
20211027,37,TN,b_18,decreasing,7,c_04,E,1.7216847826086956,NA,1
20211027,37,TN,b_19,decreasing,14,c_12,E,1.1895066889632107,NA,1
20211027,37,TN,b_20,decreasing,10,c_09,E,1.1973285953177257,NA,1
20211027,37,TN,b_21,constant,10,c_07,F,1.0753638059701494,NA,1
20211027,37,TN,b_22,constant,10,c_10,F,1.4931319962686567,NA,1
20211027,37,TN,b_23,constant,7,c_04,F,1.630900186567164,NA,1
20211027,37,TN,b_24,constant,14,c_13,F,1.1786683768656716,NA,1
20211027,37,TN,b_25,decreasing,7,c_03,G,1.0164381270903011,NA,1
20211027,37,TN,b_26,decreasing,14,c_15,G,0.9042600334448161,NA,1
20211027,37,TN,b_27,decreasing,10,c_10,G,1.4220819397993312,NA,1
20211027,37,TN,b_28,constant,10,c_09,H,1.2597411380597014,NA,1
20211027,37,TN,b_29,constant,14,c_12,H,1.1375093283582087,NA,1
20211027,37,TN,b_30,constant,7,c_01,H,0.9552775186567164,NA,1
20211027,37,TOC,b_01,constant,10,c_08,A,37.28,NA,1
20211027,37,TOC,b_02,constant,7,c_02,A,43.52403917910448,NA,1
20211027,37,TOC,b_03,constant,14,c_11,A,34.85807835820895,NA,1
20211027,37,TOC,b_04,constant,7,c_05,A,37.40211753731343,NA,1
20211027,37,TOC,b_05,decreasing,14,c_13,B,42.86,NA,1
20211027,37,TOC,b_06,decreasing,14,c_11,B,38.2738085284281,NA,1
20211027,37,TOC,b_07,decreasing,10,c_06,B,38.847617056856194,NA,1
20211027,37,TOC,b_08,decreasing,7,c_01,B,37.121425585284285,NA,1
20211027,37,TOC,b_09,decreasing,7,c_02,C,43.795234113712375,NA,1
20211027,37,TOC,b_10,decreasing,10,c_07,C,40.37904264214047,NA,1
20211027,37,TOC,b_11,decreasing,10,c_08,C,41.82285117056857,NA,1
20211027,37,TOC,b_12,decreasing,14,c_14,C,39.046659698996656,NA,1
20211027,37,TOC,b_13,constant,10,c_06,D,37.29847014925373,NA,1
20211027,37,TOC,b_14,constant,7,c_03,D,35.482509328358205,NA,1
20211027,37,TOC,b_15,constant,14,c_14,D,35.636548507462685,NA,1
20211027,37,TOC,b_16,constant,14,c_15,D,34.74058768656716,NA,1
20211027,37,TOC,b_17,decreasing,7,c_05,E,40.44570234113712,NA,1
20211027,37,TOC,b_18,decreasing,7,c_04,E,59.89951086956522,NA,1
20211027,37,TOC,b_19,decreasing,14,c_12,E,42.14331939799331,NA,1
20211027,37,TOC,b_20,decreasing,10,c_09,E,43.2671279264214,NA,1
20211027,37,TOC,b_21,constant,10,c_07,F,36.70078358208956,NA,1
20211027,37,TOC,b_22,constant,10,c_10,F,47.41482276119403,NA,1
20211027,37,TOC,b_23,constant,7,c_04,F,54.1088619402985,NA,1
20211027,37,TOC,b_24,constant,14,c_13,F,38.95290111940299,NA,1
20211027,37,TOC,b_25,decreasing,7,c_03,G,33.92617056856187,NA,1
20211027,37,TOC,b_26,decreasing,14,c_15,G,30.799979096989965,NA,1
20211027,37,TOC,b_27,decreasing,10,c_10,G,46.893787625418064,NA,1
20211027,37,TOC,b_28,constant,10,c_09,H,38.7890578358209,NA,1
20211027,37,TOC,b_29,constant,14,c_12,H,35.49309701492537,NA,1
20211027,37,TOC,b_30,constant,7,c_01,H,28.267136194029852,NA,1
20211029,39,IC,b_01,constant,10,c_08,A,1.45,NA,1
20211029,39,IC,b_02,constant,7,c_02,A,1.7940041723926685,NA,1
20211029,39,IC,b_03,constant,14,c_11,A,1.4280083447853371,NA,1
20211029,39,IC,b_04,constant,7,c_05,A,1.6220125171780058,NA,1
20211029,39,IC,b_05,decreasing,14,c_13,B,1.88,NA,1
20211029,39,IC,b_06,decreasing,14,c_11,B,1.6566051919035087,NA,1
20211029,39,IC,b_07,decreasing,10,c_06,B,1.843210383807017,NA,1
20211029,39,IC,b_08,decreasing,7,c_01,B,3.709815575710526,NA,1
20211029,39,IC,b_09,decreasing,7,c_02,C,1.8464207676140343,NA,1
20211029,39,IC,b_10,decreasing,10,c_07,C,2.683025959517543,NA,1
20211029,39,IC,b_11,decreasing,10,c_08,C,1.5696311514210517,NA,1
20211029,39,IC,b_12,decreasing,14,c_14,C,1.68623634332456,NA,1
20211029,39,IC,b_13,constant,10,c_06,D,1.4880500687120222,NA,1
20211029,39,IC,b_14,constant,7,c_03,D,1.6820542411046908,NA,1
20211029,39,IC,b_15,constant,14,c_14,D,1.5060584134973594,NA,1
20211029,39,IC,b_16,constant,14,c_15,D,1.5600625858900274,NA,1
20211029,39,IC,b_17,decreasing,7,c_05,E,1.5392623028421029,NA,1
20211029,39,IC,b_18,decreasing,7,c_04,E,2.255867494745612,NA,1
20211029,39,IC,b_19,decreasing,14,c_12,E,2.17247268664912,NA,1
20211029,39,IC,b_20,decreasing,10,c_09,E,1.999077878552629,NA,1
20211029,39,IC,b_21,constant,10,c_07,F,2.6100834478533708,NA,1
20211029,39,IC,b_22,constant,10,c_10,F,1.9240876202460386,NA,1
20211029,39,IC,b_23,constant,7,c_04,F,1.9780917926387076,NA,1
20211029,39,IC,b_24,constant,14,c_13,F,1.792095965031376,NA,1
20211029,39,IC,b_25,decreasing,7,c_03,G,1.9421038380701718,NA,1
20211029,39,IC,b_26,decreasing,14,c_15,G,2.23870902997368,NA,1
20211029,39,IC,b_27,decreasing,10,c_10,G,2.335314221877189,NA,1
20211029,39,IC,b_28,constant,10,c_09,H,1.63811265460205,NA,1
20211029,39,IC,b_29,constant,14,c_12,H,1.8121168269947185,NA,1
20211029,39,IC,b_30,constant,7,c_01,H,3.456120999387387,NA,1
20211029,39,TC,b_01,constant,10,c_08,A,39.9,NA,1
20211029,39,TC,b_02,constant,7,c_02,A,45.33467556335579,NA,1
20211029,39,TC,b_03,constant,14,c_11,A,37.769351126711584,NA,1
20211029,39,TC,b_04,constant,7,c_05,A,39.62402669006738,NA,1
20211029,39,TC,b_05,decreasing,14,c_13,B,44.35,NA,1
20211029,39,TC,b_06,decreasing,14,c_11,B,40.36278113343306,NA,1
20211029,39,TC,b_07,decreasing,10,c_06,B,39.84556226686611,NA,1
20211029,39,TC,b_08,decreasing,7,c_01,B,39.978343400299174,NA,1
20211029,39,TC,b_09,decreasing,7,c_02,C,46.991124533732226,NA,1
20211029,39,TC,b_10,decreasing,10,c_07,C,43.62390566716528,NA,1
20211029,39,TC,b_11,decreasing,10,c_08,C,45.14668680059834,NA,1
20211029,39,TC,b_12,decreasing,14,c_14,C,41.9794679340314,NA,1
20211029,39,TC,b_13,constant,10,c_06,D,39.196106760269544,NA,1
20211029,39,TC,b_14,constant,7,c_03,D,38.84078232362534,NA,1
20211029,39,TC,b_15,constant,14,c_14,D,40.505457886981134,NA,1
20211029,39,TC,b_16,constant,14,c_15,D,38.560133450336934,NA,1
20211029,39,TC,b_17,decreasing,7,c_05,E,43.75337360119667,NA,1
20211029,39,TC,b_18,decreasing,7,c_04,E,65.43615473462974,NA,1
20211029,39,TC,b_19,decreasing,14,c_12,E,46.03893586806279,NA,1
20211029,39,TC,b_20,decreasing,10,c_09,E,46.521717001495844,NA,1
20211029,39,TC,b_21,constant,10,c_07,F,42.663511267115915,NA,1
20211029,39,TC,b_22,constant,10,c_10,F,52.89818683047171,NA,1
20211029,39,TC,b_23,constant,7,c_04,F,62.822862393827506,NA,1
20211029,39,TC,b_24,constant,14,c_13,F,45.69753795718329,NA,1
20211029,39,TC,b_25,decreasing,7,c_03,G,38.835622668661124,NA,1
20211029,39,TC,b_26,decreasing,14,c_15,G,36.89840380209418,NA,1
20211029,39,TC,b_27,decreasing,10,c_10,G,54.91118493552723,NA,1
20211029,39,TC,b_28,constant,10,c_09,H,48.77624021060648,NA,1
20211029,39,TC,b_29,constant,14,c_12,H,44.400915773962275,NA,1
20211029,39,TC,b_30,constant,7,c_01,H,40.65559133731807,NA,1
20211029,39,TN,b_01,constant,10,c_08,A,1.16,NA,1
20211029,39,TN,b_02,constant,7,c_02,A,1.417156812424458,NA,1
20211029,39,TN,b_03,constant,14,c_11,A,1.0943136248489165,NA,1
20211029,39,TN,b_04,constant,7,c_05,A,1.0714704372733745,NA,1
20211029,39,TN,b_05,decreasing,14,c_13,B,1.28,NA,1
20211029,39,TN,b_06,decreasing,14,c_11,B,1.0983769147747713,NA,1
20211029,39,TN,b_07,decreasing,10,c_06,B,1.0867538295495427,NA,1
20211029,39,TN,b_08,decreasing,7,c_01,B,1.035130744324314,NA,1
20211029,39,TN,b_09,decreasing,7,c_02,C,1.3435076590990855,NA,1
20211029,39,TN,b_10,decreasing,10,c_07,C,1.0918845738738567,NA,1
20211029,39,TN,b_11,decreasing,10,c_08,C,1.190261488648628,NA,1
20211029,39,TN,b_12,decreasing,14,c_14,C,1.1086384034233996,NA,1
20211029,39,TN,b_13,constant,10,c_06,D,0.9958817490934979,NA,1
20211029,39,TN,b_14,constant,7,c_03,D,1.103038561517956,NA,1
20211029,39,TN,b_15,constant,14,c_14,D,1.0301953739424143,NA,1
20211029,39,TN,b_16,constant,14,c_15,D,1.0173521863668724,NA,1
20211029,39,TN,b_17,decreasing,7,c_05,E,1.0905229772972564,NA,1
20211029,39,TN,b_18,decreasing,7,c_04,E,1.8588998920720274,NA,1
20211029,39,TN,b_19,decreasing,14,c_12,E,1.177276806846799,NA,1
20211029,39,TN,b_20,decreasing,10,c_09,E,1.1756537216215703,NA,1
20211029,39,TN,b_21,constant,10,c_07,F,1.0131362484891633,NA,1
20211029,39,TN,b_22,constant,10,c_10,F,1.4702930609136216,NA,1
20211029,39,TN,b_23,constant,7,c_04,F,1.7574498733380797,NA,1
20211029,39,TN,b_24,constant,14,c_13,F,1.1346066857625379,NA,1
20211029,39,TN,b_25,decreasing,7,c_03,G,1.0175382954954273,NA,1
20211029,39,TN,b_26,decreasing,14,c_15,G,0.9259152102701984,NA,1
20211029,39,TN,b_27,decreasing,10,c_10,G,1.52429212504497,NA,1
20211029,39,TN,b_28,constant,10,c_09,H,1.2832339354603706,NA,1
20211029,39,TN,b_29,constant,14,c_12,H,1.1203907478848285,NA,1
20211029,39,TN,b_30,constant,7,c_01,H,1.017547560309287,NA,1
20211029,39,TOC,b_01,constant,10,c_08,A,38.449999999999996,NA,1
20211029,39,TOC,b_02,constant,7,c_02,A,43.540671390963126,NA,1
20211029,39,TOC,b_03,constant,14,c_11,A,36.34134278192625,NA,1
20211029,39,TOC,b_04,constant,7,c_05,A,38.002014172889375,NA,1
20211029,39,TOC,b_05,decreasing,14,c_13,B,42.47,NA,1
20211029,39,TOC,b_06,decreasing,14,c_11,B,38.70617594152955,NA,1
20211029,39,TOC,b_07,decreasing,10,c_06,B,38.0023518830591,NA,1
20211029,39,TOC,b_08,decreasing,7,c_01,B,36.26852782458865,NA,1
20211029,39,TOC,b_09,decreasing,7,c_02,C,45.14470376611819,NA,1
20211029,39,TOC,b_10,decreasing,10,c_07,C,40.94087970764774,NA,1
20211029,39,TOC,b_11,decreasing,10,c_08,C,43.57705564917729,NA,1
20211029,39,TOC,b_12,decreasing,14,c_14,C,40.29323159070684,NA,1
20211029,39,TOC,b_13,constant,10,c_06,D,37.70805669155753,NA,1
20211029,39,TOC,b_14,constant,7,c_03,D,37.15872808252065,NA,1
20211029,39,TOC,b_15,constant,14,c_14,D,38.99939947348378,NA,1
20211029,39,TOC,b_16,constant,14,c_15,D,37.00007086444691,NA,1
20211029,39,TOC,b_17,decreasing,7,c_05,E,42.214111298354574,NA,1
20211029,39,TOC,b_18,decreasing,7,c_04,E,63.18028723988413,NA,1
20211029,39,TOC,b_19,decreasing,14,c_12,E,43.86646318141367,NA,1
20211029,39,TOC,b_20,decreasing,10,c_09,E,44.52263912294322,NA,1
20211029,39,TOC,b_21,constant,10,c_07,F,40.05342781926255,NA,1
20211029,39,TOC,b_22,constant,10,c_10,F,50.974099210225674,NA,1
20211029,39,TOC,b_23,constant,7,c_04,F,60.844770601188806,NA,1
20211029,39,TOC,b_24,constant,14,c_13,F,43.90544199215192,NA,1
20211029,39,TOC,b_25,decreasing,7,c_03,G,36.893518830590956,NA,1
20211029,39,TOC,b_26,decreasing,14,c_15,G,34.6596947721205,NA,1
20211029,39,TOC,b_27,decreasing,10,c_10,G,52.575870713650055,NA,1
20211029,39,TOC,b_28,constant,10,c_09,H,47.138127556004434,NA,1
20211029,39,TOC,b_29,constant,14,c_12,H,42.588798946967565,NA,1
20211029,39,TOC,b_30,constant,7,c_01,H,37.1994703379307,NA,1
20211101,42,IC,b_01,constant,10,c_08,A,1.7541293441727235,NA,1
20211101,42,IC,b_02,constant,7,c_02,A,2.5081335165653926,NA,1
20211101,42,IC,b_03,constant,14,c_11,A,2.042137688958061,NA,1
20211101,42,IC,b_04,constant,7,c_05,A,2.2461418613507296,NA,1
20211101,42,IC,b_05,decreasing,14,c_13,B,2.3047609490087657,NA,1
20211101,42,IC,b_06,decreasing,14,c_11,B,2.1013661409122752,NA,1
20211101,42,IC,b_07,decreasing,10,c_06,B,2.017971332815784,NA,1
20211101,42,IC,b_08,decreasing,7,c_01,B,3.5745765247192924,NA,1
20211101,42,IC,b_09,decreasing,7,c_02,C,2.2011817166228003,NA,1
20211101,42,IC,b_10,decreasing,10,c_07,C,2.53778690852631,NA,1
20211101,42,IC,b_11,decreasing,10,c_08,C,1.9543921004298177,NA,1
20211101,42,IC,b_12,decreasing,14,c_14,C,1.9609972923333263,NA,1
20211101,42,IC,b_13,constant,10,c_06,D,1.6021794128847469,NA,1
20211101,42,IC,b_14,constant,7,c_03,D,1.5461835852774146,NA,1
20211101,42,IC,b_15,constant,14,c_14,D,1.5201877576700835,NA,1
20211101,42,IC,b_16,constant,14,c_15,D,1.854191930062751,NA,1
20211101,42,IC,b_17,decreasing,7,c_05,E,1.6940232518508695,NA,1
20211101,42,IC,b_18,decreasing,7,c_04,E,2.1406284437543777,NA,1
20211101,42,IC,b_19,decreasing,14,c_12,E,2.207233635657886,NA,1
20211101,42,IC,b_20,decreasing,10,c_09,E,1.853838827561395,NA,1
20211101,42,IC,b_21,constant,10,c_07,F,2.294212792026095,NA,1
20211101,42,IC,b_22,constant,10,c_10,F,1.6982169644187626,NA,1
20211101,42,IC,b_23,constant,7,c_04,F,1.4622211368114315,NA,1
20211101,42,IC,b_24,constant,14,c_13,F,1.5562253092040996,NA,1
20211101,42,IC,b_25,decreasing,7,c_03,G,1.9268647870789382,NA,1
20211101,42,IC,b_26,decreasing,14,c_15,G,1.7834699789824464,NA,1
20211101,42,IC,b_27,decreasing,10,c_10,G,2.2300751708859554,NA,1
20211101,42,IC,b_28,constant,10,c_09,H,1.1222419987747743,NA,1
20211101,42,IC,b_29,constant,14,c_12,H,1.2462461711674417,NA,1
20211101,42,IC,b_30,constant,7,c_01,H,2.3502503435601105,NA,1
20211101,42,TC,b_01,constant,10,c_08,A,39.554942464029665,NA,1
20211101,42,TC,b_02,constant,7,c_02,A,44.80961802738546,NA,1
20211101,42,TC,b_03,constant,14,c_11,A,34.70429359074125,NA,1
20211101,42,TC,b_04,constant,7,c_05,A,37.41896915409705,NA,1
20211101,42,TC,b_05,decreasing,14,c_13,B,43.66621513642474,NA,1
20211101,42,TC,b_06,decreasing,14,c_11,B,39.148996269857804,NA,1
20211101,42,TC,b_07,decreasing,10,c_06,B,39.36177740329085,NA,1
20211101,42,TC,b_08,decreasing,7,c_01,B,37.90455853672391,NA,1
20211101,42,TC,b_09,decreasing,7,c_02,C,46.937339670156966,NA,1
20211101,42,TC,b_10,decreasing,10,c_07,C,42.130120803590025,NA,1
20211101,42,TC,b_11,decreasing,10,c_08,C,43.902901937023074,NA,1
20211101,42,TC,b_12,decreasing,14,c_14,C,40.85568307045614,NA,1
20211101,42,TC,b_13,constant,10,c_06,D,37.121049224299206,NA,1
20211101,42,TC,b_14,constant,7,c_03,D,36.295724787655004,NA,1
20211101,42,TC,b_15,constant,14,c_14,D,37.0904003510108,NA,1
20211101,42,TC,b_16,constant,14,c_15,D,36.4950759143666,NA,1
20211101,42,TC,b_17,decreasing,7,c_05,E,42.22958873762141,NA,1
20211101,42,TC,b_18,decreasing,7,c_04,E,64.04236987105446,NA,1
20211101,42,TC,b_19,decreasing,14,c_12,E,43.01515100448753,NA,1
20211101,42,TC,b_20,decreasing,10,c_09,E,45.83793213792059,NA,1
20211101,42,TC,b_21,constant,10,c_07,F,40.19845373114558,NA,1
20211101,42,TC,b_22,constant,10,c_10,F,52.263129294501375,NA,1
20211101,42,TC,b_23,constant,7,c_04,F,58.29780485785717,NA,1
20211101,42,TC,b_24,constant,14,c_13,F,41.432480421212965,NA,1
20211101,42,TC,b_25,decreasing,7,c_03,G,37.76183780508586,NA,1
20211101,42,TC,b_26,decreasing,14,c_15,G,33.93461893851892,NA,1
20211101,42,TC,b_27,decreasing,10,c_10,G,54.25740007195198,NA,1
20211101,42,TC,b_28,constant,10,c_09,H,44.261182674636146,NA,1
20211101,42,TC,b_29,constant,14,c_12,H,39.185858237991944,NA,1
20211101,42,TC,b_30,constant,7,c_01,H,35.80053380134773,NA,1
20211101,42,TN,b_01,constant,10,c_08,A,1.061861185158203,NA,1
20211101,42,TN,b_02,constant,7,c_02,A,1.2990179975826612,NA,1
20211101,42,TN,b_03,constant,14,c_11,A,0.9161748100071194,NA,1
20211101,42,TN,b_04,constant,7,c_05,A,0.9933316224315778,NA,1
20211101,42,TN,b_05,decreasing,14,c_13,B,1.1996843580179122,NA,1
20211101,42,TN,b_06,decreasing,14,c_11,B,1.0280612727926837,NA,1
20211101,42,TN,b_07,decreasing,10,c_06,B,1.0364381875674549,NA,1
20211101,42,TN,b_08,decreasing,7,c_01,B,0.9548151023422262,NA,1
20211101,42,TN,b_09,decreasing,7,c_02,C,1.3331920171169975,NA,1
20211101,42,TN,b_10,decreasing,10,c_07,C,1.0615689318917692,NA,1
20211101,42,TN,b_11,decreasing,10,c_08,C,1.1299458466665402,NA,1
20211101,42,TN,b_12,decreasing,14,c_14,C,1.1083227614413116,NA,1
20211101,42,TN,b_13,constant,10,c_06,D,0.9877429342517012,NA,1
20211101,42,TN,b_14,constant,7,c_03,D,1.0848997466761592,NA,1
20211101,42,TN,b_15,constant,14,c_14,D,0.9820565591006176,NA,1
20211101,42,TN,b_16,constant,14,c_15,D,0.9992133715250755,NA,1
20211101,42,TN,b_17,decreasing,7,c_05,E,1.0402073353151686,NA,1
20211101,42,TN,b_18,decreasing,7,c_04,E,1.87858425008994,NA,1
20211101,42,TN,b_19,decreasing,14,c_12,E,1.106961164864711,NA,1
20211101,42,TN,b_20,decreasing,10,c_09,E,1.2053380796394826,NA,1
20211101,42,TN,b_21,constant,10,c_07,F,1.0149974336473664,NA,1
20211101,42,TN,b_22,constant,10,c_10,F,1.5921542460718248,NA,1
20211101,42,TN,b_23,constant,7,c_04,F,1.7393110584962828,NA,1
20211101,42,TN,b_24,constant,14,c_13,F,1.106467870920741,NA,1
20211101,42,TN,b_25,decreasing,7,c_03,G,0.9972226535133395,NA,1
20211101,42,TN,b_26,decreasing,14,c_15,G,0.8555995682881108,NA,1
20211101,42,TN,b_27,decreasing,10,c_10,G,1.573976483062882,NA,1
20211101,42,TN,b_28,constant,10,c_09,H,1.2350951206185736,NA,1
20211101,42,TN,b_29,constant,14,c_12,H,1.0922519330430318,NA,1
20211101,42,TN,b_30,constant,7,c_01,H,0.89940874546749,NA,1
20211101,42,TOC,b_01,constant,10,c_08,A,37.800813119856954,NA,1
20211101,42,TOC,b_02,constant,7,c_02,A,42.301484510820075,NA,1
20211101,42,TOC,b_03,constant,14,c_11,A,32.6621559017832,NA,1
20211101,42,TOC,b_04,constant,7,c_05,A,35.17282729274633,NA,1
20211101,42,TOC,b_05,decreasing,14,c_13,B,41.36145418741598,NA,1
20211101,42,TOC,b_06,decreasing,14,c_11,B,37.04763012894553,NA,1
20211101,42,TOC,b_07,decreasing,10,c_06,B,37.343806070475075,NA,1
20211101,42,TOC,b_08,decreasing,7,c_01,B,34.32998201200462,NA,1
20211101,42,TOC,b_09,decreasing,7,c_02,C,44.736157953534175,NA,1
20211101,42,TOC,b_10,decreasing,10,c_07,C,39.59233389506372,NA,1
20211101,42,TOC,b_11,decreasing,10,c_08,C,41.94850983659327,NA,1
20211101,42,TOC,b_12,decreasing,14,c_14,C,38.89468577812282,NA,1
20211101,42,TOC,b_13,constant,10,c_06,D,35.518869811414476,NA,1
20211101,42,TOC,b_14,constant,7,c_03,D,34.7495412023776,NA,1
20211101,42,TOC,b_15,constant,14,c_14,D,35.57021259334073,NA,1
20211101,42,TOC,b_16,constant,14,c_15,D,34.64088398430386,NA,1
20211101,42,TOC,b_17,decreasing,7,c_05,E,40.53556548577055,NA,1
20211101,42,TOC,b_18,decreasing,7,c_04,E,61.901741427300095,NA,1
20211101,42,TOC,b_19,decreasing,14,c_12,E,40.80791736882965,NA,1
20211101,42,TOC,b_20,decreasing,10,c_09,E,43.984093310359206,NA,1
20211101,42,TOC,b_21,constant,10,c_07,F,37.90424093911949,NA,1
20211101,42,TOC,b_22,constant,10,c_10,F,50.56491233008262,NA,1
20211101,42,TOC,b_23,constant,7,c_04,F,56.83558372104575,NA,1
20211101,42,TOC,b_24,constant,14,c_13,F,39.87625511200888,NA,1
20211101,42,TOC,b_25,decreasing,7,c_03,G,35.83497301800693,NA,1
20211101,42,TOC,b_26,decreasing,14,c_15,G,32.151148959536485,NA,1
20211101,42,TOC,b_27,decreasing,10,c_10,G,52.02732490106603,NA,1
20211101,42,TOC,b_28,constant,10,c_09,H,43.138940675861384,NA,1
20211101,42,TOC,b_29,constant,14,c_12,H,37.939612066824516,NA,1
20211101,42,TOC,b_30,constant,7,c_01,H,33.45028345778764,NA,1
20211103,44,IC,b_01,constant,10,c_08,A,1.38,NA,1
20211103,44,IC,b_02,constant,7,c_02,A,2.2436708776926007,NA,1
20211103,44,IC,b_03,constant,14,c_11,A,1.6873417553852013,NA,1
20211103,44,IC,b_04,constant,7,c_05,A,1.8410126330778018,NA,1
20211103,44,IC,b_05,decreasing,14,c_13,B,2.4,NA,1
20211103,44,IC,b_06,decreasing,14,c_11,B,1.9741904455342434,NA,1
20211103,44,IC,b_07,decreasing,10,c_06,B,2.208380891068487,NA,1
20211103,44,IC,b_08,decreasing,7,c_01,B,4.85257133660273,NA,1
20211103,44,IC,b_09,decreasing,7,c_02,C,2.466761782136974,NA,1
20211103,44,IC,b_10,decreasing,10,c_07,C,3.2509522276712173,NA,1
20211103,44,IC,b_11,decreasing,10,c_08,C,1.7951426732054605,NA,1
20211103,44,IC,b_12,decreasing,14,c_14,C,2.339333118739704,NA,1
20211103,44,IC,b_13,constant,10,c_06,D,1.7040505323112076,NA,1
20211103,44,IC,b_14,constant,7,c_03,D,1.8077214100038081,NA,1
20211103,44,IC,b_15,constant,14,c_14,D,1.651392287696409,NA,1
20211103,44,IC,b_16,constant,14,c_15,D,1.7050631653890096,NA,1
20211103,44,IC,b_17,decreasing,7,c_05,E,2.030285346410922,NA,1
20211103,44,IC,b_18,decreasing,7,c_04,E,3.034475791945165,NA,1
20211103,44,IC,b_19,decreasing,14,c_12,E,2.6686662374794086,NA,1
20211103,44,IC,b_20,decreasing,10,c_09,E,2.482856683013652,NA,1
20211103,44,IC,b_21,constant,10,c_07,F,2.9334175538520126,NA,1
20211103,44,IC,b_22,constant,10,c_10,F,2.707088431544613,NA,1
20211103,44,IC,b_23,constant,7,c_04,F,2.4907593092372142,NA,1
20211103,44,IC,b_24,constant,14,c_13,F,3.504430186929815,NA,1
20211103,44,IC,b_25,decreasing,7,c_03,G,2.453808910684869,NA,1
20211103,44,IC,b_26,decreasing,14,c_15,G,2.447999356219113,NA,1
20211103,44,IC,b_27,decreasing,10,c_10,G,3.0021898017533566,NA,1
20211103,44,IC,b_28,constant,10,c_09,H,1.8691136977002172,NA,1
20211103,44,IC,b_29,constant,14,c_12,H,2.1427845753928176,NA,1
20211103,44,IC,b_30,constant,7,c_01,H,3.996455453085418,NA,1
20211103,44,TC,b_01,constant,10,c_08,A,36.8,NA,1
20211103,44,TC,b_02,constant,7,c_02,A,42.189017335298104,NA,1
20211103,44,TC,b_03,constant,14,c_11,A,35.39803467059622,NA,1
20211103,44,TC,b_04,constant,7,c_05,A,36.89705200589433,NA,1
20211103,44,TC,b_05,decreasing,14,c_13,B,42.24,NA,1
20211103,44,TC,b_06,decreasing,14,c_11,B,38.89441273928767,NA,1
20211103,44,TC,b_07,decreasing,10,c_06,B,38.48882547857534,NA,1
20211103,44,TC,b_08,decreasing,7,c_01,B,36.693238217863026,NA,1
20211103,44,TC,b_09,decreasing,7,c_02,C,42.4776509571507,NA,1
20211103,44,TC,b_10,decreasing,10,c_07,C,38.06206369643837,NA,1
20211103,44,TC,b_11,decreasing,10,c_08,C,40.69647643572605,NA,1
20211103,44,TC,b_12,decreasing,14,c_14,C,39.37088917501372,NA,1
20211103,44,TC,b_13,constant,10,c_06,D,35.99820802357733,NA,1
20211103,44,TC,b_14,constant,7,c_03,D,36.42722535887543,NA,1
20211103,44,TC,b_15,constant,14,c_14,D,34.386242694173546,NA,1
20211103,44,TC,b_16,constant,14,c_15,D,35.38526002947166,NA,1
20211103,44,TC,b_17,decreasing,7,c_05,E,39.7529528714521,NA,1
20211103,44,TC,b_18,decreasing,7,c_04,E,59.62736561073978,NA,1
20211103,44,TC,b_19,decreasing,14,c_12,E,41.41177835002745,NA,1
20211103,44,TC,b_20,decreasing,10,c_09,E,41.33619108931512,NA,1
20211103,44,TC,b_21,constant,10,c_07,F,37.750346705962215,NA,1
20211103,44,TC,b_22,constant,10,c_10,F,50.61936404126032,NA,1
20211103,44,TC,b_23,constant,7,c_04,F,56.108381376558434,NA,1
20211103,44,TC,b_24,constant,14,c_13,F,41.617398711856545,NA,1
20211103,44,TC,b_25,decreasing,7,c_03,G,35.168254785753504,NA,1
20211103,44,TC,b_26,decreasing,14,c_15,G,33.392667525041176,NA,1
20211103,44,TC,b_27,decreasing,10,c_10,G,51.73708026432885,NA,1
20211103,44,TC,b_28,constant,10,c_09,H,42.33346805304899,NA,1
20211103,44,TC,b_29,constant,14,c_12,H,39.1324853883471,NA,1
20211103,44,TC,b_30,constant,7,c_01,H,36.33150272364521,NA,1
20211103,44,TN,b_01,constant,10,c_08,A,1.68,NA,1
20211103,44,TN,b_02,constant,7,c_02,A,2.0160902031557857,NA,1
20211103,44,TN,b_03,constant,14,c_11,A,1.5921804063115719,NA,1
20211103,44,TN,b_04,constant,7,c_05,A,1.6882706094673576,NA,1
20211103,44,TN,b_05,decreasing,14,c_13,B,1.93,NA,1
20211103,44,TN,b_06,decreasing,14,c_11,B,1.7576628860318484,NA,1
20211103,44,TN,b_07,decreasing,10,c_06,B,1.7353257720636965,NA,1
20211103,44,TN,b_08,decreasing,7,c_01,B,1.5229886580955447,NA,1
20211103,44,TN,b_09,decreasing,7,c_02,C,1.9906515441273929,NA,1
20211103,44,TN,b_10,decreasing,10,c_07,C,1.6283144301592412,NA,1
20211103,44,TN,b_11,decreasing,10,c_08,C,1.8559773161910895,NA,1
20211103,44,TN,b_12,decreasing,14,c_14,C,1.8136402022229376,NA,1
20211103,44,TN,b_13,constant,10,c_06,D,1.6230824378694304,NA,1
20211103,44,TN,b_14,constant,7,c_03,D,1.8191726410252165,NA,1
20211103,44,TN,b_15,constant,14,c_14,D,1.5652628441810021,NA,1
20211103,44,TN,b_16,constant,14,c_15,D,1.681353047336788,NA,1
20211103,44,TN,b_17,decreasing,7,c_05,E,1.7619546323821786,NA,1
20211103,44,TN,b_18,decreasing,7,c_04,E,2.799617518414027,NA,1
20211103,44,TN,b_19,decreasing,14,c_12,E,1.8272804044458753,NA,1
20211103,44,TN,b_20,decreasing,10,c_09,E,1.8349432904777234,NA,1
20211103,44,TN,b_21,constant,10,c_07,F,1.6218040631157173,NA,1
20211103,44,TN,b_22,constant,10,c_10,F,2.3878942662715037,NA,1
20211103,44,TN,b_23,constant,7,c_04,F,2.6139844694272893,NA,1
20211103,44,TN,b_24,constant,14,c_13,F,1.800074672583075,NA,1
20211103,44,TN,b_25,decreasing,7,c_03,G,1.6332577206369643,NA,1
20211103,44,TN,b_26,decreasing,14,c_15,G,1.5709206066688128,NA,1
20211103,44,TN,b_27,decreasing,10,c_10,G,2.468583492700661,NA,1
20211103,44,TN,b_28,constant,10,c_09,H,1.9544354852062185,NA,1
20211103,44,TN,b_29,constant,14,c_12,H,1.7605256883620044,NA,1
20211103,44,TN,b_30,constant,7,c_01,H,1.5566158915177901,NA,1
20211103,44,TOC,b_01,constant,10,c_08,A,35.419999999999995,NA,1
20211103,44,TOC,b_02,constant,7,c_02,A,39.9453464576055,NA,1
20211103,44,TOC,b_03,constant,14,c_11,A,33.71069291521102,NA,1
20211103,44,TOC,b_04,constant,7,c_05,A,35.05603937281653,NA,1
20211103,44,TOC,b_05,decreasing,14,c_13,B,39.84,NA,1
20211103,44,TOC,b_06,decreasing,14,c_11,B,36.92022229375343,NA,1
20211103,44,TOC,b_07,decreasing,10,c_06,B,36.280444587506864,NA,1
20211103,44,TOC,b_08,decreasing,7,c_01,B,31.8406668812603,NA,1
20211103,44,TOC,b_09,decreasing,7,c_02,C,40.01088917501373,NA,1
20211103,44,TOC,b_10,decreasing,10,c_07,C,34.811111468767166,NA,1
20211103,44,TOC,b_11,decreasing,10,c_08,C,38.90133376252059,NA,1
20211103,44,TOC,b_12,decreasing,14,c_14,C,37.03155605627403,NA,1
20211103,44,TOC,b_13,constant,10,c_06,D,34.29415749126612,NA,1
20211103,44,TOC,b_14,constant,7,c_03,D,34.619503948871625,NA,1
20211103,44,TOC,b_15,constant,14,c_14,D,32.73485040647714,NA,1
20211103,44,TOC,b_16,constant,14,c_15,D,33.680196864082646,NA,1
20211103,44,TOC,b_17,decreasing,7,c_05,E,37.72266752504118,NA,1
20211103,44,TOC,b_18,decreasing,7,c_04,E,56.592889818794625,NA,1
20211103,44,TOC,b_19,decreasing,14,c_12,E,38.74311211254805,NA,1
20211103,44,TOC,b_20,decreasing,10,c_09,E,38.85333440630148,NA,1
20211103,44,TOC,b_21,constant,10,c_07,F,34.816929152110205,NA,1
20211103,44,TOC,b_22,constant,10,c_10,F,47.91227560971571,NA,1
20211103,44,TOC,b_23,constant,7,c_04,F,53.61762206732122,NA,1
20211103,44,TOC,b_24,constant,14,c_13,F,38.11296852492673,NA,1
20211103,44,TOC,b_25,decreasing,7,c_03,G,32.71444587506864,NA,1
20211103,44,TOC,b_26,decreasing,14,c_15,G,30.944668168822066,NA,1
20211103,44,TOC,b_27,decreasing,10,c_10,G,48.73489046257551,NA,1
20211103,44,TOC,b_28,constant,10,c_09,H,40.464354355348775,NA,1
20211103,44,TOC,b_29,constant,14,c_12,H,36.98970081295428,NA,1
20211103,44,TOC,b_30,constant,7,c_01,H,32.33504727055979,NA,1
20211105,46,IC,b_01,constant,10,c_08,A,1.4037972084706194,NA,1
20211105,46,IC,b_02,constant,7,c_02,A,1.5774680861632202,NA,1
20211105,46,IC,b_03,constant,14,c_11,A,1.4311389638558207,NA,1
20211105,46,IC,b_04,constant,7,c_05,A,1.6648098415484212,NA,1
20211105,46,IC,b_05,decreasing,14,c_13,B,2.3299038115615467,NA,1
20211105,46,IC,b_06,decreasing,14,c_11,B,2.31409425709579,NA,1
20211105,46,IC,b_07,decreasing,10,c_06,B,2.1882847026300345,NA,1
20211105,46,IC,b_08,decreasing,7,c_01,B,5.072475148164278,NA,1
20211105,46,IC,b_09,decreasing,7,c_02,C,2.3666655936985217,NA,1
20211105,46,IC,b_10,decreasing,10,c_07,C,2.6608560392327645,NA,1
20211105,46,IC,b_11,decreasing,10,c_08,C,2.125046484767008,NA,1
20211105,46,IC,b_12,decreasing,14,c_14,C,2.1892369303012513,NA,1
20211105,46,IC,b_13,constant,10,c_06,D,1.5678477407818274,NA,1
20211105,46,IC,b_14,constant,7,c_03,D,1.6815186184744277,NA,1
20211105,46,IC,b_15,constant,14,c_14,D,1.5351894961670283,NA,1
20211105,46,IC,b_16,constant,14,c_15,D,1.758860373859629,NA,1
20211105,46,IC,b_17,decreasing,7,c_05,E,2.280189157972468,NA,1
20211105,46,IC,b_18,decreasing,7,c_04,E,3.064379603506712,NA,1
20211105,46,IC,b_19,decreasing,14,c_12,E,2.718570049040957,NA,1
20211105,46,IC,b_20,decreasing,10,c_09,E,2.4227604945751997,NA,1
20211105,46,IC,b_21,constant,10,c_07,F,2.7772147623226324,NA,1
20211105,46,IC,b_22,constant,10,c_10,F,2.500885640015233,NA,1
20211105,46,IC,b_23,constant,7,c_04,F,1.5345565177078333,NA,1
20211105,46,IC,b_24,constant,14,c_13,F,2.2382273954004344,NA,1
20211105,46,IC,b_25,decreasing,7,c_03,G,2.743712722246417,NA,1
20211105,46,IC,b_26,decreasing,14,c_15,G,2.7579031677806602,NA,1
20211105,46,IC,b_27,decreasing,10,c_10,G,2.4520936133149034,NA,1
20211105,46,IC,b_28,constant,10,c_09,H,1.6029109061708366,NA,1
20211105,46,IC,b_29,constant,14,c_12,H,1.3065817838634368,NA,1
20211105,46,IC,b_30,constant,7,c_01,H,2.800252661556038,NA,1
20211105,46,TC,b_01,constant,10,c_08,A,37.009537394241434,NA,1
20211105,46,TC,b_02,constant,7,c_02,A,42.70855472953954,NA,1
20211105,46,TC,b_03,constant,14,c_11,A,34.98757206483765,NA,1
20211105,46,TC,b_04,constant,7,c_05,A,37.42658940013576,NA,1
20211105,46,TC,b_05,decreasing,14,c_13,B,42.516794917917935,NA,1
20211105,46,TC,b_06,decreasing,14,c_11,B,38.2012076572056,NA,1
20211105,46,TC,b_07,decreasing,10,c_06,B,37.05562039649328,NA,1
20211105,46,TC,b_08,decreasing,7,c_01,B,38.47003313578096,NA,1
20211105,46,TC,b_09,decreasing,7,c_02,C,42.644445875068634,NA,1
20211105,46,TC,b_10,decreasing,10,c_07,C,38.728858614356305,NA,1
20211105,46,TC,b_11,decreasing,10,c_08,C,38.94327135364398,NA,1
20211105,46,TC,b_12,decreasing,14,c_14,C,37.56768409293166,NA,1
20211105,46,TC,b_13,constant,10,c_06,D,34.56774541781876,NA,1
20211105,46,TC,b_14,constant,7,c_03,D,34.106762753116875,NA,1
20211105,46,TC,b_15,constant,14,c_14,D,32.55578008841498,NA,1
20211105,46,TC,b_16,constant,14,c_15,D,33.27479742371309,NA,1
20211105,46,TC,b_17,decreasing,7,c_05,E,36.96974778937003,NA,1
20211105,46,TC,b_18,decreasing,7,c_04,E,58.79416052865771,NA,1
20211105,46,TC,b_19,decreasing,14,c_12,E,39.82857326794539,NA,1
20211105,46,TC,b_20,decreasing,10,c_09,E,41.05298600723306,NA,1
20211105,46,TC,b_21,constant,10,c_07,F,37.69988410020365,NA,1
20211105,46,TC,b_22,constant,10,c_10,F,50.23890143550176,NA,1
20211105,46,TC,b_23,constant,7,c_04,F,52.727918770799874,NA,1
20211105,46,TC,b_24,constant,14,c_13,F,37.936936106097974,NA,1
20211105,46,TC,b_25,decreasing,7,c_03,G,34.275049703671435,NA,1
20211105,46,TC,b_26,decreasing,14,c_15,G,32.25946244295911,NA,1
20211105,46,TC,b_27,decreasing,10,c_10,G,50.38387518224679,NA,1
20211105,46,TC,b_28,constant,10,c_09,H,39.88300544729042,NA,1
20211105,46,TC,b_29,constant,14,c_12,H,35.55202278258853,NA,1
20211105,46,TC,b_30,constant,7,c_01,H,32.011040117886644,NA,1
20211105,46,TN,b_01,constant,10,c_08,A,1.678796297829362,NA,1
20211105,46,TN,b_02,constant,7,c_02,A,2.0048865009851475,NA,1
20211105,46,TN,b_03,constant,14,c_11,A,1.5909767041409337,NA,1
20211105,46,TN,b_04,constant,7,c_05,A,1.7170669072967197,NA,1
20211105,46,TN,b_05,decreasing,14,c_13,B,1.9075494669872948,NA,1
20211105,46,TN,b_06,decreasing,14,c_11,B,1.675212353019143,NA,1
20211105,46,TN,b_07,decreasing,10,c_06,B,1.6928752390509914,NA,1
20211105,46,TN,b_08,decreasing,7,c_01,B,1.5605381250828394,NA,1
20211105,46,TN,b_09,decreasing,7,c_02,C,1.9382010111146877,NA,1
20211105,46,TN,b_10,decreasing,10,c_07,C,1.6858638971465358,NA,1
20211105,46,TN,b_11,decreasing,10,c_08,C,1.683526783178384,NA,1
20211105,46,TN,b_12,decreasing,14,c_14,C,1.7111896692102324,NA,1
20211105,46,TN,b_13,constant,10,c_06,D,1.5718787356987924,NA,1
20211105,46,TN,b_14,constant,7,c_03,D,1.7079689388545782,NA,1
20211105,46,TN,b_15,constant,14,c_14,D,1.4840591420103642,NA,1
20211105,46,TN,b_16,constant,14,c_15,D,1.5601493451661501,NA,1
20211105,46,TN,b_17,decreasing,7,c_05,E,1.5595040993694733,NA,1
20211105,46,TN,b_18,decreasing,7,c_04,E,2.727166985401322,NA,1
20211105,46,TN,b_19,decreasing,14,c_12,E,1.7248298714331698,NA,1
20211105,46,TN,b_20,decreasing,10,c_09,E,1.822492757465018,NA,1
20211105,46,TN,b_21,constant,10,c_07,F,1.6506003609450794,NA,1
20211105,46,TN,b_22,constant,10,c_10,F,2.4266905641008654,NA,1
20211105,46,TN,b_23,constant,7,c_04,F,2.5127807672566513,NA,1
20211105,46,TN,b_24,constant,14,c_13,F,1.7088709704124367,NA,1
20211105,46,TN,b_25,decreasing,7,c_03,G,1.590807187624259,NA,1
20211105,46,TN,b_26,decreasing,14,c_15,G,1.4884700736561074,NA,1
20211105,46,TN,b_27,decreasing,10,c_10,G,2.3861329596879552,NA,1
20211105,46,TN,b_28,constant,10,c_09,H,1.8632317830355802,NA,1
20211105,46,TN,b_29,constant,14,c_12,H,1.5993219861913666,NA,1
20211105,46,TN,b_30,constant,7,c_01,H,1.405412189347152,NA,1
20211105,46,TOC,b_01,constant,10,c_08,A,35.60574018577081,NA,1
20211105,46,TOC,b_02,constant,7,c_02,A,41.13108664337632,NA,1
20211105,46,TOC,b_03,constant,14,c_11,A,33.556433100981835,NA,1
20211105,46,TOC,b_04,constant,7,c_05,A,35.76177955858734,NA,1
20211105,46,TOC,b_05,decreasing,14,c_13,B,40.18689110635639,NA,1
20211105,46,TOC,b_06,decreasing,14,c_11,B,35.88711340010982,NA,1
20211105,46,TOC,b_07,decreasing,10,c_06,B,34.867335693863254,NA,1
20211105,46,TOC,b_08,decreasing,7,c_01,B,33.397557987616686,NA,1
20211105,46,TOC,b_09,decreasing,7,c_02,C,40.27778028137012,NA,1
20211105,46,TOC,b_10,decreasing,10,c_07,C,36.06800257512355,NA,1
20211105,46,TOC,b_11,decreasing,10,c_08,C,36.81822486887698,NA,1
20211105,46,TOC,b_12,decreasing,14,c_14,C,35.37844716263041,NA,1
20211105,46,TOC,b_13,constant,10,c_06,D,32.999897677036934,NA,1
20211105,46,TOC,b_14,constant,7,c_03,D,32.42524413464245,NA,1
20211105,46,TOC,b_15,constant,14,c_14,D,31.02059059224795,NA,1
20211105,46,TOC,b_16,constant,14,c_15,D,31.515937049853463,NA,1
20211105,46,TOC,b_17,decreasing,7,c_05,E,34.689558631397574,NA,1
20211105,46,TOC,b_18,decreasing,7,c_04,E,55.72978092515101,NA,1
20211105,46,TOC,b_19,decreasing,14,c_12,E,37.11000321890444,NA,1
20211105,46,TOC,b_20,decreasing,10,c_09,E,38.630225512657866,NA,1
20211105,46,TOC,b_21,constant,10,c_07,F,34.92266933788102,NA,1
20211105,46,TOC,b_22,constant,10,c_10,F,47.738015795486525,NA,1
20211105,46,TOC,b_23,constant,7,c_04,F,51.19336225309204,NA,1
20211105,46,TOC,b_24,constant,14,c_13,F,35.698708710697545,NA,1
20211105,46,TOC,b_25,decreasing,7,c_03,G,31.531336981425028,NA,1
20211105,46,TOC,b_26,decreasing,14,c_15,G,29.50155927517846,NA,1
20211105,46,TOC,b_27,decreasing,10,c_10,G,47.931781568931896,NA,1
20211105,46,TOC,b_28,constant,10,c_09,H,38.28009454111959,NA,1
20211105,46,TOC,b_29,constant,14,c_12,H,34.245440998725094,NA,1
20211105,46,TOC,b_30,constant,7,c_01,H,29.210787456330607,NA,1
20211108,49,IC,b_01,constant,10,c_08,A,6.61,NA,1
20211108,49,IC,b_02,constant,7,c_02,A,6.1910949219332085,NA,1
20211108,49,IC,b_03,constant,14,c_11,A,6.302189843866417,NA,1
20211108,49,IC,b_04,constant,7,c_05,A,6.333284765799625,NA,1
20211108,49,IC,b_05,decreasing,14,c_13,B,6.15,NA,1
20211108,49,IC,b_06,decreasing,14,c_11,B,6.402276901520459,NA,1
20211108,49,IC,b_07,decreasing,10,c_06,B,6.254553803040918,NA,1
20211108,49,IC,b_08,decreasing,7,c_01,B,6.956830704561377,NA,1
20211108,49,IC,b_09,decreasing,7,c_02,C,6.029107606081835,NA,1
20211108,49,IC,b_10,decreasing,10,c_07,C,6.4413845076022955,NA,1
20211108,49,IC,b_11,decreasing,10,c_08,C,6.103661409122754,NA,1
20211108,49,IC,b_12,decreasing,14,c_14,C,5.965938310643212,NA,1
20211108,49,IC,b_13,constant,10,c_06,D,6.463139063198503,NA,1
20211108,49,IC,b_14,constant,7,c_03,D,6.434233985131711,NA,1
20211108,49,IC,b_15,constant,14,c_14,D,5.825328907064921,NA,1
20211108,49,IC,b_16,constant,14,c_15,D,6.466423828998129,NA,1
20211108,49,IC,b_17,decreasing,7,c_05,E,6.317322818245508,NA,1
20211108,49,IC,b_18,decreasing,7,c_04,E,5.979599719765966,NA,1
20211108,49,IC,b_19,decreasing,14,c_12,E,6.551876621286426,NA,1
20211108,49,IC,b_20,decreasing,10,c_09,E,6.304153522806884,NA,1
20211108,49,IC,b_21,constant,10,c_07,F,6.321898438664172,NA,1
20211108,49,IC,b_22,constant,10,c_10,F,6.682993360597381,NA,1
20211108,49,IC,b_23,constant,7,c_04,F,6.274088282530589,NA,1
20211108,49,IC,b_24,constant,14,c_13,F,6.335183204463798,NA,1
20211108,49,IC,b_25,decreasing,7,c_03,G,6.725538030409179,NA,1
20211108,49,IC,b_26,decreasing,14,c_15,G,6.557814931929638,NA,1
20211108,49,IC,b_27,decreasing,10,c_10,G,6.340091833450097,NA,1
20211108,49,IC,b_28,constant,10,c_09,H,6.469562892196632,NA,1
20211108,49,IC,b_29,constant,14,c_12,H,6.85065781412984,NA,1
20211108,49,IC,b_30,constant,7,c_01,H,7.56175273606305,NA,1
20211108,49,TC,b_01,constant,10,c_08,A,41.32,NA,1
20211108,49,TC,b_02,constant,7,c_02,A,46.25835720317234,NA,1
20211108,49,TC,b_03,constant,14,c_11,A,36.926714406344686,NA,1
20211108,49,TC,b_04,constant,7,c_05,A,40.145071609517025,NA,1
20211108,49,TC,b_05,decreasing,14,c_13,B,42.36,NA,1
20211108,49,TC,b_06,decreasing,14,c_11,B,42.09002139624714,NA,1
20211108,49,TC,b_07,decreasing,10,c_06,B,38.010042792494275,NA,1
20211108,49,TC,b_08,decreasing,7,c_01,B,34.27006418874141,NA,1
20211108,49,TC,b_09,decreasing,7,c_02,C,38.53008558498855,NA,1
20211108,49,TC,b_10,decreasing,10,c_07,C,39.51010698123568,NA,1
20211108,49,TC,b_11,decreasing,10,c_08,C,38.41012837748282,NA,1
20211108,49,TC,b_12,decreasing,14,c_14,C,33.00014977372996,NA,1
20211108,49,TC,b_13,constant,10,c_06,D,38.53028643806812,NA,1
20211108,49,TC,b_14,constant,7,c_03,D,37.11864364124045,NA,1
20211108,49,TC,b_15,constant,14,c_14,D,31.997000844412803,NA,1
20211108,49,TC,b_16,constant,14,c_15,D,38.625358047585145,NA,1
20211108,49,TC,b_17,decreasing,7,c_05,E,40.40025675496563,NA,1
20211108,49,TC,b_18,decreasing,7,c_04,E,53.66027815121277,NA,1
20211108,49,TC,b_19,decreasing,14,c_12,E,37.530299547459904,NA,1
20211108,49,TC,b_20,decreasing,10,c_09,E,36.95032094370704,NA,1
20211108,49,TC,b_21,constant,10,c_07,F,38.88714406344686,NA,1
20211108,49,TC,b_22,constant,10,c_10,F,57.1855012666192,NA,1
20211108,49,TC,b_23,constant,7,c_04,F,55.643858469791546,NA,1
20211108,49,TC,b_24,constant,14,c_13,F,38.59221567296389,NA,1
20211108,49,TC,b_25,decreasing,7,c_03,G,36.82042792494273,NA,1
20211108,49,TC,b_26,decreasing,14,c_15,G,32.51044932118986,NA,1
20211108,49,TC,b_27,decreasing,10,c_10,G,48.510470717437,NA,1
20211108,49,TC,b_28,constant,10,c_09,H,44.39564448565326,NA,1
20211108,49,TC,b_29,constant,14,c_12,H,43.94400168882561,NA,1
20211108,49,TC,b_30,constant,7,c_01,H,39.702358891997946,NA,1
20211108,49,TN,b_01,constant,10,c_08,A,0.76,NA,1
20211108,49,TN,b_02,constant,7,c_02,A,0.9094771263473351,NA,1
20211108,49,TN,b_03,constant,14,c_11,A,0.5989542526946702,NA,1
20211108,49,TN,b_04,constant,7,c_05,A,0.6584313790420053,NA,1
20211108,49,TN,b_05,decreasing,14,c_13,B,0.72,NA,1
20211108,49,TN,b_06,decreasing,14,c_11,B,0.6783888436559181,NA,1
20211108,49,TN,b_07,decreasing,10,c_06,B,0.6367776873118361,NA,1
20211108,49,TN,b_08,decreasing,7,c_01,B,0.5251665309677542,NA,1
20211108,49,TN,b_09,decreasing,7,c_02,C,0.6735553746236722,NA,1
20211108,49,TN,b_10,decreasing,10,c_07,C,0.6319442182795902,NA,1
20211108,49,TN,b_11,decreasing,10,c_08,C,0.6103330619355083,NA,1
20211108,49,TN,b_12,decreasing,14,c_14,C,0.5487219055914264,NA,1
20211108,49,TN,b_13,constant,10,c_06,D,0.6437255161680215,NA,1
20211108,49,TN,b_14,constant,7,c_03,D,0.6732026425153567,NA,1
20211108,49,TN,b_15,constant,14,c_14,D,0.5126797688626918,NA,1
20211108,49,TN,b_16,constant,14,c_15,D,0.672156895210027,NA,1
20211108,49,TN,b_17,decreasing,7,c_05,E,0.6806661238710165,NA,1
20211108,49,TN,b_18,decreasing,7,c_04,E,0.9590549675269346,NA,1
20211108,49,TN,b_19,decreasing,14,c_12,E,0.6174438111828527,NA,1
20211108,49,TN,b_20,decreasing,10,c_09,E,0.6058326548387708,NA,1
20211108,49,TN,b_21,constant,10,c_07,F,0.6295425269467025,NA,1
20211108,49,TN,b_22,constant,10,c_10,F,1.0490196532940377,NA,1
20211108,49,TN,b_23,constant,7,c_04,F,0.9984967796413728,NA,1
20211108,49,TN,b_24,constant,14,c_13,F,0.647973905988708,NA,1
20211108,49,TN,b_25,decreasing,7,c_03,G,0.6477768731183611,NA,1
20211108,49,TN,b_26,decreasing,14,c_15,G,0.5261657167742791,NA,1
20211108,49,TN,b_27,decreasing,10,c_10,G,0.824554560430197,NA,1
20211108,49,TN,b_28,constant,10,c_09,H,0.7758824113780485,NA,1
20211108,49,TN,b_29,constant,14,c_12,H,0.7553595377253836,NA,1
20211108,49,TN,b_30,constant,7,c_01,H,0.6548366640727188,NA,1
20211108,49,TOC,b_01,constant,10,c_08,A,34.71,NA,1
20211108,49,TOC,b_02,constant,7,c_02,A,40.067262281239124,NA,1
20211108,49,TOC,b_03,constant,14,c_11,A,30.624524562478264,NA,1
20211108,49,TOC,b_04,constant,7,c_05,A,33.8117868437174,NA,1
20211108,49,TOC,b_05,decreasing,14,c_13,B,36.21,NA,1
20211108,49,TOC,b_06,decreasing,14,c_11,B,35.68774449472669,NA,1
20211108,49,TOC,b_07,decreasing,10,c_06,B,31.755488989453358,NA,1
20211108,49,TOC,b_08,decreasing,7,c_01,B,27.313233484180028,NA,1
20211108,49,TOC,b_09,decreasing,7,c_02,C,32.50097797890671,NA,1
20211108,49,TOC,b_10,decreasing,10,c_07,C,33.06872247363338,NA,1
20211108,49,TOC,b_11,decreasing,10,c_08,C,32.30646696836006,NA,1
20211108,49,TOC,b_12,decreasing,14,c_14,C,27.034211463086745,NA,1
20211108,49,TOC,b_13,constant,10,c_06,D,32.067147374869606,NA,1
20211108,49,TOC,b_14,constant,7,c_03,D,30.684409656108738,NA,1
20211108,49,TOC,b_15,constant,14,c_14,D,26.171671937347877,NA,1
20211108,49,TOC,b_16,constant,14,c_15,D,32.158934218587014,NA,1
20211108,49,TOC,b_17,decreasing,7,c_05,E,34.08293393672013,NA,1
20211108,49,TOC,b_18,decreasing,7,c_04,E,47.68067843144681,NA,1
20211108,49,TOC,b_19,decreasing,14,c_12,E,30.978422926173476,NA,1
20211108,49,TOC,b_20,decreasing,10,c_09,E,30.646167420900156,NA,1
20211108,49,TOC,b_21,constant,10,c_07,F,32.56524562478268,NA,1
20211108,49,TOC,b_22,constant,10,c_10,F,50.50250790602182,NA,1
20211108,49,TOC,b_23,constant,7,c_04,F,49.36977018726095,NA,1
20211108,49,TOC,b_24,constant,14,c_13,F,32.257032468500086,NA,1
20211108,49,TOC,b_25,decreasing,7,c_03,G,30.094889894533548,NA,1
20211108,49,TOC,b_26,decreasing,14,c_15,G,25.95263438926022,NA,1
20211108,49,TOC,b_27,decreasing,10,c_10,G,42.1703788839869,NA,1
20211108,49,TOC,b_28,constant,10,c_09,H,37.926081593456615,NA,1
20211108,49,TOC,b_29,constant,14,c_12,H,37.093343874695755,NA,1
20211108,49,TOC,b_30,constant,7,c_01,H,32.14060615593489,NA,1
20211110,51,IC,b_01,constant,10,c_08,A,6.223942579929466,NA,1
20211110,51,IC,b_02,constant,7,c_02,A,5.695037501862676,NA,1
20211110,51,IC,b_03,constant,14,c_11,A,5.946132423795884,NA,1
20211110,51,IC,b_04,constant,7,c_05,A,5.707227345729092,NA,1
20211110,51,IC,b_05,decreasing,14,c_13,B,6.460583947134228,NA,1
20211110,51,IC,b_06,decreasing,14,c_11,B,5.772860848654687,NA,1
20211110,51,IC,b_07,decreasing,10,c_06,B,5.845137750175145,NA,1
20211110,51,IC,b_08,decreasing,7,c_01,B,7.127414651695604,NA,1
20211110,51,IC,b_09,decreasing,7,c_02,C,5.869691553216064,NA,1
20211110,51,IC,b_10,decreasing,10,c_07,C,6.731968454736522,NA,1
20211110,51,IC,b_11,decreasing,10,c_08,C,5.964245356256981,NA,1
20211110,51,IC,b_12,decreasing,14,c_14,C,6.076522257777441,NA,1
20211110,51,IC,b_13,constant,10,c_06,D,5.75708164312797,NA,1
20211110,51,IC,b_14,constant,7,c_03,D,5.788176565061178,NA,1
20211110,51,IC,b_15,constant,14,c_14,D,5.649271486994387,NA,1
20211110,51,IC,b_16,constant,14,c_15,D,6.100366408927596,NA,1
20211110,51,IC,b_17,decreasing,7,c_05,E,5.797906765379735,NA,1
20211110,51,IC,b_18,decreasing,7,c_04,E,6.860183666900195,NA,1
20211110,51,IC,b_19,decreasing,14,c_12,E,6.4324605684206535,NA,1
20211110,51,IC,b_20,decreasing,10,c_09,E,6.114737469941112,NA,1
20211110,51,IC,b_21,constant,10,c_07,F,6.535841018593639,NA,1
20211110,51,IC,b_22,constant,10,c_10,F,6.886935940526847,NA,1
20211110,51,IC,b_23,constant,7,c_04,F,6.008030862460057,NA,1
20211110,51,IC,b_24,constant,14,c_13,F,6.349125784393265,NA,1
20211110,51,IC,b_25,decreasing,7,c_03,G,6.376121977543407,NA,1
20211110,51,IC,b_26,decreasing,14,c_15,G,6.228398879063866,NA,1
20211110,51,IC,b_27,decreasing,10,c_10,G,6.550675780584325,NA,1
20211110,51,IC,b_28,constant,10,c_09,H,6.563505472126099,NA,1
20211110,51,IC,b_29,constant,14,c_12,H,6.334600394059308,NA,1
20211110,51,IC,b_30,constant,7,c_01,H,7.155695315992517,NA,1
20211110,51,TC,b_01,constant,10,c_08,A,38.71907329834263,NA,1
20211110,51,TC,b_02,constant,7,c_02,A,39.81743050151498,NA,1
20211110,51,TC,b_03,constant,14,c_11,A,31.58578770468732,NA,1
20211110,51,TC,b_04,constant,7,c_05,A,29.564144907859664,NA,1
20211110,51,TC,b_05,decreasing,14,c_13,B,42.77066328366122,NA,1
20211110,51,TC,b_06,decreasing,14,c_11,B,33.240684679908355,NA,1
20211110,51,TC,b_07,decreasing,10,c_06,B,33.47070607615549,NA,1
20211110,51,TC,b_08,decreasing,7,c_01,B,36.34072747240263,NA,1
20211110,51,TC,b_09,decreasing,7,c_02,C,38.19074886864976,NA,1
20211110,51,TC,b_10,decreasing,10,c_07,C,39.6607702648969,NA,1
20211110,51,TC,b_11,decreasing,10,c_08,C,37.710791661144036,NA,1
20211110,51,TC,b_12,decreasing,14,c_14,C,36.50081305739117,NA,1
20211110,51,TC,b_13,constant,10,c_06,D,34.90935973641075,NA,1
20211110,51,TC,b_14,constant,7,c_03,D,31.527716939583094,NA,1
20211110,51,TC,b_15,constant,14,c_14,D,34.00607414275543,NA,1
20211110,51,TC,b_16,constant,14,c_15,D,34.544431345927784,NA,1
20211110,51,TC,b_17,decreasing,7,c_05,E,34.200920038626855,NA,1
20211110,51,TC,b_18,decreasing,7,c_04,E,62.240941434873996,NA,1
20211110,51,TC,b_19,decreasing,14,c_12,E,37.10096283112112,NA,1
20211110,51,TC,b_20,decreasing,10,c_09,E,34.23098422736825,NA,1
20211110,51,TC,b_21,constant,10,c_07,F,38.74621736178949,NA,1
20211110,51,TC,b_22,constant,10,c_10,F,57.81457456496184,NA,1
20211110,51,TC,b_23,constant,7,c_04,F,53.782931768134176,NA,1
20211110,51,TC,b_24,constant,14,c_13,F,39.491288971306524,NA,1
20211110,51,TC,b_25,decreasing,7,c_03,G,34.11109120860394,NA,1
20211110,51,TC,b_26,decreasing,14,c_15,G,30.411112604851077,NA,1
20211110,51,TC,b_27,decreasing,10,c_10,G,51.10113400109822,NA,1
20211110,51,TC,b_28,constant,10,c_09,H,43.8747177839959,NA,1
20211110,51,TC,b_29,constant,14,c_12,H,39.213074987168234,NA,1
20211110,51,TC,b_30,constant,7,c_01,H,35.99143219034058,NA,1
20211110,51,TN,b_01,constant,10,c_08,A,0.663790916767389,NA,1
20211110,51,TN,b_02,constant,7,c_02,A,0.7132680431147241,NA,1
20211110,51,TN,b_03,constant,14,c_11,A,0.5327451694620593,NA,1
20211110,51,TN,b_04,constant,7,c_05,A,0.4522222958093943,NA,1
20211110,51,TN,b_05,decreasing,14,c_13,B,0.7100541533334596,NA,1
20211110,51,TN,b_06,decreasing,14,c_11,B,0.48844299698937765,NA,1
20211110,51,TN,b_07,decreasing,10,c_06,B,0.5368318406452957,NA,1
20211110,51,TN,b_08,decreasing,7,c_01,B,0.5752206843012138,NA,1
20211110,51,TN,b_09,decreasing,7,c_02,C,0.6436095279571317,NA,1
20211110,51,TN,b_10,decreasing,10,c_07,C,0.6319983716130497,NA,1
20211110,51,TN,b_11,decreasing,10,c_08,C,0.6103872152689679,NA,1
20211110,51,TN,b_12,decreasing,14,c_14,C,0.608776058924886,NA,1
20211110,51,TN,b_13,constant,10,c_06,D,0.5875164329354106,NA,1
20211110,51,TN,b_14,constant,7,c_03,D,0.5769935592827456,NA,1
20211110,51,TN,b_15,constant,14,c_14,D,0.5664706856300807,NA,1
20211110,51,TN,b_16,constant,14,c_15,D,0.585947811977416,NA,1
20211110,51,TN,b_17,decreasing,7,c_05,E,0.5207202772044761,NA,1
20211110,51,TN,b_18,decreasing,7,c_04,E,1.0891091208603942,NA,1
20211110,51,TN,b_19,decreasing,14,c_12,E,0.5674979645163123,NA,1
20211110,51,TN,b_20,decreasing,10,c_09,E,0.5358868081722303,NA,1
20211110,51,TN,b_21,constant,10,c_07,F,0.6533334437140916,NA,1
20211110,51,TN,b_22,constant,10,c_10,F,1.0528105700614268,NA,1
20211110,51,TN,b_23,constant,7,c_04,F,0.9822876964087619,NA,1
20211110,51,TN,b_24,constant,14,c_13,F,0.6617648227560969,NA,1
20211110,51,TN,b_25,decreasing,7,c_03,G,0.5978310264518206,NA,1
20211110,51,TN,b_26,decreasing,14,c_15,G,0.4962198701077386,NA,1
20211110,51,TN,b_27,decreasing,10,c_10,G,0.9146087137636567,NA,1
20211110,51,TN,b_28,constant,10,c_09,H,0.8096733281454375,NA,1
20211110,51,TN,b_29,constant,14,c_12,H,0.6891504544927726,NA,1
20211110,51,TN,b_30,constant,7,c_01,H,0.6086275808401078,NA,1
20211110,51,TOC,b_01,constant,10,c_08,A,32.49513071841316,NA,1
20211110,51,TOC,b_02,constant,7,c_02,A,34.122392999652284,NA,1
20211110,51,TOC,b_03,constant,14,c_11,A,25.639655280891425,NA,1
20211110,51,TOC,b_04,constant,7,c_05,A,23.856917562130562,NA,1
20211110,51,TOC,b_05,decreasing,14,c_13,B,36.31007933652699,NA,1
20211110,51,TOC,b_06,decreasing,14,c_11,B,27.467823831253664,NA,1
20211110,51,TOC,b_07,decreasing,10,c_06,B,27.62556832598034,NA,1
20211110,51,TOC,b_08,decreasing,7,c_01,B,29.213312820707024,NA,1
20211110,51,TOC,b_09,decreasing,7,c_02,C,32.3210573154337,NA,1
20211110,51,TOC,b_10,decreasing,10,c_07,C,32.92880181016038,NA,1
20211110,51,TOC,b_11,decreasing,10,c_08,C,31.746546304887055,NA,1
20211110,51,TOC,b_12,decreasing,14,c_14,C,30.42429079961373,NA,1
20211110,51,TOC,b_13,constant,10,c_06,D,29.152278093282767,NA,1
20211110,51,TOC,b_14,constant,7,c_03,D,25.7395403745219,NA,1
20211110,51,TOC,b_15,constant,14,c_14,D,28.356802655761033,NA,1
20211110,51,TOC,b_16,constant,14,c_15,D,28.444064937000178,NA,1
20211110,51,TOC,b_17,decreasing,7,c_05,E,28.403013273247115,NA,1
20211110,51,TOC,b_18,decreasing,7,c_04,E,55.3807577679738,NA,1
20211110,51,TOC,b_19,decreasing,14,c_12,E,30.66850226270047,NA,1
20211110,51,TOC,b_20,decreasing,10,c_09,E,28.11624675742714,NA,1
20211110,51,TOC,b_21,constant,10,c_07,F,32.21037634319584,NA,1
20211110,51,TOC,b_22,constant,10,c_10,F,50.92763862443498,NA,1
20211110,51,TOC,b_23,constant,7,c_04,F,47.77490090567411,NA,1
20211110,51,TOC,b_24,constant,14,c_13,F,33.142163186913244,NA,1
20211110,51,TOC,b_25,decreasing,7,c_03,G,27.73496923106053,NA,1
20211110,51,TOC,b_26,decreasing,14,c_15,G,24.182713725787206,NA,1
20211110,51,TOC,b_27,decreasing,10,c_10,G,44.55045822051389,NA,1
20211110,51,TOC,b_28,constant,10,c_09,H,37.31121231186979,NA,1
20211110,51,TOC,b_29,constant,14,c_12,H,32.87847459310891,NA,1
20211110,51,TOC,b_30,constant,7,c_01,H,28.83573687434805,NA,1
20211112,53,IC,b_01,constant,10,c_08,A,0.92,NA,1
20211112,53,IC,b_02,constant,7,c_02,A,0.8305741754573375,NA,1
20211112,53,IC,b_03,constant,14,c_11,A,0.5811483509146748,NA,1
20211112,53,IC,b_04,constant,7,c_05,A,0.9717225263720123,NA,1
20211112,53,IC,b_05,decreasing,14,c_13,B,1.61,NA,1
20211112,53,IC,b_06,decreasing,14,c_11,B,0.9125714654171861,NA,1
20211112,53,IC,b_07,decreasing,10,c_06,B,0.9151429308343724,NA,1
20211112,53,IC,b_08,decreasing,7,c_01,B,2.617714396251558,NA,1
20211112,53,IC,b_09,decreasing,7,c_02,C,1.1502858616687441,NA,1
20211112,53,IC,b_10,decreasing,10,c_07,C,1.9728573270859302,NA,1
20211112,53,IC,b_11,decreasing,10,c_08,C,1.1154287925031166,NA,1
20211112,53,IC,b_12,decreasing,14,c_14,C,1.0380002579203027,NA,1
20211112,53,IC,b_13,constant,10,c_06,D,0.8068901054880486,NA,1
20211112,53,IC,b_14,constant,7,c_03,D,1.1974642809453862,NA,1
20211112,53,IC,b_15,constant,14,c_14,D,0.7280384564027238,NA,1
20211112,53,IC,b_16,constant,14,c_15,D,0.758612631860061,NA,1
20211112,53,IC,b_17,decreasing,7,c_05,E,1.0808575850062327,NA,1
20211112,53,IC,b_18,decreasing,7,c_04,E,1.523429050423419,NA,1
20211112,53,IC,b_19,decreasing,14,c_12,E,1.616000515840605,NA,1
20211112,53,IC,b_20,decreasing,10,c_09,E,1.4885719812577909,NA,1
20211112,53,IC,b_21,constant,10,c_07,F,1.801483509146748,NA,1
20211112,53,IC,b_22,constant,10,c_10,F,1.1320576846040855,NA,1
20211112,53,IC,b_23,constant,7,c_04,F,1.0726318600614229,NA,1
20211112,53,IC,b_24,constant,14,c_13,F,1.2232060355187602,NA,1
20211112,53,IC,b_25,decreasing,7,c_03,G,1.6014293083437212,NA,1
20211112,53,IC,b_26,decreasing,14,c_15,G,1.6740007737609073,NA,1
20211112,53,IC,b_27,decreasing,10,c_10,G,1.8165722391780936,NA,1
20211112,53,IC,b_28,constant,10,c_09,H,1.2455027373481102,NA,1
20211112,53,IC,b_29,constant,14,c_12,H,1.2760769128054474,NA,1
20211112,53,IC,b_30,constant,7,c_01,H,2.1266510882627845,NA,1
20211112,53,TC,b_01,constant,10,c_08,A,34.34,NA,1
20211112,53,TC,b_02,constant,7,c_02,A,38.38714737170071,NA,1
20211112,53,TC,b_03,constant,14,c_11,A,35.15429474340143,NA,1
20211112,53,TC,b_04,constant,7,c_05,A,34.21144211510215,NA,1
20211112,53,TC,b_05,decreasing,14,c_13,B,35.87,NA,1
20211112,53,TC,b_06,decreasing,14,c_11,B,31.653071830804286,NA,1
20211112,53,TC,b_07,decreasing,10,c_06,B,30.306143661608566,NA,1
20211112,53,TC,b_08,decreasing,7,c_01,B,30.40921549241284,NA,1
20211112,53,TC,b_09,decreasing,7,c_02,C,45.02228732321713,NA,1
20211112,53,TC,b_10,decreasing,10,c_07,C,29.305359154021406,NA,1
20211112,53,TC,b_11,decreasing,10,c_08,C,34.57843098482569,NA,1
20211112,53,TC,b_12,decreasing,14,c_14,C,30.56150281562997,NA,1
20211112,53,TC,b_13,constant,10,c_06,D,32.63576846040859,NA,1
20211112,53,TC,b_14,constant,7,c_03,D,34.132915832109305,NA,1
20211112,53,TC,b_15,constant,14,c_14,D,34.730063203810026,NA,1
20211112,53,TC,b_16,constant,14,c_15,D,30.58721057551074,NA,1
20211112,53,TC,b_17,decreasing,7,c_05,E,36.966861969651376,NA,1
20211112,53,TC,b_18,decreasing,7,c_04,E,56.729933800455655,NA,1
20211112,53,TC,b_19,decreasing,14,c_12,E,32.273005631259934,NA,1
20211112,53,TC,b_20,decreasing,10,c_09,E,38.35607746206422,NA,1
20211112,53,TC,b_21,constant,10,c_07,F,38.47294743401432,NA,1
20211112,53,TC,b_22,constant,10,c_10,F,45.280094805715045,NA,1
20211112,53,TC,b_23,constant,7,c_04,F,49.287242177415756,NA,1
20211112,53,TC,b_24,constant,14,c_13,F,36.80438954911647,NA,1
20211112,53,TC,b_25,decreasing,7,c_03,G,32.65143661608562,NA,1
20211112,53,TC,b_26,decreasing,14,c_15,G,29.354508446889902,NA,1
20211112,53,TC,b_27,decreasing,10,c_10,G,44.75758027769418,NA,1
20211112,53,TC,b_28,constant,10,c_09,H,36.82297903591934,NA,1
20211112,53,TC,b_29,constant,14,c_12,H,35.57012640762006,NA,1
20211112,53,TC,b_30,constant,7,c_01,H,28.737273779320766,NA,1
20211112,53,TN,b_01,constant,10,c_08,A,0.64,NA,1
20211112,53,TN,b_02,constant,7,c_02,A,0.7596267859527307,NA,1
20211112,53,TN,b_03,constant,14,c_11,A,0.6892535719054614,NA,1
20211112,53,TN,b_04,constant,7,c_05,A,0.6788803578581921,NA,1
20211112,53,TN,b_05,decreasing,14,c_13,B,0.6,NA,1
20211112,53,TN,b_06,decreasing,14,c_11,B,0.5672312255513047,NA,1
20211112,53,TN,b_07,decreasing,10,c_06,B,0.5344624511026093,NA,1
20211112,53,TN,b_08,decreasing,7,c_01,B,0.521693676653914,NA,1
20211112,53,TN,b_09,decreasing,7,c_02,C,0.8789249022052186,NA,1
20211112,53,TN,b_10,decreasing,10,c_07,C,0.5461561277565232,NA,1
20211112,53,TN,b_11,decreasing,10,c_08,C,0.6733873533078278,NA,1
20211112,53,TN,b_12,decreasing,14,c_14,C,0.6606185788591326,NA,1
20211112,53,TN,b_13,constant,10,c_06,D,0.8055214314327681,NA,1
20211112,53,TN,b_14,constant,7,c_03,D,0.5751482173854989,NA,1
20211112,53,TN,b_15,constant,14,c_14,D,0.5647750033382295,NA,1
20211112,53,TN,b_16,constant,14,c_15,D,0.5344017892909603,NA,1
20211112,53,TN,b_17,decreasing,7,c_05,E,0.4867747066156558,NA,1
20211112,53,TN,b_18,decreasing,7,c_04,E,0.7040059321669604,NA,1
20211112,53,TN,b_19,decreasing,14,c_12,E,0.471237157718265,NA,1
20211112,53,TN,b_20,decreasing,10,c_09,E,0.5884683832695697,NA,1
20211112,53,TN,b_21,constant,10,c_07,F,0.5825357190546137,NA,1
20211112,53,TN,b_22,constant,10,c_10,F,0.6421625050073443,NA,1
20211112,53,TN,b_23,constant,7,c_04,F,0.641789290960075,NA,1
20211112,53,TN,b_24,constant,14,c_13,F,0.5914160769128057,NA,1
20211112,53,TN,b_25,decreasing,7,c_03,G,0.4346245110260929,NA,1
20211112,53,TN,b_26,decreasing,14,c_15,G,0.43185573657739756,NA,1
20211112,53,TN,b_27,decreasing,10,c_10,G,0.49908696212870224,NA,1
20211112,53,TN,b_28,constant,10,c_09,H,0.6199232207237284,NA,1
20211112,53,TN,b_29,constant,14,c_12,H,0.649550006676459,NA,1
20211112,53,TN,b_30,constant,7,c_01,H,0.6191767926291898,NA,1
20211112,53,TOC,b_01,constant,10,c_08,A,33.42,NA,1
20211112,53,TOC,b_02,constant,7,c_02,A,37.55657319624338,NA,1
20211112,53,TOC,b_03,constant,14,c_11,A,34.57314639248676,NA,1
20211112,53,TOC,b_04,constant,7,c_05,A,33.23971958873014,NA,1
20211112,53,TOC,b_05,decreasing,14,c_13,B,34.26,NA,1
20211112,53,TOC,b_06,decreasing,14,c_11,B,30.740500365387096,NA,1
20211112,53,TOC,b_07,decreasing,10,c_06,B,29.391000730774195,NA,1
20211112,53,TOC,b_08,decreasing,7,c_01,B,27.791501096161284,NA,1
20211112,53,TOC,b_09,decreasing,7,c_02,C,43.87200146154838,NA,1
20211112,53,TOC,b_10,decreasing,10,c_07,C,27.33250182693548,NA,1
20211112,53,TOC,b_11,decreasing,10,c_08,C,33.46300219232258,NA,1
20211112,53,TOC,b_12,decreasing,14,c_14,C,29.52350255770967,NA,1
20211112,53,TOC,b_13,constant,10,c_06,D,31.82887835492054,NA,1
20211112,53,TOC,b_14,constant,7,c_03,D,32.93545155116392,NA,1
20211112,53,TOC,b_15,constant,14,c_14,D,34.002024747407305,NA,1
20211112,53,TOC,b_16,constant,14,c_15,D,29.828597943650678,NA,1
20211112,53,TOC,b_17,decreasing,7,c_05,E,35.88600438464515,NA,1
20211112,53,TOC,b_18,decreasing,7,c_04,E,55.20650475003224,NA,1
20211112,53,TOC,b_19,decreasing,14,c_12,E,30.65700511541933,NA,1
20211112,53,TOC,b_20,decreasing,10,c_09,E,36.867505480806436,NA,1
20211112,53,TOC,b_21,constant,10,c_07,F,36.671463924867574,NA,1
20211112,53,TOC,b_22,constant,10,c_10,F,44.14803712111096,NA,1
20211112,53,TOC,b_23,constant,7,c_04,F,48.214610317354335,NA,1
20211112,53,TOC,b_24,constant,14,c_13,F,35.581183513597715,NA,1
20211112,53,TOC,b_25,decreasing,7,c_03,G,31.050007307741907,NA,1
20211112,53,TOC,b_26,decreasing,14,c_15,G,27.680507673129007,NA,1
20211112,53,TOC,b_27,decreasing,10,c_10,G,42.941008038516095,NA,1
20211112,53,TOC,b_28,constant,10,c_09,H,35.57747629857122,NA,1
20211112,53,TOC,b_29,constant,14,c_12,H,34.29404949481461,NA,1
20211112,53,TOC,b_30,constant,7,c_01,H,26.610622691057984,NA,1
20211115,56,IC,b_01,constant,10,c_08,A,0.5877994391774597,NA,1
20211115,56,IC,b_02,constant,7,c_02,A,0.5383736146347968,NA,1
20211115,56,IC,b_03,constant,14,c_11,A,0.018947790092134653,NA,1
20211115,56,IC,b_04,constant,7,c_05,A,0.479521965549472,NA,1
20211115,56,IC,b_05,decreasing,14,c_13,B,1.2197154279327682,NA,1
20211115,56,IC,b_06,decreasing,14,c_11,B,1.092286893349954,NA,1
20211115,56,IC,b_07,decreasing,10,c_06,B,1.0848583587671405,NA,1
20211115,56,IC,b_08,decreasing,7,c_01,B,4.148714912092164,NA,2
20211115,56,IC,b_09,decreasing,7,c_02,C,5.81854195011338,NA,1
20211115,56,IC,b_10,decreasing,10,c_07,C,6.167083900226758,NA,1
20211115,56,IC,b_11,decreasing,10,c_08,C,5.265625850340136,NA,1
20211115,56,IC,b_12,decreasing,14,c_14,C,5.664167800453515,NA,1
20211115,56,IC,b_13,constant,10,c_06,D,6.14,NA,1
20211115,56,IC,b_14,constant,7,c_03,D,6.2905434782608705,NA,1
20211115,56,IC,b_15,constant,14,c_14,D,5.20108695652174,NA,1
20211115,56,IC,b_16,constant,14,c_15,D,5.221630434782609,NA,1
20211115,56,IC,b_17,decreasing,7,c_05,E,5.766877551020409,NA,1
20211115,56,IC,b_18,decreasing,7,c_04,E,6.535419501133787,NA,1
20211115,56,IC,b_19,decreasing,14,c_12,E,6.013961451247166,NA,1
20211115,56,IC,b_20,decreasing,10,c_09,E,6.2225034013605445,NA,1
20211115,56,IC,b_21,constant,10,c_07,F,6.124347826086957,NA,1
20211115,56,IC,b_22,constant,10,c_10,F,6.084891304347827,NA,1
20211115,56,IC,b_23,constant,7,c_04,F,5.375434782608696,NA,1
20211115,56,IC,b_24,constant,14,c_13,F,5.915978260869566,NA,1
20211115,56,IC,b_25,decreasing,7,c_03,G,6.095213151927438,NA,1
20211115,56,IC,b_26,decreasing,14,c_15,G,5.336877551020407,NA,2
20211115,56,IC,b_27,decreasing,10,c_10,G,6.21,NA,1
20211115,56,IC,b_28,constant,10,c_09,H,6.41,NA,1
20211115,56,IC,b_29,constant,14,c_12,H,5.91,NA,1
20211115,56,IC,b_30,constant,7,c_01,H,6.410000000000002,NA,1
20211115,56,TC,b_01,constant,10,c_08,A,34.7215685227222,NA,1
20211115,56,TC,b_02,constant,7,c_02,A,44.64871589442293,NA,1
20211115,56,TC,b_03,constant,14,c_11,A,25.815863266123635,NA,1
20211115,56,TC,b_04,constant,7,c_05,A,33.133010637824356,NA,1
20211115,56,TC,b_05,decreasing,14,c_13,B,31.94522675493272,NA,1
20211115,56,TC,b_06,decreasing,14,c_11,B,33.828298585736995,NA,1
20211115,56,TC,b_07,decreasing,10,c_06,B,33.731370416541274,NA,1
20211115,56,TC,b_08,decreasing,7,c_01,B,40.38222112367278,NA,2
20211115,56,TC,b_09,decreasing,7,c_02,C,53.18937053861129,NA,1
20211115,56,TC,b_10,decreasing,10,c_07,C,47.05874107722259,NA,1
20211115,56,TC,b_11,decreasing,10,c_08,C,44.93811161583388,NA,1
20211115,56,TC,b_12,decreasing,14,c_14,C,48.87748215444517,NA,1
20211115,56,TC,b_13,constant,10,c_06,D,67.76,NA,1
20211115,56,TC,b_14,constant,7,c_03,D,45.65978260869566,NA,1
20211115,56,TC,b_15,constant,14,c_14,D,39.68956521739131,NA,1
20211115,56,TC,b_16,constant,14,c_15,D,40.68934782608697,NA,1
20211115,56,TC,b_17,decreasing,7,c_05,E,49.28433484750163,NA,1
20211115,56,TC,b_18,decreasing,7,c_04,E,72.35370538611292,NA,1
20211115,56,TC,b_19,decreasing,14,c_12,E,43.41307592472422,NA,1
20211115,56,TC,b_20,decreasing,10,c_09,E,47.75244646333551,NA,1
20211115,56,TC,b_21,constant,10,c_07,F,46.04826086956527,NA,1
20211115,56,TC,b_22,constant,10,c_10,F,57.048043478260915,NA,1
20211115,56,TC,b_23,constant,7,c_04,F,57.08782608695658,NA,1
20211115,56,TC,b_24,constant,14,c_13,F,44.92760869565223,NA,1
20211115,56,TC,b_25,decreasing,7,c_03,G,41.56929915639198,NA,1
20211115,56,TC,b_26,decreasing,14,c_15,G,35.87433484750163,NA,2
20211115,56,TC,b_27,decreasing,10,c_10,G,59.96902011680727,NA,2
20211115,56,TC,b_28,constant,10,c_09,H,46.86,NA,1
20211115,56,TC,b_29,constant,14,c_12,H,42.86500000000001,NA,1
20211115,56,TC,b_30,constant,7,c_01,H,46.86000000000002,NA,1
20211115,56,TN,b_01,constant,10,c_08,A,0.6884303645346511,NA,1
20211115,56,TN,b_02,constant,7,c_02,A,0.7580571504873819,NA,1
20211115,56,TN,b_03,constant,14,c_11,A,0.6876839364401125,NA,1
20211115,56,TN,b_04,constant,7,c_05,A,0.7273107223928432,NA,1
20211115,56,TN,b_05,decreasing,14,c_13,B,0.614167992090444,NA,1
20211115,56,TN,b_06,decreasing,14,c_11,B,0.6513992176417487,NA,1
20211115,56,TN,b_07,decreasing,10,c_06,B,0.6386304431930534,NA,1
20211115,56,TN,b_08,decreasing,7,c_01,B,0.705861668744358,NA,1
20211115,56,TN,b_15,constant,14,c_14,D,8.11,NA,1
20211115,56,TN,b_16,constant,14,c_15,D,8.172705882352941,NA,1
20211115,56,TN,b_17,decreasing,7,c_05,E,9.4,NA,1
20211115,56,TN,b_18,decreasing,7,c_04,E,16.366160220994473,NA,1
20211115,56,TN,b_19,decreasing,14,c_12,E,9.362320441988949,NA,1
20211115,56,TN,b_20,decreasing,10,c_09,E,10.018480662983425,NA,1
20211115,56,TN,b_21,constant,10,c_07,F,7.846235294117644,NA,1
20211115,56,TN,b_22,constant,10,c_10,F,10.288941176470585,NA,1
20211115,56,TN,b_23,constant,7,c_04,F,9.691647058823527,NA,1
20211115,56,TN,b_24,constant,14,c_13,F,6.024352941176469,NA,1
20211115,56,TN,b_25,decreasing,7,c_03,G,9.279281767955794,NA,1
20211115,56,TN,b_26,decreasing,14,c_15,G,7.957720994475134,NA,2
20211115,56,TN,b_27,decreasing,10,c_10,G,15.035801104972371,NA,2
20211115,56,TN,b_28,constant,10,c_09,H,10.34,NA,1
20211115,56,TN,b_29,constant,14,c_12,H,8.894999999999998,NA,1
20211115,56,TN,b_30,constant,7,c_01,H,10.339999999999998,NA,1
20211115,56,TOC,b_01,constant,10,c_08,A,34.13376908354474,NA,1
20211115,56,TOC,b_02,constant,7,c_02,A,44.11034227978813,NA,1
20211115,56,TOC,b_03,constant,14,c_11,A,25.7969154760315,NA,1
20211115,56,TOC,b_04,constant,7,c_05,A,32.65348867227488,NA,1
20211115,56,TOC,b_05,decreasing,14,c_13,B,30.725511326999964,NA,1
20211115,56,TOC,b_06,decreasing,14,c_11,B,32.73601169238705,NA,1
20211115,56,TOC,b_07,decreasing,10,c_06,B,32.64651205777415,NA,1
20211115,56,TOC,b_08,decreasing,7,c_01,B,36.233506211580625,NA,2
20211115,56,TOC,b_09,decreasing,7,c_02,C,47.71281405895691,NA,1
20211115,56,TOC,b_10,decreasing,10,c_07,C,41.57562811791382,NA,1
20211115,56,TOC,b_11,decreasing,10,c_08,C,40.69844217687074,NA,1
20211115,56,TOC,b_12,decreasing,14,c_14,C,44.58125623582766,NA,1
20211115,56,TOC,b_13,constant,10,c_06,D,61.620000000000005,NA,1
20211115,56,TOC,b_14,constant,7,c_03,D,39.36923913043479,NA,1
20211115,56,TOC,b_15,constant,14,c_14,D,34.488478260869584,NA,1
20211115,56,TOC,b_16,constant,14,c_15,D,35.46771739130437,NA,1
20211115,56,TOC,b_17,decreasing,7,c_05,E,46.59532653061224,NA,1
20211115,56,TOC,b_18,decreasing,7,c_04,E,69.23814058956916,NA,1
20211115,56,TOC,b_19,decreasing,14,c_12,E,41.16095464852607,NA,1
20211115,56,TOC,b_20,decreasing,10,c_09,E,45.63376870748298,NA,1
20211115,56,TOC,b_21,constant,10,c_07,F,39.92391304347832,NA,1
20211115,56,TOC,b_22,constant,10,c_10,F,50.9631521739131,NA,1
20211115,56,TOC,b_23,constant,7,c_04,F,51.712391304347896,NA,1
20211115,56,TOC,b_24,constant,14,c_13,F,39.01163043478268,NA,1
20211115,56,TOC,b_25,decreasing,7,c_03,G,41.28783900226757,NA,1
20211115,56,TOC,b_26,decreasing,14,c_15,G,33.615326530612236,NA,2
20211115,56,TOC,b_27,decreasing,10,c_10,G,51.78,NA,1
20211115,56,TOC,b_28,constant,10,c_09,H,40.45,NA,1
20211115,56,TOC,b_29,constant,14,c_12,H,36.955000000000005,NA,1
20211115,56,TOC,b_30,constant,7,c_01,H,40.45000000000001,NA,1
20211117,58,IC,b_01,constant,10,c_08,A,0.51,NA,1
20211117,58,IC,b_02,constant,7,c_02,A,0.9834874248720964,NA,1
20211117,58,IC,b_03,constant,14,c_11,A,0.8669748497441925,NA,1
20211117,58,IC,b_04,constant,7,c_05,A,0.9304622746162889,NA,1
20211117,58,IC,b_05,decreasing,14,c_13,B,1.84,NA,1
20211117,58,IC,b_06,decreasing,14,c_11,B,1.103115520799803,NA,1
20211117,58,IC,b_07,decreasing,10,c_06,B,1.876231041599606,NA,1
20211117,58,IC,b_08,decreasing,7,c_01,B,2.269346562399409,NA,1
20211117,58,IC,b_09,decreasing,7,c_02,C,1.0324620831992122,NA,1
20211117,58,IC,b_10,decreasing,10,c_07,C,2.3755776039990155,NA,1
20211117,58,IC,b_11,decreasing,10,c_08,C,1.4086931247988184,NA,1
20211117,58,IC,b_12,decreasing,14,c_14,C,1.3818086455986214,NA,1
20211117,58,IC,b_13,constant,10,c_06,D,0.9518490984651558,NA,1
20211117,58,IC,b_14,constant,7,c_03,D,1.4253365233372521,NA,1
20211117,58,IC,b_15,constant,14,c_14,D,0.8088239482093487,NA,1
20211117,58,IC,b_16,constant,14,c_15,D,1.392311373081445,NA,1
20211117,58,IC,b_17,decreasing,7,c_05,E,1.0473862495976367,NA,1
20211117,58,IC,b_18,decreasing,7,c_04,E,1.54050177039744,NA,1
20211117,58,IC,b_19,decreasing,14,c_12,E,2.8036172911972432,NA,1
20211117,58,IC,b_20,decreasing,10,c_09,E,1.9367328119970462,NA,1
20211117,58,IC,b_21,constant,10,c_07,F,1.8297484974419265,NA,1
20211117,58,IC,b_22,constant,10,c_10,F,1.4432359223140223,NA,1
20211117,58,IC,b_23,constant,7,c_04,F,1.096723347186119,NA,1
20211117,58,IC,b_24,constant,14,c_13,F,1.3702107720582155,NA,1
20211117,58,IC,b_25,decreasing,7,c_03,G,2.0123104159960614,NA,1
20211117,58,IC,b_26,decreasing,14,c_15,G,1.4454259367958646,NA,1
20211117,58,IC,b_27,decreasing,10,c_10,G,1.6585414575956676,NA,1
20211117,58,IC,b_28,constant,10,c_09,H,1.4141604715466005,NA,1
20211117,58,IC,b_29,constant,14,c_12,H,1.0476478964186973,NA,1
20211117,58,IC,b_30,constant,7,c_01,H,2.121135321290793,NA,1
20211117,58,TC,b_01,constant,10,c_08,A,29.42,NA,1
20211117,58,TC,b_02,constant,7,c_02,A,44.04281851747603,NA,1
20211117,58,TC,b_03,constant,14,c_11,A,39.23563703495206,NA,1
20211117,58,TC,b_04,constant,7,c_05,A,37.0284555524281,NA,1
20211117,58,TC,b_05,decreasing,14,c_13,B,41.38,NA,1
20211117,58,TC,b_06,decreasing,14,c_11,B,35.00823130668586,NA,1
20211117,58,TC,b_07,decreasing,10,c_06,B,35.2564626133717,NA,1
20211117,58,TC,b_08,decreasing,7,c_01,B,38.22469392005756,NA,1
20211117,58,TC,b_09,decreasing,7,c_02,C,41.18292522674341,NA,1
20211117,58,TC,b_10,decreasing,10,c_07,C,41.18115653342927,NA,1
20211117,58,TC,b_11,decreasing,10,c_08,C,38.789387840115126,NA,1
20211117,58,TC,b_12,decreasing,14,c_14,C,36.92761914680097,NA,1
20211117,58,TC,b_13,constant,10,c_06,D,30.403822209712395,NA,1
20211117,58,TC,b_14,constant,7,c_03,D,30.176640727188435,NA,1
20211117,58,TC,b_15,constant,14,c_14,D,33.00945924466447,NA,1
20211117,58,TC,b_16,constant,14,c_15,D,33.962277762140495,NA,1
20211117,58,TC,b_17,decreasing,7,c_05,E,40.59877568023025,NA,1
20211117,58,TC,b_18,decreasing,7,c_04,E,50.20700698691609,NA,1
20211117,58,TC,b_19,decreasing,14,c_12,E,36.59523829360195,NA,1
20211117,58,TC,b_20,decreasing,10,c_09,E,38.25346960028781,NA,1
20211117,58,TC,b_21,constant,10,c_07,F,37.186370349520665,NA,1
20211117,58,TC,b_22,constant,10,c_10,F,48.2791888669967,NA,1
20211117,58,TC,b_23,constant,7,c_04,F,51.18200738447273,NA,1
20211117,58,TC,b_24,constant,14,c_13,F,34.64482590194877,NA,1
20211117,58,TC,b_25,decreasing,7,c_03,G,34.69462613371707,NA,1
20211117,58,TC,b_26,decreasing,14,c_15,G,32.49285744040293,NA,1
20211117,58,TC,b_27,decreasing,10,c_10,G,50.12108874708878,NA,1
20211117,58,TC,b_28,constant,10,c_09,H,38.8460999718529,NA,1
20211117,58,TC,b_29,constant,14,c_12,H,24.85891848932893,NA,1
20211117,58,TC,b_30,constant,7,c_01,H,37.37173700680496,NA,1
20211117,58,TN,b_01,constant,10,c_08,A,6.8,NA,1
20211117,58,TN,b_02,constant,7,c_02,A,11.736623176647846,NA,1
20211117,58,TN,b_03,constant,14,c_11,A,8.633246353295693,NA,1
20211117,58,TN,b_04,constant,7,c_05,A,8.209869529943541,NA,1
20211117,58,TN,b_05,decreasing,14,c_13,B,10.14,NA,1
20211117,58,TN,b_06,decreasing,14,c_11,B,7.3771597902031685,NA,1
20211117,58,TN,b_07,decreasing,10,c_06,B,7.864319580406339,NA,1
20211117,58,TN,b_08,decreasing,7,c_01,B,10.341479370609509,NA,1
20211117,58,TN,b_09,decreasing,7,c_02,C,10.718639160812678,NA,1
20211117,58,TN,b_10,decreasing,10,c_07,C,10.075798951015848,NA,1
20211117,58,TN,b_11,decreasing,10,c_08,C,7.9529587412190175,NA,1
20211117,58,TN,b_12,decreasing,14,c_14,C,8.300118531422187,NA,1
20211117,58,TN,b_13,constant,10,c_06,D,6.81947811977416,NA,1
20211117,58,TN,b_14,constant,7,c_03,D,7.3261012964220065,NA,1
20211117,58,TN,b_15,constant,14,c_14,D,7.302724473069853,NA,1
20211117,58,TN,b_16,constant,14,c_15,D,7.5293476497177,NA,1
20211117,58,TN,b_17,decreasing,7,c_05,E,8.215917482438035,NA,1
20211117,58,TN,b_18,decreasing,7,c_04,E,12.763077272641205,NA,1
20211117,58,TN,b_19,decreasing,14,c_12,E,8.540237062844376,NA,1
20211117,58,TN,b_20,decreasing,10,c_09,E,8.767396853047545,NA,1
20211117,58,TN,b_21,constant,10,c_07,F,9.072463532956935,NA,1
20211117,58,TN,b_22,constant,10,c_10,F,12.029086709604782,NA,1
20211117,58,TN,b_23,constant,7,c_04,F,12.585709886252626,NA,1
20211117,58,TN,b_24,constant,14,c_13,F,8.252333062900473,NA,1
20211117,58,TN,b_25,decreasing,7,c_03,G,8.113195804063393,NA,1
20211117,58,TN,b_26,decreasing,14,c_15,G,7.250355594266562,NA,1
20211117,58,TN,b_27,decreasing,10,c_10,G,12.167515384469732,NA,1
20211117,58,TN,b_28,constant,10,c_09,H,8.98882576949186,NA,1
20211117,58,TN,b_29,constant,14,c_12,H,5.755448946139707,NA,1
20211117,58,TN,b_30,constant,7,c_01,H,10.002072122787554,NA,1
20211117,58,TOC,b_01,constant,10,c_08,A,28.91,NA,1
20211117,58,TOC,b_02,constant,7,c_02,A,43.05933109260394,NA,1
20211117,58,TOC,b_03,constant,14,c_11,A,38.368662185207874,NA,1
20211117,58,TOC,b_04,constant,7,c_05,A,36.09799327781181,NA,1
20211117,58,TOC,b_05,decreasing,14,c_13,B,39.54,NA,1
20211117,58,TOC,b_06,decreasing,14,c_11,B,33.90511578588605,NA,1
20211117,58,TOC,b_07,decreasing,10,c_06,B,33.38023157177209,NA,1
20211117,58,TOC,b_08,decreasing,7,c_01,B,35.955347357658155,NA,1
20211117,58,TOC,b_09,decreasing,7,c_02,C,40.1504631435442,NA,1
20211117,58,TOC,b_10,decreasing,10,c_07,C,38.805578929430254,NA,1
20211117,58,TOC,b_11,decreasing,10,c_08,C,37.3806947153163,NA,1
20211117,58,TOC,b_12,decreasing,14,c_14,C,35.545810501202354,NA,1
20211117,58,TOC,b_13,constant,10,c_06,D,29.45197311124724,NA,1
20211117,58,TOC,b_14,constant,7,c_03,D,28.751304203851184,NA,1
20211117,58,TOC,b_15,constant,14,c_14,D,32.20063529645512,NA,1
20211117,58,TOC,b_16,constant,14,c_15,D,32.569966389059054,NA,1
20211117,58,TOC,b_17,decreasing,7,c_05,E,39.55138943063261,NA,1
20211117,58,TOC,b_18,decreasing,7,c_04,E,48.66650521651866,NA,1
20211117,58,TOC,b_19,decreasing,14,c_12,E,33.79162100240471,NA,1
20211117,58,TOC,b_20,decreasing,10,c_09,E,36.31673678829076,NA,1
20211117,58,TOC,b_21,constant,10,c_07,F,35.35662185207875,NA,1
20211117,58,TOC,b_22,constant,10,c_10,F,46.83595294468269,NA,1
20211117,58,TOC,b_23,constant,7,c_04,F,50.08528403728662,NA,1
20211117,58,TOC,b_24,constant,14,c_13,F,33.27461512989056,NA,1
20211117,58,TOC,b_25,decreasing,7,c_03,G,32.68231571772102,NA,1
20211117,58,TOC,b_26,decreasing,14,c_15,G,31.047431503607065,NA,1
20211117,58,TOC,b_27,decreasing,10,c_10,G,48.462547289493116,NA,1
20211117,58,TOC,b_28,constant,10,c_09,H,37.43193950030631,NA,1
20211117,58,TOC,b_29,constant,14,c_12,H,23.811270592910244,NA,1
20211117,58,TOC,b_30,constant,7,c_01,H,35.250601685514184,NA,1
20211119,60,IC,b_01,constant,10,c_08,A,1.0281101710349851,NA,1
20211119,60,IC,b_02,constant,7,c_02,A,0.9815975959070822,NA,1
20211119,60,IC,b_03,constant,14,c_11,A,0.7650850207791784,NA,1
20211119,60,IC,b_04,constant,7,c_05,A,0.8885724456512745,NA,1
20211119,60,IC,b_05,decreasing,14,c_13,B,1.6065811447938958,NA,1
20211119,60,IC,b_06,decreasing,14,c_11,B,1.2496966655936985,NA,1
20211119,60,IC,b_07,decreasing,10,c_06,B,1.2928121863935016,NA,1
20211119,60,IC,b_08,decreasing,7,c_01,B,2.8959277071933047,NA,1
20211119,60,IC,b_09,decreasing,7,c_02,C,1.8090432279931075,NA,1
20211119,60,IC,b_10,decreasing,10,c_07,C,2.6221587487929106,NA,1
20211119,60,IC,b_11,decreasing,10,c_08,C,1.1552742695927134,NA,1
20211119,60,IC,b_12,decreasing,14,c_14,C,1.2783897903925165,NA,1
20211119,60,IC,b_13,constant,10,c_06,D,0.5499592695001416,NA,1
20211119,60,IC,b_14,constant,7,c_03,D,1.1634466943722375,NA,1
20211119,60,IC,b_15,constant,14,c_14,D,0.9269341192443346,NA,1
20211119,60,IC,b_16,constant,14,c_15,D,0.970421544116431,NA,1
20211119,60,IC,b_17,decreasing,7,c_05,E,1.5139673943915324,NA,1
20211119,60,IC,b_18,decreasing,7,c_04,E,1.7770829151913357,NA,1
20211119,60,IC,b_19,decreasing,14,c_12,E,2.1101984359911383,NA,1
20211119,60,IC,b_20,decreasing,10,c_09,E,1.483313956790941,NA,1
20211119,60,IC,b_21,constant,10,c_07,F,1.6278586684769119,NA,1
20211119,60,IC,b_22,constant,10,c_10,F,1.2613460933490082,NA,1
20211119,60,IC,b_23,constant,7,c_04,F,0.7948335182211048,NA,1
20211119,60,IC,b_24,constant,14,c_13,F,1.2183209430932003,NA,1
20211119,60,IC,b_25,decreasing,7,c_03,G,1.5988915607899572,NA,1
20211119,60,IC,b_26,decreasing,14,c_15,G,1.55200708158976,NA,1
20211119,60,IC,b_27,decreasing,10,c_10,G,1.7151226023895636,NA,1
20211119,60,IC,b_28,constant,10,c_09,H,0.5422706425815864,NA,1
20211119,60,IC,b_29,constant,14,c_12,H,0.7157580674536819,NA,1
20211119,60,IC,b_30,constant,7,c_01,H,1.5692454923257788,NA,1
20211119,60,TC,b_01,constant,10,c_08,A,32.87737404175704,NA,1
20211119,60,TC,b_02,constant,7,c_02,A,34.94019255923307,NA,1
20211119,60,TC,b_03,constant,14,c_11,A,28.133011076709096,NA,1
20211119,60,TC,b_04,constant,7,c_05,A,30.10582959418513,NA,1
20211119,60,TC,b_05,decreasing,14,c_13,B,32.37517050726146,NA,1
20211119,60,TC,b_06,decreasing,14,c_11,B,33.91340181394732,NA,1
20211119,60,TC,b_07,decreasing,10,c_06,B,32.361633120633165,NA,1
20211119,60,TC,b_08,decreasing,7,c_01,B,41.95986442731902,NA,1
20211119,60,TC,b_09,decreasing,7,c_02,C,46.63809573400488,NA,1
20211119,60,TC,b_10,decreasing,10,c_07,C,40.766327040690726,NA,1
20211119,60,TC,b_11,decreasing,10,c_08,C,34.33455834737658,NA,1
20211119,60,TC,b_12,decreasing,14,c_14,C,35.83278965406243,NA,1
20211119,60,TC,b_13,constant,10,c_06,D,32.38119625146943,NA,1
20211119,60,TC,b_14,constant,7,c_03,D,31.784014768945468,NA,1
20211119,60,TC,b_15,constant,14,c_14,D,34.5468332864215,NA,1
20211119,60,TC,b_16,constant,14,c_15,D,33.29965180389754,NA,1
20211119,60,TC,b_17,decreasing,7,c_05,E,37.89394618749171,NA,1
20211119,60,TC,b_18,decreasing,7,c_04,E,60.58217749417756,NA,1
20211119,60,TC,b_19,decreasing,14,c_12,E,37.63040880086341,NA,1
20211119,60,TC,b_20,decreasing,10,c_09,E,30.038640107549263,NA,1
20211119,60,TC,b_21,constant,10,c_07,F,36.9637443912777,NA,1
20211119,60,TC,b_22,constant,10,c_10,F,49.70656290875374,NA,1
20211119,60,TC,b_23,constant,7,c_04,F,45.73938142622977,NA,1
20211119,60,TC,b_24,constant,14,c_13,F,35.9421999437058,NA,1
20211119,60,TC,b_25,decreasing,7,c_03,G,28.379796640978533,NA,1
20211119,60,TC,b_26,decreasing,14,c_15,G,34.528027947664384,NA,1
20211119,60,TC,b_27,decreasing,10,c_10,G,51.18625925435023,NA,1
20211119,60,TC,b_28,constant,10,c_09,H,32.053474013609936,NA,1
20211119,60,TC,b_29,constant,14,c_12,H,29.71629253108597,NA,1
20211119,60,TC,b_30,constant,7,c_01,H,38.219111048562006,NA,1
20211119,60,TN,b_01,constant,10,c_08,A,6.955318476083248,NA,1
20211119,60,TN,b_02,constant,7,c_02,A,8.711941652731094,NA,1
20211119,60,TN,b_03,constant,14,c_11,A,5.928564829378941,NA,1
20211119,60,TN,b_04,constant,7,c_05,A,6.395188006026788,NA,1
20211119,60,TN,b_05,decreasing,14,c_13,B,7.7619534962982595,NA,1
20211119,60,TN,b_06,decreasing,14,c_11,B,7.4391132865014296,NA,1
20211119,60,TN,b_07,decreasing,10,c_06,B,7.246273076704599,NA,1
20211119,60,TN,b_08,decreasing,7,c_01,B,11.02343286690777,NA,1
20211119,60,TN,b_09,decreasing,7,c_02,C,11.460592657110938,NA,1
20211119,60,TN,b_10,decreasing,10,c_07,C,9.637752447314108,NA,1
20211119,60,TN,b_11,decreasing,10,c_08,C,7.324912237517277,NA,1
20211119,60,TN,b_12,decreasing,14,c_14,C,8.052072027720447,NA,1
20211119,60,TN,b_13,constant,10,c_06,D,7.154796595857407,NA,1
20211119,60,TN,b_14,constant,7,c_03,D,7.461419772505254,NA,1
20211119,60,TN,b_15,constant,14,c_14,D,7.5380429491531,NA,1
20211119,60,TN,b_16,constant,14,c_15,D,7.284666125800948,NA,1
20211119,60,TN,b_17,decreasing,7,c_05,E,7.937870978736296,NA,1
20211119,60,TN,b_18,decreasing,7,c_04,E,15.015030768939466,NA,1
20211119,60,TN,b_19,decreasing,14,c_12,E,8.752190559142635,NA,1
20211119,60,TN,b_20,decreasing,10,c_09,E,6.919350349345805,NA,1
20211119,60,TN,b_21,constant,10,c_07,F,8.937782009040182,NA,1
20211119,60,TN,b_22,constant,10,c_10,F,11.81440518568803,NA,1
20211119,60,TN,b_23,constant,7,c_04,F,10.941028362335874,NA,1
20211119,60,TN,b_24,constant,14,c_13,F,8.31765153898372,NA,1
20211119,60,TN,b_25,decreasing,7,c_03,G,6.485149300361653,NA,1
20211119,60,TN,b_26,decreasing,14,c_15,G,7.762309090564823,NA,1
20211119,60,TN,b_27,decreasing,10,c_10,G,12.989468880767992,NA,1
20211119,60,TN,b_28,constant,10,c_09,H,7.294144245575108,NA,1
20211119,60,TN,b_29,constant,14,c_12,H,6.790767422222954,NA,1
20211119,60,TN,b_30,constant,7,c_01,H,10.217390598870802,NA,1
20211119,60,TOC,b_01,constant,10,c_08,A,31.849263870722055,NA,1
20211119,60,TOC,b_02,constant,7,c_02,A,33.95859496332599,NA,1
20211119,60,TOC,b_03,constant,14,c_11,A,27.367926055929928,NA,1
20211119,60,TOC,b_04,constant,7,c_05,A,29.217257148533868,NA,1
20211119,60,TOC,b_05,decreasing,14,c_13,B,30.76858936246757,NA,1
20211119,60,TOC,b_06,decreasing,14,c_11,B,32.66370514835362,NA,1
20211119,60,TOC,b_07,decreasing,10,c_06,B,31.068820934239668,NA,1
20211119,60,TOC,b_08,decreasing,7,c_01,B,39.063936720125724,NA,1
20211119,60,TOC,b_09,decreasing,7,c_02,C,44.82905250601178,NA,1
20211119,60,TOC,b_10,decreasing,10,c_07,C,38.14416829189782,NA,1
20211119,60,TOC,b_11,decreasing,10,c_08,C,33.17928407778387,NA,1
20211119,60,TOC,b_12,decreasing,14,c_14,C,34.55439986366993,NA,1
20211119,60,TOC,b_13,constant,10,c_06,D,31.831236981969298,NA,1
20211119,60,TOC,b_14,constant,7,c_03,D,30.620568074573235,NA,1
20211119,60,TOC,b_15,constant,14,c_14,D,33.619899167177174,NA,1
20211119,60,TOC,b_16,constant,14,c_15,D,32.32923025978111,NA,1
20211119,60,TOC,b_17,decreasing,7,c_05,E,36.37997879310018,NA,1
20211119,60,TOC,b_18,decreasing,7,c_04,E,58.805094578986235,NA,1
20211119,60,TOC,b_19,decreasing,14,c_12,E,35.52021036487228,NA,1
20211119,60,TOC,b_20,decreasing,10,c_09,E,28.555326150758326,NA,1
20211119,60,TOC,b_21,constant,10,c_07,F,35.335885722800796,NA,1
20211119,60,TOC,b_22,constant,10,c_10,F,48.445216815404734,NA,1
20211119,60,TOC,b_23,constant,7,c_04,F,44.94454790800867,NA,1
20211119,60,TOC,b_24,constant,14,c_13,F,34.723879000612605,NA,1
20211119,60,TOC,b_25,decreasing,7,c_03,G,26.78090508018859,NA,1
20211119,60,TOC,b_26,decreasing,14,c_15,G,32.976020866074634,NA,1
20211119,60,TOC,b_27,decreasing,10,c_10,G,49.47113665196068,NA,1
20211119,60,TOC,b_28,constant,10,c_09,H,31.511203371028365,NA,1
20211119,60,TOC,b_29,constant,14,c_12,H,29.00053446363229,NA,1
20211119,60,TOC,b_30,constant,7,c_01,H,36.649865556236236,NA,1
20211122,63,IC,b_01,constant,10,c_08,A,0.4,NA,1
20211122,63,IC,b_02,constant,7,c_02,A,0.5679664552875143,NA,1
20211122,63,IC,b_03,constant,14,c_11,A,0.7959329105750286,NA,1
20211122,63,IC,b_04,constant,7,c_05,A,0.833899365862543,NA,1
20211122,63,IC,b_05,decreasing,14,c_13,B,1.51,NA,1
20211122,63,IC,b_06,decreasing,14,c_11,B,1.0670348209721088,NA,1
20211122,63,IC,b_07,decreasing,10,c_06,B,1.004069641944218,NA,1
20211122,63,IC,b_08,decreasing,7,c_01,B,2.2511044629163273,NA,1
20211122,63,IC,b_09,decreasing,7,c_02,C,1.2181392838884364,NA,1
20211122,63,IC,b_10,decreasing,10,c_07,C,2.1251741048605455,NA,1
20211122,63,IC,b_11,decreasing,10,c_08,C,1.0422089258326546,NA,1
20211122,63,IC,b_12,decreasing,14,c_14,C,1.0692437468047638,NA,1
20211122,63,IC,b_13,constant,10,c_06,D,0.6555974634501713,NA,1
20211122,63,IC,b_14,constant,7,c_03,D,1.2335639187376854,NA,1
20211122,63,IC,b_15,constant,14,c_14,D,0.7015303740251999,NA,1
20211122,63,IC,b_16,constant,14,c_15,D,0.44949682931271395,NA,1
20211122,63,IC,b_17,decreasing,7,c_05,E,1.294417851665309,NA,1
20211122,63,IC,b_18,decreasing,7,c_04,E,1.0614526726374178,NA,1
20211122,63,IC,b_19,decreasing,14,c_12,E,1.4684874936095276,NA,1
20211122,63,IC,b_20,decreasing,10,c_09,E,1.5155223145816366,NA,1
20211122,63,IC,b_21,constant,10,c_07,F,1.4593291057502855,NA,1
20211122,63,IC,b_22,constant,10,c_10,F,0.8272955610377999,NA,1
20211122,63,IC,b_23,constant,7,c_04,F,0.6052620163253144,NA,1
20211122,63,IC,b_24,constant,14,c_13,F,0.3032284716128284,NA,1
20211122,63,IC,b_25,decreasing,7,c_03,G,0.9406964194421819,NA,1
20211122,63,IC,b_26,decreasing,14,c_15,G,0.8277312404142911,NA,1
20211122,63,IC,b_27,decreasing,10,c_10,G,1.2747660613864005,NA,1
20211122,63,IC,b_28,constant,10,c_09,H,0.805094292762885,NA,1
20211122,63,IC,b_29,constant,14,c_12,H,0.7830607480504002,NA,1
20211122,63,IC,b_30,constant,7,c_01,H,1.5810272033379142,NA,1
20211122,63,TC,b_01,constant,10,c_08,A,68.47,NA,1
20211122,63,TC,b_02,constant,7,c_02,A,78.94799824494595,NA,1
20211122,63,TC,b_03,constant,14,c_11,A,62.355996489891886,NA,1
20211122,63,TC,b_04,constant,7,c_05,A,42.99399473483782,NA,1
20211122,63,TC,b_05,decreasing,14,c_13,B,47.04,NA,1
20211122,63,TC,b_06,decreasing,14,c_11,B,44.33340881979816,NA,1
20211122,63,TC,b_07,decreasing,10,c_06,B,43.59681763959632,NA,1
20211122,63,TC,b_08,decreasing,7,c_01,B,48.80022645939447,NA,1
20211122,63,TC,b_09,decreasing,7,c_02,C,56.51363527919262,NA,1
20211122,63,TC,b_10,decreasing,10,c_07,C,49.48704409899078,NA,1
20211122,63,TC,b_11,decreasing,10,c_08,C,47.20045291878893,NA,1
20211122,63,TC,b_12,decreasing,14,c_14,C,46.06386173858709,NA,1
20211122,63,TC,b_13,constant,10,c_06,D,45.70597893935129,NA,1
20211122,63,TC,b_14,constant,7,c_03,D,43.183977184297234,NA,1
20211122,63,TC,b_15,constant,14,c_14,D,45.671975429243176,NA,1
20211122,63,TC,b_16,constant,14,c_15,D,44.179973674189114,NA,1
20211122,63,TC,b_17,decreasing,7,c_05,E,43.56090583757786,NA,1
20211122,63,TC,b_18,decreasing,7,c_04,E,77.33431465737601,NA,1
20211122,63,TC,b_19,decreasing,14,c_12,E,46.45772347717418,NA,1
20211122,63,TC,b_20,decreasing,10,c_09,E,46.98113229697233,NA,1
20211122,63,TC,b_21,constant,10,c_07,F,53.079964898918824,NA,1
20211122,63,TC,b_22,constant,10,c_10,F,49.58796314386476,NA,1
20211122,63,TC,b_23,constant,7,c_04,F,57.6259613888107,NA,1
20211122,63,TC,b_24,constant,14,c_13,F,34.253959633756644,NA,1
20211122,63,TC,b_25,decreasing,7,c_03,G,39.15817639596311,NA,1
20211122,63,TC,b_26,decreasing,14,c_15,G,40.161585215761264,NA,1
20211122,63,TC,b_27,decreasing,10,c_10,G,63.90499403555942,NA,1
20211122,63,TC,b_28,constant,10,c_09,H,49.78595261354041,NA,1
20211122,63,TC,b_29,constant,14,c_12,H,51.05395085848635,NA,1
20211122,63,TC,b_30,constant,7,c_01,H,51.821949103432296,NA,1
20211122,63,TN,b_01,constant,10,c_08,A,15.01,NA,1
20211122,63,TN,b_02,constant,7,c_02,A,20.21896633938772,NA,1
20211122,63,TN,b_03,constant,14,c_11,A,13.547932678775437,NA,1
20211122,63,TN,b_04,constant,7,c_05,A,9.316899018163154,NA,1
20211122,63,TN,b_05,decreasing,14,c_13,B,11.45,NA,1
20211122,63,TN,b_06,decreasing,14,c_11,B,10.045520989150399,NA,1
20211122,63,TN,b_07,decreasing,10,c_06,B,9.821041978300796,NA,1
20211122,63,TN,b_08,decreasing,7,c_01,B,12.616562967451197,NA,1
20211122,63,TN,b_09,decreasing,7,c_02,C,14.102083956601595,NA,1
20211122,63,TN,b_10,decreasing,10,c_07,C,12.017604945751993,NA,1
20211122,63,TN,b_11,decreasing,10,c_08,C,10.293125934902392,NA,1
20211122,63,TN,b_12,decreasing,14,c_14,C,10.45864692405279,NA,1
20211122,63,TN,b_13,constant,10,c_06,D,10.167596072652616,NA,1
20211122,63,TN,b_14,constant,7,c_03,D,10.046562412040332,NA,1
20211122,63,TN,b_15,constant,14,c_14,D,10.115528751428052,NA,1
20211122,63,TN,b_16,constant,14,c_15,D,9.794495090815769,NA,1
20211122,63,TN,b_17,decreasing,7,c_05,E,9.206251869804783,NA,1
20211122,63,TN,b_18,decreasing,7,c_04,E,18.84177285895518,NA,1
20211122,63,TN,b_19,decreasing,14,c_12,E,11.10729384810558,NA,1
20211122,63,TN,b_20,decreasing,10,c_09,E,10.91281483725598,NA,1
20211122,63,TN,b_21,constant,10,c_07,F,12.859326787754357,NA,1
20211122,63,TN,b_22,constant,10,c_10,F,11.978293127142075,NA,1
20211122,63,TN,b_23,constant,7,c_04,F,13.887259466529795,NA,1
20211122,63,TN,b_24,constant,14,c_13,F,8.226225805917512,NA,1
20211122,63,TN,b_25,decreasing,7,c_03,G,9.180419783007972,NA,1
20211122,63,TN,b_26,decreasing,14,c_15,G,9.19594077215837,NA,1
20211122,63,TN,b_27,decreasing,10,c_10,G,15.961461761308769,NA,1
20211122,63,TN,b_28,constant,10,c_09,H,11.222091163468383,NA,1
20211122,63,TN,b_29,constant,14,c_12,H,10.871057502856102,NA,1
20211122,63,TN,b_30,constant,7,c_01,H,12.94002384224382,NA,1
20211122,63,TOC,b_01,constant,10,c_08,A,68.07,NA,1
20211122,63,TOC,b_02,constant,7,c_02,A,78.38003178965842,NA,1
20211122,63,TOC,b_03,constant,14,c_11,A,61.560063579316854,NA,1
20211122,63,TOC,b_04,constant,7,c_05,A,42.16009536897528,NA,1
20211122,63,TOC,b_05,decreasing,14,c_13,B,45.53,NA,1
20211122,63,TOC,b_06,decreasing,14,c_11,B,43.26637399882605,NA,1
20211122,63,TOC,b_07,decreasing,10,c_06,B,42.5927479976521,NA,1
20211122,63,TOC,b_08,decreasing,7,c_01,B,46.54912199647814,NA,1
20211122,63,TOC,b_09,decreasing,7,c_02,C,55.29549599530419,NA,1
20211122,63,TOC,b_10,decreasing,10,c_07,C,47.36186999413023,NA,1
20211122,63,TOC,b_11,decreasing,10,c_08,C,46.15824399295628,NA,1
20211122,63,TOC,b_12,decreasing,14,c_14,C,44.99461799178233,NA,1
20211122,63,TOC,b_13,constant,10,c_06,D,45.05038147590112,NA,1
20211122,63,TOC,b_14,constant,7,c_03,D,41.950413265559554,NA,1
20211122,63,TOC,b_15,constant,14,c_14,D,44.97044505521797,NA,1
20211122,63,TOC,b_16,constant,14,c_15,D,43.7304768448764,NA,1
20211122,63,TOC,b_17,decreasing,7,c_05,E,42.266487985912555,NA,1
20211122,63,TOC,b_18,decreasing,7,c_04,E,76.2728619847386,NA,1
20211122,63,TOC,b_19,decreasing,14,c_12,E,44.98923598356465,NA,1
20211122,63,TOC,b_20,decreasing,10,c_09,E,45.465609982390696,NA,1
20211122,63,TOC,b_21,constant,10,c_07,F,51.62063579316854,NA,1
20211122,63,TOC,b_22,constant,10,c_10,F,48.76066758282697,NA,1
20211122,63,TOC,b_23,constant,7,c_04,F,57.020699372485396,NA,1
20211122,63,TOC,b_24,constant,14,c_13,F,33.95073116214381,NA,1
20211122,63,TOC,b_25,decreasing,7,c_03,G,38.217479976520934,NA,1
20211122,63,TOC,b_26,decreasing,14,c_15,G,39.333853975346976,NA,1
20211122,63,TOC,b_27,decreasing,10,c_10,G,62.63022797417302,NA,1
20211122,63,TOC,b_28,constant,10,c_09,H,48.98085832077752,NA,1
20211122,63,TOC,b_29,constant,14,c_12,H,50.27089011043596,NA,1
20211122,63,TOC,b_30,constant,7,c_01,H,50.240921900094385,NA,1
20211124,65,IC,b_01,constant,10,c_08,A,0.6269601139129426,NA,1
20211124,65,IC,b_02,constant,7,c_02,A,0.13492656920045665,NA,1
20211124,65,IC,b_03,constant,14,c_11,A,-0.30710697551202903,NA,1
20211124,65,IC,b_04,constant,7,c_05,A,0.1508594797754852,NA,1
20211124,65,IC,b_05,decreasing,14,c_13,B,1.8580794501353823,NA,1
20211124,65,IC,b_06,decreasing,14,c_11,B,1.335114271107491,NA,1
20211124,65,IC,b_07,decreasing,10,c_06,B,1.0721490920796009,NA,1
20211124,65,IC,b_08,decreasing,7,c_01,B,2.8191839130517096,NA,1
20211124,65,IC,b_09,decreasing,7,c_02,C,1.3862187340238186,NA,1
20211124,65,IC,b_10,decreasing,10,c_07,C,2.4932535549959276,NA,1
20211124,65,IC,b_11,decreasing,10,c_08,C,1.100288375968037,NA,1
20211124,65,IC,b_12,decreasing,14,c_14,C,0.9773231969401461,NA,1
20211124,65,IC,b_13,constant,10,c_06,D,0.2525575773631137,NA,1
20211124,65,IC,b_14,constant,7,c_03,D,0.9605240326506284,NA,1
20211124,65,IC,b_15,constant,14,c_14,D,0.38849048793814234,NA,1
20211124,65,IC,b_16,constant,14,c_15,D,0.3864569432256566,NA,1
20211124,65,IC,b_17,decreasing,7,c_05,E,0.8924973018006916,NA,1
20211124,65,IC,b_18,decreasing,7,c_04,E,1.7695321227728016,NA,1
20211124,65,IC,b_19,decreasing,14,c_12,E,1.8365669437449101,NA,1
20211124,65,IC,b_20,decreasing,10,c_09,E,1.2936017647170193,NA,1
20211124,65,IC,b_21,constant,10,c_07,F,1.3562892196632284,NA,1
20211124,65,IC,b_22,constant,10,c_10,F,1.174255674950743,NA,1
20211124,65,IC,b_23,constant,7,c_04,F,1.1022221302382569,NA,1
20211124,65,IC,b_24,constant,14,c_13,F,0.3301885855257707,NA,1
20211124,65,IC,b_25,decreasing,7,c_03,G,1.1487758695775643,NA,1
20211124,65,IC,b_26,decreasing,14,c_15,G,0.7958106905496729,NA,1
20211124,65,IC,b_27,decreasing,10,c_10,G,1.292845511521783,NA,1
20211124,65,IC,b_28,constant,10,c_09,H,0.44205440667582874,NA,1
20211124,65,IC,b_29,constant,14,c_12,H,0.3200208619633429,NA,1
20211124,65,IC,b_30,constant,7,c_01,H,1.237987317250857,NA,1
20211124,65,TC,b_01,constant,10,c_08,A,49.27794559332417,NA,1
20211124,65,TC,b_02,constant,7,c_02,A,42.605943838270115,NA,1
20211124,65,TC,b_03,constant,14,c_11,A,28.15394208321606,NA,1
20211124,65,TC,b_04,constant,7,c_05,A,33.25194032816199,NA,1
20211124,65,TC,b_05,decreasing,14,c_13,B,42.875673413742824,NA,1
20211124,65,TC,b_06,decreasing,14,c_11,B,44.039082233540974,NA,1
20211124,65,TC,b_07,decreasing,10,c_06,B,39.85249105333913,NA,1
20211124,65,TC,b_08,decreasing,7,c_01,B,49.195899873137286,NA,1
20211124,65,TC,b_09,decreasing,7,c_02,C,58.89930869293544,NA,1
20211124,65,TC,b_10,decreasing,10,c_07,C,48.182717512733596,NA,1
20211124,65,TC,b_11,decreasing,10,c_08,C,46.266126332531755,NA,1
20211124,65,TC,b_12,decreasing,14,c_14,C,45.81953515232991,NA,1
20211124,65,TC,b_13,constant,10,c_06,D,48.133924532675465,NA,1
20211124,65,TC,b_14,constant,7,c_03,D,45.51192277762141,NA,1
20211124,65,TC,b_15,constant,14,c_14,D,46.50992102256735,NA,1
20211124,65,TC,b_16,constant,14,c_15,D,49.237919267513284,NA,1
20211124,65,TC,b_17,decreasing,7,c_05,E,45.20657925132069,NA,1
20211124,65,TC,b_18,decreasing,7,c_04,E,72.23998807111883,NA,1
20211124,65,TC,b_19,decreasing,14,c_12,E,49.063396890917,NA,1
20211124,65,TC,b_20,decreasing,10,c_09,E,43.976805710715155,NA,1
20211124,65,TC,b_21,constant,10,c_07,F,57.157910492243,NA,1
20211124,65,TC,b_22,constant,10,c_10,F,71.59590873718892,NA,1
20211124,65,TC,b_23,constant,7,c_04,F,76.14390698213488,NA,1
20211124,65,TC,b_24,constant,14,c_13,F,48.621905227080816,NA,1
20211124,65,TC,b_25,decreasing,7,c_03,G,38.94384980970593,NA,1
20211124,65,TC,b_26,decreasing,14,c_15,G,41.18725862950408,NA,1
20211124,65,TC,b_27,decreasing,10,c_10,G,59.780667449302236,NA,1
20211124,65,TC,b_28,constant,10,c_09,H,55.92389820686458,NA,1
20211124,65,TC,b_29,constant,14,c_12,H,49.35189645181052,NA,1
20211124,65,TC,b_30,constant,7,c_01,H,55.68989469675646,NA,1
20211124,65,TN,b_01,constant,10,c_08,A,10.357956521019256,NA,1
20211124,65,TN,b_02,constant,7,c_02,A,10.486922860406974,NA,1
20211124,65,TN,b_03,constant,14,c_11,A,6.05588919979469,NA,1
20211124,65,TN,b_04,constant,7,c_05,A,6.974855539182409,NA,1
20211124,65,TN,b_05,decreasing,14,c_13,B,10.241150663662356,NA,1
20211124,65,TN,b_06,decreasing,14,c_11,B,9.186671652812754,NA,1
20211124,65,TN,b_07,decreasing,10,c_06,B,8.872192641963153,NA,1
20211124,65,TN,b_08,decreasing,7,c_01,B,12.497713631113552,NA,1
20211124,65,TN,b_09,decreasing,7,c_02,C,14.58323462026395,NA,1
20211124,65,TN,b_10,decreasing,10,c_07,C,11.658755609414348,NA,1
20211124,65,TN,b_11,decreasing,10,c_08,C,10.104276598564747,NA,1
20211124,65,TN,b_12,decreasing,14,c_14,C,9.969797587715147,NA,1
20211124,65,TN,b_13,constant,10,c_06,D,10.39555259367187,NA,1
20211124,65,TN,b_14,constant,7,c_03,D,10.344518933059588,NA,1
20211124,65,TN,b_15,constant,14,c_14,D,10.013485272447307,NA,1
20211124,65,TN,b_16,constant,14,c_15,D,10.672451611835022,NA,1
20211124,65,TN,b_17,decreasing,7,c_05,E,9.707402533467137,NA,1
20211124,65,TN,b_18,decreasing,7,c_04,E,17.562923522617538,NA,1
20211124,65,TN,b_19,decreasing,14,c_12,E,11.708444511767935,NA,1
20211124,65,TN,b_20,decreasing,10,c_09,E,10.163965500918334,NA,1
20211124,65,TN,b_21,constant,10,c_07,F,13.747283308773612,NA,1
20211124,65,TN,b_22,constant,10,c_10,F,16.976249648161332,NA,1
20211124,65,TN,b_23,constant,7,c_04,F,17.695215987549048,NA,1
20211124,65,TN,b_24,constant,14,c_13,F,11.184182326936766,NA,1
20211124,65,TN,b_25,decreasing,7,c_03,G,9.251570446670328,NA,1
20211124,65,TN,b_26,decreasing,14,c_15,G,9.597091435820724,NA,1
20211124,65,TN,b_27,decreasing,10,c_10,G,15.232612424971125,NA,1
20211124,65,TN,b_28,constant,10,c_09,H,12.510047684487638,NA,1
20211124,65,TN,b_29,constant,14,c_12,H,11.119014023875355,NA,1
20211124,65,TN,b_30,constant,7,c_01,H,13.617980363263074,NA,1
20211124,65,TOC,b_01,constant,10,c_08,A,48.65098547941123,NA,1
20211124,65,TOC,b_02,constant,7,c_02,A,42.47101726906966,NA,1
20211124,65,TOC,b_03,constant,14,c_11,A,28.461049058728086,NA,1
20211124,65,TOC,b_04,constant,7,c_05,A,33.101080848386516,NA,1
20211124,65,TOC,b_05,decreasing,14,c_13,B,41.017593963607446,NA,1
20211124,65,TOC,b_06,decreasing,14,c_11,B,42.70396796243349,NA,1
20211124,65,TOC,b_07,decreasing,10,c_06,B,38.78034196125954,NA,1
20211124,65,TOC,b_08,decreasing,7,c_01,B,46.37671596008558,NA,1
20211124,65,TOC,b_09,decreasing,7,c_02,C,57.51308995891163,NA,1
20211124,65,TOC,b_10,decreasing,10,c_07,C,45.68946395773768,NA,1
20211124,65,TOC,b_11,decreasing,10,c_08,C,45.16583795656373,NA,1
20211124,65,TOC,b_12,decreasing,14,c_14,C,44.84221195538977,NA,1
20211124,65,TOC,b_13,constant,10,c_06,D,47.88136695531236,NA,1
20211124,65,TOC,b_14,constant,7,c_03,D,44.55139874497078,NA,1
20211124,65,TOC,b_15,constant,14,c_14,D,46.12143053462921,NA,1
20211124,65,TOC,b_16,constant,14,c_15,D,48.85146232428764,NA,1
20211124,65,TOC,b_17,decreasing,7,c_05,E,44.31408194952,NA,1
20211124,65,TOC,b_18,decreasing,7,c_04,E,70.47045594834604,NA,1
20211124,65,TOC,b_19,decreasing,14,c_12,E,47.2268299471721,NA,1
20211124,65,TOC,b_20,decreasing,10,c_09,E,42.683203945998144,NA,1
20211124,65,TOC,b_21,constant,10,c_07,F,55.80162127257977,NA,1
20211124,65,TOC,b_22,constant,10,c_10,F,70.42165306223819,NA,1
20211124,65,TOC,b_23,constant,7,c_04,F,75.04168485189663,NA,1
20211124,65,TOC,b_24,constant,14,c_13,F,48.291716641555055,NA,1
20211124,65,TOC,b_25,decreasing,7,c_03,G,37.795073940128376,NA,1
20211124,65,TOC,b_26,decreasing,14,c_15,G,40.391447938954414,NA,1
20211124,65,TOC,b_27,decreasing,10,c_10,G,58.48782193778047,NA,1
20211124,65,TOC,b_28,constant,10,c_09,H,55.48184380018876,NA,1
20211124,65,TOC,b_29,constant,14,c_12,H,49.03187558984719,NA,1
20211124,65,TOC,b_30,constant,7,c_01,H,54.45190737950561,NA,1
20211126,67,IC,b_01,constant,10,c_08,A,1.07,NA,1
20211126,67,IC,b_02,constant,7,c_02,A,1.6389838899283076,NA,1
20211126,67,IC,b_03,constant,14,c_11,A,1.1979677798566153,NA,1
20211126,67,IC,b_04,constant,7,c_05,A,1.8269516697849233,NA,1
20211126,67,IC,b_05,decreasing,14,c_13,B,2.47,NA,1
20211126,67,IC,b_06,decreasing,14,c_11,B,1.557138725130415,NA,1
20211126,67,IC,b_07,decreasing,10,c_06,B,1.6042774502608297,NA,1
20211126,67,IC,b_08,decreasing,7,c_01,B,2.6714161753912444,NA,1
20211126,67,IC,b_09,decreasing,7,c_02,C,2.1085549005216593,NA,1
20211126,67,IC,b_10,decreasing,10,c_07,C,3.4556936256520743,NA,1
20211126,67,IC,b_11,decreasing,10,c_08,C,2.3228323507824893,NA,1
20211126,67,IC,b_12,decreasing,14,c_14,C,2.079971075912904,NA,1
20211126,67,IC,b_13,constant,10,c_06,D,2.0078066791396925,NA,1
20211126,67,IC,b_14,constant,7,c_03,D,2.326790569068,NA,1
20211126,67,IC,b_15,constant,14,c_14,D,1.8057744589963076,NA,1
20211126,67,IC,b_16,constant,14,c_15,D,1.4147583489246158,NA,1
20211126,67,IC,b_17,decreasing,7,c_05,E,1.8756647015649786,NA,1
20211126,67,IC,b_18,decreasing,7,c_04,E,2.8828034266953932,NA,1
20211126,67,IC,b_19,decreasing,14,c_12,E,2.7899421518258083,NA,1
20211126,67,IC,b_20,decreasing,10,c_09,E,2.707080876956223,NA,1
20211126,67,IC,b_21,constant,10,c_07,F,3.359677798566154,NA,1
20211126,67,IC,b_22,constant,10,c_10,F,2.648661688494462,NA,1
20211126,67,IC,b_23,constant,7,c_04,F,2.9176455784227695,NA,1
20211126,67,IC,b_24,constant,14,c_13,F,2.5066294683510773,NA,1
20211126,67,IC,b_25,decreasing,7,c_03,G,3.122774502608297,NA,1
20211126,67,IC,b_26,decreasing,14,c_15,G,2.389913227738712,NA,1
20211126,67,IC,b_27,decreasing,10,c_10,G,3.287051952869127,NA,1
20211126,67,IC,b_28,constant,10,c_09,H,2.822565028064308,NA,1
20211126,67,IC,b_29,constant,14,c_12,H,3.231548917992616,NA,1
20211126,67,IC,b_30,constant,7,c_01,H,3.8905328079209234,NA,1
20211126,67,TC,b_01,constant,10,c_08,A,38.34,NA,1
20211126,67,TC,b_02,constant,7,c_02,A,50.833057105485366,NA,1
20211126,67,TC,b_03,constant,14,c_11,A,35.356114210970745,NA,1
20211126,67,TC,b_04,constant,7,c_05,A,35.32917131645611,NA,1
20211126,67,TC,b_05,decreasing,14,c_13,B,33.35,NA,1
20211126,67,TC,b_06,decreasing,14,c_11,B,35.42079696286899,NA,1
20211126,67,TC,b_07,decreasing,10,c_06,B,30.60159392573798,NA,1
20211126,67,TC,b_08,decreasing,7,c_01,B,32.01239088860697,NA,1
20211126,67,TC,b_09,decreasing,7,c_02,C,46.36318785147596,NA,1
20211126,67,TC,b_10,decreasing,10,c_07,C,41.893984814344954,NA,1
20211126,67,TC,b_11,decreasing,10,c_08,C,46.704781777213945,NA,1
20211126,67,TC,b_12,decreasing,14,c_14,C,37.60557874008293,NA,1
20211126,67,TC,b_13,constant,10,c_06,D,31.77668526582447,NA,1
20211126,67,TC,b_14,constant,7,c_03,D,26.779742371309837,NA,1
20211126,67,TC,b_15,constant,14,c_14,D,33.992799476795206,NA,1
20211126,67,TC,b_16,constant,14,c_15,D,21.65585658228058,NA,1
20211126,67,TC,b_17,decreasing,7,c_05,E,42.979563554427884,NA,1
20211126,67,TC,b_18,decreasing,7,c_04,E,56.34036051729688,NA,1
20211126,67,TC,b_19,decreasing,14,c_12,E,31.671157480165867,NA,1
20211126,67,TC,b_20,decreasing,10,c_09,E,36.02195444303486,NA,1
20211126,67,TC,b_21,constant,10,c_07,F,40.591142109707434,NA,1
20211126,67,TC,b_22,constant,10,c_10,F,49.854199215192814,NA,1
20211126,67,TC,b_23,constant,7,c_04,F,59.56725632067818,NA,1
20211126,67,TC,b_24,constant,14,c_13,F,33.88031342616356,NA,1
20211126,67,TC,b_25,decreasing,7,c_03,G,32.34593925737981,NA,1
20211126,67,TC,b_26,decreasing,14,c_15,G,33.5967362202488,NA,1
20211126,67,TC,b_27,decreasing,10,c_10,G,50.497533183117795,NA,1
20211126,67,TC,b_28,constant,10,c_09,H,39.17254184810505,NA,1
20211126,67,TC,b_29,constant,14,c_12,H,38.615598953590414,NA,1
20211126,67,TC,b_30,constant,7,c_01,H,43.34865605907579,NA,1
20211126,67,TN,b_01,constant,10,c_08,A,8.63,NA,1
20211126,67,TN,b_02,constant,7,c_02,A,13.13832508237164,NA,1
20211126,67,TN,b_03,constant,14,c_11,A,7.816650164743282,NA,1
20211126,67,TN,b_04,constant,7,c_05,A,7.4549752471149215,NA,1
20211126,67,TN,b_05,decreasing,14,c_13,B,7.93,NA,1
20211126,67,TN,b_06,decreasing,14,c_11,B,7.746043398405696,NA,1
20211126,67,TN,b_07,decreasing,10,c_06,B,6.842086796811391,NA,1
20211126,67,TN,b_08,decreasing,7,c_01,B,8.538130195217088,NA,1
20211126,67,TN,b_09,decreasing,7,c_02,C,11.504173593622783,NA,1
20211126,67,TN,b_10,decreasing,10,c_07,C,10.06021699202848,NA,1
20211126,67,TN,b_11,decreasing,10,c_08,C,9.976260390434174,NA,1
20211126,67,TN,b_12,decreasing,14,c_14,C,7.96230378883987,NA,1
20211126,67,TN,b_13,constant,10,c_06,D,6.8199009884596915,NA,1
20211126,67,TN,b_14,constant,7,c_03,D,6.158226070831332,NA,1
20211126,67,TN,b_15,constant,14,c_14,D,7.486551153202973,NA,1
20211126,67,TN,b_16,constant,14,c_15,D,4.684876235574613,NA,1
20211126,67,TN,b_17,decreasing,7,c_05,E,9.092520780868346,NA,1
20211126,67,TN,b_18,decreasing,7,c_04,E,13.658564179274043,NA,1
20211126,67,TN,b_19,decreasing,14,c_12,E,7.284607577679738,NA,1
20211126,67,TN,b_20,decreasing,10,c_09,E,8.020650976085435,NA,1
20211126,67,TN,b_21,constant,10,c_07,F,9.80650164743282,NA,1
20211126,67,TN,b_22,constant,10,c_10,F,12.02482672980446,NA,1
20211126,67,TN,b_23,constant,7,c_04,F,13.973151812176098,NA,1
20211126,67,TN,b_24,constant,14,c_13,F,7.801476894547742,NA,1
20211126,67,TN,b_25,decreasing,7,c_03,G,7.260867968113911,NA,1
20211126,67,TN,b_26,decreasing,14,c_15,G,7.216911366519607,NA,1
20211126,67,TN,b_27,decreasing,10,c_10,G,13.062954764925301,NA,1
20211126,67,TN,b_28,constant,10,c_09,H,8.834777224034305,NA,1
20211126,67,TN,b_29,constant,14,c_12,H,8.603102306405946,NA,1
20211126,67,TN,b_30,constant,7,c_01,H,10.751427388777588,NA,1
20211126,67,TOC,b_01,constant,10,c_08,A,37.27,NA,1
20211126,67,TOC,b_02,constant,7,c_02,A,49.19407321555706,NA,1
20211126,67,TOC,b_03,constant,14,c_11,A,34.15814643111413,NA,1
20211126,67,TOC,b_04,constant,7,c_05,A,33.50221964667119,NA,1
20211126,67,TOC,b_05,decreasing,14,c_13,B,30.880000000000003,NA,1
20211126,67,TOC,b_06,decreasing,14,c_11,B,33.856595165376326,NA,1
20211126,67,TOC,b_07,decreasing,10,c_06,B,28.98319033075266,NA,1
20211126,67,TOC,b_08,decreasing,7,c_01,B,29.31978549612899,NA,1
20211126,67,TOC,b_09,decreasing,7,c_02,C,44.22638066150532,NA,1
20211126,67,TOC,b_10,decreasing,10,c_07,C,38.402975826881644,NA,1
20211126,67,TOC,b_11,decreasing,10,c_08,C,44.339570992257975,NA,1
20211126,67,TOC,b_12,decreasing,14,c_14,C,35.476166157634296,NA,1
20211126,67,TOC,b_13,constant,10,c_06,D,29.768878586684767,NA,1
20211126,67,TOC,b_14,constant,7,c_03,D,24.452951802241834,NA,1
20211126,67,TOC,b_15,constant,14,c_14,D,32.187025017798895,NA,1
20211126,67,TOC,b_16,constant,14,c_15,D,20.24109823335596,NA,1
20211126,67,TOC,b_17,decreasing,7,c_05,E,41.01914198451594,NA,1
20211126,67,TOC,b_18,decreasing,7,c_04,E,53.365737149892276,NA,1
20211126,67,TOC,b_19,decreasing,14,c_12,E,28.782332315268604,NA,1
20211126,67,TOC,b_20,decreasing,10,c_09,E,33.20892748064493,NA,1
20211126,67,TOC,b_21,constant,10,c_07,F,37.23146431114127,NA,1
20211126,67,TOC,b_22,constant,10,c_10,F,47.20553752669835,NA,1
20211126,67,TOC,b_23,constant,7,c_04,F,56.64961074225541,NA,1
20211126,67,TOC,b_24,constant,14,c_13,F,31.37368395781248,NA,1
20211126,67,TOC,b_25,decreasing,7,c_03,G,29.081903307526577,NA,1
20211126,67,TOC,b_26,decreasing,14,c_15,G,31.058498472902905,NA,1
20211126,67,TOC,b_27,decreasing,10,c_10,G,47.05509363827924,NA,1
20211126,67,TOC,b_28,constant,10,c_09,H,36.34997682004073,NA,1
20211126,67,TOC,b_29,constant,14,c_12,H,35.384050035597795,NA,1
20211126,67,TOC,b_30,constant,7,c_01,H,39.458123251154866,NA,1
20211129,70,IC,b_01,constant,10,c_08,A,1.4085005877775387,NA,1
20211129,70,IC,b_02,constant,7,c_02,A,1.9974844777058465,NA,1
20211129,70,IC,b_03,constant,14,c_11,A,1.7464683676341544,NA,1
20211129,70,IC,b_04,constant,7,c_05,A,1.675452257562462,NA,1
20211129,70,IC,b_05,decreasing,14,c_13,B,2.7913004790428606,NA,1
20211129,70,IC,b_06,decreasing,14,c_11,B,1.9184392041732754,NA,1
20211129,70,IC,b_08,decreasing,7,c_01,B,3.2727166544341055,NA,1
20211129,70,IC,b_09,decreasing,7,c_02,C,1.80985537956452,NA,1
20211129,70,IC,b_10,decreasing,10,c_07,C,3.0169941046949345,NA,1
20211129,70,IC,b_11,decreasing,10,c_08,C,2.1441328298253497,NA,1
20211129,70,IC,b_12,decreasing,14,c_14,C,2.0612715549557645,NA,1
20211129,70,IC,b_13,constant,10,c_06,D,1.5163072669172308,NA,1
20211129,70,IC,b_14,constant,7,c_03,D,1.9852911568455394,NA,1
20211129,70,IC,b_15,constant,14,c_14,D,1.1942750467738472,NA,1
20211129,70,IC,b_16,constant,14,c_15,D,1.453258936702154,NA,1
20211129,70,IC,b_17,decreasing,7,c_05,E,1.906965180607839,NA,1
20211129,70,IC,b_18,decreasing,7,c_04,E,2.084103905738254,NA,1
20211129,70,IC,b_19,decreasing,14,c_12,E,2.9412426308686688,NA,1
20211129,70,IC,b_20,decreasing,10,c_09,E,2.4983813559990833,NA,1
20211129,70,IC,b_21,constant,10,c_07,F,2.678178386343693,NA,1
20211129,70,IC,b_22,constant,10,c_10,F,1.5571622762720008,NA,1
20211129,70,IC,b_23,constant,7,c_04,F,1.5761461662003082,NA,1
20211129,70,IC,b_24,constant,14,c_13,F,2.0651300561286163,NA,1
20211129,70,IC,b_25,decreasing,7,c_03,G,2.7840749816511576,NA,1
20211129,70,IC,b_26,decreasing,14,c_15,G,1.8912137067815729,NA,1
20211129,70,IC,b_27,decreasing,10,c_10,G,2.218352431911988,NA,1
20211129,70,IC,b_28,constant,10,c_09,H,1.8410656158418464,NA,1
20211129,70,IC,b_29,constant,14,c_12,H,1.640049505770155,NA,1
20211129,70,IC,b_30,constant,7,c_01,H,2.509033395698463,NA,1
20211129,70,TC,b_01,constant,10,c_08,A,30.984770270046525,NA,1
20211129,70,TC,b_02,constant,7,c_02,A,50.1578273755319,NA,1
20211129,70,TC,b_03,constant,14,c_11,A,31.51088448101727,NA,1
20211129,70,TC,b_04,constant,7,c_05,A,33.45394158650265,NA,1
20211129,70,TC,b_05,decreasing,14,c_13,B,41.22470584893871,NA,1
20211129,70,TC,b_06,decreasing,14,c_11,B,29.835502811807693,NA,1
20211129,70,TC,b_07,decreasing,10,c_06,B,31.136299774676687,NA,1
20211129,70,TC,b_08,decreasing,7,c_01,B,43.56709673754568,NA,1
20211129,70,TC,b_09,decreasing,7,c_02,C,38.247893700414664,NA,1
20211129,70,TC,b_10,decreasing,10,c_07,C,43.75869066328366,NA,1
20211129,70,TC,b_11,decreasing,10,c_08,C,35.52948762615265,NA,1
20211129,70,TC,b_12,decreasing,14,c_14,C,36.22028458902164,NA,1
20211129,70,TC,b_13,constant,10,c_06,D,32.741455535871,NA,1
20211129,70,TC,b_14,constant,7,c_03,D,31.084512641356362,NA,1
20211129,70,TC,b_15,constant,14,c_14,D,25.747569746841737,NA,1
20211129,70,TC,b_16,constant,14,c_15,D,31.950626852327105,NA,1
20211129,70,TC,b_17,decreasing,7,c_05,E,33.524269403366596,NA,1
20211129,70,TC,b_18,decreasing,7,c_04,E,54.43506636623558,NA,1
20211129,70,TC,b_19,decreasing,14,c_12,E,42.205863329104574,NA,1
20211129,70,TC,b_20,decreasing,10,c_09,E,38.10666029197357,NA,1
20211129,70,TC,b_21,constant,10,c_07,F,43.95591237975397,NA,1
20211129,70,TC,b_22,constant,10,c_10,F,47.37896948523934,NA,1
20211129,70,TC,b_23,constant,7,c_04,F,54.57202659072472,NA,1
20211129,70,TC,b_24,constant,14,c_13,F,37.09508369621008,NA,1
20211129,70,TC,b_25,decreasing,7,c_03,G,33.960645106318516,NA,1
20211129,70,TC,b_26,decreasing,14,c_15,G,27.06144206918751,NA,1
20211129,70,TC,b_27,decreasing,10,c_10,G,46.3722390320565,NA,1
20211129,70,TC,b_28,constant,10,c_09,H,35.297312118151574,NA,1
20211129,70,TC,b_29,constant,14,c_12,H,30.170369223636946,NA,1
20211129,70,TC,b_30,constant,7,c_01,H,37.413426329122316,NA,1
20211129,70,TN,b_01,constant,10,c_08,A,6.548077553520868,NA,1
20211129,70,TN,b_02,constant,7,c_02,A,12.11640263589251,NA,1
20211129,70,TN,b_03,constant,14,c_11,A,6.604727718264151,NA,1
20211129,70,TN,b_04,constant,7,c_05,A,6.883052800635791,NA,1
20211129,70,TN,b_05,decreasing,14,c_13,B,9.517345350576562,NA,1
20211129,70,TN,b_06,decreasing,14,c_11,B,6.533388748982258,NA,1
20211129,70,TN,b_07,decreasing,10,c_06,B,6.789432147387954,NA,1
20211129,70,TN,b_08,decreasing,7,c_01,B,11.055475545793648,NA,1
20211129,70,TN,b_09,decreasing,7,c_02,C,9.531518944199345,NA,1
20211129,70,TN,b_10,decreasing,10,c_07,C,10.43756234260504,NA,1
20211129,70,TN,b_11,decreasing,10,c_08,C,7.123605741010736,NA,1
20211129,70,TN,b_12,decreasing,14,c_14,C,7.969649139416431,NA,1
20211129,70,TN,b_13,constant,10,c_06,D,7.02797854198056,NA,1
20211129,70,TN,b_14,constant,7,c_03,D,6.9663036243522,NA,1
20211129,70,TN,b_15,constant,14,c_14,D,5.454628706723842,NA,1
20211129,70,TN,b_16,constant,14,c_15,D,6.862953789095482,NA,1
20211129,70,TN,b_17,decreasing,7,c_05,E,6.83986613144491,NA,1
20211129,70,TN,b_18,decreasing,7,c_04,E,13.505909529850603,NA,1
20211129,70,TN,b_19,decreasing,14,c_12,E,9.681952928256301,NA,1
20211129,70,TN,b_20,decreasing,10,c_09,E,8.537996326661997,NA,1
20211129,70,TN,b_21,constant,10,c_07,F,10.614579200953687,NA,1
20211129,70,TN,b_22,constant,10,c_10,F,11.442904283325328,NA,1
20211129,70,TN,b_23,constant,7,c_04,F,12.851229365696968,NA,1
20211129,70,TN,b_24,constant,14,c_13,F,8.39955444806861,NA,1
20211129,70,TN,b_25,decreasing,7,c_03,G,7.568213318690473,NA,1
20211129,70,TN,b_26,decreasing,14,c_15,G,6.0542567170961705,NA,1
20211129,70,TN,b_27,decreasing,10,c_10,G,11.710300115501864,NA,1
20211129,70,TN,b_28,constant,10,c_09,H,7.682854777555173,NA,1
20211129,70,TN,b_29,constant,14,c_12,H,6.731179859926813,NA,1
20211129,70,TN,b_30,constant,7,c_01,H,9.339504942298456,NA,1
20211129,70,TOC,b_01,constant,10,c_08,A,29.576269682268986,NA,1
20211129,70,TOC,b_02,constant,7,c_02,A,48.16034289782605,NA,1
20211129,70,TOC,b_03,constant,14,c_11,A,29.764416113383113,NA,1
20211129,70,TOC,b_04,constant,7,c_05,A,31.77848932894019,NA,1
20211129,70,TOC,b_05,decreasing,14,c_13,B,38.2144501266662,NA,1
20211129,70,TOC,b_06,decreasing,14,c_11,B,27.691045292042517,NA,1
20211129,70,TOC,b_08,decreasing,7,c_01,B,40.05423562279518,NA,1
20211129,70,TOC,b_09,decreasing,7,c_02,C,36.1908307881715,NA,1
20211129,70,TOC,b_10,decreasing,10,c_07,C,40.487425953547834,NA,1
20211129,70,TOC,b_11,decreasing,10,c_08,C,33.12402111892417,NA,1
20211129,70,TOC,b_12,decreasing,14,c_14,C,33.8906162843005,NA,1
20211129,70,TOC,b_13,constant,10,c_06,D,31.22514826895376,NA,1
20211129,70,TOC,b_14,constant,7,c_03,D,29.099221484510817,NA,1
20211129,70,TOC,b_15,constant,14,c_14,D,24.553294700067887,NA,1
20211129,70,TOC,b_16,constant,14,c_15,D,30.49736791562495,NA,1
20211129,70,TOC,b_17,decreasing,7,c_05,E,31.31359211118214,NA,1
20211129,70,TOC,b_18,decreasing,7,c_04,E,52.04018727655847,NA,1
20211129,70,TOC,b_19,decreasing,14,c_12,E,38.9467824419348,NA,1
20211129,70,TOC,b_20,decreasing,10,c_09,E,35.283377607311124,NA,1
20211129,70,TOC,b_21,constant,10,c_07,F,41.277733993410266,NA,1
20211129,70,TOC,b_22,constant,10,c_10,F,45.821807208967336,NA,1
20211129,70,TOC,b_23,constant,7,c_04,F,52.9958804245244,NA,1
20211129,70,TOC,b_24,constant,14,c_13,F,35.02995364008146,NA,1
20211129,70,TOC,b_25,decreasing,7,c_03,G,30.81635343419277,NA,1
20211129,70,TOC,b_26,decreasing,14,c_15,G,24.8029485995691,NA,1
20211129,70,TOC,b_27,decreasing,10,c_10,G,43.77954376494542,NA,1
20211129,70,TOC,b_28,constant,10,c_09,H,33.456246502309725,NA,1
20211129,70,TOC,b_29,constant,14,c_12,H,28.53031971786678,NA,1
20211129,70,TOC,b_30,constant,7,c_01,H,34.90439293342385,NA,1
20211201,72,IC,b_01,constant,10,c_08,A,0.57,NA,1
20211201,72,IC,b_02,constant,7,c_02,A,1.0329970729667572,NA,1
20211201,72,IC,b_03,constant,14,c_11,A,0.7859941459335145,NA,1
20211201,72,IC,b_04,constant,7,c_05,A,1.0589912189002717,NA,1
20211201,72,IC,b_05,decreasing,14,c_13,B,1.75,NA,1
20211201,72,IC,b_06,decreasing,14,c_11,B,1.0898118729096988,NA,1
20211201,72,IC,b_07,decreasing,10,c_06,B,1.189623745819398,NA,1
20211201,72,IC,b_08,decreasing,7,c_01,B,2.8394356187290972,NA,1
20211201,72,IC,b_09,decreasing,7,c_02,C,1.0392474916387962,NA,1
20211201,72,IC,b_10,decreasing,10,c_07,C,2.429059364548495,NA,1
20211201,72,IC,b_11,decreasing,10,c_08,C,1.0288712374581943,NA,1
20211201,72,IC,b_12,decreasing,14,c_14,C,1.2886831103678928,NA,1
20211201,72,IC,b_13,constant,10,c_06,D,0.9259648756010874,NA,1
20211201,72,IC,b_14,constant,7,c_03,D,1.4389619485678444,NA,1
20211201,72,IC,b_15,constant,14,c_14,D,0.9519590215346019,NA,1
20211201,72,IC,b_16,constant,14,c_15,D,0.7449560945013591,NA,1
20211201,72,IC,b_17,decreasing,7,c_05,E,0.9577424749163881,NA,1
20211201,72,IC,b_18,decreasing,7,c_04,E,1.377554347826087,NA,1
20211201,72,IC,b_19,decreasing,14,c_12,E,1.7873662207357865,NA,1
20211201,72,IC,b_20,decreasing,10,c_09,E,1.6971780936454852,NA,1
20211201,72,IC,b_21,constant,10,c_07,F,2.7099414593351456,NA,1
20211201,72,IC,b_22,constant,10,c_10,F,1.9929385323019029,NA,1
20211201,72,IC,b_23,constant,7,c_04,F,1.5559356052686601,NA,1
20211201,72,IC,b_24,constant,14,c_13,F,1.7089326782354177,NA,1
20211201,72,IC,b_25,decreasing,7,c_03,G,1.6162374581939805,NA,1
20211201,72,IC,b_26,decreasing,14,c_15,G,1.2160493311036795,NA,1
20211201,72,IC,b_27,decreasing,10,c_10,G,2.0058612040133785,NA,1
20211201,72,IC,b_28,constant,10,c_09,H,1.4509209701024468,NA,1
20211201,72,IC,b_29,constant,14,c_12,H,1.5439180430692039,NA,1
20211201,72,IC,b_30,constant,7,c_01,H,2.3769151160359616,NA,1
20211201,72,TC,b_01,constant,10,c_08,A,41.95,NA,1
20211201,72,TC,b_02,constant,7,c_02,A,53.11705676353753,NA,1
20211201,72,TC,b_03,constant,14,c_11,A,39.574113527075056,NA,1
20211201,72,TC,b_04,constant,7,c_05,A,45.45117029061259,NA,1
20211201,72,TC,b_05,decreasing,14,c_13,B,45.01,NA,1
20211201,72,TC,b_06,decreasing,14,c_11,B,41.71548494983278,NA,1
20211201,72,TC,b_07,decreasing,10,c_06,B,42.14096989966555,NA,1
20211201,72,TC,b_08,decreasing,7,c_01,B,48.12645484949833,NA,1
20211201,72,TC,b_09,decreasing,7,c_02,C,53.141939799331105,NA,1
20211201,72,TC,b_10,decreasing,10,c_07,C,46.87742474916388,NA,1
20211201,72,TC,b_11,decreasing,10,c_08,C,43.86290969899665,NA,1
20211201,72,TC,b_12,decreasing,14,c_14,C,43.06839464882943,NA,1
20211201,72,TC,b_13,constant,10,c_06,D,46.43468116245035,NA,1
20211201,72,TC,b_14,constant,7,c_03,D,42.76173792598789,NA,1
20211201,72,TC,b_15,constant,14,c_14,D,46.13879468952541,NA,1
20211201,72,TC,b_16,constant,14,c_15,D,44.87585145306294,NA,1
20211201,72,TC,b_17,decreasing,7,c_05,E,42.16581939799331,NA,1
20211201,72,TC,b_18,decreasing,7,c_04,E,66.38130434782607,NA,1
20211201,72,TC,b_19,decreasing,14,c_12,E,43.94678929765885,NA,1
20211201,72,TC,b_20,decreasing,10,c_09,E,43.32227424749163,NA,1
20211201,72,TC,b_21,constant,10,c_07,F,53.50113527075059,NA,1
20211201,72,TC,b_22,constant,10,c_10,F,69.88819203428812,NA,1
20211201,72,TC,b_23,constant,7,c_04,F,70.93524879782564,NA,1
20211201,72,TC,b_24,constant,14,c_13,F,49.99230556136318,NA,1
20211201,72,TC,b_25,decreasing,7,c_03,G,34.199698996655506,NA,1
20211201,72,TC,b_26,decreasing,14,c_15,G,35.20518394648828,NA,1
20211201,72,TC,b_27,decreasing,10,c_10,G,60.21066889632106,NA,1
20211201,72,TC,b_28,constant,10,c_09,H,51.01053261551329,NA,1
20211201,72,TC,b_29,constant,14,c_12,H,49.81758937905083,NA,1
20211201,72,TC,b_30,constant,7,c_01,H,53.16464614258835,NA,1
20211201,72,TN,b_01,constant,10,c_08,A,9.68,NA,1
20211201,72,TN,b_02,constant,7,c_02,A,13.857396508467488,NA,1
20211201,72,TN,b_03,constant,14,c_11,A,8.704793016934978,NA,1
20211201,72,TN,b_04,constant,7,c_05,A,9.802189525402467,NA,1
20211201,72,TN,b_05,decreasing,14,c_13,B,10.97,NA,1
20211201,72,TN,b_06,decreasing,14,c_11,B,8.886484113712374,NA,1
20211201,72,TN,b_07,decreasing,10,c_06,B,9.242968227424749,NA,1
20211201,72,TN,b_08,decreasing,7,c_01,B,12.229452341137124,NA,1
20211201,72,TN,b_09,decreasing,7,c_02,C,13.055936454849498,NA,1
20211201,72,TN,b_10,decreasing,10,c_07,C,11.612420568561873,NA,1
20211201,72,TN,b_11,decreasing,10,c_08,C,9.378904682274245,NA,1
20211201,72,TN,b_12,decreasing,14,c_14,C,9.46538879598662,NA,1
20211201,72,TN,b_13,constant,10,c_06,D,9.958758101609869,NA,1
20211201,72,TN,b_14,constant,7,c_03,D,9.816154610077358,NA,1
20211201,72,TN,b_15,constant,14,c_14,D,9.843551118544847,NA,1
20211201,72,TN,b_16,constant,14,c_15,D,9.670947627012337,NA,1
20211201,72,TN,b_17,decreasing,7,c_05,E,8.757809364548493,NA,1
20211201,72,TN,b_18,decreasing,7,c_04,E,16.31429347826087,NA,1
20211201,72,TN,b_19,decreasing,14,c_12,E,10.320777591973242,NA,1
20211201,72,TN,b_20,decreasing,10,c_09,E,9.867261705685616,NA,1
20211201,72,TN,b_21,constant,10,c_07,F,12.467930169349781,NA,1
20211201,72,TN,b_22,constant,10,c_10,F,16.31532667781727,NA,1
20211201,72,TN,b_23,constant,7,c_04,F,16.27272318628476,NA,1
20211201,72,TN,b_24,constant,14,c_13,F,11.210119694752251,NA,1
20211201,72,TN,b_25,decreasing,7,c_03,G,7.7596822742474885,NA,1
20211201,72,TN,b_26,decreasing,14,c_15,G,7.686166387959863,NA,1
20211201,72,TN,b_27,decreasing,10,c_10,G,14.902650501672236,NA,1
20211201,72,TN,b_28,constant,10,c_09,H,11.269705728622206,NA,1
20211201,72,TN,b_29,constant,14,c_12,H,11.317102237089696,NA,1
20211201,72,TN,b_30,constant,7,c_01,H,13.104498745557184,NA,1
20211201,72,TOC,b_01,constant,10,c_08,A,41.38,NA,1
20211201,72,TOC,b_02,constant,7,c_02,A,52.084059690570776,NA,1
20211201,72,TOC,b_03,constant,14,c_11,A,38.78811938114155,NA,1
20211201,72,TOC,b_04,constant,7,c_05,A,44.39217907171232,NA,1
20211201,72,TOC,b_05,decreasing,14,c_13,B,43.26,NA,1
20211201,72,TOC,b_06,decreasing,14,c_11,B,40.62567307692308,NA,1
20211201,72,TOC,b_07,decreasing,10,c_06,B,40.95134615384615,NA,1
20211201,72,TOC,b_08,decreasing,7,c_01,B,45.28701923076924,NA,1
20211201,72,TOC,b_09,decreasing,7,c_02,C,52.10269230769231,NA,1
20211201,72,TOC,b_10,decreasing,10,c_07,C,44.448365384615386,NA,1
20211201,72,TOC,b_11,decreasing,10,c_08,C,42.83403846153846,NA,1
20211201,72,TOC,b_12,decreasing,14,c_14,C,41.77971153846154,NA,1
20211201,72,TOC,b_13,constant,10,c_06,D,45.508716286849264,NA,1
20211201,72,TOC,b_14,constant,7,c_03,D,41.322775977420044,NA,1
20211201,72,TOC,b_15,constant,14,c_14,D,45.186835667990806,NA,1
20211201,72,TOC,b_16,constant,14,c_15,D,44.13089535856158,NA,1
20211201,72,TOC,b_17,decreasing,7,c_05,E,41.20807692307692,NA,1
20211201,72,TOC,b_18,decreasing,7,c_04,E,65.00375,NA,1
20211201,72,TOC,b_19,decreasing,14,c_12,E,42.159423076923076,NA,1
20211201,72,TOC,b_20,decreasing,10,c_09,E,41.62509615384616,NA,1
20211201,72,TOC,b_21,constant,10,c_07,F,50.79119381141544,NA,1
20211201,72,TOC,b_22,constant,10,c_10,F,67.89525350198622,NA,1
20211201,72,TOC,b_23,constant,7,c_04,F,69.37931319255698,NA,1
20211201,72,TOC,b_24,constant,14,c_13,F,48.28337288312776,NA,1
20211201,72,TOC,b_25,decreasing,7,c_03,G,32.58346153846154,NA,1
20211201,72,TOC,b_26,decreasing,14,c_15,G,33.98913461538462,NA,1
20211201,72,TOC,b_27,decreasing,10,c_10,G,58.204807692307696,NA,1
20211201,72,TOC,b_28,constant,10,c_09,H,49.55961164541084,NA,1
20211201,72,TOC,b_29,constant,14,c_12,H,48.27367133598161,NA,1
20211201,72,TOC,b_30,constant,7,c_01,H,50.787731026552386,NA,1
20211203,74,IC,b_01,constant,10,c_08,A,2.2314546309847376,NA,2
20211203,74,IC,b_02,constant,7,c_02,A,2.1383916003039376,NA,2
20211203,74,IC,b_03,constant,14,c_11,A,2.170328569623137,NA,2
20211203,74,IC,b_04,constant,7,c_05,A,4.452630597014926,NA,1
20211203,74,IC,b_05,decreasing,14,c_13,B,5.17,NA,1
20211203,74,IC,b_06,decreasing,14,c_11,B,4.99566889632107,NA,1
20211203,74,IC,b_07,decreasing,10,c_06,B,5.041337792642141,NA,1
20211203,74,IC,b_08,decreasing,7,c_01,B,5.947006688963211,NA,1
20211203,74,IC,b_09,decreasing,7,c_02,C,4.432675585284281,NA,1
20211203,74,IC,b_10,decreasing,10,c_07,C,6.158344481605351,NA,1
20211203,74,IC,b_11,decreasing,10,c_08,C,3.894013377926421,NA,1
20211203,74,IC,b_12,decreasing,14,c_14,C,4.979682274247492,NA,1
20211203,74,IC,b_13,constant,10,c_06,D,4.400522388059701,NA,1
20211203,74,IC,b_14,constant,7,c_03,D,4.351399253731343,NA,1
20211203,74,IC,b_15,constant,14,c_14,D,3.2122761194029854,NA,1
20211203,74,IC,b_16,constant,14,c_15,D,3.343152985074627,NA,1
20211203,74,IC,b_17,decreasing,7,c_05,E,4.268026755852842,NA,1
20211203,74,IC,b_18,decreasing,7,c_04,E,5.293695652173913,NA,1
20211203,74,IC,b_19,decreasing,14,c_12,E,5.579364548494983,NA,1
20211203,74,IC,b_20,decreasing,10,c_09,E,5.425033444816053,NA,1
20211203,74,IC,b_21,constant,10,c_07,F,4.747537313432836,NA,1
20211203,74,IC,b_22,constant,10,c_10,F,4.938414179104477,NA,1
20211203,74,IC,b_23,constant,7,c_04,F,4.309291044776119,NA,1
20211203,74,IC,b_24,constant,14,c_13,F,4.330167910447762,NA,1
20211203,74,IC,b_25,decreasing,7,c_03,G,5.363377926421404,NA,1
20211203,74,IC,b_26,decreasing,14,c_15,G,4.189046822742474,NA,1
20211203,74,IC,b_27,decreasing,10,c_10,G,5.624715719063544,NA,1
20211203,74,IC,b_28,constant,10,c_09,H,4.3636753731343285,NA,1
20211203,74,IC,b_29,constant,14,c_12,H,4.07455223880597,NA,1
20211203,74,IC,b_30,constant,7,c_01,H,4.505429104477612,NA,1
20211203,74,TC,b_01,constant,10,c_08,A,35.7493798348317,NA,2
20211203,74,TC,b_02,constant,7,c_02,A,38.32237883227211,NA,2
20211203,74,TC,b_03,constant,14,c_11,A,32.92537782971252,NA,2
20211203,74,TC,b_04,constant,7,c_05,A,33.59682369402985,NA,1
20211203,74,TC,b_05,decreasing,14,c_13,B,37.05,NA,1
20211203,74,TC,b_06,decreasing,14,c_11,B,40.18211120401338,NA,1
20211203,74,TC,b_07,decreasing,10,c_06,B,40.184222408026756,NA,1
20211203,74,TC,b_08,decreasing,7,c_01,B,41.35633361204014,NA,1
20211203,74,TC,b_09,decreasing,7,c_02,C,42.21844481605351,NA,1
20211203,74,TC,b_10,decreasing,10,c_07,C,46.430556020066895,NA,1
20211203,74,TC,b_11,decreasing,10,c_08,C,31.012667224080275,NA,1
20211203,74,TC,b_12,decreasing,14,c_14,C,39.60477842809365,NA,1
20211203,74,TC,b_13,constant,10,c_06,D,36.8172947761194,NA,1
20211203,74,TC,b_14,constant,7,c_03,D,29.186236007462682,NA,1
20211203,74,TC,b_15,constant,14,c_14,D,26.485177238805967,NA,1
20211203,74,TC,b_16,constant,14,c_15,D,26.304118470149255,NA,1
20211203,74,TC,b_17,decreasing,7,c_05,E,34.76533444816054,NA,1
20211203,74,TC,b_18,decreasing,7,c_04,E,57.247445652173916,NA,1
20211203,74,TC,b_19,decreasing,14,c_12,E,36.27955685618729,NA,1
20211203,74,TC,b_20,decreasing,10,c_09,E,41.01166806020067,NA,1
20211203,74,TC,b_21,constant,10,c_07,F,31.648824626865668,NA,1
20211203,74,TC,b_22,constant,10,c_10,F,52.64776585820895,NA,1
20211203,74,TC,b_23,constant,7,c_04,F,51.506707089552236,NA,1
20211203,74,TC,b_24,constant,14,c_13,F,31.075648320895517,NA,1
20211203,74,TC,b_25,decreasing,7,c_03,G,32.092224080267556,NA,1
20211203,74,TC,b_26,decreasing,14,c_15,G,24.314335284280936,NA,1
20211203,74,TC,b_27,decreasing,10,c_10,G,57.59644648829432,NA,1
20211203,74,TC,b_28,constant,10,c_09,H,33.08141324626865,NA,1
20211203,74,TC,b_29,constant,14,c_12,H,27.10035447761193,NA,1
20211203,74,TC,b_30,constant,7,c_01,H,32.039295708955216,NA,1
20211203,74,TN,b_01,constant,10,c_08,A,7.724645881246081,NA,2
20211203,74,TN,b_02,constant,7,c_02,A,9.690549126151467,NA,2
20211203,74,TN,b_03,constant,14,c_11,A,6.756452371056854,NA,2
20211203,74,TN,b_04,constant,7,c_05,A,6.64322994402985,NA,1
20211203,74,TN,b_05,decreasing,14,c_13,B,8.34,NA,1
20211203,74,TN,b_06,decreasing,14,c_11,B,8.15767558528428,NA,1
20211203,74,TN,b_07,decreasing,10,c_06,B,8.35535117056856,NA,1
20211203,74,TN,b_08,decreasing,7,c_01,B,9.863026755852843,NA,1
20211203,74,TN,b_09,decreasing,7,c_02,C,9.880702341137123,NA,1
20211203,74,TN,b_10,decreasing,10,c_07,C,10.468377926421404,NA,1
20211203,74,TN,b_11,decreasing,10,c_08,C,5.946053511705686,NA,1
20211203,74,TN,b_12,decreasing,14,c_14,C,8.053729096989965,NA,1
20211203,74,TN,b_13,constant,10,c_06,D,7.152919776119403,NA,1
20211203,74,TN,b_14,constant,7,c_03,D,5.947329757462685,NA,1
20211203,74,TN,b_15,constant,14,c_14,D,4.991739738805967,NA,1
20211203,74,TN,b_16,constant,14,c_15,D,4.926149720149251,NA,1
20211203,74,TN,b_17,decreasing,7,c_05,E,6.482107023411372,NA,1
20211203,74,TN,b_18,decreasing,7,c_04,E,13.519782608695651,NA,1
20211203,74,TN,b_19,decreasing,14,c_12,E,7.647458193979933,NA,1
20211203,74,TN,b_20,decreasing,10,c_09,E,8.525133779264213,NA,1
20211203,74,TN,b_21,constant,10,c_07,F,7.258199626865671,NA,1
20211203,74,TN,b_22,constant,10,c_10,F,12.082609608208955,NA,1
20211203,74,TN,b_23,constant,7,c_04,F,11.607019589552234,NA,1
20211203,74,TN,b_24,constant,14,c_13,F,6.471429570895519,NA,1
20211203,74,TN,b_25,decreasing,7,c_03,G,6.543511705685618,NA,1
20211203,74,TN,b_26,decreasing,14,c_15,G,4.711187290969898,NA,1
20211203,74,TN,b_27,decreasing,10,c_10,G,13.73886287625418,NA,1
20211203,74,TN,b_28,constant,10,c_09,H,6.369069496268655,NA,1
20211203,74,TN,b_29,constant,14,c_12,H,5.21347947761194,NA,1
20211203,74,TN,b_30,constant,7,c_01,H,7.457889458955221,NA,1
20211203,74,TOC,b_01,constant,10,c_08,A,33.517925203846964,NA,2
20211203,74,TOC,b_02,constant,7,c_02,A,36.18398723196817,NA,2
20211203,74,TOC,b_03,constant,14,c_11,A,30.75504926008938,NA,2
20211203,74,TOC,b_04,constant,7,c_05,A,29.144193097014917,NA,1
20211203,74,TOC,b_05,decreasing,14,c_13,B,31.879999999999995,NA,1
20211203,74,TOC,b_06,decreasing,14,c_11,B,35.18644230769231,NA,1
20211203,74,TOC,b_07,decreasing,10,c_06,B,35.14288461538462,NA,1
20211203,74,TOC,b_08,decreasing,7,c_01,B,35.40932692307693,NA,1
20211203,74,TOC,b_09,decreasing,7,c_02,C,37.78576923076923,NA,1
20211203,74,TOC,b_10,decreasing,10,c_07,C,40.27221153846155,NA,1
20211203,74,TOC,b_11,decreasing,10,c_08,C,27.118653846153848,NA,1
20211203,74,TOC,b_12,decreasing,14,c_14,C,34.62509615384616,NA,1
20211203,74,TOC,b_13,constant,10,c_06,D,32.41677238805969,NA,1
20211203,74,TOC,b_14,constant,7,c_03,D,24.834836753731334,NA,1
20211203,74,TOC,b_15,constant,14,c_14,D,23.272901119402974,NA,1
20211203,74,TOC,b_16,constant,14,c_15,D,22.960965485074617,NA,1
20211203,74,TOC,b_17,decreasing,7,c_05,E,30.4973076923077,NA,1
20211203,74,TOC,b_18,decreasing,7,c_04,E,51.95375000000001,NA,1
20211203,74,TOC,b_19,decreasing,14,c_12,E,30.700192307692305,NA,1
20211203,74,TOC,b_20,decreasing,10,c_09,E,35.58663461538462,NA,1
20211203,74,TOC,b_21,constant,10,c_07,F,26.901287313432825,NA,1
20211203,74,TOC,b_22,constant,10,c_10,F,47.70935167910446,NA,1
20211203,74,TOC,b_23,constant,7,c_04,F,47.197416044776105,NA,1
20211203,74,TOC,b_24,constant,14,c_13,F,26.74548041044774,NA,1
20211203,74,TOC,b_25,decreasing,7,c_03,G,26.728846153846153,NA,1
20211203,74,TOC,b_26,decreasing,14,c_15,G,20.125288461538464,NA,1
20211203,74,TOC,b_27,decreasing,10,c_10,G,51.971730769230774,NA,1
20211203,74,TOC,b_28,constant,10,c_09,H,28.71773787313431,NA,1
20211203,74,TOC,b_29,constant,14,c_12,H,23.025802238805944,NA,1
20211203,74,TOC,b_30,constant,7,c_01,H,27.533866604477588,NA,1
20211206,77,IC,b_01,constant,10,c_08,A,0.61,NA,1
20211206,77,IC,b_02,constant,7,c_02,A,0.7052336760582187,NA,1
20211206,77,IC,b_03,constant,14,c_11,A,0.6104673521164374,NA,1
20211206,77,IC,b_04,constant,7,c_05,A,0.6357010281746561,NA,1
20211206,77,IC,b_05,decreasing,14,c_13,B,1.66,NA,1
20211206,77,IC,b_06,decreasing,14,c_11,B,1.006012636012636,NA,1
20211206,77,IC,b_07,decreasing,10,c_06,B,0.9120252720252722,NA,1
20211206,77,IC,b_08,decreasing,7,c_01,B,1.528037908037908,NA,1
20211206,77,IC,b_09,decreasing,7,c_02,C,0.994050544050544,NA,1
20211206,77,IC,b_10,decreasing,10,c_07,C,1.76006318006318,NA,1
20211206,77,IC,b_11,decreasing,10,c_08,C,1.026075816075816,NA,1
20211206,77,IC,b_12,decreasing,14,c_14,C,1.0220884520884523,NA,1
20211206,77,IC,b_13,constant,10,c_06,D,0.5828041126986248,NA,1
20211206,77,IC,b_14,constant,7,c_03,D,0.6780377887568434,NA,1
20211206,77,IC,b_15,constant,14,c_14,D,0.4532714648150622,NA,1
20211206,77,IC,b_16,constant,14,c_15,D,0.31850514087328086,NA,1
20211206,77,IC,b_17,decreasing,7,c_05,E,1.1021516321516323,NA,1
20211206,77,IC,b_18,decreasing,7,c_04,E,1.318164268164268,NA,1
20211206,77,IC,b_19,decreasing,14,c_12,E,1.8741769041769045,NA,1
20211206,77,IC,b_20,decreasing,10,c_09,E,1.5301895401895402,NA,1
20211206,77,IC,b_21,constant,10,c_07,F,1.8946735211643746,NA,1
20211206,77,IC,b_22,constant,10,c_10,F,1.1799071972225932,NA,1
20211206,77,IC,b_23,constant,7,c_04,F,0.5351408732808116,NA,1
20211206,77,IC,b_24,constant,14,c_13,F,1.1403745493390305,NA,1
20211206,77,IC,b_25,decreasing,7,c_03,G,1.4902527202527203,NA,1
20211206,77,IC,b_26,decreasing,14,c_15,G,1.3562653562653562,NA,1
20211206,77,IC,b_27,decreasing,10,c_10,G,1.7722779922779928,NA,1
20211206,77,IC,b_28,constant,10,c_09,H,0.6113092535719054,NA,1
20211206,77,IC,b_29,constant,14,c_12,H,1.2365429296301242,NA,1
20211206,77,IC,b_30,constant,7,c_01,H,1.3117766056883429,NA,1
20211206,77,TC,b_01,constant,10,c_08,A,59.07,NA,1
20211206,77,TC,b_02,constant,7,c_02,A,47.646742110651175,NA,1
20211206,77,TC,b_03,constant,14,c_11,A,30.13348422130235,NA,1
20211206,77,TC,b_04,constant,7,c_05,A,31.61022633195353,NA,1
20211206,77,TC,b_05,decreasing,14,c_13,B,36.09,NA,1
20211206,77,TC,b_06,decreasing,14,c_11,B,33.26334202890055,NA,1
20211206,77,TC,b_07,decreasing,10,c_06,B,29.6866840578011,NA,1
20211206,77,TC,b_08,decreasing,7,c_01,B,29.320026086701642,NA,1
20211206,77,TC,b_09,decreasing,7,c_02,C,43.32336811560219,NA,1
20211206,77,TC,b_10,decreasing,10,c_07,C,32.816710144502736,NA,1
20211206,77,TC,b_11,decreasing,10,c_08,C,37.23005217340329,NA,1
20211206,77,TC,b_12,decreasing,14,c_14,C,31.093394202303838,NA,1
20211206,77,TC,b_13,constant,10,c_06,D,30.930905327814123,NA,1
20211206,77,TC,b_14,constant,7,c_03,D,27.157647438465297,NA,1
20211206,77,TC,b_15,constant,14,c_14,D,34.25438954911647,NA,1
20211206,77,TC,b_16,constant,14,c_15,D,29.601131659767653,NA,1
20211206,77,TC,b_17,decreasing,7,c_05,E,32.76010434680658,NA,1
20211206,77,TC,b_18,decreasing,7,c_04,E,54.31344637570713,NA,1
20211206,77,TC,b_19,decreasing,14,c_12,E,36.48678840460767,NA,1
20211206,77,TC,b_20,decreasing,10,c_09,E,34.92013043350822,NA,1
20211206,77,TC,b_21,constant,10,c_07,F,48.154842213023535,NA,1
20211206,77,TC,b_22,constant,10,c_10,F,54.141584323674714,NA,1
20211206,77,TC,b_23,constant,7,c_04,F,50.17832643432589,NA,1
20211206,77,TC,b_24,constant,14,c_13,F,41.73506854497707,NA,1
20211206,77,TC,b_25,decreasing,7,c_03,G,33.596840578010955,NA,1
20211206,77,TC,b_26,decreasing,14,c_15,G,34.35018260691151,NA,1
20211206,77,TC,b_27,decreasing,10,c_10,G,57.37352463581206,NA,1
20211206,77,TC,b_28,constant,10,c_09,H,35.92203698758178,NA,1
20211206,77,TC,b_29,constant,14,c_12,H,44.46877909823295,NA,1
20211206,77,TC,b_30,constant,7,c_01,H,42.92552120888413,NA,1
20211206,77,TN,b_01,constant,10,c_08,A,13.53,NA,1
20211206,77,TN,b_02,constant,7,c_02,A,12.804085102594916,NA,1
20211206,77,TN,b_03,constant,14,c_11,A,7.268170205189834,NA,1
20211206,77,TN,b_04,constant,7,c_05,A,7.30225530778475,NA,1
20211206,77,TN,b_05,decreasing,14,c_13,B,9.46,NA,1
20211206,77,TN,b_06,decreasing,14,c_11,B,7.986618694492481,NA,1
20211206,77,TN,b_07,decreasing,10,c_06,B,7.273237388984963,NA,1
20211206,77,TN,b_08,decreasing,7,c_01,B,8.639856083477445,NA,1
20211206,77,TN,b_09,decreasing,7,c_02,C,11.916474777969926,NA,1
20211206,77,TN,b_10,decreasing,10,c_07,C,8.863093472462408,NA,1
20211206,77,TN,b_11,decreasing,10,c_08,C,8.97971216695489,NA,1
20211206,77,TN,b_12,decreasing,14,c_14,C,7.686330861447373,NA,1
20211206,77,TN,b_13,constant,10,c_06,D,7.479021231139003,NA,1
20211206,77,TN,b_14,constant,7,c_03,D,6.90310633373392,NA,1
20211206,77,TN,b_15,constant,14,c_14,D,8.287191436328836,NA,1
20211206,77,TN,b_16,constant,14,c_15,D,7.141276538923753,NA,1
20211206,77,TN,b_17,decreasing,7,c_05,E,7.629424333909781,NA,1
20211206,77,TN,b_18,decreasing,7,c_04,E,14.766043028402262,NA,1
20211206,77,TN,b_19,decreasing,14,c_12,E,9.332661722894743,NA,1
20211206,77,TN,b_20,decreasing,10,c_09,E,8.759280417387227,NA,1
20211206,77,TN,b_21,constant,10,c_07,F,12.411702051898338,NA,1
20211206,77,TN,b_22,constant,10,c_10,F,14.315787154493256,NA,1
20211206,77,TN,b_23,constant,7,c_04,F,13.209872257088172,NA,1
20211206,77,TN,b_24,constant,14,c_13,F,10.43395735968309,NA,1
20211206,77,TN,b_25,decreasing,7,c_03,G,8.562373889849635,NA,1
20211206,77,TN,b_26,decreasing,14,c_15,G,8.518992584342117,NA,1
20211206,77,TN,b_27,decreasing,10,c_10,G,15.425611278834598,NA,1
20211206,77,TN,b_28,constant,10,c_09,H,8.800297770062757,NA,1
20211206,77,TN,b_29,constant,14,c_12,H,10.854382872657673,NA,1
20211206,77,TN,b_30,constant,7,c_01,H,11.52846797525259,NA,1
20211206,77,TOC,b_01,constant,10,c_08,A,58.46,NA,1
20211206,77,TOC,b_02,constant,7,c_02,A,46.94150843459296,NA,1
20211206,77,TOC,b_03,constant,14,c_11,A,29.523016869185923,NA,1
20211206,77,TOC,b_04,constant,7,c_05,A,30.97452530377888,NA,1
20211206,77,TOC,b_05,decreasing,14,c_13,B,34.43000000000001,NA,1
20211206,77,TOC,b_06,decreasing,14,c_11,B,32.251309231309236,NA,1
20211206,77,TOC,b_07,decreasing,10,c_06,B,28.76261846261846,NA,1
20211206,77,TOC,b_08,decreasing,7,c_01,B,27.773927693927696,NA,1
20211206,77,TOC,b_09,decreasing,7,c_02,C,42.305236925236926,NA,1
20211206,77,TOC,b_10,decreasing,10,c_07,C,31.026546156546154,NA,1
20211206,77,TOC,b_11,decreasing,10,c_08,C,36.16785538785538,NA,1
20211206,77,TOC,b_12,decreasing,14,c_14,C,30.029164619164618,NA,1
20211206,77,TOC,b_13,constant,10,c_06,D,30.348101215115506,NA,1
20211206,77,TOC,b_14,constant,7,c_03,D,26.47960964970846,NA,1
20211206,77,TOC,b_15,constant,14,c_14,D,33.80111808430142,NA,1
20211206,77,TOC,b_16,constant,14,c_15,D,29.282626518894375,NA,1
20211206,77,TOC,b_17,decreasing,7,c_05,E,31.585710775710776,NA,1
20211206,77,TOC,b_18,decreasing,7,c_04,E,52.917020007020014,NA,1
20211206,77,TOC,b_19,decreasing,14,c_12,E,34.52832923832924,NA,1
20211206,77,TOC,b_20,decreasing,10,c_09,E,33.29963846963847,NA,1
20211206,77,TOC,b_21,constant,10,c_07,F,46.26016869185917,NA,1
20211206,77,TOC,b_22,constant,10,c_10,F,52.96167712645212,NA,1
20211206,77,TOC,b_23,constant,7,c_04,F,49.64318556104509,NA,1
20211206,77,TOC,b_24,constant,14,c_13,F,40.59469399563804,NA,1
20211206,77,TOC,b_25,decreasing,7,c_03,G,31.986184626184627,NA,1
20211206,77,TOC,b_26,decreasing,14,c_15,G,32.86749385749386,NA,1
20211206,77,TOC,b_27,decreasing,10,c_10,G,55.46880308880309,NA,1
20211206,77,TOC,b_28,constant,10,c_09,H,35.31072773400987,NA,1
20211206,77,TOC,b_29,constant,14,c_12,H,43.23223616860284,NA,1
20211206,77,TOC,b_30,constant,7,c_01,H,41.61374460319579,NA,1
20211208,79,IC,b_01,constant,10,c_08,A,0.40224395780477984,NA,1
20211208,79,IC,b_02,constant,7,c_02,A,-0.012522366137000862,NA,1
20211208,79,IC,b_03,constant,14,c_11,A,0.7327113099212177,NA,1
20211208,79,IC,b_04,constant,7,c_05,A,0.08794498597943612,NA,1
20211208,79,IC,b_05,decreasing,14,c_13,B,1.5563917163917165,NA,1
20211208,79,IC,b_06,decreasing,14,c_11,B,0.7624043524043527,NA,1
20211208,79,IC,b_07,decreasing,10,c_06,B,0.7084169884169886,NA,1
20211208,79,IC,b_08,decreasing,7,c_01,B,1.7944296244296247,NA,1
20211208,79,IC,b_09,decreasing,7,c_02,C,2.4552211302211306,NA,2
20211208,79,IC,b_10,decreasing,10,c_07,C,4.0313682647433176,NA,1
20211208,79,IC,b_11,decreasing,10,c_08,C,2.8727365294866356,NA,1
20211208,79,IC,b_12,decreasing,14,c_14,C,3.4841047942299532,NA,1
20211208,79,IC,b_13,constant,10,c_06,D,3.27,NA,1
20211208,79,IC,b_14,constant,7,c_03,D,3.3852962255136174,NA,1
20211208,79,IC,b_15,constant,14,c_14,D,3.660592451027234,NA,1
20211208,79,IC,b_16,constant,14,c_15,D,2.7958886765408506,NA,1
20211208,79,IC,b_17,decreasing,7,c_05,E,3.000946117946542,NA,1
20211208,79,IC,b_18,decreasing,7,c_04,E,3.42231438268986,NA,1
20211208,79,IC,b_19,decreasing,14,c_12,E,3.2436826474331775,NA,1
20211208,79,IC,b_20,decreasing,10,c_09,E,3.5650509121764955,NA,1
20211208,79,IC,b_21,constant,10,c_07,F,3.482369804108936,NA,1
20211208,79,IC,b_22,constant,10,c_10,F,3.9476660296225523,NA,1
20211208,79,IC,b_23,constant,7,c_04,F,3.2429622551361694,NA,1
20211208,79,IC,b_24,constant,14,c_13,F,3.4182584806497864,NA,1
20211208,79,IC,b_25,decreasing,7,c_03,G,3.5718922358930847,NA,1
20211208,79,IC,b_26,decreasing,14,c_15,G,3.7232605006364023,NA,1
20211208,79,IC,b_27,decreasing,10,c_10,G,3.43462876537972,NA,1
20211208,79,IC,b_28,constant,10,c_09,H,3.9494433827042537,NA,1
20211208,79,IC,b_29,constant,14,c_12,H,3.324739608217871,NA,1
20211208,79,IC,b_30,constant,7,c_01,H,2.7100358337314887,NA,1
20211208,79,TC,b_01,constant,10,c_08,A,42.17900543018648,NA,1
20211208,79,TC,b_02,constant,7,c_02,A,36.14574754083766,NA,1
20211208,79,TC,b_03,constant,14,c_11,A,43.832489651488835,NA,1
20211208,79,TC,b_04,constant,7,c_05,A,29.779231762140014,NA,1
20211208,79,TC,b_05,decreasing,14,c_13,B,29.703602895916987,NA,1
20211208,79,TC,b_06,decreasing,14,c_11,B,27.27694492481754,NA,1
20211208,79,TC,b_07,decreasing,10,c_06,B,26.130286953718088,NA,1
20211208,79,TC,b_08,decreasing,7,c_01,B,32.04362898261863,NA,1
20211208,79,TC,b_09,decreasing,7,c_02,C,44.70848550575959,NA,2
20211208,79,TC,b_10,decreasing,10,c_07,C,31.80991468737151,NA,2
20211208,79,TC,b_11,decreasing,10,c_08,C,19.189032668646586,NA,1
20211208,79,TC,b_12,decreasing,14,c_14,C,29.67854900296988,NA,1
20211208,79,TC,b_13,constant,10,c_06,D,25.82,NA,1
20211208,79,TC,b_14,constant,7,c_03,D,20.217513139034875,NA,1
20211208,79,TC,b_15,constant,14,c_14,D,28.275026278069756,NA,1
20211208,79,TC,b_16,constant,14,c_15,D,20.662539417104632,NA,1
20211208,79,TC,b_17,decreasing,7,c_05,E,21.966130674586346,NA,1
20211208,79,TC,b_18,decreasing,7,c_04,E,43.74564700890964,NA,1
20211208,79,TC,b_19,decreasing,14,c_12,E,22.095163343232937,NA,1
20211208,79,TC,b_20,decreasing,10,c_09,E,25.04467967755623,NA,1
20211208,79,TC,b_21,constant,10,c_07,F,27.980105112279034,NA,1
20211208,79,TC,b_22,constant,10,c_10,F,43.37761825131391,NA,1
20211208,79,TC,b_23,constant,7,c_04,F,40.34513139034879,NA,1
20211208,79,TC,b_24,constant,14,c_13,F,23.93264452938367,NA,1
20211208,79,TC,b_25,decreasing,7,c_03,G,23.372261349172692,NA,1
20211208,79,TC,b_26,decreasing,14,c_15,G,30.25177768349599,NA,1
20211208,79,TC,b_27,decreasing,10,c_10,G,37.77129401781929,NA,1
20211208,79,TC,b_28,constant,10,c_09,H,30.492697085523183,NA,1
20211208,79,TC,b_29,constant,14,c_12,H,21.40021022455806,NA,1
20211208,79,TC,b_30,constant,7,c_01,H,16.587723363592943,NA,1
20211208,79,TN,b_01,constant,10,c_08,A,9.586638180442424,NA,1
20211208,79,TN,b_02,constant,7,c_02,A,9.430723283037342,NA,1
20211208,79,TN,b_03,constant,14,c_11,A,9.904808385632258,NA,1
20211208,79,TN,b_04,constant,7,c_05,A,6.648893488227174,NA,1
20211208,79,TN,b_05,decreasing,14,c_13,B,7.715179529266935,NA,1
20211208,79,TN,b_06,decreasing,14,c_11,B,6.611798223759417,NA,1
20211208,79,TN,b_07,decreasing,10,c_06,B,6.498416918251899,NA,1
20211208,79,TN,b_08,decreasing,7,c_01,B,8.505035612744381,NA,1
20211208,79,TN,b_09,decreasing,7,c_02,C,11.640827153618432,NA,2
20211208,79,TN,b_10,decreasing,10,c_07,C,8.046383000652538,NA,2
20211208,79,TN,b_11,decreasing,10,c_08,C,4.048985999151464,NA,1
20211208,79,TN,b_12,decreasing,14,c_14,C,6.743478998727196,NA,1
20211208,79,TN,b_13,constant,10,c_06,D,5.74,NA,1
20211208,79,TN,b_14,constant,7,c_03,D,4.633053033922598,NA,1
20211208,79,TN,b_15,constant,14,c_14,D,6.256106067845197,NA,1
20211208,79,TN,b_16,constant,14,c_15,D,4.469159101767797,NA,1
20211208,79,TN,b_17,decreasing,7,c_05,E,4.555943996605856,NA,1
20211208,79,TN,b_18,decreasing,7,c_04,E,11.440436996181589,NA,1
20211208,79,TN,b_19,decreasing,14,c_12,E,5.11492999575732,NA,1
20211208,79,TN,b_20,decreasing,10,c_09,E,5.709422995333052,NA,1
20211208,79,TN,b_21,constant,10,c_07,F,6.744424271380796,NA,1
20211208,79,TN,b_22,constant,10,c_10,F,11.037477305303394,NA,1
20211208,79,TN,b_23,constant,7,c_04,F,9.870530339225992,NA,1
20211208,79,TN,b_24,constant,14,c_13,F,5.3535833731485925,NA,1
20211208,79,TN,b_25,decreasing,7,c_03,G,5.411887993211713,NA,1
20211208,79,TN,b_26,decreasing,14,c_15,G,6.6663809927874444,NA,1
20211208,79,TN,b_27,decreasing,10,c_10,G,9.760873992363177,NA,1
20211208,79,TN,b_28,constant,10,c_09,H,6.50579550883899,NA,1
20211208,79,TN,b_29,constant,14,c_12,H,4.39884854276159,NA,1
20211208,79,TN,b_30,constant,7,c_01,H,3.971901576684189,NA,1
20211208,79,TOC,b_01,constant,10,c_08,A,41.77676147238171,NA,1
20211208,79,TOC,b_02,constant,7,c_02,A,36.15826990697467,NA,1
20211208,79,TOC,b_03,constant,14,c_11,A,43.09977834156763,NA,1
20211208,79,TOC,b_04,constant,7,c_05,A,29.691286776160585,NA,1
20211208,79,TOC,b_05,decreasing,14,c_13,B,27.960586170586172,NA,1
20211208,79,TOC,b_06,decreasing,14,c_11,B,26.32189540189541,NA,1
20211208,79,TOC,b_07,decreasing,10,c_06,B,25.223204633204638,NA,1
20211208,79,TOC,b_08,decreasing,7,c_01,B,30.04451386451387,NA,1
20211208,79,TOC,b_09,decreasing,7,c_02,C,42.14791154791155,NA,2
20211208,79,TOC,b_10,decreasing,10,c_07,C,24.478148069579976,NA,1
20211208,79,TOC,b_11,decreasing,10,c_08,C,16.31629613915995,NA,1
20211208,79,TOC,b_12,decreasing,14,c_14,C,26.194444208739924,NA,1
20211208,79,TOC,b_13,constant,10,c_06,D,22.55,NA,1
20211208,79,TOC,b_14,constant,7,c_03,D,16.83221691352126,NA,1
20211208,79,TOC,b_15,constant,14,c_14,D,24.614433827042518,NA,1
20211208,79,TOC,b_16,constant,14,c_15,D,17.866650740563784,NA,1
20211208,79,TOC,b_17,decreasing,7,c_05,E,18.965184556639798,NA,1
20211208,79,TOC,b_18,decreasing,7,c_04,E,40.32333262621978,NA,1
20211208,79,TOC,b_19,decreasing,14,c_12,E,18.85148069579975,NA,1
20211208,79,TOC,b_20,decreasing,10,c_09,E,21.479628765379726,NA,1
20211208,79,TOC,b_21,constant,10,c_07,F,24.497735308170093,NA,1
20211208,79,TOC,b_22,constant,10,c_10,F,39.42995222169135,NA,1
20211208,79,TOC,b_23,constant,7,c_04,F,37.10216913521262,NA,1
20211208,79,TOC,b_24,constant,14,c_13,F,20.51438604873388,NA,1
20211208,79,TOC,b_25,decreasing,7,c_03,G,19.8003691132796,NA,1
20211208,79,TOC,b_26,decreasing,14,c_15,G,26.528517182859577,NA,1
20211208,79,TOC,b_27,decreasing,10,c_10,G,34.336665252439545,NA,1
20211208,79,TOC,b_28,constant,10,c_09,H,26.543253702818916,NA,1
20211208,79,TOC,b_29,constant,14,c_12,H,18.07547061634019,NA,1
20211208,79,TOC,b_30,constant,7,c_01,H,13.877687529861454,NA,1
20211210,81,IC,b_01,constant,10,c_08,A,1.52,NA,1
20211210,81,IC,b_02,constant,7,c_02,A,1.636298720155253,NA,1
20211210,81,IC,b_03,constant,14,c_11,A,1.462597440310506,NA,1
20211210,81,IC,b_04,constant,7,c_05,A,1.308896160465759,NA,1
20211210,81,IC,b_05,decreasing,14,c_13,B,2.26,NA,1
20211210,81,IC,b_06,decreasing,14,c_11,B,1.79039459981444,NA,1
20211210,81,IC,b_07,decreasing,10,c_06,B,1.5807891996288792,NA,1
20211210,81,IC,b_08,decreasing,7,c_01,B,2.451183799443319,NA,1
20211210,81,IC,b_09,decreasing,7,c_02,C,2.4615783992577587,NA,1
20211210,81,IC,b_10,decreasing,10,c_07,C,3.3219729990721985,NA,1
20211210,81,IC,b_11,decreasing,10,c_08,C,1.792367598886638,NA,1
20211210,81,IC,b_12,decreasing,14,c_14,C,2.1127621987010774,NA,1
20211210,81,IC,b_13,constant,10,c_06,D,1.965584641863035,NA,1
20211210,81,IC,b_15,constant,14,c_14,D,1.5081820821735406,NA,1
20211210,81,IC,b_16,constant,14,c_15,D,1.6644808023287934,NA,1
20211210,81,IC,b_17,decreasing,7,c_05,E,2.3547351977732753,NA,1
20211210,81,IC,b_18,decreasing,7,c_04,E,2.6651297975877153,NA,1
20211210,81,IC,b_19,decreasing,14,c_12,E,2.9055243974021554,NA,1
20211210,81,IC,b_20,decreasing,10,c_09,E,2.8059189972165948,NA,1
20211210,81,IC,b_21,constant,10,c_07,F,2.5959744031050582,NA,1
20211210,81,IC,b_22,constant,10,c_10,F,2.812273123260311,NA,1
20211210,81,IC,b_23,constant,7,c_04,F,2.3585718434155636,NA,1
20211210,81,IC,b_24,constant,14,c_13,F,2.1048705635708163,NA,1
20211210,81,IC,b_25,decreasing,7,c_03,G,2.8678919962887925,NA,1
20211210,81,IC,b_26,decreasing,14,c_15,G,2.3982865961032327,NA,1
20211210,81,IC,b_27,decreasing,10,c_10,G,4.948681195917672,NA,1
20211210,81,IC,b_28,constant,10,c_09,H,2.5500654441918282,NA,1
20211210,81,IC,b_29,constant,14,c_12,H,2.106364164347081,NA,1
20211210,81,IC,b_30,constant,7,c_01,H,2.7926628845023336,NA,1
20211210,81,TC,b_01,constant,10,c_08,A,43.84,NA,1
20211210,81,TC,b_02,constant,7,c_02,A,63.1097193569217,NA,1
20211210,81,TC,b_03,constant,14,c_11,A,45.9894387138434,NA,1
20211210,81,TC,b_04,constant,7,c_05,A,42.4491580707651,NA,1
20211210,81,TC,b_05,decreasing,14,c_13,B,46.17,NA,1
20211210,81,TC,b_06,decreasing,14,c_11,B,44.88740007195198,NA,1
20211210,81,TC,b_07,decreasing,10,c_06,B,47.15480014390397,NA,1
20211210,81,TC,b_08,decreasing,7,c_01,B,44.91220021585595,NA,1
20211210,81,TC,b_09,decreasing,7,c_02,C,51.70960028780793,NA,1
20211210,81,TC,b_10,decreasing,10,c_07,C,52.21700035975991,NA,1
20211210,81,TC,b_11,decreasing,10,c_08,C,48.274400431711896,NA,1
20211210,81,TC,b_12,decreasing,14,c_14,C,48.68180050366387,NA,1
20211210,81,TC,b_13,constant,10,c_06,D,47.87663228306042,NA,1
20211210,81,TC,b_14,constant,7,c_03,D,44.01635163998212,NA,1
20211210,81,TC,b_15,constant,14,c_14,D,40.09607099690382,NA,1
20211210,81,TC,b_16,constant,14,c_15,D,44.58579035382552,NA,1
20211210,81,TC,b_17,decreasing,7,c_05,E,46.768800863423785,NA,1
20211210,81,TC,b_18,decreasing,7,c_04,E,71.01620093537576,NA,1
20211210,81,TC,b_19,decreasing,14,c_12,E,49.81360100732774,NA,1
20211210,81,TC,b_20,decreasing,10,c_09,E,50.72100107927972,NA,1
20211210,81,TC,b_21,constant,10,c_07,F,52.71438713843403,NA,1
20211210,81,TC,b_22,constant,10,c_10,F,66.82410649535572,NA,1
20211210,81,TC,b_23,constant,7,c_04,F,71.47382585227743,NA,1
20211210,81,TC,b_24,constant,14,c_13,F,38.72354520919912,NA,1
20211210,81,TC,b_25,decreasing,7,c_03,G,40.138001439039634,NA,1
20211210,81,TC,b_26,decreasing,14,c_15,G,41.97540151099162,NA,1
20211210,81,TC,b_27,decreasing,10,c_10,G,71.4928015829436,NA,1
20211210,81,TC,b_28,constant,10,c_09,H,48.71242263688593,NA,1
20211210,81,TC,b_29,constant,14,c_12,H,44.29214199380764,NA,1
20211210,81,TC,b_30,constant,7,c_01,H,51.62186135072934,NA,1
20211210,81,TN,b_01,constant,10,c_08,A,2.11,NA,1
20211210,81,TN,b_02,constant,7,c_02,A,3.5739374472242,NA,1
20211210,81,TN,b_03,constant,14,c_11,A,2.0978748944483994,NA,1
20211210,81,TN,b_04,constant,7,c_05,A,1.8518123416725993,NA,1
20211210,81,TN,b_05,decreasing,14,c_13,B,2.44,NA,1
20211210,81,TN,b_06,decreasing,14,c_11,B,2.049796262283907,NA,1
20211210,81,TN,b_07,decreasing,10,c_06,B,2.239592524567815,NA,1
20211210,81,TN,b_08,decreasing,7,c_01,B,2.519388786851722,NA,1
20211210,81,TN,b_09,decreasing,7,c_02,C,2.819185049135629,NA,1
20211210,81,TN,b_10,decreasing,10,c_07,C,2.7789813114195363,NA,1
20211210,81,TN,b_11,decreasing,10,c_08,C,2.228777573703444,NA,1
20211210,81,TN,b_12,decreasing,14,c_14,C,2.3285738359873513,NA,1
20211210,81,TN,b_13,constant,10,c_06,D,2.1772493666903983,NA,1
20211210,81,TN,b_14,constant,7,c_03,D,2.171186813914598,NA,1
20211210,81,TN,b_15,constant,14,c_14,D,1.805124261138798,NA,1
20211210,81,TN,b_16,constant,14,c_15,D,2.019061708362998,NA,1
20211210,81,TN,b_17,decreasing,7,c_05,E,2.047555147406888,NA,1
20211210,81,TN,b_18,decreasing,7,c_04,E,3.9773514096907956,NA,1
20211210,81,TN,b_19,decreasing,14,c_12,E,2.537147671974703,NA,1
20211210,81,TN,b_20,decreasing,10,c_09,E,2.5969439342586105,NA,1
20211210,81,TN,b_21,constant,10,c_07,F,2.8887489444839973,NA,1
20211210,81,TN,b_22,constant,10,c_10,F,3.652686391708197,NA,1
20211210,81,TN,b_23,constant,7,c_04,F,3.816623838932397,NA,1
20211210,81,TN,b_24,constant,14,c_13,F,1.8705612861565966,NA,1
20211210,81,TN,b_25,decreasing,7,c_03,G,1.9459252456781473,NA,1
20211210,81,TN,b_26,decreasing,14,c_15,G,1.9257215079620547,NA,1
20211210,81,TN,b_27,decreasing,10,c_10,G,3.925517770245962,NA,1
20211210,81,TN,b_28,constant,10,c_09,H,2.3663110750533964,NA,1
20211210,81,TN,b_29,constant,14,c_12,H,2.1602485222775965,NA,1
20211210,81,TN,b_30,constant,7,c_01,H,2.9441859695017962,NA,1
20211210,81,TOC,b_01,constant,10,c_08,A,42.32,NA,1
20211210,81,TOC,b_02,constant,7,c_02,A,61.48124163355502,NA,1
20211210,81,TOC,b_03,constant,14,c_11,A,44.54248326711005,NA,1
20211210,81,TOC,b_04,constant,7,c_05,A,41.163724900665066,NA,1
20211210,81,TOC,b_05,decreasing,14,c_13,B,43.910000000000004,NA,1
20211210,81,TOC,b_06,decreasing,14,c_11,B,43.09700547213754,NA,1
20211210,81,TOC,b_07,decreasing,10,c_06,B,45.57401094427508,NA,1
20211210,81,TOC,b_08,decreasing,7,c_01,B,42.46101641641262,NA,1
20211210,81,TOC,b_09,decreasing,7,c_02,C,49.24802188855016,NA,1
20211210,81,TOC,b_10,decreasing,10,c_07,C,48.895027360687706,NA,1
20211210,81,TOC,b_11,decreasing,10,c_08,C,46.48203283282525,NA,1
20211210,81,TOC,b_12,decreasing,14,c_14,C,46.56903830496279,NA,1
20211210,81,TOC,b_13,constant,10,c_06,D,46.00489960266027,NA,1
20211210,81,TOC,b_15,constant,14,c_14,D,38.69738286977031,NA,1
20211210,81,TOC,b_16,constant,14,c_15,D,43.03862450332533,NA,1
20211210,81,TOC,b_17,decreasing,7,c_05,E,44.4140656656505,NA,1
20211210,81,TOC,b_18,decreasing,7,c_04,E,68.35107113778804,NA,1
20211210,81,TOC,b_19,decreasing,14,c_12,E,46.90807660992557,NA,1
20211210,81,TOC,b_20,decreasing,10,c_09,E,47.91508208206312,NA,1
20211210,81,TOC,b_21,constant,10,c_07,F,50.27483267110044,NA,1
20211210,81,TOC,b_22,constant,10,c_10,F,64.17607430465546,NA,1
20211210,81,TOC,b_23,constant,7,c_04,F,69.2873159382105,NA,1
20211210,81,TOC,b_24,constant,14,c_13,F,36.79855757176551,NA,1
20211210,81,TOC,b_25,decreasing,7,c_03,G,37.27010944275083,NA,1
20211210,81,TOC,b_26,decreasing,14,c_15,G,39.57711491488837,NA,1
20211210,81,TOC,b_27,decreasing,10,c_10,G,66.54412038702591,NA,1
20211210,81,TOC,b_28,constant,10,c_09,H,46.373524105985595,NA,1
20211210,81,TOC,b_29,constant,14,c_12,H,42.404765739540615,NA,1
20211210,81,TOC,b_30,constant,7,c_01,H,49.05600737309564,NA,1
20211213,84,IC,b_01,constant,10,c_08,A,0.9852603248128395,NA,1
20211213,84,IC,b_02,constant,7,c_02,A,1.8515590449680923,NA,1
20211213,84,IC,b_03,constant,14,c_11,A,1.7078577651233449,NA,1
20211213,84,IC,b_04,constant,7,c_05,A,1.6141564852785981,NA,1
20211213,84,IC,b_05,decreasing,14,c_13,B,3.2222325942476298,NA,1
20211213,84,IC,b_06,decreasing,14,c_11,B,1.982627194062069,NA,1
20211213,84,IC,b_07,decreasing,10,c_06,B,1.793021793876508,NA,1
20211213,84,IC,b_08,decreasing,7,c_01,B,4.033416393690947,NA,1
20211213,84,IC,b_09,decreasing,7,c_02,C,1.853810993505387,NA,1
20211213,84,IC,b_10,decreasing,10,c_07,C,3.004205593319827,NA,1
20211213,84,IC,b_11,decreasing,10,c_08,C,1.514600193134267,NA,1
20211213,84,IC,b_12,decreasing,14,c_14,C,1.7349947929487062,NA,1
20211213,84,IC,b_13,constant,10,c_06,D,1.0608449666758748,NA,1
20211213,84,IC,b_14,constant,7,c_03,D,1.2571436868311272,NA,1
20211213,84,IC,b_15,constant,14,c_14,D,0.5234424069863799,NA,1
20211213,84,IC,b_16,constant,14,c_15,D,0.9397411271416329,NA,1
20211213,84,IC,b_17,decreasing,7,c_05,E,1.8769677920209045,NA,1
20211213,84,IC,b_18,decreasing,7,c_04,E,2.1973623918353447,NA,1
20211213,84,IC,b_19,decreasing,14,c_12,E,2.897756991649784,NA,1
20211213,84,IC,b_20,decreasing,10,c_09,E,2.5781515914642243,NA,1
20211213,84,IC,b_21,constant,10,c_07,F,2.821234727917898,NA,1
20211213,84,IC,b_22,constant,10,c_10,F,2.1875334480731494,NA,1
20211213,84,IC,b_23,constant,7,c_04,F,1.373832168228403,NA,1
20211213,84,IC,b_24,constant,14,c_13,F,1.8401308883836567,NA,1
20211213,84,IC,b_25,decreasing,7,c_03,G,2.2001245905364213,NA,1
20211213,84,IC,b_26,decreasing,14,c_15,G,1.960519190350861,NA,1
20211213,84,IC,b_27,decreasing,10,c_10,G,2.8509137901653006,NA,1
20211213,84,IC,b_28,constant,10,c_09,H,1.8253257690046674,NA,1
20211213,84,IC,b_29,constant,14,c_12,H,1.8516244891599207,NA,1
20211213,84,IC,b_30,constant,7,c_01,H,2.3679232093151734,NA,1
20211213,84,TC,b_01,constant,10,c_08,A,32.22130006457274,NA,1
20211213,84,TC,b_02,constant,7,c_02,A,59.40101942149444,NA,1
20211213,84,TC,b_03,constant,14,c_11,A,37.880738778416145,NA,1
20211213,84,TC,b_04,constant,7,c_05,A,42.860458135337844,NA,1
20211213,84,TC,b_05,decreasing,14,c_13,B,44.97940223051143,NA,1
20211213,84,TC,b_06,decreasing,14,c_11,B,37.80680230246342,NA,1
20211213,84,TC,b_07,decreasing,10,c_06,B,38.3642023744154,NA,1
20211213,84,TC,b_08,decreasing,7,c_01,B,54.371602446367376,NA,1
20211213,84,TC,b_09,decreasing,7,c_02,C,56.539002518319364,NA,1
20211213,84,TC,b_10,decreasing,10,c_07,C,45.416402590271346,NA,1
20211213,84,TC,b_11,decreasing,10,c_08,C,41.123802662223326,NA,1
20211213,84,TC,b_12,decreasing,14,c_14,C,39.701202734175304,NA,1
20211213,84,TC,b_13,constant,10,c_06,D,44.667932347633155,NA,1
20211213,84,TC,b_14,constant,7,c_03,D,29.69765170455485,NA,1
20211213,84,TC,b_15,constant,14,c_14,D,33.797371061476554,NA,1
20211213,84,TC,b_16,constant,14,c_15,D,40.46709041839826,NA,1
20211213,84,TC,b_17,decreasing,7,c_05,E,45.69820309393521,NA,1
20211213,84,TC,b_18,decreasing,7,c_04,E,74.68560316588719,NA,1
20211213,84,TC,b_19,decreasing,14,c_12,E,45.563003237839176,NA,1
20211213,84,TC,b_20,decreasing,10,c_09,E,42.40040330979116,NA,1
20211213,84,TC,b_21,constant,10,c_07,F,50.505687203006765,NA,1
20211213,84,TC,b_22,constant,10,c_10,F,73.92540655992846,NA,1
20211213,84,TC,b_23,constant,7,c_04,F,68.90512591685017,NA,1
20211213,84,TC,b_24,constant,14,c_13,F,45.06484527377187,NA,1
20211213,84,TC,b_25,decreasing,7,c_03,G,35.127403669551065,NA,1
20211213,84,TC,b_26,decreasing,14,c_15,G,42.91480374150305,NA,1
20211213,84,TC,b_27,decreasing,10,c_10,G,73.26220381345502,NA,1
20211213,84,TC,b_28,constant,10,c_09,H,47.75372270145867,NA,1
20211213,84,TC,b_29,constant,14,c_12,H,42.18344205838037,NA,1
20211213,84,TC,b_30,constant,7,c_01,H,48.673161415302076,NA,1
20211213,84,TN,b_01,constant,10,c_08,A,1.292060863950196,NA,1
20211213,84,TN,b_02,constant,7,c_02,A,3.1459983111743957,NA,1
20211213,84,TN,b_03,constant,14,c_11,A,1.5299357583985955,NA,1
20211213,84,TN,b_04,constant,7,c_05,A,1.7438732056227957,NA,1
20211213,84,TN,b_05,decreasing,14,c_13,B,2.263684130801128,NA,1
20211213,84,TN,b_06,decreasing,14,c_11,B,1.6334803930850355,NA,1
20211213,84,TN,b_07,decreasing,10,c_06,B,1.733276655368943,NA,1
20211213,84,TN,b_08,decreasing,7,c_01,B,3.02307291765285,NA,1
20211213,84,TN,b_09,decreasing,7,c_02,C,3.072869179936758,NA,1
20211213,84,TN,b_10,decreasing,10,c_07,C,2.352665442220665,NA,1
20211213,84,TN,b_11,decreasing,10,c_08,C,1.8024617045045725,NA,1
20211213,84,TN,b_12,decreasing,14,c_14,C,1.77225796678848,NA,1
20211213,84,TN,b_13,constant,10,c_06,D,1.9593102306405945,NA,1
20211213,84,TN,b_14,constant,7,c_03,D,1.2832476778647945,NA,1
20211213,84,TN,b_15,constant,14,c_14,D,1.4471851250889942,NA,1
20211213,84,TN,b_16,constant,14,c_15,D,1.7311225723131938,NA,1
20211213,84,TN,b_17,decreasing,7,c_05,E,2.021239278208016,NA,1
20211213,84,TN,b_18,decreasing,7,c_04,E,4.191035540491924,NA,1
20211213,84,TN,b_19,decreasing,14,c_12,E,2.290831802775831,NA,1
20211213,84,TN,b_20,decreasing,10,c_09,E,2.1006280650597384,NA,1
20211213,84,TN,b_21,constant,10,c_07,F,2.6208098084341938,NA,1
20211213,84,TN,b_22,constant,10,c_10,F,4.054747255658393,NA,1
20211213,84,TN,b_23,constant,7,c_04,F,3.6486847028825933,NA,1
20211213,84,TN,b_24,constant,14,c_13,F,2.1626221501067935,NA,1
20211213,84,TN,b_25,decreasing,7,c_03,G,1.6896093764792754,NA,1
20211213,84,TN,b_26,decreasing,14,c_15,G,1.9894056387631829,NA,1
20211213,84,TN,b_27,decreasing,10,c_10,G,4.10920190104709,NA,1
20211213,84,TN,b_28,constant,10,c_09,H,2.2383719390035925,NA,1
20211213,84,TN,b_29,constant,14,c_12,H,1.9723093862277925,NA,1
20211213,84,TN,b_30,constant,7,c_01,H,2.5962468334519926,NA,1
20211213,84,TOC,b_01,constant,10,c_08,A,31.478490640205678,NA,1
20211213,84,TOC,b_02,constant,7,c_02,A,57.799732273760704,NA,1
20211213,84,TOC,b_03,constant,14,c_11,A,36.43097390731573,NA,1
20211213,84,TOC,b_04,constant,7,c_05,A,41.51221554087075,NA,1
20211213,84,TOC,b_05,decreasing,14,c_13,B,41.75716963626379,NA,1
20211213,84,TOC,b_06,decreasing,14,c_11,B,35.824175108401334,NA,1
20211213,84,TOC,b_07,decreasing,10,c_06,B,36.57118058053888,NA,1
20211213,84,TOC,b_08,decreasing,7,c_01,B,50.33818605267641,NA,1
20211213,84,TOC,b_09,decreasing,7,c_02,C,54.68519152481396,NA,1
20211213,84,TOC,b_10,decreasing,10,c_07,C,42.4121969969515,NA,1
20211213,84,TOC,b_11,decreasing,10,c_08,C,39.60920246908904,NA,1
20211213,84,TOC,b_12,decreasing,14,c_14,C,37.96620794122658,NA,1
20211213,84,TOC,b_13,constant,10,c_06,D,43.94339024286594,NA,1
20211213,84,TOC,b_14,constant,7,c_03,D,28.784631876420967,NA,1
20211213,84,TOC,b_15,constant,14,c_14,D,33.62587350997599,NA,1
20211213,84,TOC,b_16,constant,14,c_15,D,39.88711514353101,NA,1
20211213,84,TOC,b_17,decreasing,7,c_05,E,43.82123530191429,NA,1
20211213,84,TOC,b_18,decreasing,7,c_04,E,72.48824077405183,NA,1
20211213,84,TOC,b_19,decreasing,14,c_12,E,42.66524624618937,NA,1
20211213,84,TOC,b_20,decreasing,10,c_09,E,39.82225171832691,NA,1
20211213,84,TOC,b_21,constant,10,c_07,F,48.083323311306124,NA,1
20211213,84,TOC,b_22,constant,10,c_10,F,72.14456494486114,NA,1
20211213,84,TOC,b_23,constant,7,c_04,F,67.94580657841617,NA,1
20211213,84,TOC,b_24,constant,14,c_13,F,43.64704821197119,NA,1
20211213,84,TOC,b_25,decreasing,7,c_03,G,32.92727907901462,NA,1
20211213,84,TOC,b_26,decreasing,14,c_15,G,40.95428455115216,NA,1
20211213,84,TOC,b_27,decreasing,10,c_10,G,70.4112900232897,NA,1
20211213,84,TOC,b_28,constant,10,c_09,H,46.382014746191274,NA,1
20211213,84,TOC,b_29,constant,14,c_12,H,40.793256379746296,NA,1
20211213,84,TOC,b_30,constant,7,c_01,H,46.77449801330132,NA,1
20211215,86,IC,b_01,constant,10,c_08,A,0.88,NA,1
20211215,86,IC,b_02,constant,7,c_02,A,1.4718552245972483,NA,1
20211215,86,IC,b_03,constant,14,c_11,A,1.1937104491944963,NA,1
20211215,86,IC,b_04,constant,7,c_05,A,1.2955656737917447,NA,1
20211215,86,IC,b_05,decreasing,14,c_13,B,2.83,NA,1
20211215,86,IC,b_06,decreasing,14,c_11,B,1.780262624732547,NA,1
20211215,86,IC,b_07,decreasing,10,c_06,B,1.7905252494650938,NA,1
20211215,86,IC,b_08,decreasing,7,c_01,B,3.500787874197641,NA,1
20211215,86,IC,b_09,decreasing,7,c_02,C,1.7010504989301873,NA,1
20211215,86,IC,b_10,decreasing,10,c_07,C,2.891313123662734,NA,1
20211215,86,IC,b_11,decreasing,10,c_08,C,1.861575748395281,NA,1
20211215,86,IC,b_12,decreasing,14,c_14,C,1.8818383731278279,NA,1
20211215,86,IC,b_13,constant,10,c_06,D,1.8822626951669785,NA,1
20211215,86,IC,b_14,constant,7,c_03,D,2.0841179197642266,NA,1
20211215,86,IC,b_15,constant,14,c_14,D,1.555973144361475,NA,1
20211215,86,IC,b_16,constant,14,c_15,D,1.4778283689587233,NA,1
20211215,86,IC,b_17,decreasing,7,c_05,E,1.853151496790563,NA,1
20211215,86,IC,b_18,decreasing,7,c_04,E,2.30341412152311,NA,1
20211215,86,IC,b_19,decreasing,14,c_12,E,2.973676746255657,NA,1
20211215,86,IC,b_20,decreasing,10,c_09,E,2.843939370988204,NA,1
20211215,86,IC,b_21,constant,10,c_07,F,3.0571044919449637,NA,1
20211215,86,IC,b_22,constant,10,c_10,F,2.528959716542212,NA,1
20211215,86,IC,b_23,constant,7,c_04,F,1.9508149411394609,NA,1
20211215,86,IC,b_24,constant,14,c_13,F,2.4426701657367085,NA,1
20211215,86,IC,b_25,decreasing,7,c_03,G,2.3252524946509383,NA,1
20211215,86,IC,b_26,decreasing,14,c_15,G,2.0255151193834844,NA,1
20211215,86,IC,b_27,decreasing,10,c_10,G,2.875777744116031,NA,1
20211215,86,IC,b_28,constant,10,c_09,H,2.570091064125701,NA,1
20211215,86,IC,b_29,constant,14,c_12,H,2.44194628872295,NA,1
20211215,86,IC,b_30,constant,7,c_01,H,2.9338015133201987,NA,1
20211215,86,TC,b_01,constant,10,c_08,A,46.83,NA,1
20211215,86,TC,b_02,constant,7,c_02,A,65.10670513436096,NA,1
20211215,86,TC,b_03,constant,14,c_11,A,45.14341026872196,NA,1
20211215,86,TC,b_04,constant,7,c_05,A,46.190115403082935,NA,1
20211215,86,TC,b_05,decreasing,14,c_13,B,55.72,NA,1
20211215,86,TC,b_06,decreasing,14,c_11,B,48.49642001022476,NA,1
20211215,86,TC,b_07,decreasing,10,c_06,B,52.16284002044951,NA,1
20211215,86,TC,b_08,decreasing,7,c_01,B,60.389260030674265,NA,1
20211215,86,TC,b_09,decreasing,7,c_02,C,69.61568004089902,NA,1
20211215,86,TC,b_10,decreasing,10,c_07,C,57.98210005112378,NA,1
20211215,86,TC,b_11,decreasing,10,c_08,C,54.54852006134853,NA,1
20211215,86,TC,b_12,decreasing,14,c_14,C,55.68494007157329,NA,1
20211215,86,TC,b_13,constant,10,c_06,D,54.40046161233174,NA,1
20211215,86,TC,b_14,constant,7,c_03,D,49.22716674669272,NA,1
20211215,86,TC,b_15,constant,14,c_14,D,52.99387188105369,NA,1
20211215,86,TC,b_16,constant,14,c_15,D,51.26057701541467,NA,1
20211215,86,TC,b_17,decreasing,7,c_05,E,53.05704012269707,NA,1
20211215,86,TC,b_18,decreasing,7,c_04,E,86.41346013292181,NA,1
20211215,86,TC,b_19,decreasing,14,c_12,E,57.66988014314658,NA,1
20211215,86,TC,b_20,decreasing,10,c_09,E,58.07630015337133,NA,1
20211215,86,TC,b_21,constant,10,c_07,F,58.76410268721956,NA,1
20211215,86,TC,b_22,constant,10,c_10,F,84.14080782158054,NA,1
20211215,86,TC,b_23,constant,7,c_04,F,84.84751295594151,NA,1
20211215,86,TC,b_24,constant,14,c_13,F,54.174218090302496,NA,1
20211215,86,TC,b_25,decreasing,7,c_03,G,44.0084002044951,NA,1
20211215,86,TC,b_26,decreasing,14,c_15,G,47.71482021471986,NA,1
20211215,86,TC,b_27,decreasing,10,c_10,G,81.68124022494462,NA,1
20211215,86,TC,b_28,constant,10,c_09,H,55.25103862774641,NA,1
20211215,86,TC,b_29,constant,14,c_12,H,52.17774376210739,NA,1
20211215,86,TC,b_30,constant,7,c_01,H,58.00444889646837,NA,1
20211215,86,TN,b_01,constant,10,c_08,A,2.29,NA,1
20211215,86,TN,b_02,constant,7,c_02,A,3.703160753017534,NA,1
20211215,86,TN,b_03,constant,14,c_11,A,2.0763215060350677,NA,1
20211215,86,TN,b_04,constant,7,c_05,A,2.059482259052602,NA,1
20211215,86,TN,b_05,decreasing,14,c_13,B,2.91,NA,1
20211215,86,TN,b_06,decreasing,14,c_11,B,2.2186332910457653,NA,1
20211215,86,TN,b_07,decreasing,10,c_06,B,2.4772665820915307,NA,1
20211215,86,TN,b_08,decreasing,7,c_01,B,3.175899873137296,NA,1
20211215,86,TN,b_09,decreasing,7,c_02,C,3.794533164183061,NA,1
20211215,86,TN,b_10,decreasing,10,c_07,C,3.043166455228826,NA,1
20211215,86,TN,b_11,decreasing,10,c_08,C,2.4117997462745913,NA,1
20211215,86,TN,b_12,decreasing,14,c_14,C,2.610433037320357,NA,1
20211215,86,TN,b_13,constant,10,c_06,D,2.4379290362104076,NA,1
20211215,86,TN,b_14,constant,7,c_03,D,2.341089789227942,NA,1
20211215,86,TN,b_15,constant,14,c_14,D,2.434250542245475,NA,1
20211215,86,TN,b_16,constant,14,c_15,D,2.2874112952630097,NA,1
20211215,86,TN,b_17,decreasing,7,c_05,E,2.263599492549183,NA,1
20211215,86,TN,b_18,decreasing,7,c_04,E,4.522232783594948,NA,1
20211215,86,TN,b_19,decreasing,14,c_12,E,2.7708660746407134,NA,1
20211215,86,TN,b_20,decreasing,10,c_09,E,2.7894993656864786,NA,1
20211215,86,TN,b_21,constant,10,c_07,F,2.9332150603506792,NA,1
20211215,86,TN,b_22,constant,10,c_10,F,4.386375813368214,NA,1
20211215,86,TN,b_23,constant,7,c_04,F,4.279536566385747,NA,1
20211215,86,TN,b_24,constant,14,c_13,F,2.5926973194032814,NA,1
20211215,86,TN,b_25,decreasing,7,c_03,G,2.0826658209153046,NA,1
20211215,86,TN,b_26,decreasing,14,c_15,G,2.14129911196107,NA,1
20211215,86,TN,b_27,decreasing,10,c_10,G,4.2799324030068355,NA,1
20211215,86,TN,b_28,constant,10,c_09,H,2.565340331473417,NA,1
20211215,86,TN,b_29,constant,14,c_12,H,2.4885010844909514,NA,1
20211215,86,TN,b_30,constant,7,c_01,H,3.031661837508485,NA,1
20211215,86,TOC,b_01,constant,10,c_08,A,45.949999999999996,NA,1
20211215,86,TOC,b_02,constant,7,c_02,A,63.63484990976372,NA,1
20211215,86,TOC,b_03,constant,14,c_11,A,43.94969981952746,NA,1
20211215,86,TOC,b_04,constant,7,c_05,A,44.89454972929119,NA,1
20211215,86,TOC,b_05,decreasing,14,c_13,B,52.89,NA,1
20211215,86,TOC,b_06,decreasing,14,c_11,B,46.71615738549222,NA,1
20211215,86,TOC,b_07,decreasing,10,c_06,B,50.37231477098442,NA,1
20211215,86,TOC,b_08,decreasing,7,c_01,B,56.888472156476624,NA,1
20211215,86,TOC,b_09,decreasing,7,c_02,C,67.91462954196884,NA,1
20211215,86,TOC,b_10,decreasing,10,c_07,C,55.09078692746105,NA,1
20211215,86,TOC,b_11,decreasing,10,c_08,C,52.68694431295326,NA,1
20211215,86,TOC,b_12,decreasing,14,c_14,C,53.80310169844546,NA,1
20211215,86,TOC,b_13,constant,10,c_06,D,52.51819891716476,NA,1
20211215,86,TOC,b_14,constant,7,c_03,D,47.14304882692849,NA,1
20211215,86,TOC,b_15,constant,14,c_14,D,51.43789873669222,NA,1
20211215,86,TOC,b_16,constant,14,c_15,D,49.78274864645594,NA,1
20211215,86,TOC,b_17,decreasing,7,c_05,E,51.2038886259065,NA,1
20211215,86,TOC,b_18,decreasing,7,c_04,E,84.11004601139871,NA,1
20211215,86,TOC,b_19,decreasing,14,c_12,E,54.69620339689092,NA,1
20211215,86,TOC,b_20,decreasing,10,c_09,E,55.23236078238313,NA,1
20211215,86,TOC,b_21,constant,10,c_07,F,55.7069981952746,NA,1
20211215,86,TOC,b_22,constant,10,c_10,F,81.61184810503832,NA,1
20211215,86,TOC,b_23,constant,7,c_04,F,82.89669801480207,NA,1
20211215,86,TOC,b_24,constant,14,c_13,F,51.73154792456579,NA,1
20211215,86,TOC,b_25,decreasing,7,c_03,G,41.68314770984417,NA,1
20211215,86,TOC,b_26,decreasing,14,c_15,G,45.68930509533638,NA,1
20211215,86,TOC,b_27,decreasing,10,c_10,G,78.8054624808286,NA,1
20211215,86,TOC,b_28,constant,10,c_09,H,52.68094756362071,NA,1
20211215,86,TOC,b_29,constant,14,c_12,H,49.735797473384444,NA,1
20211215,86,TOC,b_30,constant,7,c_01,H,55.07064738314817,NA,1
20211217,88,IC,b_01,constant,10,c_08,A,1.6875119625146944,NA,1
20211217,88,IC,b_02,constant,7,c_02,A,1.5393671871119423,NA,1
20211217,88,IC,b_03,constant,14,c_11,A,1.311222411709191,NA,1
20211217,88,IC,b_04,constant,7,c_05,A,1.9030776363064392,NA,1
20211217,88,IC,b_05,decreasing,14,c_13,B,2.8381413667089537,NA,1
20211217,88,IC,b_06,decreasing,14,c_11,B,2.108403991441501,NA,1
20211217,88,IC,b_07,decreasing,10,c_06,B,1.8386666161740473,NA,1
20211217,88,IC,b_08,decreasing,7,c_01,B,3.788929240906594,NA,1
20211217,88,IC,b_09,decreasing,7,c_02,C,2.0891918656391417,NA,1
20211217,88,IC,b_10,decreasing,10,c_07,C,2.819454490371688,NA,1
20211217,88,IC,b_11,decreasing,10,c_08,C,1.649717115104235,NA,1
20211217,88,IC,b_12,decreasing,14,c_14,C,1.9199797398367822,NA,1
20211217,88,IC,b_13,constant,10,c_06,D,1.209774657681673,NA,1
20211217,88,IC,b_14,constant,7,c_03,D,2.0016298822789214,NA,1
20211217,88,IC,b_15,constant,14,c_14,D,1.8534851068761684,NA,1
20211217,88,IC,b_16,constant,14,c_15,D,1.5253403314734175,NA,1
20211217,88,IC,b_17,decreasing,7,c_05,E,2.011292863499517,NA,1
20211217,88,IC,b_18,decreasing,7,c_04,E,2.621555488232064,NA,1
20211217,88,IC,b_19,decreasing,14,c_12,E,2.461818112964611,NA,1
20211217,88,IC,b_20,decreasing,10,c_09,E,2.7820807376971572,NA,1
20211217,88,IC,b_21,constant,10,c_07,F,2.624616454459659,NA,1
20211217,88,IC,b_22,constant,10,c_10,F,1.676471679056907,NA,1
20211217,88,IC,b_23,constant,7,c_04,F,1.3283269036541547,NA,1
20211217,88,IC,b_24,constant,14,c_13,F,1.7001821282514031,NA,1
20211217,88,IC,b_25,decreasing,7,c_03,G,2.0733938613598912,NA,1
20211217,88,IC,b_26,decreasing,14,c_15,G,1.8536564860924383,NA,1
20211217,88,IC,b_27,decreasing,10,c_10,G,2.5939191108249844,NA,1
20211217,88,IC,b_28,constant,10,c_09,H,1.097603026640396,NA,1
20211217,88,IC,b_29,constant,14,c_12,H,1.5994582512376443,NA,1
20211217,88,IC,b_30,constant,7,c_01,H,1.6013134758348926,NA,1
20211217,88,TC,b_01,constant,10,c_08,A,48.86785916519032,NA,1
20211217,88,TC,b_02,constant,7,c_02,A,68.2745642995513,NA,1
20211217,88,TC,b_03,constant,14,c_11,A,44.221269433912276,NA,1
20211217,88,TC,b_04,constant,7,c_05,A,46.687974568273255,NA,1
20211217,88,TC,b_05,decreasing,14,c_13,B,56.17902031696742,NA,1
20211217,88,TC,b_06,decreasing,14,c_11,B,49.39544032719217,NA,1
20211217,88,TC,b_07,decreasing,10,c_06,B,54.01186033741692,NA,1
20211217,88,TC,b_08,decreasing,7,c_01,B,61.16828034764168,NA,1
20211217,88,TC,b_09,decreasing,7,c_02,C,71.36470035786644,NA,1
20211217,88,TC,b_10,decreasing,10,c_07,C,57.99112036809118,NA,1
20211217,88,TC,b_11,decreasing,10,c_08,C,52.127540378315935,NA,1
20211217,88,TC,b_12,decreasing,14,c_14,C,52.8739603885407,NA,1
20211217,88,TC,b_13,constant,10,c_06,D,51.21832077752205,NA,1
20211217,88,TC,b_14,constant,7,c_03,D,46.875025911883036,NA,1
20211217,88,TC,b_15,constant,14,c_14,D,50.33173104624401,NA,1
20211217,88,TC,b_16,constant,14,c_15,D,48.28843618060499,NA,1
20211217,88,TC,b_17,decreasing,7,c_05,E,49.716060439664474,NA,1
20211217,88,TC,b_18,decreasing,7,c_04,E,83.25248044988922,NA,1
20211217,88,TC,b_19,decreasing,14,c_12,E,56.998900460113994,NA,1
20211217,88,TC,b_20,decreasing,10,c_09,E,53.02532047033874,NA,1
20211217,88,TC,b_21,constant,10,c_07,F,52.85196185240988,NA,1
20211217,88,TC,b_22,constant,10,c_10,F,79.02866698677087,NA,1
20211217,88,TC,b_23,constant,7,c_04,F,79.24537212113185,NA,1
20211217,88,TC,b_24,constant,14,c_13,F,49.23207725549281,NA,1
20211217,88,TC,b_25,decreasing,7,c_03,G,43.09742052146252,NA,1
20211217,88,TC,b_26,decreasing,14,c_15,G,45.28384053168727,NA,1
20211217,88,TC,b_27,decreasing,10,c_10,G,79.70026054191203,NA,1
20211217,88,TC,b_28,constant,10,c_09,H,47.14889779293672,NA,1
20211217,88,TC,b_29,constant,14,c_12,H,47.11560292729771,NA,1
20211217,88,TC,b_30,constant,7,c_01,H,48.77230806165868,NA,1
20211217,88,TN,b_01,constant,10,c_08,A,2.0179833435435532,NA,1
20211217,88,TN,b_02,constant,7,c_02,A,3.521144096561087,NA,1
20211217,88,TN,b_03,constant,14,c_11,A,1.784304849578621,NA,1
20211217,88,TN,b_04,constant,7,c_05,A,1.8474656025961549,NA,1
20211217,88,TN,b_05,decreasing,14,c_13,B,2.797632022418722,NA,1
20211217,88,TN,b_06,decreasing,14,c_11,B,2.1262653134644878,NA,1
20211217,88,TN,b_07,decreasing,10,c_06,B,2.524898604510253,NA,1
20211217,88,TN,b_08,decreasing,7,c_01,B,3.163531895556018,NA,1
20211217,88,TN,b_09,decreasing,7,c_02,C,3.732165186601783,NA,1
20211217,88,TN,b_10,decreasing,10,c_07,C,3.1607984776475484,NA,1
20211217,88,TN,b_11,decreasing,10,c_08,C,2.259431768693314,NA,1
20211217,88,TN,b_12,decreasing,14,c_14,C,2.3780650597390793,NA,1
20211217,88,TN,b_13,constant,10,c_06,D,2.195912379753961,NA,1
20211217,88,TN,b_14,constant,7,c_03,D,2.2090731327714943,NA,1
20211217,88,TN,b_15,constant,14,c_14,D,2.3122338857890288,NA,1
20211217,88,TN,b_16,constant,14,c_15,D,2.055394638806563,NA,1
20211217,88,TN,b_17,decreasing,7,c_05,E,2.1012315149679055,NA,1
20211217,88,TN,b_18,decreasing,7,c_04,E,4.379864806013671,NA,1
20211217,88,TN,b_19,decreasing,14,c_12,E,2.8084980970594358,NA,1
20211217,88,TN,b_20,decreasing,10,c_09,E,2.5471313881052007,NA,1
20211217,88,TN,b_21,constant,10,c_07,F,2.6711984038942327,NA,1
20211217,88,TN,b_22,constant,10,c_10,F,4.124359156911767,NA,1
20211217,88,TN,b_23,constant,7,c_04,F,3.997519909929301,NA,1
20211217,88,TN,b_24,constant,14,c_13,F,2.3706806629468344,NA,1
20211217,88,TN,b_25,decreasing,7,c_03,G,2.120297843334027,NA,1
20211217,88,TN,b_26,decreasing,14,c_15,G,2.0789311343797925,NA,1
20211217,88,TN,b_27,decreasing,10,c_10,G,4.357564425425558,NA,1
20211217,88,TN,b_28,constant,10,c_09,H,2.2533236750169703,NA,1
20211217,88,TN,b_29,constant,14,c_12,H,2.266484428034504,NA,1
20211217,88,TN,b_30,constant,7,c_01,H,2.569645181052038,NA,1
20211217,88,TOC,b_01,constant,10,c_08,A,47.18034720267562,NA,1
20211217,88,TOC,b_02,constant,7,c_02,A,66.73519711243935,NA,1
20211217,88,TOC,b_03,constant,14,c_11,A,42.91004702220309,NA,1
20211217,88,TOC,b_04,constant,7,c_05,A,44.78489693196681,NA,1
20211217,88,TOC,b_05,decreasing,14,c_13,B,53.340878950258464,NA,1
20211217,88,TOC,b_06,decreasing,14,c_11,B,47.28703633575067,NA,1
20211217,88,TOC,b_07,decreasing,10,c_06,B,52.17319372124288,NA,1
20211217,88,TOC,b_08,decreasing,7,c_01,B,57.37935110673508,NA,1
20211217,88,TOC,b_09,decreasing,7,c_02,C,69.27550849222729,NA,1
20211217,88,TOC,b_10,decreasing,10,c_07,C,55.1716658777195,NA,1
20211217,88,TOC,b_11,decreasing,10,c_08,C,50.47782326321171,NA,1
20211217,88,TOC,b_12,decreasing,14,c_14,C,50.95398064870392,NA,1
20211217,88,TOC,b_13,constant,10,c_06,D,50.00854611984039,NA,1
20211217,88,TOC,b_14,constant,7,c_03,D,44.873396029604116,NA,1
20211217,88,TOC,b_15,constant,14,c_14,D,48.47824593936785,NA,1
20211217,88,TOC,b_16,constant,14,c_15,D,46.763095849131574,NA,1
20211217,88,TOC,b_17,decreasing,7,c_05,E,47.70476757616496,NA,1
20211217,88,TOC,b_18,decreasing,7,c_04,E,80.63092496165717,NA,1
20211217,88,TOC,b_19,decreasing,14,c_12,E,54.53708234714938,NA,1
20211217,88,TOC,b_20,decreasing,10,c_09,E,50.24323973264158,NA,1
20211217,88,TOC,b_21,constant,10,c_07,F,50.227345397950224,NA,1
20211217,88,TOC,b_22,constant,10,c_10,F,77.35219530771396,NA,1
20211217,88,TOC,b_23,constant,7,c_04,F,77.91704521747769,NA,1
20211217,88,TOC,b_24,constant,14,c_13,F,47.53189512724141,NA,1
20211217,88,TOC,b_25,decreasing,7,c_03,G,41.024026660102635,NA,1
20211217,88,TOC,b_26,decreasing,14,c_15,G,43.43018404559484,NA,1
20211217,88,TOC,b_27,decreasing,10,c_10,G,77.10634143108706,NA,1
20211217,88,TOC,b_28,constant,10,c_09,H,46.05129476629633,NA,1
20211217,88,TOC,b_29,constant,14,c_12,H,45.516144676060065,NA,1
20211217,88,TOC,b_30,constant,7,c_01,H,47.17099458582379,NA,1
20211220,91,IC,b_01,constant,10,c_08,A,1.28,NA,1
20211220,91,IC,b_02,constant,7,c_02,A,2.962525787704687,NA,1
20211220,91,IC,b_03,constant,14,c_11,A,2.1450515754093744,NA,1
20211220,91,IC,b_04,constant,7,c_05,A,2.107577363114062,NA,1
20211220,91,IC,b_05,decreasing,14,c_13,B,3.13,NA,1
20211220,91,IC,b_06,decreasing,14,c_11,B,2.534719899665552,NA,1
20211220,91,IC,b_07,decreasing,10,c_06,B,1.8994397993311036,NA,1
20211220,91,IC,b_08,decreasing,7,c_01,B,3.5141596989966555,NA,1
20211220,91,IC,b_09,decreasing,7,c_02,C,2.5188795986622075,NA,1
20211220,91,IC,b_10,decreasing,10,c_07,C,2.0835994983277595,NA,1
20211220,91,IC,b_11,decreasing,10,c_08,C,2.1583193979933113,NA,1
20211220,91,IC,b_12,decreasing,14,c_14,C,2.463039297658863,NA,1
20211220,91,IC,b_13,constant,10,c_06,D,2.440309452456247,NA,1
20211220,91,IC,b_14,constant,7,c_03,D,3.3328352401609345,NA,1
20211220,91,IC,b_15,constant,14,c_14,D,2.0853610278656216,NA,1
20211220,91,IC,b_16,constant,14,c_15,D,2.197886815570309,NA,1
20211220,91,IC,b_17,decreasing,7,c_05,E,1.4266387959866225,NA,1
20211220,91,IC,b_18,decreasing,7,c_04,E,2.8013586956521745,NA,1
20211220,91,IC,b_19,decreasing,14,c_12,E,3.2060785953177264,NA,1
20211220,91,IC,b_20,decreasing,10,c_09,E,3.1507984949832784,NA,1
20211220,91,IC,b_21,constant,10,c_07,F,3.760515754093746,NA,1
20211220,91,IC,b_22,constant,10,c_10,F,3.5130415417984326,NA,1
20211220,91,IC,b_23,constant,7,c_04,F,2.98556732950312,NA,1
20211220,91,IC,b_24,constant,14,c_13,F,3.9380931172078077,NA,1
20211220,91,IC,b_25,decreasing,7,c_03,G,2.504397993311038,NA,1
20211220,91,IC,b_26,decreasing,14,c_15,G,2.1291178929765895,NA,1
20211220,91,IC,b_27,decreasing,10,c_10,G,2.8638377926421414,NA,1
20211220,91,IC,b_28,constant,10,c_09,H,3.088196268026557,NA,1
20211220,91,IC,b_29,constant,14,c_12,H,3.150722055731244,NA,1
20211220,91,IC,b_30,constant,7,c_01,H,3.633247843435931,NA,1
20211220,91,TC,b_01,constant,10,c_08,A,46.56,NA,1
20211220,91,TC,b_02,constant,7,c_02,A,65.85080202659073,NA,1
20211220,91,TC,b_03,constant,14,c_11,A,43.40160405318145,NA,1
20211220,91,TC,b_04,constant,7,c_05,A,45.23240607977217,NA,1
20211220,91,TC,b_05,decreasing,14,c_13,B,51.56,NA,1
20211220,91,TC,b_06,decreasing,14,c_11,B,48.144569397993315,NA,1
20211220,91,TC,b_07,decreasing,10,c_06,B,44.679138795986624,NA,1
20211220,91,TC,b_08,decreasing,7,c_01,B,55.86370819397994,NA,1
20211220,91,TC,b_09,decreasing,7,c_02,C,58.09827759197324,NA,1
20211220,91,TC,b_10,decreasing,10,c_07,C,30.67284698996656,NA,1
20211220,91,TC,b_11,decreasing,10,c_08,C,40.19741638795987,NA,1
20211220,91,TC,b_12,decreasing,14,c_14,C,42.20198578595318,NA,1
20211220,91,TC,b_13,constant,10,c_06,D,52.1996243190887,NA,1
20211220,91,TC,b_14,constant,7,c_03,D,47.19042634567942,NA,1
20211220,91,TC,b_15,constant,14,c_14,D,44.82122837227015,NA,1
20211220,91,TC,b_16,constant,14,c_15,D,47.41203039886087,NA,1
20211220,91,TC,b_17,decreasing,7,c_05,E,42.94483277591973,NA,1
20211220,91,TC,b_18,decreasing,7,c_04,E,73.39940217391305,NA,1
20211220,91,TC,b_19,decreasing,14,c_12,E,46.143971571906356,NA,1
20211220,91,TC,b_20,decreasing,10,c_09,E,46.94854096989967,NA,1
20211220,91,TC,b_21,constant,10,c_07,F,54.54604053181449,NA,1
20211220,91,TC,b_22,constant,10,c_10,F,76.92684255840523,NA,1
20211220,91,TC,b_23,constant,7,c_04,F,74.44764458499594,NA,1
20211220,91,TC,b_24,constant,14,c_13,F,49.21844661158667,NA,1
20211220,91,TC,b_25,decreasing,7,c_03,G,34.36138795986623,NA,1
20211220,91,TC,b_26,decreasing,14,c_15,G,36.31595735785953,NA,1
20211220,91,TC,b_27,decreasing,10,c_10,G,64.95052675585285,NA,1
20211220,91,TC,b_28,constant,10,c_09,H,51.22165471794957,NA,1
20211220,91,TC,b_29,constant,14,c_12,H,47.832456744540295,NA,1
20211220,91,TC,b_30,constant,7,c_01,H,54.42325877113102,NA,1
20211220,91,TN,b_01,constant,10,c_08,A,2.18,NA,1
20211220,91,TN,b_02,constant,7,c_02,A,3.6513290395218307,NA,1
20211220,91,TN,b_03,constant,14,c_11,A,1.9126580790436611,NA,1
20211220,91,TN,b_04,constant,7,c_05,A,1.9039871185654917,NA,1
20211220,91,TN,b_05,decreasing,14,c_13,B,2.71,NA,1
20211220,91,TN,b_06,decreasing,14,c_11,B,2.1433152173913044,NA,1
20211220,91,TN,b_07,decreasing,10,c_06,B,2.066630434782609,NA,1
20211220,91,TN,b_08,decreasing,7,c_01,B,2.9599456521739134,NA,1
20211220,91,TN,b_09,decreasing,7,c_02,C,3.0632608695652177,NA,1
20211220,91,TN,b_10,decreasing,10,c_07,C,1.4965760869565217,NA,1
20211220,91,TN,b_11,decreasing,10,c_08,C,1.6298913043478263,NA,1
20211220,91,TN,b_12,decreasing,14,c_14,C,1.8632065217391305,NA,1
20211220,91,TN,b_13,constant,10,c_06,D,2.305948474261967,NA,1
20211220,91,TN,b_14,constant,7,c_03,D,2.187277513783797,NA,1
20211220,91,TN,b_15,constant,14,c_14,D,1.9586065533056276,NA,1
20211220,91,TN,b_16,constant,14,c_15,D,2.0299355928274583,NA,1
20211220,91,TN,b_17,decreasing,7,c_05,E,1.7497826086956523,NA,1
20211220,91,TN,b_18,decreasing,7,c_04,E,3.9430978260869565,NA,1
20211220,91,TN,b_19,decreasing,14,c_12,E,2.206413043478261,NA,1
20211220,91,TN,b_20,decreasing,10,c_09,E,2.2497282608695652,NA,1
20211220,91,TN,b_21,constant,10,c_07,F,2.7965807904366113,NA,1
20211220,91,TN,b_22,constant,10,c_10,F,4.027909829958442,NA,1
20211220,91,TN,b_23,constant,7,c_04,F,3.7992388694802726,NA,1
20211220,91,TN,b_24,constant,14,c_13,F,2.420567909002103,NA,1
20211220,91,TN,b_25,decreasing,7,c_03,G,1.636304347826087,NA,1
20211220,91,TN,b_26,decreasing,14,c_15,G,1.509619565217391,NA,1
20211220,91,TN,b_27,decreasing,10,c_10,G,3.472934782608695,NA,1
20211220,91,TN,b_28,constant,10,c_09,H,2.455884067089425,NA,1
20211220,91,TN,b_29,constant,14,c_12,H,2.2772131066112555,NA,1
20211220,91,TN,b_30,constant,7,c_01,H,2.878542146133086,NA,1
20211220,91,TOC,b_01,constant,10,c_08,A,45.28,NA,1
20211220,91,TOC,b_02,constant,7,c_02,A,62.88827623888604,NA,1
20211220,91,TOC,b_03,constant,14,c_11,A,41.256552477772075,NA,1
20211220,91,TOC,b_04,constant,7,c_05,A,43.12482871665811,NA,1
20211220,91,TOC,b_05,decreasing,14,c_13,B,48.43,NA,1
20211220,91,TOC,b_06,decreasing,14,c_11,B,45.609849498327755,NA,1
20211220,91,TOC,b_07,decreasing,10,c_06,B,42.77969899665552,NA,1
20211220,91,TOC,b_08,decreasing,7,c_01,B,52.34954849498328,NA,1
20211220,91,TOC,b_09,decreasing,7,c_02,C,55.579397993311034,NA,1
20211220,91,TOC,b_10,decreasing,10,c_07,C,28.589247491638798,NA,1
20211220,91,TOC,b_11,decreasing,10,c_08,C,38.03909698996656,NA,1
20211220,91,TOC,b_12,decreasing,14,c_14,C,39.7389464882943,NA,1
20211220,91,TOC,b_13,constant,10,c_06,D,49.759314866632444,NA,1
20211220,91,TOC,b_14,constant,7,c_03,D,43.85759110551848,NA,1
20211220,91,TOC,b_15,constant,14,c_14,D,42.73586734440452,NA,1
20211220,91,TOC,b_16,constant,14,c_15,D,45.21414358329056,NA,1
20211220,91,TOC,b_17,decreasing,7,c_05,E,41.5181939799331,NA,1
20211220,91,TOC,b_18,decreasing,7,c_04,E,70.59804347826085,NA,1
20211220,91,TOC,b_19,decreasing,14,c_12,E,42.93789297658863,NA,1
20211220,91,TOC,b_20,decreasing,10,c_09,E,43.79774247491638,NA,1
20211220,91,TOC,b_21,constant,10,c_07,F,50.785524777720745,NA,1
20211220,91,TOC,b_22,constant,10,c_10,F,73.41380101660678,NA,1
20211220,91,TOC,b_23,constant,7,c_04,F,71.46207725549283,NA,1
20211220,91,TOC,b_24,constant,14,c_13,F,45.28035349437886,NA,1
20211220,91,TOC,b_25,decreasing,7,c_03,G,31.856989966555183,NA,1
20211220,91,TOC,b_26,decreasing,14,c_15,G,34.18683946488293,NA,1
20211220,91,TOC,b_27,decreasing,10,c_10,G,62.0866889632107,NA,1
20211220,91,TOC,b_28,constant,10,c_09,H,48.133458449923005,NA,1
20211220,91,TOC,b_29,constant,14,c_12,H,44.681734688809044,NA,1
20211220,91,TOC,b_30,constant,7,c_01,H,50.79001092769507,NA,1
20211222,93,IC,b_01,constant,10,c_08,A,1.7282994188453058,NA,1
20211222,93,IC,b_02,constant,7,c_02,A,2.2108252065499934,NA,1
20211222,93,IC,b_03,constant,14,c_11,A,1.7933509942546801,NA,1
20211222,93,IC,b_04,constant,7,c_05,A,1.8458767819593676,NA,1
20211222,93,IC,b_05,decreasing,14,c_13,B,5.44,NA,1
20211222,93,IC,b_06,decreasing,14,c_11,B,4.708047658862876,NA,1
20211222,93,IC,b_07,decreasing,10,c_06,B,4.116095317725753,NA,1
20211222,93,IC,b_08,decreasing,7,c_01,B,5.954142976588629,NA,1
20211222,93,IC,b_09,decreasing,7,c_02,C,4.792190635451505,NA,1
20211222,93,IC,b_10,decreasing,10,c_07,C,5.410238294314381,NA,1
20211222,93,IC,b_11,decreasing,10,c_08,C,4.198285953177257,NA,1
20211222,93,IC,b_12,decreasing,14,c_14,C,4.076333612040133,NA,1
20211222,93,IC,b_13,constant,10,c_06,D,1.498608871301554,NA,1
20211222,93,IC,b_14,constant,7,c_03,D,3.031134659006241,NA,1
20211222,93,IC,b_15,constant,14,c_14,D,1.7036604467109284,NA,1
20211222,93,IC,b_16,constant,14,c_15,D,1.6561862344156144,NA,1
20211222,93,IC,b_17,decreasing,7,c_05,E,4.1165719063545145,NA,1
20211222,93,IC,b_18,decreasing,7,c_04,E,4.984619565217391,NA,1
20211222,93,IC,b_19,decreasing,14,c_12,E,5.592667224080266,NA,1
20211222,93,IC,b_20,decreasing,10,c_09,E,5.460714882943143,NA,1
20211222,93,IC,b_21,constant,10,c_07,F,3.3388151729390514,NA,1
20211222,93,IC,b_22,constant,10,c_10,F,3.0313409606437385,NA,1
20211222,93,IC,b_23,constant,7,c_04,F,2.113866748348426,NA,1
20211222,93,IC,b_24,constant,14,c_13,F,2.5363925360531128,NA,1
20211222,93,IC,b_25,decreasing,7,c_03,G,5.2409531772575235,NA,1
20211222,93,IC,b_26,decreasing,14,c_15,G,4.3390008361204,NA,1
20211222,93,IC,b_27,decreasing,10,c_10,G,4.897048494983277,NA,1
20211222,93,IC,b_28,constant,10,c_09,H,2.466495686871862,NA,1
20211222,93,IC,b_29,constant,14,c_12,H,2.41902147457655,NA,1
20211222,93,IC,b_30,constant,7,c_01,H,3.131547262281236,NA,1
20211222,93,TC,b_01,constant,10,c_08,A,45.21486282431247,NA,1
20211222,93,TC,b_02,constant,7,c_02,A,66.4756648509032,NA,1
20211222,93,TC,b_03,constant,14,c_11,A,41.46646687749392,NA,1
20211222,93,TC,b_04,constant,7,c_05,A,42.42726890408464,NA,1
20211222,93,TC,b_05,decreasing,14,c_13,B,57.51,NA,1
20211222,93,TC,b_06,decreasing,14,c_11,B,49.82489130434782,NA,1
20211222,93,TC,b_07,decreasing,10,c_06,B,53.97978260869565,NA,1
20211222,93,TC,b_08,decreasing,7,c_01,B,59.59467391304348,NA,1
20211222,93,TC,b_09,decreasing,7,c_02,C,72.3795652173913,NA,1
20211222,93,TC,b_10,decreasing,10,c_07,C,60.33445652173913,NA,1
20211222,93,TC,b_11,decreasing,10,c_08,C,52.58934782608695,NA,1
20211222,93,TC,b_12,decreasing,14,c_14,C,53.43423913043478,NA,1
20211222,93,TC,b_13,constant,10,c_06,D,44.04448714340117,NA,1
20211222,93,TC,b_14,constant,7,c_03,D,42.765289169991895,NA,1
20211222,93,TC,b_15,constant,14,c_14,D,45.96609119658261,NA,1
20211222,93,TC,b_16,constant,14,c_15,D,43.77689322317334,NA,1
20211222,93,TC,b_17,decreasing,7,c_05,E,51.338695652173904,NA,1
20211222,93,TC,b_18,decreasing,7,c_04,E,82.30358695652174,NA,1
20211222,93,TC,b_19,decreasing,14,c_12,E,55.03847826086956,NA,1
20211222,93,TC,b_20,decreasing,10,c_09,E,55.65336956521738,NA,1
20211222,93,TC,b_21,constant,10,c_07,F,51.28090335612696,NA,1
20211222,93,TC,b_22,constant,10,c_10,F,74.8617053827177,NA,1
20211222,93,TC,b_23,constant,7,c_04,F,72.78250740930841,NA,1
20211222,93,TC,b_24,constant,14,c_13,F,45.53330943589914,NA,1
20211222,93,TC,b_25,decreasing,7,c_03,G,43.87782608695651,NA,1
20211222,93,TC,b_26,decreasing,14,c_15,G,47.67271739130434,NA,1
20211222,93,TC,b_27,decreasing,10,c_10,G,73.19760869565216,NA,1
20211222,93,TC,b_28,constant,10,c_09,H,47.986517542262035,NA,1
20211222,93,TC,b_29,constant,14,c_12,H,44.26731956885276,NA,1
20211222,93,TC,b_30,constant,7,c_01,H,51.488121595443495,NA,1
20211222,93,TN,b_01,constant,10,c_08,A,1.8612002251767472,NA,1
20211222,93,TN,b_02,constant,7,c_02,A,3.4825292646985777,NA,1
20211222,93,TN,b_03,constant,14,c_11,A,1.6238583042204084,NA,1
20211222,93,TN,b_04,constant,7,c_05,A,1.6551873437422386,NA,1
20211222,93,TN,b_05,decreasing,14,c_13,B,2.82,NA,1
20211222,93,TN,b_06,decreasing,14,c_11,B,2.0154389632107024,NA,1
20211222,93,TN,b_07,decreasing,10,c_06,B,2.3008779264214048,NA,1
20211222,93,TN,b_08,decreasing,7,c_01,B,2.896316889632107,NA,1
20211222,93,TN,b_09,decreasing,7,c_02,C,3.6717558528428094,NA,1
20211222,93,TN,b_10,decreasing,10,c_07,C,2.997194816053512,NA,1
20211222,93,TN,b_11,decreasing,10,c_08,C,2.142633779264214,NA,1
20211222,93,TN,b_12,decreasing,14,c_14,C,2.2580727424749165,NA,1
20211222,93,TN,b_13,constant,10,c_06,D,1.797148699438714,NA,1
20211222,93,TN,b_14,constant,7,c_03,D,1.8984777389605445,NA,1
20211222,93,TN,b_15,constant,14,c_14,D,1.939806778482375,NA,1
20211222,93,TN,b_16,constant,14,c_15,D,1.8211358180042057,NA,1
20211222,93,TN,b_17,decreasing,7,c_05,E,2.0152675585284276,NA,1
20211222,93,TN,b_18,decreasing,7,c_04,E,4.180706521739131,NA,1
20211222,93,TN,b_19,decreasing,14,c_12,E,2.5061454849498324,NA,1
20211222,93,TN,b_20,decreasing,10,c_09,E,2.551584448160535,NA,1
20211222,93,TN,b_21,constant,10,c_07,F,2.5377810156133584,NA,1
20211222,93,TN,b_22,constant,10,c_10,F,3.8191100551351886,NA,1
20211222,93,TN,b_23,constant,7,c_04,F,3.6304390946570195,NA,1
20211222,93,TN,b_24,constant,14,c_13,F,2.1617681341788497,NA,1
20211222,93,TN,b_25,decreasing,7,c_03,G,1.8587792642140466,NA,1
20211222,93,TN,b_26,decreasing,14,c_15,G,1.944218227424749,NA,1
20211222,93,TN,b_27,decreasing,10,c_10,G,3.7296571906354514,NA,1
20211222,93,TN,b_28,constant,10,c_09,H,2.257084292266172,NA,1
20211222,93,TN,b_29,constant,14,c_12,H,2.068413331788003,NA,1
20211222,93,TN,b_30,constant,7,c_01,H,2.6797423713098336,NA,1
20211222,93,TOC,b_01,constant,10,c_08,A,43.48656340546715,NA,1
20211222,93,TOC,b_02,constant,7,c_02,A,64.26483964435319,NA,1
20211222,93,TOC,b_03,constant,14,c_11,A,39.67311588323923,NA,1
20211222,93,TOC,b_04,constant,7,c_05,A,40.581392122125266,NA,1
20211222,93,TOC,b_05,decreasing,14,c_13,B,52.07,NA,1
20211222,93,TOC,b_06,decreasing,14,c_11,B,45.11684364548495,NA,1
20211222,93,TOC,b_07,decreasing,10,c_06,B,49.86368729096989,NA,1
20211222,93,TOC,b_08,decreasing,7,c_01,B,53.64053093645485,NA,1
20211222,93,TOC,b_09,decreasing,7,c_02,C,67.5873745819398,NA,1
20211222,93,TOC,b_10,decreasing,10,c_07,C,54.92421822742475,NA,1
20211222,93,TOC,b_11,decreasing,10,c_08,C,48.391061872909695,NA,1
20211222,93,TOC,b_12,decreasing,14,c_14,C,49.35790551839465,NA,1
20211222,93,TOC,b_13,constant,10,c_06,D,42.5458782720996,NA,1
20211222,93,TOC,b_14,constant,7,c_03,D,39.73415451098565,NA,1
20211222,93,TOC,b_15,constant,14,c_14,D,44.26243074987167,NA,1
20211222,93,TOC,b_16,constant,14,c_15,D,42.12070698875771,NA,1
20211222,93,TOC,b_17,decreasing,7,c_05,E,47.222123745819395,NA,1
20211222,93,TOC,b_18,decreasing,7,c_04,E,77.31896739130434,NA,1
20211222,93,TOC,b_19,decreasing,14,c_12,E,49.445811036789294,NA,1
20211222,93,TOC,b_20,decreasing,10,c_09,E,50.192654682274245,NA,1
20211222,93,TOC,b_21,constant,10,c_07,F,47.9420881831879,NA,1
20211222,93,TOC,b_22,constant,10,c_10,F,71.83036442207393,NA,1
20211222,93,TOC,b_23,constant,7,c_04,F,70.66864066095998,NA,1
20211222,93,TOC,b_24,constant,14,c_13,F,42.99691689984601,NA,1
20211222,93,TOC,b_25,decreasing,7,c_03,G,38.636872909698994,NA,1
20211222,93,TOC,b_26,decreasing,14,c_15,G,43.33371655518394,NA,1
20211222,93,TOC,b_27,decreasing,10,c_10,G,68.3005602006689,NA,1
20211222,93,TOC,b_28,constant,10,c_09,H,45.52002185539016,NA,1
20211222,93,TOC,b_29,constant,14,c_12,H,41.8482980942762,NA,1
20211222,93,TOC,b_30,constant,7,c_01,H,48.35657433316224,NA,1
20211224,95,IC,b_01,constant,10,c_08,A,1.55,NA,1
20211224,95,IC,b_02,constant,7,c_02,A,2.4179640858208957,NA,1
20211224,95,IC,b_03,constant,14,c_11,A,2.245928171641791,NA,1
20211224,95,IC,b_04,constant,7,c_05,A,1.4438922574626867,NA,1
20211224,95,IC,b_05,decreasing,14,c_13,B,3.33,NA,1
20211224,95,IC,b_06,decreasing,14,c_11,B,2.365522575250836,NA,1
20211224,95,IC,b_07,decreasing,10,c_06,B,1.9010451505016723,NA,1
20211224,95,IC,b_08,decreasing,7,c_01,B,3.5265677257525088,NA,1
20211224,95,IC,b_09,decreasing,7,c_02,C,2.752090301003345,NA,1
20211224,95,IC,b_10,decreasing,10,c_07,C,3.4676128762541807,NA,1
20211224,95,IC,b_11,decreasing,10,c_08,C,2.303135451505017,NA,1
20211224,95,IC,b_12,decreasing,14,c_14,C,2.7286580267558533,NA,1
20211224,95,IC,b_13,constant,10,c_06,D,1.1955690298507462,NA,1
20211224,95,IC,b_14,constant,7,c_03,D,2.323533115671642,NA,1
20211224,95,IC,b_15,constant,14,c_14,D,1.191497201492537,NA,1
20211224,95,IC,b_16,constant,14,c_15,D,1.1994612873134325,NA,1
20211224,95,IC,b_17,decreasing,7,c_05,E,2.266270903010034,NA,1
20211224,95,IC,b_18,decreasing,7,c_04,E,2.58179347826087,NA,1
20211224,95,IC,b_19,decreasing,14,c_12,E,3.2673160535117054,NA,1
20211224,95,IC,b_20,decreasing,10,c_09,E,2.972838628762542,NA,1
20211224,95,IC,b_21,constant,10,c_07,F,3.0392817164179102,NA,1
20211224,95,IC,b_22,constant,10,c_10,F,2.3572458022388054,NA,1
20211224,95,IC,b_23,constant,7,c_04,F,1.405209888059701,NA,1
20211224,95,IC,b_24,constant,14,c_13,F,2.3431739738805963,NA,1
20211224,95,IC,b_25,decreasing,7,c_03,G,3.0904515050167234,NA,1
20211224,95,IC,b_26,decreasing,14,c_15,G,2.2859740802675583,NA,1
20211224,95,IC,b_27,decreasing,10,c_10,G,2.9614966555183955,NA,1
20211224,95,IC,b_28,constant,10,c_09,H,1.6150303171641789,NA,1
20211224,95,IC,b_29,constant,14,c_12,H,1.432994402985074,NA,1
20211224,95,IC,b_30,constant,7,c_01,H,1.8809584888059692,NA,1
20211224,95,TC,b_01,constant,10,c_08,A,47.97,NA,1
20211224,95,TC,b_02,constant,7,c_02,A,68.01214085820895,NA,1
20211224,95,TC,b_03,constant,14,c_11,A,43.72428171641791,NA,1
20211224,95,TC,b_04,constant,7,c_05,A,45.10642257462687,NA,1
20211224,95,TC,b_05,decreasing,14,c_13,B,54.65,NA,1
20211224,95,TC,b_06,decreasing,14,c_11,B,46.84700250836121,NA,1
20211224,95,TC,b_07,decreasing,10,c_06,B,51.10400501672241,NA,1
20211224,95,TC,b_08,decreasing,7,c_01,B,59.021007525083604,NA,1
20211224,95,TC,b_09,decreasing,7,c_02,C,69.62801003344481,NA,1
20211224,95,TC,b_10,decreasing,10,c_07,C,58.18501254180602,NA,1
20211224,95,TC,b_11,decreasing,10,c_08,C,49.53201505016722,NA,1
20211224,95,TC,b_12,decreasing,14,c_14,C,48.489017558528424,NA,1
20211224,95,TC,b_13,constant,10,c_06,D,48.22569029850746,NA,1
20211224,95,TC,b_14,constant,7,c_03,D,43.357831156716415,NA,1
20211224,95,TC,b_15,constant,14,c_14,D,43.96997201492536,NA,1
20211224,95,TC,b_16,constant,14,c_15,D,41.792112873134315,NA,1
20211224,95,TC,b_17,decreasing,7,c_05,E,46.27403010033444,NA,1
20211224,95,TC,b_18,decreasing,7,c_04,E,79.42103260869565,NA,1
20211224,95,TC,b_19,decreasing,14,c_12,E,51.49803511705685,NA,1
20211224,95,TC,b_20,decreasing,10,c_09,E,51.77503762541806,NA,1
20211224,95,TC,b_21,constant,10,c_07,F,51.7628171641791,NA,1
20211224,95,TC,b_22,constant,10,c_10,F,75.19495802238805,NA,1
20211224,95,TC,b_23,constant,7,c_04,F,70.69709888059701,NA,1
20211224,95,TC,b_24,constant,14,c_13,F,45.73923973880596,NA,1
20211224,95,TC,b_25,decreasing,7,c_03,G,40.040050167224074,NA,1
20211224,95,TC,b_26,decreasing,14,c_15,G,41.687052675585285,NA,1
20211224,95,TC,b_27,decreasing,10,c_10,G,76.08405518394648,NA,1
20211224,95,TC,b_28,constant,10,c_09,H,44.857803171641784,NA,1
20211224,95,TC,b_29,constant,14,c_12,H,40.94994402985074,NA,1
20211224,95,TC,b_30,constant,7,c_01,H,47.74208488805968,NA,1
20211224,95,TN,b_01,constant,10,c_08,A,2.22,NA,1
20211224,95,TN,b_02,constant,7,c_02,A,3.7870475746268655,NA,1
20211224,95,TN,b_03,constant,14,c_11,A,1.8740951492537317,NA,1
20211224,95,TN,b_04,constant,7,c_05,A,1.8911427238805973,NA,1
20211224,95,TN,b_05,decreasing,14,c_13,B,2.89,NA,1
20211224,95,TN,b_06,decreasing,14,c_11,B,2.0724372909698996,NA,1
20211224,95,TN,b_07,decreasing,10,c_06,B,2.4248745819397994,NA,1
20211224,95,TN,b_08,decreasing,7,c_01,B,3.197311872909699,NA,1
20211224,95,TN,b_09,decreasing,7,c_02,C,3.799749163879599,NA,1
20211224,95,TN,b_10,decreasing,10,c_07,C,3.112186454849499,NA,1
20211224,95,TN,b_11,decreasing,10,c_08,C,2.134623745819398,NA,1
20211224,95,TN,b_12,decreasing,14,c_14,C,2.077061036789298,NA,1
20211224,95,TN,b_13,constant,10,c_06,D,2.0145708955223887,NA,1
20211224,95,TN,b_14,constant,7,c_03,D,1.951618470149254,NA,1
20211224,95,TN,b_15,constant,14,c_14,D,1.8386660447761196,NA,1
20211224,95,TN,b_16,constant,14,c_15,D,1.6857136194029856,NA,1
20211224,95,TN,b_17,decreasing,7,c_05,E,1.9092474916387965,NA,1
20211224,95,TN,b_18,decreasing,7,c_04,E,4.3216847826086955,NA,1
20211224,95,TN,b_19,decreasing,14,c_12,E,2.5341220735785956,NA,1
20211224,95,TN,b_20,decreasing,10,c_09,E,2.536559364548495,NA,1
20211224,95,TN,b_21,constant,10,c_07,F,2.5409514925373142,NA,1
20211224,95,TN,b_22,constant,10,c_10,F,3.87799906716418,NA,1
20211224,95,TN,b_23,constant,7,c_04,F,3.5550466417910456,NA,1
20211224,95,TN,b_24,constant,14,c_13,F,2.042094216417911,NA,1
20211224,95,TN,b_25,decreasing,7,c_03,G,1.848745819397994,NA,1
20211224,95,TN,b_26,decreasing,14,c_15,G,1.8011831103678935,NA,1
20211224,95,TN,b_27,decreasing,10,c_10,G,4.243620401337793,NA,1
20211224,95,TN,b_28,constant,10,c_09,H,1.940284514925374,NA,1
20211224,95,TN,b_29,constant,14,c_12,H,1.7873320895522395,NA,1
20211224,95,TN,b_30,constant,7,c_01,H,2.3743796641791053,NA,1
20211224,95,TOC,b_01,constant,10,c_08,A,46.42,NA,1
20211224,95,TOC,b_02,constant,7,c_02,A,65.59417677238804,NA,1
20211224,95,TOC,b_03,constant,14,c_11,A,41.47835354477612,NA,1
20211224,95,TOC,b_04,constant,7,c_05,A,43.662530317164176,NA,1
20211224,95,TOC,b_05,decreasing,14,c_13,B,51.32,NA,1
20211224,95,TOC,b_06,decreasing,14,c_11,B,44.481479933110364,NA,1
20211224,95,TOC,b_07,decreasing,10,c_06,B,49.20295986622073,NA,1
20211224,95,TOC,b_08,decreasing,7,c_01,B,55.4944397993311,NA,1
20211224,95,TOC,b_09,decreasing,7,c_02,C,66.87591973244147,NA,1
20211224,95,TOC,b_10,decreasing,10,c_07,C,54.717399665551845,NA,1
20211224,95,TOC,b_11,decreasing,10,c_08,C,47.2288795986622,NA,1
20211224,95,TOC,b_12,decreasing,14,c_14,C,45.76035953177257,NA,1
20211224,95,TOC,b_13,constant,10,c_06,D,47.03012126865671,NA,1
20211224,95,TOC,b_14,constant,7,c_03,D,41.03429804104477,NA,1
20211224,95,TOC,b_15,constant,14,c_14,D,42.77847481343284,NA,1
20211224,95,TOC,b_16,constant,14,c_15,D,40.59265158582089,NA,1
20211224,95,TOC,b_17,decreasing,7,c_05,E,44.00775919732441,NA,1
20211224,95,TOC,b_18,decreasing,7,c_04,E,76.83923913043478,NA,1
20211224,95,TOC,b_19,decreasing,14,c_12,E,48.230719063545145,NA,1
20211224,95,TOC,b_20,decreasing,10,c_09,E,48.80219899665551,NA,1
20211224,95,TOC,b_21,constant,10,c_07,F,48.723535447761186,NA,1
20211224,95,TOC,b_22,constant,10,c_10,F,72.83771222014926,NA,1
20211224,95,TOC,b_23,constant,7,c_04,F,69.29188899253731,NA,1
20211224,95,TOC,b_24,constant,14,c_13,F,43.396065764925375,NA,1
20211224,95,TOC,b_25,decreasing,7,c_03,G,36.94959866220736,NA,1
20211224,95,TOC,b_26,decreasing,14,c_15,G,39.40107859531772,NA,1
20211224,95,TOC,b_27,decreasing,10,c_10,G,73.12255852842807,NA,1
20211224,95,TOC,b_28,constant,10,c_09,H,43.2427728544776,NA,1
20211224,95,TOC,b_29,constant,14,c_12,H,39.51694962686567,NA,1
20211224,95,TOC,b_30,constant,7,c_01,H,45.86112639925373,NA,1
20211227,98,IC,b_01,constant,10,c_08,A,1.41,NA,1
20211227,98,IC,b_02,constant,7,c_02,A,2.58370250177989,NA,1
20211227,98,IC,b_03,constant,14,c_11,A,1.7274050035597794,NA,1
20211227,98,IC,b_04,constant,7,c_05,A,1.6111075053396693,NA,1
20211227,98,IC,b_05,decreasing,14,c_13,B,2.59,NA,1
20211227,98,IC,b_06,decreasing,14,c_11,B,1.7106524908639922,NA,1
20211227,98,IC,b_07,decreasing,10,c_06,B,1.901304981727984,NA,1
20211227,98,IC,b_08,decreasing,7,c_01,B,3.0319574725919756,NA,1
20211227,98,IC,b_09,decreasing,7,c_02,C,2.672609963455968,NA,1
20211227,98,IC,b_10,decreasing,10,c_07,C,3.0432624543199593,NA,1
20211227,98,IC,b_11,decreasing,10,c_08,C,1.6139149451839512,NA,1
20211227,98,IC,b_12,decreasing,14,c_14,C,2.014567436047943,NA,1
20211227,98,IC,b_13,constant,10,c_06,D,1.5444300213586768,NA,1
20211227,98,IC,b_14,constant,7,c_03,D,2.4581325231385662,NA,1
20211227,98,IC,b_15,constant,14,c_14,D,1.4118350249184561,NA,1
20211227,98,IC,b_16,constant,14,c_15,D,1.2755375266983457,NA,1
20211227,98,IC,b_17,decreasing,7,c_05,E,1.6978298903679025,NA,1
20211227,98,IC,b_18,decreasing,7,c_04,E,2.838482381231894,NA,1
20211227,98,IC,b_19,decreasing,14,c_12,E,3.3991348720958863,NA,1
20211227,98,IC,b_20,decreasing,10,c_09,E,2.4997873629598777,NA,1
20211227,98,IC,b_21,constant,10,c_07,F,2.664050035597795,NA,1
20211227,98,IC,b_22,constant,10,c_10,F,2.607752537377684,NA,1
20211227,98,IC,b_23,constant,7,c_04,F,2.111455039157574,NA,1
20211227,98,IC,b_24,constant,14,c_13,F,2.7551575409374642,NA,1
20211227,98,IC,b_25,decreasing,7,c_03,G,2.493049817279837,NA,1
20211227,98,IC,b_26,decreasing,14,c_15,G,1.6737023081438287,NA,1
20211227,98,IC,b_27,decreasing,10,c_10,G,2.6943547990078205,NA,1
20211227,98,IC,b_28,constant,10,c_09,H,2.3899675480570224,NA,1
20211227,98,IC,b_29,constant,14,c_12,H,2.423670049836913,NA,1
20211227,98,IC,b_30,constant,7,c_01,H,3.2073725516168023,NA,1
20211227,98,TC,b_01,constant,10,c_08,A,49.92,NA,1
20211227,98,TC,b_02,constant,7,c_02,A,66.71472771826416,NA,1
20211227,98,TC,b_03,constant,14,c_11,A,45.6394554365283,NA,1
20211227,98,TC,b_04,constant,7,c_05,A,45.404183154792456,NA,1
20211227,98,TC,b_05,decreasing,14,c_13,B,43.38,NA,1
20211227,98,TC,b_06,decreasing,14,c_11,B,50.917123246170455,NA,1
20211227,98,TC,b_07,decreasing,10,c_06,B,46.0042464923409,NA,1
20211227,98,TC,b_08,decreasing,7,c_01,B,53.29136973851135,NA,1
20211227,98,TC,b_09,decreasing,7,c_02,C,67.98849298468181,NA,1
20211227,98,TC,b_10,decreasing,10,c_07,C,54.41561623085225,NA,1
20211227,98,TC,b_11,decreasing,10,c_08,C,42.302739477022705,NA,1
20211227,98,TC,b_12,decreasing,14,c_14,C,47.999862723193154,NA,1
20211227,98,TC,b_13,constant,10,c_06,D,44.146732619169825,NA,1
20211227,98,TC,b_14,constant,7,c_03,D,36.571460337433976,NA,1
20211227,98,TC,b_15,constant,14,c_14,D,40.38618805569813,NA,1
20211227,98,TC,b_16,constant,14,c_15,D,40.50091577396228,NA,1
20211227,98,TC,b_17,decreasing,7,c_05,E,47.90547895404541,NA,1
20211227,98,TC,b_18,decreasing,7,c_04,E,75.50260220021585,NA,1
20211227,98,TC,b_19,decreasing,14,c_12,E,50.869725446386305,NA,1
20211227,98,TC,b_20,decreasing,10,c_09,E,41.92684869255675,NA,1
20211227,98,TC,b_21,constant,10,c_07,F,46.424554365283036,NA,1
20211227,98,TC,b_22,constant,10,c_10,F,70.96928208354718,NA,1
20211227,98,TC,b_23,constant,7,c_04,F,66.88400980181135,NA,1
20211227,98,TC,b_24,constant,14,c_13,F,47.858737520075486,NA,1
20211227,98,TC,b_25,decreasing,7,c_03,G,40.75246492340901,NA,1
20211227,98,TC,b_26,decreasing,14,c_15,G,35.029588169579455,NA,1
20211227,98,TC,b_27,decreasing,10,c_10,G,69.1967114157499,NA,1
20211227,98,TC,b_28,constant,10,c_09,H,42.377648393132105,NA,1
20211227,98,TC,b_29,constant,14,c_12,H,36.37237611139625,NA,1
20211227,98,TC,b_30,constant,7,c_01,H,52.6771038296604,NA,1
20211227,98,TN,b_01,constant,10,c_08,A,2.48,NA,1
20211227,98,TN,b_02,constant,7,c_02,A,3.780917760815935,NA,1
20211227,98,TN,b_03,constant,14,c_11,A,2.131835521631869,NA,1
20211227,98,TN,b_04,constant,7,c_05,A,2.032753282447804,NA,1
20211227,98,TN,b_05,decreasing,14,c_13,B,2.38,NA,1
20211227,98,TN,b_06,decreasing,14,c_11,B,2.5471666067066816,NA,1
20211227,98,TN,b_07,decreasing,10,c_06,B,2.234333213413364,NA,1
20211227,98,TN,b_08,decreasing,7,c_01,B,2.951499820120046,NA,1
20211227,98,TN,b_09,decreasing,7,c_02,C,3.868666426826728,NA,1
20211227,98,TN,b_10,decreasing,10,c_07,C,3.0258330335334103,NA,1
20211227,98,TN,b_11,decreasing,10,c_08,C,1.942999640240092,NA,1
20211227,98,TN,b_12,decreasing,14,c_14,C,2.3501662469467743,NA,1
20211227,98,TN,b_13,constant,10,c_06,D,1.9910131297912148,NA,1
20211227,98,TN,b_14,constant,7,c_03,D,1.7619308906071494,NA,1
20211227,98,TN,b_15,constant,14,c_14,D,1.9028486514230836,NA,1
20211227,98,TN,b_16,constant,14,c_15,D,1.9037664122390185,NA,1
20211227,98,TN,b_17,decreasing,7,c_05,E,2.2759992804801845,NA,1
20211227,98,TN,b_18,decreasing,7,c_04,E,4.193165887186867,NA,1
20211227,98,TN,b_19,decreasing,14,c_12,E,2.6803324938935487,NA,1
20211227,98,TN,b_20,decreasing,10,c_09,E,2.177499100600231,NA,1
20211227,98,TN,b_21,constant,10,c_07,F,2.5583552163186916,NA,1
20211227,98,TN,b_22,constant,10,c_10,F,3.959272977134626,NA,1
20211227,98,TN,b_23,constant,7,c_04,F,3.6401907379505603,NA,1
20211227,98,TN,b_24,constant,14,c_13,F,2.5011084987664947,NA,1
20211227,98,TN,b_25,decreasing,7,c_03,G,2.103332134133641,NA,1
20211227,98,TN,b_26,decreasing,14,c_15,G,1.650498740840323,NA,1
20211227,98,TN,b_27,decreasing,10,c_10,G,3.967665347547005,NA,1
20211227,98,TN,b_28,constant,10,c_09,H,2.124779542030233,NA,1
20211227,98,TN,b_29,constant,14,c_12,H,1.8056973028461676,NA,1
20211227,98,TN,b_30,constant,7,c_01,H,2.826615063662102,NA,1
20211227,98,TOC,b_01,constant,10,c_08,A,48.510000000000005,NA,1
20211227,98,TOC,b_02,constant,7,c_02,A,64.13102521648425,NA,1
20211227,98,TOC,b_03,constant,14,c_11,A,43.91205043296852,NA,1
20211227,98,TOC,b_04,constant,7,c_05,A,43.79307564945278,NA,1
20211227,98,TOC,b_05,decreasing,14,c_13,B,40.790000000000006,NA,1
20211227,98,TOC,b_06,decreasing,14,c_11,B,49.20647075530646,NA,1
20211227,98,TOC,b_07,decreasing,10,c_06,B,44.102941510612915,NA,1
20211227,98,TOC,b_08,decreasing,7,c_01,B,50.25941226591938,NA,1
20211227,98,TOC,b_09,decreasing,7,c_02,C,65.31588302122584,NA,1
20211227,98,TOC,b_10,decreasing,10,c_07,C,51.3723537765323,NA,1
20211227,98,TOC,b_11,decreasing,10,c_08,C,40.688824531838755,NA,1
20211227,98,TOC,b_12,decreasing,14,c_14,C,45.98529528714521,NA,1
20211227,98,TOC,b_13,constant,10,c_06,D,42.60230259781115,NA,1
20211227,98,TOC,b_14,constant,7,c_03,D,34.1133278142954,NA,1
20211227,98,TOC,b_15,constant,14,c_14,D,38.97435303077967,NA,1
20211227,98,TOC,b_16,constant,14,c_15,D,39.225378247263926,NA,1
20211227,98,TOC,b_17,decreasing,7,c_05,E,46.20764906367751,NA,1
20211227,98,TOC,b_18,decreasing,7,c_04,E,72.66411981898398,NA,1
20211227,98,TOC,b_19,decreasing,14,c_12,E,47.47059057429042,NA,1
20211227,98,TOC,b_20,decreasing,10,c_09,E,39.42706132959688,NA,1
20211227,98,TOC,b_21,constant,10,c_07,F,43.76050432968524,NA,1
20211227,98,TOC,b_22,constant,10,c_10,F,68.3615295461695,NA,1
20211227,98,TOC,b_23,constant,7,c_04,F,64.77255476265377,NA,1
20211227,98,TOC,b_24,constant,14,c_13,F,45.103579979138026,NA,1
20211227,98,TOC,b_25,decreasing,7,c_03,G,38.259415106129175,NA,1
20211227,98,TOC,b_26,decreasing,14,c_15,G,33.35588586143563,NA,1
20211227,98,TOC,b_27,decreasing,10,c_10,G,66.50235661674208,NA,1
20211227,98,TOC,b_28,constant,10,c_09,H,39.98768084507508,NA,1
20211227,98,TOC,b_29,constant,14,c_12,H,33.94870606155934,NA,1
20211227,98,TOC,b_30,constant,7,c_01,H,49.469731278043604,NA,1
20211229,100,IC,b_01,constant,10,c_08,A,1.6247775551765824,NA,1
20211229,100,IC,b_02,constant,7,c_02,A,1.8684800569564715,NA,1
20211229,100,IC,b_03,constant,14,c_11,A,1.2821825587363613,NA,1
20211229,100,IC,b_04,constant,7,c_05,A,1.705885060516251,NA,1
20211229,100,IC,b_05,decreasing,14,c_13,B,2.9102272167837473,NA,1
20211229,100,IC,b_06,decreasing,14,c_11,B,1.7808797076477387,NA,1
20211229,100,IC,b_07,decreasing,10,c_06,B,1.8315321985117308,NA,1
20211229,100,IC,b_08,decreasing,7,c_01,B,3.5721846893757228,NA,1
20211229,100,IC,b_09,decreasing,7,c_02,C,2.102837180239714,NA,1
20211229,100,IC,b_10,decreasing,10,c_07,C,2.5734896711037054,NA,1
20211229,100,IC,b_11,decreasing,10,c_08,C,1.7441421619676984,NA,1
20211229,100,IC,b_12,decreasing,14,c_14,C,1.77479465283169,NA,1
20211229,100,IC,b_13,constant,10,c_06,D,1.239207576535259,NA,1
20211229,100,IC,b_14,constant,7,c_03,D,1.9929100783151483,NA,1
20211229,100,IC,b_15,constant,14,c_14,D,1.356612580095038,NA,1
20211229,100,IC,b_16,constant,14,c_15,D,1.2103150818749278,NA,1
20211229,100,IC,b_17,decreasing,7,c_05,E,1.9680571071516484,NA,1
20211229,100,IC,b_18,decreasing,7,c_04,E,2.1687095980156412,NA,1
20211229,100,IC,b_19,decreasing,14,c_12,E,2.799362088879632,NA,1
20211229,100,IC,b_20,decreasing,10,c_09,E,2.660014579743624,NA,1
20211229,100,IC,b_21,constant,10,c_07,F,2.1288275907743763,NA,1
20211229,100,IC,b_22,constant,10,c_10,F,2.4125300925542668,NA,1
20211229,100,IC,b_23,constant,7,c_04,F,1.8862325943341567,NA,1
20211229,100,IC,b_24,constant,14,c_13,F,1.9799350961140458,NA,1
20211229,100,IC,b_25,decreasing,7,c_03,G,2.703277034063584,NA,1
20211229,100,IC,b_26,decreasing,14,c_15,G,1.773929524927575,NA,1
20211229,100,IC,b_27,decreasing,10,c_10,G,2.894582015791568,NA,1
20211229,100,IC,b_28,constant,10,c_09,H,2.0147451032336052,NA,1
20211229,100,IC,b_29,constant,14,c_12,H,2.0484476050134948,NA,1
20211229,100,IC,b_30,constant,7,c_01,H,2.2321501067933838,NA,1
20211229,100,TC,b_01,constant,10,c_08,A,41.11655926618871,NA,1
20211229,100,TC,b_02,constant,7,c_02,A,64.62128698445287,NA,1
20211229,100,TC,b_03,constant,14,c_11,A,36.47601470271701,NA,1
20211229,100,TC,b_04,constant,7,c_05,A,38.53074242098116,NA,1
20211229,100,TC,b_05,decreasing,14,c_13,B,48.89082063128396,NA,1
20211229,100,TC,b_06,decreasing,14,c_11,B,40.50794387745441,NA,1
20211229,100,TC,b_07,decreasing,10,c_06,B,45.65506712362486,NA,1
20211229,100,TC,b_08,decreasing,7,c_01,B,54.442190369795306,NA,1
20211229,100,TC,b_09,decreasing,7,c_02,C,66.42931361596575,NA,1
20211229,100,TC,b_10,decreasing,10,c_07,C,51.66643686213621,NA,1
20211229,100,TC,b_11,decreasing,10,c_08,C,43.183560108306665,NA,1
20211229,100,TC,b_12,decreasing,14,c_14,C,43.910683354477115,NA,1
20211229,100,TC,b_13,constant,10,c_06,D,45.443291885358526,NA,1
20211229,100,TC,b_14,constant,7,c_03,D,39.85801960362269,NA,1
20211229,100,TC,b_15,constant,14,c_14,D,39.99274732188683,NA,1
20211229,100,TC,b_16,constant,14,c_15,D,38.757475040150986,NA,1
20211229,100,TC,b_17,decreasing,7,c_05,E,43.726299585329365,NA,1
20211229,100,TC,b_18,decreasing,7,c_04,E,74.88342283149981,NA,1
20211229,100,TC,b_19,decreasing,14,c_12,E,47.74054607767026,NA,1
20211229,100,TC,b_20,decreasing,10,c_09,E,48.13766932384071,NA,1
20211229,100,TC,b_21,constant,10,c_07,F,50.49111363147175,NA,1
20211229,100,TC,b_22,constant,10,c_10,F,73.4658413497359,NA,1
20211229,100,TC,b_23,constant,7,c_04,F,67.67056906800005,NA,1
20211229,100,TC,b_24,constant,14,c_13,F,43.2152967862642,NA,1
20211229,100,TC,b_25,decreasing,7,c_03,G,38.793285554692964,NA,1
20211229,100,TC,b_26,decreasing,14,c_15,G,39.67040880086342,NA,1
20211229,100,TC,b_27,decreasing,10,c_10,G,72.33753204703387,NA,1
20211229,100,TC,b_28,constant,10,c_09,H,44.99420765932081,NA,1
20211229,100,TC,b_29,constant,14,c_12,H,42.26893537758496,NA,1
20211229,100,TC,b_30,constant,7,c_01,H,49.36366309584911,NA,1
20211229,100,TN,b_01,constant,10,c_08,A,1.7684505852939711,NA,1
20211229,100,TN,b_02,constant,7,c_02,A,3.5293683461099055,NA,1
20211229,100,TN,b_03,constant,14,c_11,A,1.5002861069258404,NA,1
20211229,100,TN,b_04,constant,7,c_05,A,1.5612038677417748,NA,1
20211229,100,TN,b_05,decreasing,14,c_13,B,2.632164807907144,NA,1
20211229,100,TN,b_06,decreasing,14,c_11,B,1.8193314146138257,NA,1
20211229,100,TN,b_07,decreasing,10,c_06,B,2.1964980213205076,NA,1
20211229,100,TN,b_08,decreasing,7,c_01,B,2.9136646280271896,NA,1
20211229,100,TN,b_09,decreasing,7,c_02,C,3.800831234733872,NA,1
20211229,100,TN,b_10,decreasing,10,c_07,C,2.867997841440554,NA,1
20211229,100,TN,b_11,decreasing,10,c_08,C,1.965164448147236,NA,1
20211229,100,TN,b_12,decreasing,14,c_14,C,2.112331054853918,NA,1
20211229,100,TN,b_13,constant,10,c_06,D,2.009463715085186,NA,1
20211229,100,TN,b_14,constant,7,c_03,D,1.8903814759011204,NA,1
20211229,100,TN,b_15,constant,14,c_14,D,1.801299236717055,NA,1
20211229,100,TN,b_16,constant,14,c_15,D,1.6722169975329892,NA,1
20211229,100,TN,b_17,decreasing,7,c_05,E,1.9781640883873282,NA,1
20211229,100,TN,b_18,decreasing,7,c_04,E,4.2653306950940095,NA,1
20211229,100,TN,b_19,decreasing,14,c_12,E,2.4824973018006924,NA,1
20211229,100,TN,b_20,decreasing,10,c_09,E,2.5096639085073744,NA,1
20211229,100,TN,b_21,constant,10,c_07,F,2.6768058016126623,NA,1
20211229,100,TN,b_22,constant,10,c_10,F,4.027723562428597,NA,1
20211229,100,TN,b_23,constant,7,c_04,F,3.5886413232445316,NA,1
20211229,100,TN,b_24,constant,14,c_13,F,2.139559084060466,NA,1
20211229,100,TN,b_25,decreasing,7,c_03,G,1.975496942040785,NA,1
20211229,100,TN,b_26,decreasing,14,c_15,G,1.8726635487474668,NA,1
20211229,100,TN,b_27,decreasing,10,c_10,G,4.199830155454149,NA,1
20211229,100,TN,b_28,constant,10,c_09,H,2.1732301273242043,NA,1
20211229,100,TN,b_29,constant,14,c_12,H,2.0341478881401387,NA,1
20211229,100,TN,b_30,constant,7,c_01,H,2.665065648956073,NA,1
20211229,100,TOC,b_01,constant,10,c_08,A,39.49178171101213,NA,1
20211229,100,TOC,b_02,constant,7,c_02,A,62.752806927496394,NA,1
20211229,100,TOC,b_03,constant,14,c_11,A,35.19383214398066,NA,1
20211229,100,TOC,b_04,constant,7,c_05,A,36.82485736046491,NA,1
20211229,100,TOC,b_05,decreasing,14,c_13,B,45.98059341450022,NA,1
20211229,100,TOC,b_06,decreasing,14,c_11,B,38.727064169806674,NA,1
20211229,100,TOC,b_07,decreasing,10,c_06,B,43.82353492511314,NA,1
20211229,100,TOC,b_08,decreasing,7,c_01,B,50.87000568041959,NA,1
20211229,100,TOC,b_09,decreasing,7,c_02,C,64.32647643572605,NA,1
20211229,100,TOC,b_10,decreasing,10,c_07,C,49.09294719103251,NA,1
20211229,100,TOC,b_11,decreasing,10,c_08,C,41.43941794633898,NA,1
20211229,100,TOC,b_12,decreasing,14,c_14,C,42.13588870164543,NA,1
20211229,100,TOC,b_13,constant,10,c_06,D,44.20408430882327,NA,1
20211229,100,TOC,b_14,constant,7,c_03,D,37.86510952530754,NA,1
20211229,100,TOC,b_15,constant,14,c_14,D,38.63613474179181,NA,1
20211229,100,TOC,b_16,constant,14,c_15,D,37.54715995827606,NA,1
20211229,100,TOC,b_17,decreasing,7,c_05,E,41.75824247817772,NA,1
20211229,100,TOC,b_18,decreasing,7,c_04,E,72.71471323348418,NA,1
20211229,100,TOC,b_19,decreasing,14,c_12,E,44.94118398879064,NA,1
20211229,100,TOC,b_20,decreasing,10,c_09,E,45.477654744097094,NA,1
20211229,100,TOC,b_21,constant,10,c_07,F,48.36228604069738,NA,1
20211229,100,TOC,b_22,constant,10,c_10,F,71.05331125718163,NA,1
20211229,100,TOC,b_23,constant,7,c_04,F,65.7843364736659,NA,1
20211229,100,TOC,b_24,constant,14,c_13,F,41.23536169015016,NA,1
20211229,100,TOC,b_25,decreasing,7,c_03,G,36.0900085206294,NA,1
20211229,100,TOC,b_26,decreasing,14,c_15,G,37.89647927593585,NA,1
20211229,100,TOC,b_27,decreasing,10,c_10,G,69.4429500312423,NA,1
20211229,100,TOC,b_28,constant,10,c_09,H,42.97946255608721,NA,1
20211229,100,TOC,b_29,constant,14,c_12,H,40.220487772571474,NA,1
20211229,100,TOC,b_30,constant,7,c_01,H,47.131512989055736,NA,1
20211231,102,IC,b_01,constant,10,c_08,A,1.91,NA,1
20211231,102,IC,b_02,constant,7,c_02,A,3.517603523353809,NA,1
20211231,102,IC,b_03,constant,14,c_11,A,2.0252070467076178,NA,1
20211231,102,IC,b_04,constant,7,c_05,A,2.382810570061427,NA,1
20211231,102,IC,b_05,decreasing,14,c_13,B,3.24,NA,1
20211231,102,IC,b_06,decreasing,14,c_11,B,2.092554863385909,NA,1
20211231,102,IC,b_07,decreasing,10,c_06,B,2.0551097267718172,NA,1
20211231,102,IC,b_08,decreasing,7,c_01,B,3.3276645901577266,NA,1
20211231,102,IC,b_09,decreasing,7,c_02,C,3.270219453543635,NA,1
20211231,102,IC,b_10,decreasing,10,c_07,C,4.012774316929544,NA,1
20211231,102,IC,b_11,decreasing,10,c_08,C,2.1853291803154526,NA,1
20211231,102,IC,b_12,decreasing,14,c_14,C,2.427884043701361,NA,1
20211231,102,IC,b_13,constant,10,c_06,D,2.0112422802457077,NA,1
20211231,102,IC,b_14,constant,7,c_03,D,3.388845803599517,NA,1
20211231,102,IC,b_15,constant,14,c_14,D,2.3664493269533255,NA,1
20211231,102,IC,b_16,constant,14,c_15,D,2.1740528503071346,NA,1
20211231,102,IC,b_17,decreasing,7,c_05,E,2.7306583606309047,NA,1
20211231,102,IC,b_18,decreasing,7,c_04,E,3.4632132240168136,NA,1
20211231,102,IC,b_19,decreasing,14,c_12,E,4.0657680874027236,NA,1
20211231,102,IC,b_20,decreasing,10,c_09,E,3.7083229507886313,NA,1
20211231,102,IC,b_21,constant,10,c_07,F,3.4620704670761793,NA,1
20211231,102,IC,b_22,constant,10,c_10,F,3.3596739904299886,NA,1
20211231,102,IC,b_23,constant,7,c_04,F,3.3772775137837976,NA,1
20211231,102,IC,b_24,constant,14,c_13,F,3.6448810371376057,NA,1
20211231,102,IC,b_25,decreasing,7,c_03,G,3.4710972677181746,NA,1
20211231,102,IC,b_26,decreasing,14,c_15,G,2.8936521311040835,NA,1
20211231,102,IC,b_27,decreasing,10,c_10,G,3.5162069944899916,NA,1
20211231,102,IC,b_28,constant,10,c_09,H,3.405295130552842,NA,1
20211231,102,IC,b_29,constant,14,c_12,H,3.2628986539066513,NA,1
20211231,102,IC,b_30,constant,7,c_01,H,3.73050217726046,NA,1
20211231,102,TC,b_01,constant,10,c_08,A,44.33,NA,1
20211231,102,TC,b_02,constant,7,c_02,A,68.59257678361507,NA,1
20211231,102,TC,b_03,constant,14,c_11,A,37.02515356723016,NA,1
20211231,102,TC,b_04,constant,7,c_05,A,46.58773035084525,NA,1
20211231,102,TC,b_05,decreasing,14,c_13,B,51.55,NA,1
20211231,102,TC,b_06,decreasing,14,c_11,B,45.695394126446146,NA,1
20211231,102,TC,b_07,decreasing,10,c_06,B,49.84078825289228,NA,1
20211231,102,TC,b_08,decreasing,7,c_01,B,47.21618237933843,NA,1
20211231,102,TC,b_09,decreasing,7,c_02,C,60.40157650578456,NA,1
20211231,102,TC,b_10,decreasing,10,c_07,C,55.3769706322307,NA,1
20211231,102,TC,b_11,decreasing,10,c_08,C,47.552364758676845,NA,1
20211231,102,TC,b_12,decreasing,14,c_14,C,48.09775888512298,NA,1
20211231,102,TC,b_13,constant,10,c_06,D,43.360921403380964,NA,1
20211231,102,TC,b_14,constant,7,c_03,D,42.193498186996045,NA,1
20211231,102,TC,b_15,constant,14,c_14,D,45.496074970611126,NA,1
20211231,102,TC,b_16,constant,14,c_15,D,39.5086517542262,NA,1
20211231,102,TC,b_17,decreasing,7,c_05,E,49.37472951735368,NA,1
20211231,102,TC,b_18,decreasing,7,c_04,E,78.02012364379982,NA,1
20211231,102,TC,b_19,decreasing,14,c_12,E,53.10551777024596,NA,1
20211231,102,TC,b_20,decreasing,10,c_09,E,46.7809118966921,NA,1
20211231,102,TC,b_21,constant,10,c_07,F,50.721535672301606,NA,1
20211231,102,TC,b_22,constant,10,c_10,F,66.43411245591669,NA,1
20211231,102,TC,b_23,constant,7,c_04,F,75.31668923953177,NA,1
20211231,102,TC,b_24,constant,14,c_13,F,47.039266023146844,NA,1
20211231,102,TC,b_25,decreasing,7,c_03,G,35.947882528922804,NA,1
20211231,102,TC,b_26,decreasing,14,c_15,G,40.09327665536894,NA,1
20211231,102,TC,b_27,decreasing,10,c_10,G,69.38867078181508,NA,1
20211231,102,TC,b_28,constant,10,c_09,H,46.54957315760716,NA,1
20211231,102,TC,b_29,constant,14,c_12,H,42.55214994122225,NA,1
20211231,102,TC,b_30,constant,7,c_01,H,50.44472672483733,NA,1
20211231,102,TN,b_01,constant,10,c_08,A,1.95,NA,1
20211231,102,TN,b_02,constant,7,c_02,A,3.6350042220640097,NA,1
20211231,102,TN,b_03,constant,14,c_11,A,1.5000084441280197,NA,1
20211231,102,TN,b_04,constant,7,c_05,A,1.8950126661920292,NA,1
20211231,102,TN,b_05,decreasing,14,c_13,B,2.6,NA,1
20211231,102,TN,b_06,decreasing,14,c_11,B,1.9498538238691234,NA,1
20211231,102,TN,b_07,decreasing,10,c_06,B,2.2297076477382465,NA,1
20211231,102,TN,b_08,decreasing,7,c_01,B,2.3795614716073694,NA,1
20211231,102,TN,b_09,decreasing,7,c_02,C,3.1694152954764925,NA,1
20211231,102,TN,b_10,decreasing,10,c_07,C,2.7492691193456156,NA,1
20211231,102,TN,b_11,decreasing,10,c_08,C,2.019122943214739,NA,1
20211231,102,TN,b_12,decreasing,14,c_14,C,2.098976767083862,NA,1
20211231,102,TN,b_13,constant,10,c_06,D,1.8400506647681172,NA,1
20211231,102,TN,b_14,constant,7,c_03,D,1.9050548868321273,NA,1
20211231,102,TN,b_15,constant,14,c_14,D,1.9600591088961368,NA,1
20211231,102,TN,b_16,constant,14,c_15,D,1.615063330960147,NA,1
20211231,102,TN,b_17,decreasing,7,c_05,E,2.0682458864294775,NA,1
20211231,102,TN,b_18,decreasing,7,c_04,E,4.0880997102986,NA,1
20211231,102,TN,b_19,decreasing,14,c_12,E,2.5779535341677238,NA,1
20211231,102,TN,b_20,decreasing,10,c_09,E,2.247807358036847,NA,1
20211231,102,TN,b_21,constant,10,c_07,F,2.520084441280196,NA,1
20211231,102,TN,b_22,constant,10,c_10,F,3.4550886633442057,NA,1
20211231,102,TN,b_23,constant,7,c_04,F,3.790092885408215,NA,1
20211231,102,TN,b_24,constant,14,c_13,F,2.2550971074722255,NA,1
20211231,102,TN,b_25,decreasing,7,c_03,G,1.5970764773824628,NA,1
20211231,102,TN,b_26,decreasing,14,c_15,G,1.6369303012515857,NA,1
20211231,102,TN,b_27,decreasing,10,c_10,G,3.7567841251207086,NA,1
20211231,102,TN,b_28,constant,10,c_09,H,2.185113995728264,NA,1
20211231,102,TN,b_29,constant,14,c_12,H,1.9901182177922743,NA,1
20211231,102,TN,b_30,constant,7,c_01,H,2.535122439856284,NA,1
20211231,102,TOC,b_01,constant,10,c_08,A,42.42,NA,1
20211231,102,TOC,b_02,constant,7,c_02,A,65.07497326026129,NA,1
20211231,102,TOC,b_03,constant,14,c_11,A,34.99994652052254,NA,1
20211231,102,TOC,b_04,constant,7,c_05,A,44.20491978078382,NA,1
20211231,102,TOC,b_05,decreasing,14,c_13,B,48.309999999999995,NA,1
20211231,102,TOC,b_06,decreasing,14,c_11,B,43.60283926306023,NA,1
20211231,102,TOC,b_07,decreasing,10,c_06,B,47.78567852612046,NA,1
20211231,102,TOC,b_08,decreasing,7,c_01,B,43.888517789180696,NA,1
20211231,102,TOC,b_09,decreasing,7,c_02,C,57.13135705224092,NA,1
20211231,102,TOC,b_10,decreasing,10,c_07,C,51.36419631530116,NA,1
20211231,102,TOC,b_11,decreasing,10,c_08,C,45.36703557836139,NA,1
20211231,102,TOC,b_12,decreasing,14,c_14,C,45.66987484142162,NA,1
20211231,102,TOC,b_13,constant,10,c_06,D,41.34967912313525,NA,1
20211231,102,TOC,b_14,constant,7,c_03,D,38.80465238339653,NA,1
20211231,102,TOC,b_15,constant,14,c_14,D,43.129625643657796,NA,1
20211231,102,TOC,b_16,constant,14,c_15,D,37.334598903919066,NA,1
20211231,102,TOC,b_17,decreasing,7,c_05,E,46.644071156722774,NA,1
20211231,102,TOC,b_18,decreasing,7,c_04,E,74.55691041978301,NA,1
20211231,102,TOC,b_19,decreasing,14,c_12,E,49.03974968284324,NA,1
20211231,102,TOC,b_20,decreasing,10,c_09,E,43.07258894590347,NA,1
20211231,102,TOC,b_21,constant,10,c_07,F,47.259465205225425,NA,1
20211231,102,TOC,b_22,constant,10,c_10,F,63.0744384654867,NA,1
20211231,102,TOC,b_23,constant,7,c_04,F,71.93941172574796,NA,1
20211231,102,TOC,b_24,constant,14,c_13,F,43.394384986009236,NA,1
20211231,102,TOC,b_25,decreasing,7,c_03,G,32.476785261204625,NA,1
20211231,102,TOC,b_26,decreasing,14,c_15,G,37.199624524264856,NA,1
20211231,102,TOC,b_27,decreasing,10,c_10,G,65.87246378732509,NA,1
20211231,102,TOC,b_28,constant,10,c_09,H,43.14427802705432,NA,1
20211231,102,TOC,b_29,constant,14,c_12,H,39.28925128731559,NA,1
20211231,102,TOC,b_30,constant,7,c_01,H,46.71422454757686,NA,1
20220103,105,IC,b_01,constant,10,c_08,A,2.2757092239680783,NA,1
20220103,105,IC,b_02,constant,7,c_02,A,2.763312747321887,NA,1
20220103,105,IC,b_03,constant,14,c_11,A,2.3709162706756954,NA,1
20220103,105,IC,b_04,constant,7,c_05,A,2.2885197940295052,NA,1
20220103,105,IC,b_05,decreasing,14,c_13,B,3.8892007649631712,NA,1
20220103,105,IC,b_06,decreasing,14,c_11,B,2.80175562834908,NA,1
20220103,105,IC,b_07,decreasing,10,c_06,B,2.524310491734988,NA,1
20220103,105,IC,b_08,decreasing,7,c_01,B,4.096865355120897,NA,1
20220103,105,IC,b_09,decreasing,7,c_02,C,3.0094202185068055,NA,1
20220103,105,IC,b_10,decreasing,10,c_07,C,2.721975081892715,NA,1
20220103,105,IC,b_11,decreasing,10,c_08,C,2.484529945278623,NA,1
20220103,105,IC,b_12,decreasing,14,c_14,C,2.6470848086645327,NA,1
20220103,105,IC,b_13,constant,10,c_06,D,2.0469515042137854,NA,1
20220103,105,IC,b_14,constant,7,c_03,D,3.094555027567595,NA,1
20220103,105,IC,b_15,constant,14,c_14,D,2.102158550921403,NA,1
20220103,105,IC,b_16,constant,14,c_15,D,2.209762074275212,NA,1
20220103,105,IC,b_17,decreasing,7,c_05,E,2.5198591255940754,NA,1
20220103,105,IC,b_18,decreasing,7,c_04,E,2.9424139889799847,NA,1
20220103,105,IC,b_19,decreasing,14,c_12,E,3.2949688523658938,NA,1
20220103,105,IC,b_20,decreasing,10,c_09,E,3.5375237157518016,NA,1
20220103,105,IC,b_21,constant,10,c_07,F,2.8477796910442574,NA,1
20220103,105,IC,b_22,constant,10,c_10,F,2.2153832143980665,NA,1
20220103,105,IC,b_23,constant,7,c_04,F,2.4629867377518755,NA,1
20220103,105,IC,b_24,constant,14,c_13,F,2.9605902611056836,NA,1
20220103,105,IC,b_25,decreasing,7,c_03,G,2.8202980326813463,NA,1
20220103,105,IC,b_26,decreasing,14,c_15,G,2.232852896067255,NA,1
20220103,105,IC,b_27,decreasing,10,c_10,G,3.5754077594531632,NA,1
20220103,105,IC,b_28,constant,10,c_09,H,2.84100435452092,NA,1
20220103,105,IC,b_29,constant,14,c_12,H,2.6586078778747293,NA,1
20220103,105,IC,b_30,constant,7,c_01,H,3.246211401228538,NA,1
20220103,105,TC,b_01,constant,10,c_08,A,45.079880292067486,NA,1
20220103,105,TC,b_02,constant,7,c_02,A,70.36245707568257,NA,1
20220103,105,TC,b_03,constant,14,c_11,A,39.725033859297646,NA,1
20220103,105,TC,b_04,constant,7,c_05,A,41.647610642912724,NA,1
20220103,105,TC,b_05,decreasing,14,c_13,B,54.06721791983034,NA,1
20220103,105,TC,b_06,decreasing,14,c_11,B,44.022612046276485,NA,1
20220103,105,TC,b_07,decreasing,10,c_06,B,48.80800617272262,NA,1
20220103,105,TC,b_08,decreasing,7,c_01,B,57.59340029916876,NA,1
20220103,105,TC,b_09,decreasing,7,c_02,C,69.6887944256149,NA,1
20220103,105,TC,b_10,decreasing,10,c_07,C,45.17418855206104,NA,1
20220103,105,TC,b_11,decreasing,10,c_08,C,46.909582678507185,NA,1
20220103,105,TC,b_12,decreasing,14,c_14,C,46.07497680495332,NA,1
20220103,105,TC,b_13,constant,10,c_06,D,46.420801695448446,NA,1
20220103,105,TC,b_14,constant,7,c_03,D,42.72337847906353,NA,1
20220103,105,TC,b_15,constant,14,c_14,D,44.0859552626786,NA,1
20220103,105,TC,b_16,constant,14,c_15,D,42.29853204629369,NA,1
20220103,105,TC,b_17,decreasing,7,c_05,E,46.88194743718402,NA,1
20220103,105,TC,b_18,decreasing,7,c_04,E,75.87734156363015,NA,1
20220103,105,TC,b_19,decreasing,14,c_12,E,44.9227356900763,NA,1
20220103,105,TC,b_20,decreasing,10,c_09,E,50.77812981652244,NA,1
20220103,105,TC,b_21,constant,10,c_07,F,46.34141596436909,NA,1
20220103,105,TC,b_22,constant,10,c_10,F,62.28399274798416,NA,1
20220103,105,TC,b_23,constant,7,c_04,F,70.41656953159924,NA,1
20220103,105,TC,b_24,constant,14,c_13,F,47.02914631521433,NA,1
20220103,105,TC,b_25,decreasing,7,c_03,G,34.705100448753136,NA,1
20220103,105,TC,b_26,decreasing,14,c_15,G,36.36049457519928,NA,1
20220103,105,TC,b_27,decreasing,10,c_10,G,75.78588870164543,NA,1
20220103,105,TC,b_28,constant,10,c_09,H,43.62945344967465,NA,1
20220103,105,TC,b_29,constant,14,c_12,H,38.57203023328972,NA,1
20220103,105,TC,b_30,constant,7,c_01,H,51.084607016904805,NA,1
20220103,105,TN,b_01,constant,10,c_08,A,1.8751308839843035,NA,1
20220103,105,TN,b_02,constant,7,c_02,A,3.640135106048313,NA,1
20220103,105,TN,b_03,constant,14,c_11,A,1.5451393281123234,NA,1
20220103,105,TN,b_04,constant,7,c_05,A,1.570143550176333,NA,1
20220103,105,TN,b_05,decreasing,14,c_13,B,2.7554685399428167,NA,1
20220103,105,TN,b_06,decreasing,14,c_11,B,1.84532236381194,NA,1
20220103,105,TN,b_07,decreasing,10,c_06,B,2.1751761876810636,NA,1
20220103,105,TN,b_08,decreasing,7,c_01,B,2.8750300115501863,NA,1
20220103,105,TN,b_09,decreasing,7,c_02,C,3.6148838354193096,NA,1
20220103,105,TN,b_10,decreasing,10,c_07,C,2.2147376592884327,NA,1
20220103,105,TN,b_11,decreasing,10,c_08,C,1.954591483157556,NA,1
20220103,105,TN,b_12,decreasing,14,c_14,C,2.014445307026679,NA,1
20220103,105,TN,b_13,constant,10,c_06,D,1.9051815487524215,NA,1
20220103,105,TN,b_14,constant,7,c_03,D,1.8501857708164309,NA,1
20220103,105,TN,b_15,constant,14,c_14,D,1.8451899928804405,NA,1
20220103,105,TN,b_16,constant,14,c_15,D,1.7201942149444507,NA,1
20220103,105,TN,b_17,decreasing,7,c_05,E,1.9637144263722945,NA,1
20220103,105,TN,b_18,decreasing,7,c_04,E,3.9435682502414178,NA,1
20220103,105,TN,b_19,decreasing,14,c_12,E,2.1134220741105407,NA,1
20220103,105,TN,b_20,decreasing,10,c_09,E,2.4032758979796642,NA,1
20220103,105,TN,b_21,constant,10,c_07,F,2.1952153252645,NA,1
20220103,105,TN,b_22,constant,10,c_10,F,3.1802195473285093,NA,1
20220103,105,TN,b_23,constant,7,c_04,F,3.2852237693925193,NA,1
20220103,105,TN,b_24,constant,14,c_13,F,2.2002279914565293,NA,1
20220103,105,TN,b_25,decreasing,7,c_03,G,1.5525450173252797,NA,1
20220103,105,TN,b_26,decreasing,14,c_15,G,1.5023988411944027,NA,1
20220103,105,TN,b_27,decreasing,10,c_10,G,3.9722526650635257,NA,1
20220103,105,TN,b_28,constant,10,c_09,H,1.9502448797125682,NA,1
20220103,105,TN,b_29,constant,14,c_12,H,1.705249101776578,NA,1
20220103,105,TN,b_30,constant,7,c_01,H,2.5302533238405878,NA,1
20220103,105,TOC,b_01,constant,10,c_08,A,42.80417106809941,NA,1
20220103,105,TOC,b_02,constant,7,c_02,A,67.59914432836068,NA,1
20220103,105,TOC,b_03,constant,14,c_11,A,37.35411758862194,NA,1
20220103,105,TOC,b_04,constant,7,c_05,A,39.35909084888321,NA,1
20220103,105,TOC,b_05,decreasing,14,c_13,B,50.17801715486717,NA,1
20220103,105,TOC,b_06,decreasing,14,c_11,B,41.2208564179274,NA,1
20220103,105,TOC,b_07,decreasing,10,c_06,B,46.28369568098763,NA,1
20220103,105,TOC,b_08,decreasing,7,c_01,B,53.49653494404786,NA,1
20220103,105,TOC,b_09,decreasing,7,c_02,C,66.67937420710808,NA,1
20220103,105,TOC,b_10,decreasing,10,c_07,C,42.452213470168324,NA,1
20220103,105,TOC,b_11,decreasing,10,c_08,C,44.425052733228554,NA,1
20220103,105,TOC,b_12,decreasing,14,c_14,C,43.427891996288785,NA,1
20220103,105,TOC,b_13,constant,10,c_06,D,44.37385019123465,NA,1
20220103,105,TOC,b_14,constant,7,c_03,D,39.628823451495926,NA,1
20220103,105,TOC,b_15,constant,14,c_14,D,41.98379671175719,NA,1
20220103,105,TOC,b_16,constant,14,c_15,D,40.08876997201847,NA,1
20220103,105,TOC,b_17,decreasing,7,c_05,E,44.362088311589936,NA,1
20220103,105,TOC,b_18,decreasing,7,c_04,E,72.93492757465017,NA,1
20220103,105,TOC,b_19,decreasing,14,c_12,E,41.627766837710404,NA,1
20220103,105,TOC,b_20,decreasing,10,c_09,E,47.240606100770634,NA,1
20220103,105,TOC,b_21,constant,10,c_07,F,43.493636273324825,NA,1
20220103,105,TOC,b_22,constant,10,c_10,F,60.06860953358609,NA,1
20220103,105,TOC,b_23,constant,7,c_04,F,67.95358279384737,NA,1
20220103,105,TOC,b_24,constant,14,c_13,F,44.06855605410863,NA,1
20220103,105,TOC,b_25,decreasing,7,c_03,G,31.884802416071786,NA,1
20220103,105,TOC,b_26,decreasing,14,c_15,G,34.12764167913202,NA,1
20220103,105,TOC,b_27,decreasing,10,c_10,G,72.21048094219225,NA,1
20220103,105,TOC,b_28,constant,10,c_09,H,40.788449095153716,NA,1
20220103,105,TOC,b_29,constant,14,c_12,H,35.91342235541499,NA,1
20220103,105,TOC,b_30,constant,7,c_01,H,47.838395615676255,NA,1
20220105,107,IC,b_01,constant,10,c_08,A,0.47,NA,1
20220105,107,IC,b_02,constant,7,c_02,A,1.3549495835885887,NA,1
20220105,107,IC,b_03,constant,14,c_11,A,0.6698991671771776,NA,1
20220105,107,IC,b_04,constant,7,c_05,A,0.8748487507657665,NA,1
20220105,107,IC,b_05,decreasing,14,c_13,B,2.21,NA,1
20220105,107,IC,b_06,decreasing,14,c_11,B,1.2684026660102627,NA,1
20220105,107,IC,b_07,decreasing,10,c_06,B,1.2268053320205254,NA,1
20220105,107,IC,b_08,decreasing,7,c_01,B,2.495207998030788,NA,1
20220105,107,IC,b_09,decreasing,7,c_02,C,1.3736106640410506,NA,1
20220105,107,IC,b_10,decreasing,10,c_07,C,1.9020133300513131,NA,1
20220105,107,IC,b_11,decreasing,10,c_08,C,1.100415996061576,NA,1
20220105,107,IC,b_12,decreasing,14,c_14,C,1.1688186620718386,NA,1
20220105,107,IC,b_13,constant,10,c_06,D,1.2293950030630658,NA,1
20220105,107,IC,b_14,constant,7,c_03,D,1.6943445866516547,NA,1
20220105,107,IC,b_15,constant,14,c_14,D,0.7592941702402436,NA,1
20220105,107,IC,b_16,constant,14,c_15,D,0.7742437538288323,NA,1
20220105,107,IC,b_17,decreasing,7,c_05,E,1.310831992123152,NA,1
20220105,107,IC,b_18,decreasing,7,c_04,E,1.5392346581334144,NA,1
20220105,107,IC,b_19,decreasing,14,c_12,E,2.1876373241436773,NA,1
20220105,107,IC,b_20,decreasing,10,c_09,E,2.0660399901539397,NA,1
20220105,107,IC,b_21,constant,10,c_07,F,2.1389916717717767,NA,1
20220105,107,IC,b_22,constant,10,c_10,F,1.5839412553603653,NA,1
20220105,107,IC,b_23,constant,7,c_04,F,1.228890838948954,NA,1
20220105,107,IC,b_24,constant,14,c_13,F,1.8138404225375429,NA,1
20220105,107,IC,b_25,decreasing,7,c_03,G,1.6580533202052528,NA,1
20220105,107,IC,b_26,decreasing,14,c_15,G,1.0564559862155156,NA,1
20220105,107,IC,b_27,decreasing,10,c_10,G,1.794858652225778,NA,1
20220105,107,IC,b_28,constant,10,c_09,H,1.5836387568918977,NA,1
20220105,107,IC,b_29,constant,14,c_12,H,1.5585883404804868,NA,1
20220105,107,IC,b_30,constant,7,c_01,H,1.8335379240690752,NA,1
20220105,107,TC,b_01,constant,10,c_08,A,42.31,NA,1
20220105,107,TC,b_02,constant,7,c_02,A,65.14240591420105,NA,1
20220105,107,TC,b_03,constant,14,c_11,A,37.64481182840207,NA,1
20220105,107,TC,b_04,constant,7,c_05,A,40.177217742603105,NA,1
20220105,107,TC,b_05,decreasing,14,c_13,B,48.05,NA,1
20220105,107,TC,b_06,decreasing,14,c_11,B,39.99190199382728,NA,1
20220105,107,TC,b_07,decreasing,10,c_06,B,44.56380398765455,NA,1
20220105,107,TC,b_08,decreasing,7,c_01,B,51.27570598148183,NA,1
20220105,107,TC,b_09,decreasing,7,c_02,C,58.98760797530911,NA,1
20220105,107,TC,b_10,decreasing,10,c_07,C,44.86950996913638,NA,1
20220105,107,TC,b_11,decreasing,10,c_08,C,41.52141196296366,NA,1
20220105,107,TC,b_12,decreasing,14,c_14,C,41.593313956790944,NA,1
20220105,107,TC,b_13,constant,10,c_06,D,43.32887097041244,NA,1
20220105,107,TC,b_14,constant,7,c_03,D,39.971276884613474,NA,1
20220105,107,TC,b_15,constant,14,c_14,D,41.18368279881451,NA,1
20220105,107,TC,b_16,constant,14,c_15,D,38.146088713015544,NA,1
20220105,107,TC,b_17,decreasing,7,c_05,E,41.97282392592732,NA,1
20220105,107,TC,b_18,decreasing,7,c_04,E,66.8647259197546,NA,1
20220105,107,TC,b_19,decreasing,14,c_12,E,41.52662791358188,NA,1
20220105,107,TC,b_20,decreasing,10,c_09,E,45.968529907409156,NA,1
20220105,107,TC,b_21,constant,10,c_07,F,48.80811828402072,NA,1
20220105,107,TC,b_22,constant,10,c_10,F,71.36052419822175,NA,1
20220105,107,TC,b_23,constant,7,c_04,F,66.23293011242279,NA,1
20220105,107,TC,b_24,constant,14,c_13,F,44.20533602662383,NA,1
20220105,107,TC,b_25,decreasing,7,c_03,G,36.80803987654554,NA,1
20220105,107,TC,b_26,decreasing,14,c_15,G,37.66994187037282,NA,1
20220105,107,TC,b_27,decreasing,10,c_10,G,67.66184386420011,NA,1
20220105,107,TC,b_28,constant,10,c_09,H,45.90495968342798,NA,1
20220105,107,TC,b_29,constant,14,c_12,H,42.56736559762902,NA,1
20220105,107,TC,b_30,constant,7,c_01,H,48.43977151183005,NA,1
20220105,107,TN,b_01,constant,10,c_08,A,2.11,NA,1
20220105,107,TN,b_02,constant,7,c_02,A,3.941598589333908,NA,1
20220105,107,TN,b_03,constant,14,c_11,A,1.9131971786678148,NA,1
20220105,107,TN,b_04,constant,7,c_05,A,1.954795768001722,NA,1
20220105,107,TN,b_05,decreasing,14,c_13,B,2.78,NA,1
20220105,107,TN,b_06,decreasing,14,c_11,B,2.026047185352091,NA,1
20220105,107,TN,b_07,decreasing,10,c_06,B,2.3520943707041826,NA,1
20220105,107,TN,b_08,decreasing,7,c_01,B,3.098141556056274,NA,1
20220105,107,TN,b_09,decreasing,7,c_02,C,3.5741887414083653,NA,1
20220105,107,TN,b_10,decreasing,10,c_07,C,2.6002359267604565,NA,1
20220105,107,TN,b_11,decreasing,10,c_08,C,2.0862831121125476,NA,1
20220105,107,TN,b_12,decreasing,14,c_14,C,2.1923302974646393,NA,1
20220105,107,TN,b_13,constant,10,c_06,D,2.1991830720068877,NA,1
20220105,107,TN,b_14,constant,7,c_03,D,2.1407816613407955,NA,1
20220105,107,TN,b_15,constant,14,c_14,D,2.2023802506747026,NA,1
20220105,107,TN,b_16,constant,14,c_15,D,1.9239788400086097,NA,1
20220105,107,TN,b_17,decreasing,7,c_05,E,2.1225662242250958,NA,1
20220105,107,TN,b_18,decreasing,7,c_04,E,3.968613409577187,NA,1
20220105,107,TN,b_19,decreasing,14,c_12,E,2.3546605949292787,NA,1
20220105,107,TN,b_20,decreasing,10,c_09,E,2.61070778028137,NA,1
20220105,107,TN,b_21,constant,10,c_07,F,2.8119717866781464,NA,1
20220105,107,TN,b_22,constant,10,c_10,F,4.233570376012054,NA,1
20220105,107,TN,b_23,constant,7,c_04,F,3.6851689653459614,NA,1
20220105,107,TN,b_24,constant,14,c_13,F,2.4567675546798684,NA,1
20220105,107,TN,b_25,decreasing,7,c_03,G,2.0109437070418266,NA,1
20220105,107,TN,b_26,decreasing,14,c_15,G,1.9469908923939179,NA,1
20220105,107,TN,b_27,decreasing,10,c_10,G,4.12303807774601,NA,1
20220105,107,TN,b_28,constant,10,c_09,H,2.4831619120154977,NA,1
20220105,107,TN,b_29,constant,14,c_12,H,2.364760501349405,NA,1
20220105,107,TN,b_30,constant,7,c_01,H,2.7863590906833124,NA,1
20220105,107,TOC,b_01,constant,10,c_08,A,41.84,NA,1
20220105,107,TOC,b_02,constant,7,c_02,A,63.78745633061246,NA,1
20220105,107,TOC,b_03,constant,14,c_11,A,36.97491266122489,NA,1
20220105,107,TOC,b_04,constant,7,c_05,A,39.30236899183734,NA,1
20220105,107,TOC,b_05,decreasing,14,c_13,B,45.839999999999996,NA,1
20220105,107,TOC,b_06,decreasing,14,c_11,B,38.72349932781701,NA,1
20220105,107,TOC,b_07,decreasing,10,c_06,B,43.336998655634034,NA,1
20220105,107,TOC,b_08,decreasing,7,c_01,B,48.78049798345104,NA,1
20220105,107,TOC,b_09,decreasing,7,c_02,C,57.613997311268065,NA,1
20220105,107,TOC,b_10,decreasing,10,c_07,C,42.96749663908508,NA,1
20220105,107,TOC,b_11,decreasing,10,c_08,C,40.42099596690208,NA,1
20220105,107,TOC,b_12,decreasing,14,c_14,C,40.4244952947191,NA,1
20220105,107,TOC,b_13,constant,10,c_06,D,42.09947596734937,NA,1
20220105,107,TOC,b_14,constant,7,c_03,D,38.27693229796182,NA,1
20220105,107,TOC,b_15,constant,14,c_14,D,40.42438862857426,NA,1
20220105,107,TOC,b_16,constant,14,c_15,D,37.37184495918672,NA,1
20220105,107,TOC,b_17,decreasing,7,c_05,E,40.661991933804174,NA,1
20220105,107,TOC,b_18,decreasing,7,c_04,E,65.32549126162118,NA,1
20220105,107,TOC,b_19,decreasing,14,c_12,E,39.338990589438204,NA,1
20220105,107,TOC,b_20,decreasing,10,c_09,E,43.90248991725522,NA,1
20220105,107,TOC,b_21,constant,10,c_07,F,46.66912661224895,NA,1
20220105,107,TOC,b_22,constant,10,c_10,F,69.77658294286141,NA,1
20220105,107,TOC,b_23,constant,7,c_04,F,65.00403927347386,NA,1
20220105,107,TOC,b_24,constant,14,c_13,F,42.3914956040863,NA,1
20220105,107,TOC,b_25,decreasing,7,c_03,G,35.149986556340295,NA,1
20220105,107,TOC,b_26,decreasing,14,c_15,G,36.6134858841573,NA,1
20220105,107,TOC,b_27,decreasing,10,c_10,G,65.86698521197431,NA,1
20220105,107,TOC,b_28,constant,10,c_09,H,44.32132092653609,NA,1
20220105,107,TOC,b_29,constant,14,c_12,H,41.008777257148544,NA,1
20220105,107,TOC,b_30,constant,7,c_01,H,46.60623358776098,NA,1
20220107,109,IC,b_01,constant,10,c_08,A,1.1634370912462533,NA,1
20220107,109,IC,b_02,constant,7,c_02,A,1.388386674834842,NA,1
20220107,109,IC,b_03,constant,14,c_11,A,1.3533362584234307,NA,1
20220107,109,IC,b_04,constant,7,c_05,A,1.0682858420120196,NA,1
20220107,109,IC,b_05,decreasing,14,c_13,B,2.1104826463181423,NA,1
20220107,109,IC,b_06,decreasing,14,c_11,B,1.4788853123284045,NA,1
20220107,109,IC,b_07,decreasing,10,c_06,B,1.1272879783386678,NA,1
20220107,109,IC,b_08,decreasing,7,c_01,B,2.3656906443489296,NA,1
20220107,109,IC,b_09,decreasing,7,c_02,C,1.9840933103591922,NA,1
20220107,109,IC,b_10,decreasing,10,c_07,C,1.8524959763694548,NA,1
20220107,109,IC,b_11,decreasing,10,c_08,C,1.0908986423797176,NA,1
20220107,109,IC,b_12,decreasing,14,c_14,C,1.4093013083899804,NA,1
20220107,109,IC,b_13,constant,10,c_06,D,0.842832094309319,NA,1
20220107,109,IC,b_14,constant,7,c_03,D,1.4977816778979074,NA,1
20220107,109,IC,b_15,constant,14,c_14,D,0.6227312614864964,NA,1
20220107,109,IC,b_16,constant,14,c_15,D,0.5476808450750861,NA,1
20220107,109,IC,b_17,decreasing,7,c_05,E,1.1213146384412935,NA,1
20220107,109,IC,b_18,decreasing,7,c_04,E,1.7197173044515566,NA,1
20220107,109,IC,b_19,decreasing,14,c_12,E,1.8381199704618183,NA,1
20220107,109,IC,b_20,decreasing,10,c_09,E,1.616522636472082,NA,1
20220107,109,IC,b_21,constant,10,c_07,F,1.51242876301803,NA,1
20220107,109,IC,b_22,constant,10,c_10,F,1.4473783466066186,NA,1
20220107,109,IC,b_23,constant,7,c_04,F,0.9923279301952075,NA,1
20220107,109,IC,b_24,constant,14,c_13,F,1.2972775137837962,NA,1
20220107,109,IC,b_25,decreasing,7,c_03,G,1.7185359665233948,NA,1
20220107,109,IC,b_26,decreasing,14,c_15,G,1.1569386325336568,NA,1
20220107,109,IC,b_27,decreasing,10,c_10,G,2.12534129854392,NA,1
20220107,109,IC,b_28,constant,10,c_09,H,0.887075848138152,NA,1
20220107,109,IC,b_29,constant,14,c_12,H,1.1320254317267402,NA,1
20220107,109,IC,b_30,constant,7,c_01,H,1.0369750153153294,NA,1
20220107,109,TC,b_01,constant,10,c_08,A,41.144583340232124,NA,1
20220107,109,TC,b_02,constant,7,c_02,A,64.74698925443316,NA,1
20220107,109,TC,b_03,constant,14,c_11,A,36.919395168634196,NA,1
20220107,109,TC,b_04,constant,7,c_05,A,38.651801082835235,NA,1
20220107,109,TC,b_05,decreasing,14,c_13,B,46.81896180864559,NA,1
20220107,109,TC,b_06,decreasing,14,c_11,B,40.21086380247287,NA,1
20220107,109,TC,b_07,decreasing,10,c_06,B,44.41276579630015,NA,1
20220107,109,TC,b_08,decreasing,7,c_01,B,50.094667790127424,NA,1
20220107,109,TC,b_09,decreasing,7,c_02,C,65.4965697839547,NA,1
20220107,109,TC,b_10,decreasing,10,c_07,C,48.058471777781975,NA,1
20220107,109,TC,b_11,decreasing,10,c_08,C,40.960373771609255,NA,1
20220107,109,TC,b_12,decreasing,14,c_14,C,41.622275765436534,NA,1
20220107,109,TC,b_13,constant,10,c_06,D,42.723454310644556,NA,1
20220107,109,TC,b_14,constant,7,c_03,D,36.8558602248456,NA,1
20220107,109,TC,b_15,constant,14,c_14,D,37.97826613904663,NA,1
20220107,109,TC,b_16,constant,14,c_15,D,37.38067205324767,NA,1
20220107,109,TC,b_17,decreasing,7,c_05,E,41.79178573457291,NA,1
20220107,109,TC,b_18,decreasing,7,c_04,E,64.77368772840019,NA,1
20220107,109,TC,b_19,decreasing,14,c_12,E,42.085589722227475,NA,1
20220107,109,TC,b_20,decreasing,10,c_09,E,41.48749171605475,NA,1
20220107,109,TC,b_21,constant,10,c_07,F,45.74270162425285,NA,1
20220107,109,TC,b_22,constant,10,c_10,F,68.96510753845388,NA,1
20220107,109,TC,b_23,constant,7,c_04,F,65.61751345265492,NA,1
20220107,109,TC,b_24,constant,14,c_13,F,41.98991936685596,NA,1
20220107,109,TC,b_25,decreasing,7,c_03,G,33.717001685191136,NA,1
20220107,109,TC,b_26,decreasing,14,c_15,G,37.07890367901841,NA,1
20220107,109,TC,b_27,decreasing,10,c_10,G,66.6908056728457,NA,1
20220107,109,TC,b_28,constant,10,c_09,H,43.1295430236601,NA,1
20220107,109,TC,b_29,constant,14,c_12,H,39.20194893786113,NA,1
20220107,109,TC,b_30,constant,7,c_01,H,46.10435485206217,NA,1
20220107,109,TN,b_01,constant,10,c_08,A,1.8795562693511272,NA,1
20220107,109,TN,b_02,constant,7,c_02,A,3.7011548586850345,NA,1
20220107,109,TN,b_03,constant,14,c_11,A,1.6727534480189414,NA,1
20220107,109,TN,b_04,constant,7,c_05,A,1.684352037352849,NA,1
20220107,109,TN,b_05,decreasing,14,c_13,B,2.717462745914831,NA,1
20220107,109,TN,b_06,decreasing,14,c_11,B,2.0035099312669225,NA,1
20220107,109,TN,b_07,decreasing,10,c_06,B,2.319557116619014,NA,1
20220107,109,TN,b_08,decreasing,7,c_01,B,2.8456043019711053,NA,1
20220107,109,TN,b_09,decreasing,7,c_02,C,3.881651487323196,NA,1
20220107,109,TN,b_10,decreasing,10,c_07,C,2.757698672675288,NA,1
20220107,109,TN,b_11,decreasing,10,c_08,C,2.0037458580273793,NA,1
20220107,109,TN,b_12,decreasing,14,c_14,C,2.1197930433794707,NA,1
20220107,109,TN,b_13,constant,10,c_06,D,2.048739341358015,NA,1
20220107,109,TN,b_14,constant,7,c_03,D,1.860337930691922,NA,1
20220107,109,TN,b_15,constant,14,c_14,D,1.8519365200258293,NA,1
20220107,109,TN,b_16,constant,14,c_15,D,1.753535109359737,NA,1
20220107,109,TN,b_17,decreasing,7,c_05,E,2.1000289701399275,NA,1
20220107,109,TN,b_18,decreasing,7,c_04,E,3.796076155492019,NA,1
20220107,109,TN,b_19,decreasing,14,c_12,E,2.4221233408441103,NA,1
20220107,109,TN,b_20,decreasing,10,c_09,E,2.3581705261962016,NA,1
20220107,109,TN,b_21,constant,10,c_07,F,2.5415280560292737,NA,1
20220107,109,TN,b_22,constant,10,c_10,F,4.023126645363181,NA,1
20220107,109,TN,b_23,constant,7,c_04,F,3.7047252346970883,NA,1
20220107,109,TN,b_24,constant,14,c_13,F,2.2863238240309953,NA,1
20220107,109,TN,b_25,decreasing,7,c_03,G,1.858406452956658,NA,1
20220107,109,TN,b_26,decreasing,14,c_15,G,1.8844536383087491,NA,1
20220107,109,TN,b_27,decreasing,10,c_10,G,4.10050082366084,NA,1
20220107,109,TN,b_28,constant,10,c_09,H,2.3127181813666247,NA,1
20220107,109,TN,b_29,constant,14,c_12,H,2.104316770700532,NA,1
20220107,109,TN,b_30,constant,7,c_01,H,2.5759153600344393,NA,1
20220107,109,TOC,b_01,constant,10,c_08,A,39.98114624898587,NA,1
20220107,109,TOC,b_02,constant,7,c_02,A,63.35860257959832,NA,1
20220107,109,TOC,b_03,constant,14,c_11,A,35.56605891021078,NA,1
20220107,109,TOC,b_04,constant,7,c_05,A,37.583515240823225,NA,1
20220107,109,TOC,b_05,decreasing,14,c_13,B,44.70847916232745,NA,1
20220107,109,TOC,b_06,decreasing,14,c_11,B,38.73197849014446,NA,1
20220107,109,TOC,b_07,decreasing,10,c_06,B,43.28547781796148,NA,1
20220107,109,TOC,b_08,decreasing,7,c_01,B,47.7289771457785,NA,1
20220107,109,TOC,b_09,decreasing,7,c_02,C,63.51247647359552,NA,1
20220107,109,TOC,b_10,decreasing,10,c_07,C,46.20597580141252,NA,1
20220107,109,TOC,b_11,decreasing,10,c_08,C,39.869475129229535,NA,1
20220107,109,TOC,b_12,decreasing,14,c_14,C,40.21297445704655,NA,1
20220107,109,TOC,b_13,constant,10,c_06,D,41.88062221633525,NA,1
20220107,109,TOC,b_14,constant,7,c_03,D,35.3580785469477,NA,1
20220107,109,TOC,b_15,constant,14,c_14,D,37.355534877560146,NA,1
20220107,109,TOC,b_16,constant,14,c_15,D,36.832991208172594,NA,1
20220107,109,TOC,b_17,decreasing,7,c_05,E,40.67047109613162,NA,1
20220107,109,TOC,b_18,decreasing,7,c_04,E,63.05397042394863,NA,1
20220107,109,TOC,b_19,decreasing,14,c_12,E,40.24746975176565,NA,1
20220107,109,TOC,b_20,decreasing,10,c_09,E,39.870969079582665,NA,1
20220107,109,TOC,b_21,constant,10,c_07,F,44.23027286123484,NA,1
20220107,109,TOC,b_22,constant,10,c_10,F,67.51772919184728,NA,1
20220107,109,TOC,b_23,constant,7,c_04,F,64.62518552245973,NA,1
20220107,109,TOC,b_24,constant,14,c_13,F,40.692641853072175,NA,1
20220107,109,TOC,b_25,decreasing,7,c_03,G,31.998465718667745,NA,1
20220107,109,TOC,b_26,decreasing,14,c_15,G,35.92196504648475,NA,1
20220107,109,TOC,b_27,decreasing,10,c_10,G,64.56546437430177,NA,1
20220107,109,TOC,b_28,constant,10,c_09,H,42.24246717552196,NA,1
20220107,109,TOC,b_29,constant,14,c_12,H,38.06992350613441,NA,1
20220107,109,TOC,b_30,constant,7,c_01,H,45.067379836746866,NA,1
20220110,112,IC,b_01,constant,10,c_08,A,0.51,NA,1
20220110,112,IC,b_02,constant,7,c_02,A,0.7329640545060185,NA,1
20220110,112,IC,b_03,constant,14,c_11,A,0.405928109012037,NA,1
20220110,112,IC,b_04,constant,7,c_05,A,0.5088921635180556,NA,1
20220110,112,IC,b_05,decreasing,14,c_13,B,1.75,NA,1
20220110,112,IC,b_06,decreasing,14,c_11,B,0.9010181205385039,NA,1
20220110,112,IC,b_07,decreasing,10,c_06,B,0.9520362410770076,NA,1
20220110,112,IC,b_08,decreasing,7,c_01,B,2.0330543616155112,NA,1
20220110,112,IC,b_09,decreasing,7,c_02,C,1.6340724821540153,NA,1
20220110,112,IC,b_10,decreasing,10,c_07,C,1.8750906026925187,NA,1
20220110,112,IC,b_11,decreasing,10,c_08,C,1.0161087232310229,NA,1
20220110,112,IC,b_12,decreasing,14,c_14,C,1.1771268437695264,NA,1
20220110,112,IC,b_13,constant,10,c_06,D,0.6555686540722221,NA,1
20220110,112,IC,b_14,constant,7,c_03,D,1.49853270857824,NA,1
20220110,112,IC,b_15,constant,14,c_14,D,1.2314967630842588,NA,1
20220110,112,IC,b_16,constant,14,c_15,D,0.5844608175902772,NA,1
20220110,112,IC,b_17,decreasing,7,c_05,E,0.7522174464620452,NA,1
20220110,112,IC,b_18,decreasing,7,c_04,E,0.953235567000549,NA,1
20220110,112,IC,b_19,decreasing,14,c_12,E,1.714253687539053,NA,1
20220110,112,IC,b_20,decreasing,10,c_09,E,1.5452718080775565,NA,1
20220110,112,IC,b_21,constant,10,c_07,F,1.1992810901203699,NA,1
20220110,112,IC,b_22,constant,10,c_10,F,0.7922451446263881,NA,1
20220110,112,IC,b_23,constant,7,c_04,F,0.5752091991324066,NA,1
20220110,112,IC,b_24,constant,14,c_13,F,1.0281732536384247,NA,1
20220110,112,IC,b_25,decreasing,7,c_03,G,1.3303624107700753,NA,1
20220110,112,IC,b_26,decreasing,14,c_15,G,1.4713805313085793,NA,1
20220110,112,IC,b_27,decreasing,10,c_10,G,1.6923986518470833,NA,1
20220110,112,IC,b_28,constant,10,c_09,H,1.250029471662499,NA,1
20220110,112,IC,b_29,constant,14,c_12,H,0.9629935261685176,NA,1
20220110,112,IC,b_30,constant,7,c_01,H,1.4459575806745355,NA,1
20220110,112,TC,b_01,constant,10,c_08,A,45.85,NA,1
20220110,112,TC,b_02,constant,7,c_02,A,63.85826597347551,NA,1
20220110,112,TC,b_03,constant,14,c_11,A,40.15653194695101,NA,1
20220110,112,TC,b_04,constant,7,c_05,A,43.204797920426515,NA,1
20220110,112,TC,b_05,decreasing,14,c_13,B,50.27,NA,1
20220110,112,TC,b_06,decreasing,14,c_11,B,43.2167553443281,NA,1
20220110,112,TC,b_07,decreasing,10,c_06,B,48.6435106886562,NA,1
20220110,112,TC,b_08,decreasing,7,c_01,B,55.4202660329843,NA,1
20220110,112,TC,b_09,decreasing,7,c_02,C,67.8970213773124,NA,1
20220110,112,TC,b_10,decreasing,10,c_07,C,54.6637767216405,NA,1
20220110,112,TC,b_11,decreasing,10,c_08,C,47.78053206596861,NA,1
20220110,112,TC,b_12,decreasing,14,c_14,C,49.31728741029671,NA,1
20220110,112,TC,b_13,constant,10,c_06,D,48.54919168170604,NA,1
20220110,112,TC,b_14,constant,7,c_03,D,43.69745765518155,NA,1
20220110,112,TC,b_15,constant,14,c_14,D,43.665723628657055,NA,1
20220110,112,TC,b_16,constant,14,c_15,D,42.833989602132554,NA,1
20220110,112,TC,b_17,decreasing,7,c_05,E,44.991064131937215,NA,1
20220110,112,TC,b_18,decreasing,7,c_04,E,73.66781947626532,NA,1
20220110,112,TC,b_19,decreasing,14,c_12,E,48.94457482059342,NA,1
20220110,112,TC,b_20,decreasing,10,c_09,E,50.26133016492152,NA,1
20220110,112,TC,b_21,constant,10,c_07,F,54.99531946951007,NA,1
20220110,112,TC,b_22,constant,10,c_10,F,78.41358544298558,NA,1
20220110,112,TC,b_23,constant,7,c_04,F,73.99185141646109,NA,1
20220110,112,TC,b_24,constant,14,c_13,F,48.11011738993658,NA,1
20220110,112,TC,b_25,decreasing,7,c_03,G,40.83510688656202,NA,1
20220110,112,TC,b_26,decreasing,14,c_15,G,42.18186223089012,NA,1
20220110,112,TC,b_27,decreasing,10,c_10,G,74.82861757521822,NA,1
20220110,112,TC,b_28,constant,10,c_09,H,50.203181283838596,NA,1
20220110,112,TC,b_29,constant,14,c_12,H,46.7714472573141,NA,1
20220110,112,TC,b_30,constant,7,c_01,H,49.979713230789606,NA,1
20220110,112,TN,b_01,constant,10,c_08,A,2.42,NA,1
20220110,112,TN,b_02,constant,7,c_02,A,3.8294882196135567,NA,1
20220110,112,TN,b_03,constant,14,c_11,A,2.0389764392271137,NA,1
20220110,112,TN,b_04,constant,7,c_05,A,2.0884646588406706,NA,1
20220110,112,TN,b_05,decreasing,14,c_13,B,2.86,NA,1
20220110,112,TN,b_06,decreasing,14,c_11,B,2.154135345464185,NA,1
20220110,112,TN,b_07,decreasing,10,c_06,B,2.44827069092837,NA,1
20220110,112,TN,b_08,decreasing,7,c_01,B,3.062406036392555,NA,1
20220110,112,TN,b_09,decreasing,7,c_02,C,3.7365413818567395,NA,1
20220110,112,TN,b_10,decreasing,10,c_07,C,3.0206767273209247,NA,1
20220110,112,TN,b_11,decreasing,10,c_08,C,2.2448120727851095,NA,1
20220110,112,TN,b_12,decreasing,14,c_14,C,2.5089474182492943,NA,1
20220110,112,TN,b_13,constant,10,c_06,D,2.383858635362683,NA,1
20220110,112,TN,b_14,constant,7,c_03,D,2.2133468549762405,NA,1
20220110,112,TN,b_15,constant,14,c_14,D,2.1428350745897973,NA,1
20220110,112,TN,b_16,constant,14,c_15,D,2.0823232942033543,NA,1
20220110,112,TN,b_17,decreasing,7,c_05,E,2.1296241455702196,NA,1
20220110,112,TN,b_18,decreasing,7,c_04,E,4.093759491034405,NA,1
20220110,112,TN,b_19,decreasing,14,c_12,E,2.5978948364985897,NA,1
20220110,112,TN,b_20,decreasing,10,c_09,E,2.7420301819627744,NA,1
20220110,112,TN,b_21,constant,10,c_07,F,3.059764392271139,NA,1
20220110,112,TN,b_22,constant,10,c_10,F,4.399252611884696,NA,1
20220110,112,TN,b_23,constant,7,c_04,F,3.968740831498253,NA,1
20220110,112,TN,b_24,constant,14,c_13,F,2.6082290511118096,NA,1
20220110,112,TN,b_25,decreasing,7,c_03,G,2.1427069092836986,NA,1
20220110,112,TN,b_26,decreasing,14,c_15,G,2.006842254747884,NA,1
20220110,112,TN,b_27,decreasing,10,c_10,G,4.23097760021207,NA,1
20220110,112,TN,b_28,constant,10,c_09,H,2.706181929566038,NA,1
20220110,112,TN,b_29,constant,14,c_12,H,2.5256701491795943,NA,1
20220110,112,TN,b_30,constant,7,c_01,H,2.6451583687931515,NA,1
20220110,112,TOC,b_01,constant,10,c_08,A,45.34,NA,1
20220110,112,TOC,b_02,constant,7,c_02,A,63.1253019189695,NA,1
20220110,112,TOC,b_03,constant,14,c_11,A,39.750603837938975,NA,1
20220110,112,TOC,b_04,constant,7,c_05,A,42.69590575690846,NA,1
20220110,112,TOC,b_05,decreasing,14,c_13,B,48.52,NA,1
20220110,112,TOC,b_06,decreasing,14,c_11,B,42.3157372237896,NA,1
20220110,112,TOC,b_07,decreasing,10,c_06,B,47.69147444757919,NA,1
20220110,112,TOC,b_08,decreasing,7,c_01,B,53.38721167136879,NA,1
20220110,112,TOC,b_09,decreasing,7,c_02,C,66.26294889515839,NA,1
20220110,112,TOC,b_10,decreasing,10,c_07,C,52.788686118947986,NA,1
20220110,112,TOC,b_11,decreasing,10,c_08,C,46.76442334273759,NA,1
20220110,112,TOC,b_12,decreasing,14,c_14,C,48.140160566527186,NA,1
20220110,112,TOC,b_13,constant,10,c_06,D,47.89362302763382,NA,1
20220110,112,TOC,b_14,constant,7,c_03,D,42.19892494660332,NA,1
20220110,112,TOC,b_15,constant,14,c_14,D,42.434226865572796,NA,1
20220110,112,TOC,b_16,constant,14,c_15,D,42.249528784542285,NA,1
20220110,112,TOC,b_17,decreasing,7,c_05,E,44.23884668547517,NA,1
20220110,112,TOC,b_18,decreasing,7,c_04,E,72.71458390926477,NA,1
20220110,112,TOC,b_19,decreasing,14,c_12,E,47.23032113305436,NA,1
20220110,112,TOC,b_20,decreasing,10,c_09,E,48.71605835684395,NA,1
20220110,112,TOC,b_21,constant,10,c_07,F,53.79603837938971,NA,1
20220110,112,TOC,b_22,constant,10,c_10,F,77.6213402983592,NA,1
20220110,112,TOC,b_23,constant,7,c_04,F,73.41664221732869,NA,1
20220110,112,TOC,b_24,constant,14,c_13,F,47.08194413629817,NA,1
20220110,112,TOC,b_25,decreasing,7,c_03,G,39.504744475791945,NA,1
20220110,112,TOC,b_26,decreasing,14,c_15,G,40.710481699581536,NA,1
20220110,112,TOC,b_27,decreasing,10,c_10,G,73.13621892337113,NA,1
20220110,112,TOC,b_28,constant,10,c_09,H,48.95315181217611,NA,1
20220110,112,TOC,b_29,constant,14,c_12,H,45.80845373114559,NA,1
20220110,112,TOC,b_30,constant,7,c_01,H,48.533755650115076,NA,1
20220112,114,IC,b_01,constant,10,c_08,A,1.5918856896865727,NA,1
20220112,114,IC,b_02,constant,7,c_02,A,1.414849744192591,NA,1
20220112,114,IC,b_03,constant,14,c_11,A,0.81781379869861,NA,1
20220112,114,IC,b_04,constant,7,c_05,A,0.8007778532046284,NA,1
20220112,114,IC,b_05,decreasing,14,c_13,B,2.461561736693617,NA,1
20220112,114,IC,b_06,decreasing,14,c_11,B,1.092579857232121,NA,1
20220112,114,IC,b_07,decreasing,10,c_06,B,1.2135979777706245,NA,1
20220112,114,IC,b_08,decreasing,7,c_01,B,2.774616098309128,NA,1
20220112,114,IC,b_09,decreasing,7,c_02,C,1.725634218847632,NA,1
20220112,114,IC,b_10,decreasing,10,c_07,C,2.096652339386136,NA,1
20220112,114,IC,b_11,decreasing,10,c_08,C,1.16767045992464,NA,1
20220112,114,IC,b_12,decreasing,14,c_14,C,1.0686885804631432,NA,1
20220112,114,IC,b_13,constant,10,c_06,D,0.30745434375879466,NA,1
20220112,114,IC,b_14,constant,7,c_03,D,1.6704183982648129,NA,1
20220112,114,IC,b_15,constant,14,c_14,D,0.5033824527708308,NA,1
20220112,114,IC,b_16,constant,14,c_15,D,0.44634650727685,NA,1
20220112,114,IC,b_17,decreasing,7,c_05,E,0.5737791831556622,NA,1
20220112,114,IC,b_18,decreasing,7,c_04,E,1.2647973036941655,NA,1
20220112,114,IC,b_19,decreasing,14,c_12,E,1.8458154242326694,NA,1
20220112,114,IC,b_20,decreasing,10,c_09,E,1.7168335447711724,NA,1
20220112,114,IC,b_21,constant,10,c_07,F,1.1011667798069418,NA,1
20220112,114,IC,b_22,constant,10,c_10,F,1.0741308343129603,NA,1
20220112,114,IC,b_23,constant,7,c_04,F,0.6970948888189792,NA,1
20220112,114,IC,b_24,constant,14,c_13,F,0.5700589433249972,NA,1
20220112,114,IC,b_25,decreasing,7,c_03,G,1.2619241474636915,NA,1
20220112,114,IC,b_26,decreasing,14,c_15,G,0.6429422680021952,NA,1
20220112,114,IC,b_27,decreasing,10,c_10,G,1.4939603885406996,NA,1
20220112,114,IC,b_28,constant,10,c_09,H,0.7019151613490715,NA,1
20220112,114,IC,b_29,constant,14,c_12,H,0.5048792158550901,NA,1
20220112,114,IC,b_30,constant,7,c_01,H,0.8178432703611076,NA,1
20220112,114,TC,b_01,constant,10,c_08,A,44.18624517774061,NA,1
20220112,114,TC,b_02,constant,7,c_02,A,75.85451115121612,NA,1
20220112,114,TC,b_03,constant,14,c_11,A,39.66277712469162,NA,1
20220112,114,TC,b_04,constant,7,c_05,A,44.02104309816713,NA,1
20220112,114,TC,b_05,decreasing,14,c_13,B,53.629415674171135,NA,1
20220112,114,TC,b_06,decreasing,14,c_11,B,42.74617101849924,NA,1
20220112,114,TC,b_07,decreasing,10,c_06,B,48.71292636282733,NA,1
20220112,114,TC,b_08,decreasing,7,c_01,B,56.81968170715544,NA,1
20220112,114,TC,b_09,decreasing,7,c_02,C,74.67643705148353,NA,1
20220112,114,TC,b_10,decreasing,10,c_07,C,52.68319239581164,NA,1
20220112,114,TC,b_11,decreasing,10,c_08,C,45.91994774013974,NA,1
20220112,114,TC,b_12,decreasing,14,c_14,C,45.19670308446784,NA,1
20220112,114,TC,b_13,constant,10,c_06,D,44.09543685944666,NA,1
20220112,114,TC,b_14,constant,7,c_03,D,41.71370283292216,NA,1
20220112,114,TC,b_15,constant,14,c_14,D,40.77196880639766,NA,1
20220112,114,TC,b_16,constant,14,c_15,D,39.870234779873165,NA,1
20220112,114,TC,b_17,decreasing,7,c_05,E,44.75047980610835,NA,1
20220112,114,TC,b_18,decreasing,7,c_04,E,76.63723515043645,NA,1
20220112,114,TC,b_19,decreasing,14,c_12,E,47.593990494764554,NA,1
20220112,114,TC,b_20,decreasing,10,c_09,E,47.98074583909265,NA,1
20220112,114,TC,b_21,constant,10,c_07,F,50.761564647250694,NA,1
20220112,114,TC,b_22,constant,10,c_10,F,78.00983062072619,NA,1
20220112,114,TC,b_23,constant,7,c_04,F,70.05809659420169,NA,1
20220112,114,TC,b_24,constant,14,c_13,F,43.206362567677196,NA,1
20220112,114,TC,b_25,decreasing,7,c_03,G,36.78452256073315,NA,1
20220112,114,TC,b_26,decreasing,14,c_15,G,39.53127790506125,NA,1
20220112,114,TC,b_27,decreasing,10,c_10,G,74.48803324938936,NA,1
20220112,114,TC,b_28,constant,10,c_09,H,44.599426461579206,NA,1
20220112,114,TC,b_29,constant,14,c_12,H,41.087692435054706,NA,1
20220112,114,TC,b_30,constant,7,c_01,H,48.44595840853022,NA,1
20220112,114,TN,b_01,constant,10,c_08,A,1.8941348080202656,NA,1
20220112,114,TN,b_02,constant,7,c_02,A,4.023623027633823,NA,1
20220112,114,TN,b_03,constant,14,c_11,A,1.6731112472473795,NA,1
20220112,114,TN,b_04,constant,7,c_05,A,1.672599466860936,NA,1
20220112,114,TN,b_05,decreasing,14,c_13,B,2.9181957093897335,NA,1
20220112,114,TN,b_06,decreasing,14,c_11,B,1.9523310548539183,NA,1
20220112,114,TN,b_07,decreasing,10,c_06,B,2.3764664003181033,NA,1
20220112,114,TN,b_08,decreasing,7,c_01,B,3.100601745782288,NA,1
20220112,114,TN,b_09,decreasing,7,c_02,C,4.144737091246473,NA,1
20220112,114,TN,b_10,decreasing,10,c_07,C,2.838872436710658,NA,1
20220112,114,TN,b_11,decreasing,10,c_08,C,2.073007782174843,NA,1
20220112,114,TN,b_12,decreasing,14,c_14,C,2.197143127639028,NA,1
20220112,114,TN,b_13,constant,10,c_06,D,2.0679934433829485,NA,1
20220112,114,TN,b_14,constant,7,c_03,D,2.057481662996506,NA,1
20220112,114,TN,b_15,constant,14,c_14,D,1.9269698826100625,NA,1
20220112,114,TN,b_16,constant,14,c_15,D,1.8464581022236195,NA,1
20220112,114,TN,b_17,decreasing,7,c_05,E,2.0878198549599527,NA,1
20220112,114,TN,b_18,decreasing,7,c_04,E,4.271955200424138,NA,1
20220112,114,TN,b_19,decreasing,14,c_12,E,2.5760905458883228,NA,1
20220112,114,TN,b_20,decreasing,10,c_09,E,2.620225891352508,NA,1
20220112,114,TN,b_21,constant,10,c_07,F,2.8038992002914043,NA,1
20220112,114,TN,b_22,constant,10,c_10,F,4.333387419904961,NA,1
20220112,114,TN,b_23,constant,7,c_04,F,3.672875639518519,NA,1
20220112,114,TN,b_24,constant,14,c_13,F,2.312363859132075,NA,1
20220112,114,TN,b_25,decreasing,7,c_03,G,1.9709026186734326,NA,1
20220112,114,TN,b_26,decreasing,14,c_15,G,1.9250379641376174,NA,1
20220112,114,TN,b_27,decreasing,10,c_10,G,4.249173309601802,NA,1
20220112,114,TN,b_28,constant,10,c_09,H,2.430316737586303,NA,1
20220112,114,TN,b_29,constant,14,c_12,H,2.22980495719986,NA,1
20220112,114,TN,b_30,constant,7,c_01,H,2.739293176813417,NA,1
20220112,114,TOC,b_01,constant,10,c_08,A,42.594359488054046,NA,1
20220112,114,TOC,b_02,constant,7,c_02,A,74.43966140702354,NA,1
20220112,114,TOC,b_03,constant,14,c_11,A,38.844963325993014,NA,1
20220112,114,TOC,b_04,constant,7,c_05,A,43.220265244962505,NA,1
20220112,114,TOC,b_05,decreasing,14,c_13,B,51.16785393747752,NA,1
20220112,114,TOC,b_06,decreasing,14,c_11,B,41.653591161267116,NA,1
20220112,114,TOC,b_07,decreasing,10,c_06,B,47.49932838505671,NA,1
20220112,114,TOC,b_08,decreasing,7,c_01,B,54.04506560884631,NA,1
20220112,114,TOC,b_09,decreasing,7,c_02,C,72.9508028326359,NA,1
20220112,114,TOC,b_10,decreasing,10,c_07,C,50.5865400564255,NA,1
20220112,114,TOC,b_11,decreasing,10,c_08,C,44.75227728021509,NA,1
20220112,114,TOC,b_12,decreasing,14,c_14,C,44.128014504004696,NA,1
20220112,114,TOC,b_13,constant,10,c_06,D,43.78798251568787,NA,1
20220112,114,TOC,b_14,constant,7,c_03,D,40.04328443465736,NA,1
20220112,114,TOC,b_15,constant,14,c_14,D,40.268586353626844,NA,1
20220112,114,TOC,b_16,constant,14,c_15,D,39.42388827259633,NA,1
20220112,114,TOC,b_17,decreasing,7,c_05,E,44.17670062295269,NA,1
20220112,114,TOC,b_18,decreasing,7,c_04,E,75.37243784674229,NA,1
20220112,114,TOC,b_19,decreasing,14,c_12,E,45.74817507053188,NA,1
20220112,114,TOC,b_20,decreasing,10,c_09,E,46.26391229432147,NA,1
20220112,114,TOC,b_21,constant,10,c_07,F,49.66039786744376,NA,1
20220112,114,TOC,b_22,constant,10,c_10,F,76.93569978641324,NA,1
20220112,114,TOC,b_23,constant,7,c_04,F,69.36100170538272,NA,1
20220112,114,TOC,b_24,constant,14,c_13,F,42.63630362435221,NA,1
20220112,114,TOC,b_25,decreasing,7,c_03,G,35.52259841326946,NA,1
20220112,114,TOC,b_26,decreasing,14,c_15,G,38.88833563705906,NA,1
20220112,114,TOC,b_27,decreasing,10,c_10,G,72.99407286084866,NA,1
20220112,114,TOC,b_28,constant,10,c_09,H,43.89751130023016,NA,1
20220112,114,TOC,b_29,constant,14,c_12,H,40.582813219199636,NA,1
20220112,114,TOC,b_30,constant,7,c_01,H,47.62811513816913,NA,1
20220114,116,IC,b_01,constant,10,c_08,A,0.78,NA,1
20220114,116,IC,b_02,constant,7,c_02,A,1.834457009454112,NA,1
20220114,116,IC,b_03,constant,14,c_11,A,1.4489140189082241,NA,1
20220114,116,IC,b_04,constant,7,c_05,A,1.5033710283623358,NA,1
20220114,116,IC,b_05,decreasing,14,c_13,B,2.68,NA,1
20220114,116,IC,b_06,decreasing,14,c_11,B,1.6055107643951296,NA,1
20220114,116,IC,b_07,decreasing,10,c_06,B,1.46102152879026,NA,1
20220114,116,IC,b_08,decreasing,7,c_01,B,2.87653229318539,NA,1
20220114,116,IC,b_09,decreasing,7,c_02,C,2.4920430575805197,NA,1
20220114,116,IC,b_10,decreasing,10,c_07,C,3.23755382197565,NA,1
20220114,116,IC,b_11,decreasing,10,c_08,C,1.84306458637078,NA,1
20220114,116,IC,b_12,decreasing,14,c_14,C,2.05857535076591,NA,1
20220114,116,IC,b_13,constant,10,c_06,D,1.4834841134493433,NA,1
20220114,116,IC,b_14,constant,7,c_03,D,2.5879411229034552,NA,1
20220114,116,IC,b_15,constant,14,c_14,D,1.5423981323575673,NA,1
20220114,116,IC,b_16,constant,14,c_15,D,1.4268551418116793,NA,1
20220114,116,IC,b_17,decreasing,7,c_05,E,1.4661291727415597,NA,1
20220114,116,IC,b_18,decreasing,7,c_04,E,2.55163993713669,NA,1
20220114,116,IC,b_19,decreasing,14,c_12,E,3.0071507015318195,NA,1
20220114,116,IC,b_20,decreasing,10,c_09,E,2.7726614659269497,NA,1
20220114,116,IC,b_21,constant,10,c_07,F,2.9591401890822393,NA,1
20220114,116,IC,b_22,constant,10,c_10,F,3.243597198536351,NA,1
20220114,116,IC,b_23,constant,7,c_04,F,2.3780542079904636,NA,1
20220114,116,IC,b_24,constant,14,c_13,F,2.642511217444575,NA,1
20220114,116,IC,b_25,decreasing,7,c_03,G,2.6902152879026,NA,1
20220114,116,IC,b_26,decreasing,14,c_15,G,1.9057260522977297,NA,1
20220114,116,IC,b_27,decreasing,10,c_10,G,2.65123681669286,NA,1
20220114,116,IC,b_28,constant,10,c_09,H,2.4103392552610234,NA,1
20220114,116,IC,b_29,constant,14,c_12,H,2.4347962647151355,NA,1
20220114,116,IC,b_30,constant,7,c_01,H,3.0492532741692475,NA,1
20220114,116,TC,b_01,constant,10,c_08,A,44.32,NA,1
20220114,116,TC,b_02,constant,7,c_02,A,70.17476364720102,NA,1
20220114,116,TC,b_03,constant,14,c_11,A,39.87952729440203,NA,1
20220114,116,TC,b_04,constant,7,c_05,A,42.71429094160306,NA,1
20220114,116,TC,b_05,decreasing,14,c_13,B,54.27,NA,1
20220114,116,TC,b_06,decreasing,14,c_11,B,43.58212353019143,NA,1
20220114,116,TC,b_07,decreasing,10,c_06,B,48.42424706038286,NA,1
20220114,116,TC,b_08,decreasing,7,c_01,B,56.966370590574286,NA,1
20220114,116,TC,b_09,decreasing,7,c_02,C,73.69849412076572,NA,1
20220114,116,TC,b_10,decreasing,10,c_07,C,55.750617650957146,NA,1
20220114,116,TC,b_11,decreasing,10,c_08,C,48.85274118114859,NA,1
20220114,116,TC,b_12,decreasing,14,c_14,C,48.094864711340016,NA,1
20220114,116,TC,b_13,constant,10,c_06,D,48.967163766412234,NA,1
20220114,116,TC,b_14,constant,7,c_03,D,44.65192741361325,NA,1
20220114,116,TC,b_15,constant,14,c_14,D,44.276691060814265,NA,1
20220114,116,TC,b_16,constant,14,c_15,D,43.38145470801529,NA,1
20220114,116,TC,b_17,decreasing,7,c_05,E,45.895482362297166,NA,1
20220114,116,TC,b_18,decreasing,7,c_04,E,73.4976058924886,NA,1
20220114,116,TC,b_19,decreasing,14,c_12,E,52.40972942268002,NA,1
20220114,116,TC,b_20,decreasing,10,c_09,E,51.03185295287145,NA,1
20220114,116,TC,b_21,constant,10,c_07,F,55.62527294402039,NA,1
20220114,116,TC,b_22,constant,10,c_10,F,79.9400365912214,NA,1
20220114,116,TC,b_23,constant,7,c_04,F,74.13480023842243,NA,1
20220114,116,TC,b_24,constant,14,c_13,F,52.609563885623444,NA,1
20220114,116,TC,b_25,decreasing,7,c_03,G,40.1224706038286,NA,1
20220114,116,TC,b_26,decreasing,14,c_15,G,42.93459413402003,NA,1
20220114,116,TC,b_27,decreasing,10,c_10,G,75.65671766421147,NA,1
20220114,116,TC,b_28,constant,10,c_09,H,49.81861847442752,NA,1
20220114,116,TC,b_29,constant,14,c_12,H,48.623382121628545,NA,1
20220114,116,TC,b_30,constant,7,c_01,H,54.79814576882956,NA,1
20220114,116,TN,b_01,constant,10,c_08,A,2.17,NA,1
20220114,116,TN,b_02,constant,7,c_02,A,4.129535572958922,NA,1
20220114,116,TN,b_03,constant,14,c_11,A,1.9090711459178438,NA,1
20220114,116,TN,b_04,constant,7,c_05,A,1.9386067188767655,NA,1
20220114,116,TN,b_05,decreasing,14,c_13,B,3.18,NA,1
20220114,116,TN,b_06,decreasing,14,c_11,B,2.117664968852366,NA,1
20220114,116,TN,b_07,decreasing,10,c_06,B,2.5053299377047313,NA,1
20220114,116,TN,b_08,decreasing,7,c_01,B,3.3029949065570974,NA,1
20220114,116,TN,b_09,decreasing,7,c_02,C,4.340659875409463,NA,1
20220114,116,TN,b_10,decreasing,10,c_07,C,3.098324844261829,NA,1
20220114,116,TN,b_11,decreasing,10,c_08,C,2.315989813114195,NA,1
20220114,116,TN,b_12,decreasing,14,c_14,C,2.3836547819665608,NA,1
20220114,116,TN,b_13,constant,10,c_06,D,2.3944268755070617,NA,1
20220114,116,TN,b_14,constant,7,c_03,D,2.3439624484659833,NA,1
20220114,116,TN,b_15,constant,14,c_14,D,2.1834980214249056,NA,1
20220114,116,TN,b_16,constant,14,c_15,D,2.0830335943838274,NA,1
20220114,116,TN,b_17,decreasing,7,c_05,E,2.1819796262283906,NA,1
20220114,116,TN,b_18,decreasing,7,c_04,E,4.229644595080757,NA,1
20220114,116,TN,b_19,decreasing,14,c_12,E,2.967309563933122,NA,1
20220114,116,TN,b_20,decreasing,10,c_09,E,2.8849745327854883,NA,1
20220114,116,TN,b_21,constant,10,c_07,F,3.120711459178436,NA,1
20220114,116,TN,b_22,constant,10,c_10,F,4.610247032137358,NA,1
20220114,116,TN,b_23,constant,7,c_04,F,4.079782605096279,NA,1
20220114,116,TN,b_24,constant,14,c_13,F,2.9693181780552016,NA,1
20220114,116,TN,b_25,decreasing,7,c_03,G,2.1432993770473177,NA,1
20220114,116,TN,b_26,decreasing,14,c_15,G,2.0909643458996836,NA,1
20220114,116,TN,b_27,decreasing,10,c_10,G,4.508629314752049,NA,1
20220114,116,TN,b_28,constant,10,c_09,H,2.7474604698908887,NA,1
20220114,116,TN,b_29,constant,14,c_12,H,2.7069960428498105,NA,1
20220114,116,TN,b_30,constant,7,c_01,H,3.0865316158087324,NA,1
20220114,116,TOC,b_01,constant,10,c_08,A,43.54,NA,1
20220114,116,TOC,b_02,constant,7,c_02,A,68.34030663774689,NA,1
20220114,116,TOC,b_03,constant,14,c_11,A,38.43061327549381,NA,1
20220114,116,TOC,b_04,constant,7,c_05,A,41.21091991324072,NA,1
20220114,116,TOC,b_05,decreasing,14,c_13,B,51.59,NA,1
20220114,116,TOC,b_06,decreasing,14,c_11,B,41.976612765796304,NA,1
20220114,116,TOC,b_07,decreasing,10,c_06,B,46.963225531592606,NA,1
20220114,116,TOC,b_08,decreasing,7,c_01,B,54.0898382973889,NA,1
20220114,116,TOC,b_09,decreasing,7,c_02,C,71.2064510631852,NA,1
20220114,116,TOC,b_10,decreasing,10,c_07,C,52.5130638289815,NA,1
20220114,116,TOC,b_11,decreasing,10,c_08,C,47.00967659477781,NA,1
20220114,116,TOC,b_12,decreasing,14,c_14,C,46.0362893605741,NA,1
20220114,116,TOC,b_13,constant,10,c_06,D,47.4836796529629,NA,1
20220114,116,TOC,b_14,constant,7,c_03,D,42.0639862907098,NA,1
20220114,116,TOC,b_15,constant,14,c_14,D,42.7342929284567,NA,1
20220114,116,TOC,b_16,constant,14,c_15,D,41.95459956620362,NA,1
20220114,116,TOC,b_17,decreasing,7,c_05,E,44.429353189555606,NA,1
20220114,116,TOC,b_18,decreasing,7,c_04,E,70.94596595535191,NA,1
20220114,116,TOC,b_19,decreasing,14,c_12,E,49.4025787211482,NA,1
20220114,116,TOC,b_20,decreasing,10,c_09,E,48.2591914869445,NA,1
20220114,116,TOC,b_21,constant,10,c_07,F,52.66613275493816,NA,1
20220114,116,TOC,b_22,constant,10,c_10,F,76.69643939268508,NA,1
20220114,116,TOC,b_23,constant,7,c_04,F,71.75674603043197,NA,1
20220114,116,TOC,b_24,constant,14,c_13,F,49.96705266817888,NA,1
20220114,116,TOC,b_25,decreasing,7,c_03,G,37.43225531592601,NA,1
20220114,116,TOC,b_26,decreasing,14,c_15,G,41.0288680817223,NA,1
20220114,116,TOC,b_27,decreasing,10,c_10,G,73.00548084751861,NA,1
20220114,116,TOC,b_28,constant,10,c_09,H,47.408279219166516,NA,1
20220114,116,TOC,b_29,constant,14,c_12,H,46.18858585691342,NA,1
20220114,116,TOC,b_30,constant,7,c_01,H,51.748892494660325,NA,1
20220117,119,IC,b_01,constant,10,c_08,A,0.9781672930774714,NA,1
20220117,119,IC,b_02,constant,7,c_02,A,1.552624302531583,NA,1
20220117,119,IC,b_03,constant,14,c_11,A,1.1470813119856949,NA,1
20220117,119,IC,b_04,constant,7,c_05,A,1.211538321439807,NA,1
20220117,119,IC,b_05,decreasing,14,c_13,B,2.6208336962490297,NA,1
20220117,119,IC,b_06,decreasing,14,c_11,B,1.8063444606441599,NA,1
20220117,119,IC,b_07,decreasing,10,c_06,B,1.7018552250392895,NA,1
20220117,119,IC,b_08,decreasing,7,c_01,B,3.1273659894344195,NA,1
20220117,119,IC,b_09,decreasing,7,c_02,C,2.16287675382955,NA,1
20220117,119,IC,b_10,decreasing,10,c_07,C,2.34838751822468,NA,1
20220117,119,IC,b_11,decreasing,10,c_08,C,2.0238982826198098,NA,1
20220117,119,IC,b_12,decreasing,14,c_14,C,1.9894090470149401,NA,1
20220117,119,IC,b_13,constant,10,c_06,D,1.0816514065268144,NA,1
20220117,119,IC,b_14,constant,7,c_03,D,2.2961084159809264,NA,1
20220117,119,IC,b_15,constant,14,c_14,D,1.2105654254350382,NA,1
20220117,119,IC,b_16,constant,14,c_15,D,1.2150224348891503,NA,1
20220117,119,IC,b_17,decreasing,7,c_05,E,1.6569628689905902,NA,1
20220117,119,IC,b_18,decreasing,7,c_04,E,2.212473633385719,NA,1
20220117,119,IC,b_19,decreasing,14,c_12,E,2.85798439778085,NA,1
20220117,119,IC,b_20,decreasing,10,c_09,E,2.5834951621759794,NA,1
20220117,119,IC,b_21,constant,10,c_07,F,1.8873074821597102,NA,1
20220117,119,IC,b_22,constant,10,c_10,F,2.181764491613823,NA,1
20220117,119,IC,b_23,constant,7,c_04,F,1.5262215010679343,NA,1
20220117,119,IC,b_24,constant,14,c_13,F,1.900678510522047,NA,1
20220117,119,IC,b_25,decreasing,7,c_03,G,2.5310489841516297,NA,1
20220117,119,IC,b_26,decreasing,14,c_15,G,1.79655974854676,NA,1
20220117,119,IC,b_27,decreasing,10,c_10,G,2.7620705129418894,NA,1
20220117,119,IC,b_28,constant,10,c_09,H,1.9485065483384947,NA,1
20220117,119,IC,b_29,constant,14,c_12,H,1.592963557792607,NA,1
20220117,119,IC,b_30,constant,7,c_01,H,2.2374205672467182,NA,1
20220117,119,TC,b_01,constant,10,c_08,A,42.9576730632316,NA,1
20220117,119,TC,b_02,constant,7,c_02,A,70.77243671043261,NA,1
20220117,119,TC,b_03,constant,14,c_11,A,37.74720035763364,NA,1
20220117,119,TC,b_04,constant,7,c_05,A,41.491964004834664,NA,1
20220117,119,TC,b_05,decreasing,14,c_13,B,53.375829435934335,NA,1
20220117,119,TC,b_06,decreasing,14,c_11,B,44.887952966125766,NA,1
20220117,119,TC,b_07,decreasing,10,c_06,B,48.840076496317195,NA,1
20220117,119,TC,b_08,decreasing,7,c_01,B,58.852200026508626,NA,1
20220117,119,TC,b_09,decreasing,7,c_02,C,73.41432355670005,NA,1
20220117,119,TC,b_10,decreasing,10,c_07,C,53.12644708689148,NA,1
20220117,119,TC,b_11,decreasing,10,c_08,C,47.35857061708291,NA,1
20220117,119,TC,b_12,decreasing,14,c_14,C,46.76069414727434,NA,1
20220117,119,TC,b_13,constant,10,c_06,D,44.76483682964383,NA,1
20220117,119,TC,b_14,constant,7,c_03,D,39.849600476844856,NA,1
20220117,119,TC,b_15,constant,14,c_14,D,41.37436412404587,NA,1
20220117,119,TC,b_16,constant,14,c_15,D,40.219127771246896,NA,1
20220117,119,TC,b_17,decreasing,7,c_05,E,45.14131179823149,NA,1
20220117,119,TC,b_18,decreasing,7,c_04,E,75.51343532842291,NA,1
20220117,119,TC,b_19,decreasing,14,c_12,E,49.78555885861435,NA,1
20220117,119,TC,b_20,decreasing,10,c_09,E,49.39768238880578,NA,1
20220117,119,TC,b_21,constant,10,c_07,F,49.56294600725199,NA,1
20220117,119,TC,b_22,constant,10,c_10,F,73.74770965445302,NA,1
20220117,119,TC,b_23,constant,7,c_04,F,72.33247330165403,NA,1
20220117,119,TC,b_24,constant,14,c_13,F,46.66723694885505,NA,1
20220117,119,TC,b_25,decreasing,7,c_03,G,40.15830003976293,NA,1
20220117,119,TC,b_26,decreasing,14,c_15,G,42.53042356995436,NA,1
20220117,119,TC,b_27,decreasing,10,c_10,G,76.36254710014578,NA,1
20220117,119,TC,b_28,constant,10,c_09,H,46.89629153765913,NA,1
20220117,119,TC,b_29,constant,14,c_12,H,44.161055184860146,NA,1
20220117,119,TC,b_30,constant,7,c_01,H,51.53581883206116,NA,1
20220117,119,TN,b_01,constant,10,c_08,A,1.8956027617265763,NA,1
20220117,119,TN,b_02,constant,7,c_02,A,3.955138334685498,NA,1
20220117,119,TN,b_03,constant,14,c_11,A,1.6546739076444195,NA,1
20220117,119,TN,b_04,constant,7,c_05,A,1.7042094806033412,NA,1
20220117,119,TN,b_05,decreasing,14,c_13,B,3.0276140344233426,NA,1
20220117,119,TN,b_06,decreasing,14,c_11,B,2.1452790032757085,NA,1
20220117,119,TN,b_07,decreasing,10,c_06,B,2.462943972128074,NA,1
20220117,119,TN,b_08,decreasing,7,c_01,B,3.4006089409804403,NA,1
20220117,119,TN,b_09,decreasing,7,c_02,C,4.228273909832806,NA,1
20220117,119,TN,b_10,decreasing,10,c_07,C,2.975938878685172,NA,1
20220117,119,TN,b_11,decreasing,10,c_08,C,2.2336038475375375,NA,1
20220117,119,TN,b_12,decreasing,14,c_14,C,2.2912688163899038,NA,1
20220117,119,TN,b_13,constant,10,c_06,D,2.060029637233637,NA,1
20220117,119,TN,b_14,constant,7,c_03,D,1.979565210192559,NA,1
20220117,119,TN,b_15,constant,14,c_14,D,1.949100783151481,NA,1
20220117,119,TN,b_16,constant,14,c_15,D,1.8086363561104029,NA,1
20220117,119,TN,b_17,decreasing,7,c_05,E,2.149593660651733,NA,1
20220117,119,TN,b_18,decreasing,7,c_04,E,4.347258629504099,NA,1
20220117,119,TN,b_19,decreasing,14,c_12,E,2.754923598356465,NA,1
20220117,119,TN,b_20,decreasing,10,c_09,E,2.762588567208831,NA,1
20220117,119,TN,b_21,constant,10,c_07,F,2.6563142209050117,NA,1
20220117,119,TN,b_22,constant,10,c_10,F,4.085849793863933,NA,1
20220117,119,TN,b_23,constant,7,c_04,F,3.8553853668228553,NA,1
20220117,119,TN,b_24,constant,14,c_13,F,2.484920939781777,NA,1
20220117,119,TN,b_25,decreasing,7,c_03,G,2.18091341147066,NA,1
20220117,119,TN,b_26,decreasing,14,c_15,G,2.088578380323026,NA,1
20220117,119,TN,b_27,decreasing,10,c_10,G,4.496243349175392,NA,1
20220117,119,TN,b_28,constant,10,c_09,H,2.483063231617464,NA,1
20220117,119,TN,b_29,constant,14,c_12,H,2.342598804576386,NA,1
20220117,119,TN,b_30,constant,7,c_01,H,2.792134377535308,NA,1
20220117,119,TOC,b_01,constant,10,c_08,A,41.97950577015414,NA,1
20220117,119,TOC,b_02,constant,7,c_02,A,69.21981240790106,NA,1
20220117,119,TOC,b_03,constant,14,c_11,A,36.600119045647965,NA,1
20220117,119,TOC,b_04,constant,7,c_05,A,40.28042568339487,NA,1
20220117,119,TOC,b_05,decreasing,14,c_13,B,50.7549957396853,NA,1
20220117,119,TOC,b_06,decreasing,14,c_11,B,43.081608505481604,NA,1
20220117,119,TOC,b_07,decreasing,10,c_06,B,47.1382212712779,NA,1
20220117,119,TOC,b_08,decreasing,7,c_01,B,55.7248340370742,NA,1
20220117,119,TOC,b_09,decreasing,7,c_02,C,71.2514468028705,NA,1
20220117,119,TOC,b_10,decreasing,10,c_07,C,50.7780595686668,NA,1
20220117,119,TOC,b_11,decreasing,10,c_08,C,45.3346723344631,NA,1
20220117,119,TOC,b_12,decreasing,14,c_14,C,44.771285100259405,NA,1
20220117,119,TOC,b_13,constant,10,c_06,D,43.68318542311704,NA,1
20220117,119,TOC,b_14,constant,7,c_03,D,37.553492060863945,NA,1
20220117,119,TOC,b_15,constant,14,c_14,D,40.163798698610854,NA,1
20220117,119,TOC,b_16,constant,14,c_15,D,39.00410533635776,NA,1
20220117,119,TOC,b_17,decreasing,7,c_05,E,43.4843489292409,NA,1
20220117,119,TOC,b_18,decreasing,7,c_04,E,73.30096169503719,NA,1
20220117,119,TOC,b_19,decreasing,14,c_12,E,46.927574460833505,NA,1
20220117,119,TOC,b_20,decreasing,10,c_09,E,46.8141872266298,NA,1
20220117,119,TOC,b_21,constant,10,c_07,F,47.6756385250923,NA,1
20220117,119,TOC,b_22,constant,10,c_10,F,71.5659451628392,NA,1
20220117,119,TOC,b_23,constant,7,c_04,F,70.806251800586125,NA,1
20220117,119,TOC,b_24,constant,14,c_13,F,44.76655843833303,NA,1
20220117,119,TOC,b_25,decreasing,7,c_03,G,37.6272510556113,NA,1
20220117,119,TOC,b_26,decreasing,14,c_15,G,40.7338638214076,NA,1
20220117,119,TOC,b_27,decreasing,10,c_10,G,73.6004765872039,NA,1
20220117,119,TOC,b_28,constant,10,c_09,H,44.94778498932066,NA,1
20220117,119,TOC,b_29,constant,14,c_12,H,42.56809162706757,NA,1
20220117,119,TOC,b_30,constant,7,c_01,H,49.29839826481447,NA,1
20220119,121,IC,b_01,constant,10,c_08,A,0.82,NA,1
20220119,121,IC,b_02,constant,7,c_02,A,1.627,NA,1
20220119,121,IC,b_03,constant,14,c_11,A,1.084,NA,1
20220119,121,IC,b_04,constant,7,c_05,A,1.0010000000000001,NA,1
20220119,121,IC,b_05,decreasing,14,c_13,B,2.32,NA,1
20220119,121,IC,b_06,decreasing,14,c_11,B,1.8689999999999996,NA,1
20220119,121,IC,b_07,decreasing,10,c_06,B,1.7679999999999996,NA,1
20220119,121,IC,b_08,decreasing,7,c_01,B,2.8369999999999993,NA,1
20220119,121,IC,b_09,decreasing,7,c_02,C,2.3729999999999993,NA,2
20220119,121,IC,b_10,decreasing,10,c_07,C,3.5609709435153825,NA,1
20220119,121,IC,b_11,decreasing,10,c_08,C,2.6919418870307656,NA,1
20220119,121,IC,b_12,decreasing,14,c_14,C,2.502912830546148,NA,1
20220119,121,IC,b_13,constant,10,c_06,D,2.88,NA,1
20220119,121,IC,b_14,constant,7,c_03,D,4.142759115052073,NA,1
20220119,121,IC,b_15,constant,14,c_14,D,2.845518230104145,NA,1
20220119,121,IC,b_16,constant,14,c_15,D,2.548277345156217,NA,1
20220119,121,IC,b_17,decreasing,7,c_05,E,2.2077675481230616,NA,1
20220119,121,IC,b_18,decreasing,7,c_04,E,2.958738491638444,NA,1
20220119,121,IC,b_19,decreasing,14,c_12,E,3.309709435153827,NA,1
20220119,121,IC,b_20,decreasing,10,c_09,E,3.2706803786692094,NA,1
20220119,121,IC,b_21,constant,10,c_07,F,3.4620729204165794,NA,1
20220119,121,IC,b_22,constant,10,c_10,F,3.494832035468652,NA,1
20220119,121,IC,b_23,constant,7,c_04,F,3.1275911505207246,NA,1
20220119,121,IC,b_24,constant,14,c_13,F,3.2903502655727968,NA,1
20220119,121,IC,b_25,decreasing,7,c_03,G,2.8355350962461228,NA,1
20220119,121,IC,b_26,decreasing,14,c_15,G,2.3365060397615056,NA,1
20220119,121,IC,b_27,decreasing,10,c_10,G,3.217476983276888,NA,1
20220119,121,IC,b_28,constant,10,c_09,H,3.4813867257810873,NA,1
20220119,121,IC,b_29,constant,14,c_12,H,3.4141458408331595,NA,1
20220119,121,IC,b_30,constant,7,c_01,H,3.736904955885232,NA,1
20220119,121,TC,b_01,constant,10,c_08,A,42.9,NA,1
20220119,121,TC,b_02,constant,7,c_02,A,71.894,NA,1
20220119,121,TC,b_03,constant,14,c_11,A,44.858000000000004,NA,1
20220119,121,TC,b_04,constant,7,c_05,A,51.912,NA,1
20220119,121,TC,b_05,decreasing,14,c_13,B,49.39,NA,1
20220119,121,TC,b_06,decreasing,14,c_11,B,38.619142857142855,NA,1
20220119,121,TC,b_07,decreasing,10,c_06,B,41.3182857142857,NA,1
20220119,121,TC,b_08,decreasing,7,c_01,B,46.62742857142856,NA,1
20220119,121,TC,b_09,decreasing,7,c_02,C,61.98828571428571,NA,2
20220119,121,TC,b_10,decreasing,10,c_07,C,44.31948218232765,NA,2
20220119,121,TC,b_11,decreasing,10,c_08,C,45.46650015788203,NA,1
20220119,121,TC,b_12,decreasing,14,c_14,C,44.329750236823045,NA,1
20220119,121,TC,b_13,constant,10,c_06,D,46.79,NA,1
20220119,121,TC,b_14,constant,7,c_03,D,42.655281898734984,NA,1
20220119,121,TC,b_15,constant,14,c_14,D,44.25056379746995,NA,1
20220119,121,TC,b_16,constant,14,c_15,D,43.13584569620493,NA,1
20220119,121,TC,b_17,decreasing,7,c_05,E,42.986000631528114,NA,1
20220119,121,TC,b_18,decreasing,7,c_04,E,69.21925071046913,NA,1
20220119,121,TC,b_19,decreasing,14,c_12,E,47.01250078941015,NA,1
20220119,121,TC,b_20,decreasing,10,c_09,E,45.835750868351155,NA,1
20220119,121,TC,b_21,constant,10,c_07,F,51.942255189879816,NA,1
20220119,121,TC,b_22,constant,10,c_10,F,74.15753708861479,NA,1
20220119,121,TC,b_23,constant,7,c_04,F,71.06281898734977,NA,1
20220119,121,TC,b_24,constant,14,c_13,F,49.058100886084745,NA,1
20220119,121,TC,b_25,decreasing,7,c_03,G,38.162001263056226,NA,1
20220119,121,TC,b_26,decreasing,14,c_15,G,41.185251341997244,NA,1
20220119,121,TC,b_27,decreasing,10,c_10,G,70.86850142093826,NA,1
20220119,121,TC,b_28,constant,10,c_09,H,48.36922848102465,NA,1
20220119,121,TC,b_29,constant,14,c_12,H,46.81451037975963,NA,1
20220119,121,TC,b_30,constant,7,c_01,H,50.3897922784946,NA,1
20220119,121,TN,b_01,constant,10,c_08,A,2.14,NA,1
20220119,121,TN,b_02,constant,7,c_02,A,4.51,NA,1
20220119,121,TN,b_03,constant,14,c_11,A,2.4699999999999998,NA,1
20220119,121,TN,b_04,constant,7,c_05,A,2.82,NA,1
20220119,121,TN,b_05,decreasing,14,c_13,B,3.01,NA,1
20220119,121,TN,b_06,decreasing,14,c_11,B,1.888285714285714,NA,1
20220119,121,TN,b_07,decreasing,10,c_06,B,2.096571428571428,NA,1
20220119,121,TN,b_08,decreasing,7,c_01,B,2.7248571428571418,NA,1
20220119,121,TN,b_09,decreasing,7,c_02,C,3.776571428571428,NA,2
20220119,121,TN,b_10,decreasing,10,c_07,C,2.540074492013468,NA,2
20220119,121,TN,b_11,decreasing,10,c_08,C,2.277440825196733,NA,1
20220119,121,TN,b_12,decreasing,14,c_14,C,2.3561612377951002,NA,1
20220119,121,TN,b_13,constant,10,c_06,D,2.43,NA,1
20220119,121,TN,b_14,constant,7,c_03,D,2.398258587695864,NA,1
20220119,121,TN,b_15,constant,14,c_14,D,2.3365171753917275,NA,1
20220119,121,TN,b_16,constant,14,c_15,D,2.204775763087592,NA,1
20220119,121,TN,b_17,decreasing,7,c_05,E,2.1697633007869337,NA,1
20220119,121,TN,b_18,decreasing,7,c_04,E,4.168483713385299,NA,1
20220119,121,TN,b_19,decreasing,14,c_12,E,2.757204125983667,NA,1
20220119,121,TN,b_20,decreasing,10,c_09,E,2.7159245385820334,NA,1
20220119,121,TN,b_21,constant,10,c_07,F,3.1460687015669113,NA,1
20220119,121,TN,b_22,constant,10,c_10,F,4.5043272892627755,NA,1
20220119,121,TN,b_23,constant,7,c_04,F,4.152585876958638,NA,1
20220119,121,TN,b_24,constant,14,c_13,F,2.8808444646545026,NA,1
20220119,121,TN,b_25,decreasing,7,c_03,G,2.209526601573867,NA,1
20220119,121,TN,b_26,decreasing,14,c_15,G,2.1482470141722336,NA,1
20220119,121,TN,b_27,decreasing,10,c_10,G,4.3869674267706005,NA,1
20220119,121,TN,b_28,constant,10,c_09,H,2.8338788154379584,NA,1
20220119,121,TN,b_29,constant,14,c_12,H,2.712137403133822,NA,1
20220119,121,TN,b_30,constant,7,c_01,H,2.890395990829686,NA,1
20220119,121,TOC,b_01,constant,10,c_08,A,42.08,NA,1
20220119,121,TOC,b_02,constant,7,c_02,A,70.267,NA,1
20220119,121,TOC,b_03,constant,14,c_11,A,43.773999999999994,NA,1
20220119,121,TOC,b_04,constant,7,c_05,A,50.910999999999994,NA,1
20220119,121,TOC,b_05,decreasing,14,c_13,B,47.07,NA,1
20220119,121,TOC,b_06,decreasing,14,c_11,B,34.536,NA,1
20220119,121,TOC,b_07,decreasing,10,c_06,B,35.12199999999999,NA,1
20220119,121,TOC,b_08,decreasing,7,c_01,B,37.14799999999999,NA,1
20220119,121,TOC,b_09,decreasing,7,c_02,C,55.187,NA,2
20220119,121,TOC,b_10,decreasing,10,c_07,C,47.452279135425634,NA,1
20220119,121,TOC,b_11,decreasing,10,c_08,C,42.77455827085126,NA,1
20220119,121,TOC,b_12,decreasing,14,c_14,C,41.826837406276894,NA,1
20220119,121,TOC,b_13,constant,10,c_06,D,43.91,NA,1
20220119,121,TOC,b_14,constant,7,c_03,D,38.512522783682904,NA,1
20220119,121,TOC,b_15,constant,14,c_14,D,41.405045567365804,NA,1
20220119,121,TOC,b_16,constant,14,c_15,D,40.58756835104871,NA,1
20220119,121,TOC,b_17,decreasing,7,c_05,E,40.77823308340505,NA,1
20220119,121,TOC,b_18,decreasing,7,c_04,E,66.26051221883067,NA,1
20220119,121,TOC,b_19,decreasing,14,c_12,E,43.70279135425631,NA,1
20220119,121,TOC,b_20,decreasing,10,c_09,E,42.565070489681936,NA,1
20220119,121,TOC,b_21,constant,10,c_07,F,48.48018226946323,NA,1
20220119,121,TOC,b_22,constant,10,c_10,F,70.66270505314613,NA,1
20220119,121,TOC,b_23,constant,7,c_04,F,67.93522783682904,NA,1
20220119,121,TOC,b_24,constant,14,c_13,F,45.76775062051195,NA,1
20220119,121,TOC,b_25,decreasing,7,c_03,G,35.3264661668101,NA,1
20220119,121,TOC,b_26,decreasing,14,c_15,G,38.848745302235734,NA,1
20220119,121,TOC,b_27,decreasing,10,c_10,G,67.65102443766136,NA,1
20220119,121,TOC,b_28,constant,10,c_09,H,44.887841755243564,NA,1
20220119,121,TOC,b_29,constant,14,c_12,H,43.40036453892647,NA,1
20220119,121,TOC,b_30,constant,7,c_01,H,46.652887322609374,NA,1
20220121,123,IC,b_01,constant,10,c_08,A,2.5624231859893762,NA,1
20220121,123,IC,b_02,constant,7,c_02,A,2.8951823010414492,NA,1
20220121,123,IC,b_03,constant,14,c_11,A,2.5879414160935217,NA,1
20220121,123,IC,b_04,constant,7,c_05,A,2.7407005311455936,NA,1
20220121,123,IC,b_05,decreasing,14,c_13,B,3.1362154749153324,NA,1
20220121,123,IC,b_06,decreasing,14,c_11,B,2.4471864184307153,NA,1
20220121,123,IC,b_07,decreasing,10,c_06,B,2.2281573619460975,NA,1
20220121,123,IC,b_08,decreasing,7,c_01,B,3.3291283054614804,NA,1
20220121,123,IC,b_09,decreasing,7,c_02,C,2.840099248976864,NA,1
20220121,123,IC,b_10,decreasing,10,c_07,C,2.791070192492246,NA,1
20220121,123,IC,b_11,decreasing,10,c_08,C,2.372041136007628,NA,1
20220121,123,IC,b_12,decreasing,14,c_14,C,2.3930120795230105,NA,1
20220121,123,IC,b_13,constant,10,c_06,D,2.6255325666142464,NA,1
20220121,123,IC,b_14,constant,7,c_03,D,3.718291681666319,NA,1
20220121,123,IC,b_15,constant,14,c_14,D,2.571050796718391,NA,1
20220121,123,IC,b_16,constant,14,c_15,D,2.613809911770464,NA,1
20220121,123,IC,b_17,decreasing,7,c_05,E,2.347866797099924,NA,1
20220121,123,IC,b_18,decreasing,7,c_04,E,2.9588377406153072,NA,1
20220121,123,IC,b_19,decreasing,14,c_12,E,3.2798086841306904,NA,1
20220121,123,IC,b_20,decreasing,10,c_09,E,3.2207796276460727,NA,1
20220121,123,IC,b_21,constant,10,c_07,F,3.4376054870308264,NA,1
20220121,123,IC,b_22,constant,10,c_10,F,3.630364602082899,NA,1
20220121,123,IC,b_23,constant,7,c_04,F,3.2231237171349707,NA,1
20220121,123,IC,b_24,constant,14,c_13,F,3.1958828321870434,NA,1
20220121,123,IC,b_25,decreasing,7,c_03,G,3.2156343452229854,NA,1
20220121,123,IC,b_26,decreasing,14,c_15,G,2.3366052887383693,NA,1
20220121,123,IC,b_27,decreasing,10,c_10,G,3.4475762322537506,NA,1
20220121,123,IC,b_28,constant,10,c_09,H,3.056919292395334,NA,1
20220121,123,IC,b_29,constant,14,c_12,H,3.2496784074474054,NA,1
20220121,123,IC,b_30,constant,7,c_01,H,3.432437522499479,NA,1
20220121,123,TC,b_01,constant,10,c_08,A,44.570356075964554,NA,1
20220121,123,TC,b_02,constant,7,c_02,A,69.82563797469953,NA,1
20220121,123,TC,b_03,constant,14,c_11,A,40.39091987343451,NA,1
20220121,123,TC,b_04,constant,7,c_05,A,41.49620177216949,NA,1
20220121,123,TC,b_05,decreasing,14,c_13,B,50.87775213140739,NA,1
20220121,123,TC,b_06,decreasing,14,c_11,B,43.001002210348396,NA,1
20220121,123,TC,b_07,decreasing,10,c_06,B,47.03425228928941,NA,1
20220121,123,TC,b_08,decreasing,7,c_01,B,53.17750236823042,NA,1
20220121,123,TC,b_09,decreasing,7,c_02,C,68.66075244717145,NA,1
20220121,123,TC,b_10,decreasing,10,c_07,C,51.07400252611246,NA,1
20220121,123,TC,b_11,decreasing,10,c_08,C,46.48725260505347,NA,1
20220121,123,TC,b_12,decreasing,14,c_14,C,44.26050268399448,NA,1
20220121,123,TC,b_13,constant,10,c_06,D,44.19373886078427,NA,1
20220121,123,TC,b_14,constant,7,c_03,D,38.94902075951925,NA,1
20220121,123,TC,b_15,constant,14,c_14,D,40.45430265825423,NA,1
20220121,123,TC,b_16,constant,14,c_15,D,40.41958455698921,NA,1
20220121,123,TC,b_17,decreasing,7,c_05,E,44.91675307869955,NA,1
20220121,123,TC,b_18,decreasing,7,c_04,E,71.59000315764057,NA,1
20220121,123,TC,b_19,decreasing,14,c_12,E,47.89325323658158,NA,1
20220121,123,TC,b_20,decreasing,10,c_09,E,46.8465033155226,NA,1
20220121,123,TC,b_21,constant,10,c_07,F,50.09599405066408,NA,1
20220121,123,TC,b_22,constant,10,c_10,F,74.59127594939906,NA,1
20220121,123,TC,b_23,constant,7,c_04,F,70.086557848134035,NA,1
20220121,123,TC,b_24,constant,14,c_13,F,46.00183974686901,NA,1
20220121,123,TC,b_25,decreasing,7,c_03,G,38.712753710227666,NA,1
20220121,123,TC,b_26,decreasing,14,c_15,G,41.78600378916868,NA,1
20220121,123,TC,b_27,decreasing,10,c_10,G,72.0292538681097,NA,1
20220121,123,TC,b_28,constant,10,c_09,H,45.01296734180892,NA,1
20220121,123,TC,b_29,constant,14,c_12,H,44.3182492405439,NA,1
20220121,123,TC,b_30,constant,7,c_01,H,50.373531139278874,NA,1
20220121,123,TN,b_01,constant,10,c_08,A,2.0769131662214138,NA,1
20220121,123,TN,b_02,constant,7,c_02,A,4.085171753917278,NA,1
20220121,123,TN,b_03,constant,14,c_11,A,1.8934303416131417,NA,1
20220121,123,TN,b_04,constant,7,c_05,A,1.8216889293090057,NA,1
20220121,123,TN,b_05,decreasing,14,c_13,B,3.0454511401559006,NA,1
20220121,123,TN,b_06,decreasing,14,c_11,B,2.1641715527542673,NA,1
20220121,123,TN,b_07,decreasing,10,c_06,B,2.4828919653526342,NA,1
20220121,123,TN,b_08,decreasing,7,c_01,B,3.171612377951001,NA,1
20220121,123,TN,b_09,decreasing,7,c_02,C,4.240332790549368,NA,1
20220121,123,TN,b_10,decreasing,10,c_07,C,3.049053203147734,NA,1
20220121,123,TN,b_11,decreasing,10,c_08,C,2.2577736157461006,NA,1
20220121,123,TN,b_12,decreasing,14,c_14,C,2.3464940283444675,NA,1
20220121,123,TN,b_13,constant,10,c_06,D,2.136016218571781,NA,1
20220121,123,TN,b_14,constant,7,c_03,D,2.094274806267645,NA,1
20220121,123,TN,b_15,constant,14,c_14,D,2.0325333939635084,NA,1
20220121,123,TN,b_16,constant,14,c_15,D,1.9407919816593724,NA,1
20220121,123,TN,b_17,decreasing,7,c_05,E,2.290096091336301,NA,1
20220121,123,TN,b_18,decreasing,7,c_04,E,4.328816503934668,NA,1
20220121,123,TN,b_19,decreasing,14,c_12,E,2.8575369165330344,NA,1
20220121,123,TN,b_20,decreasing,10,c_09,E,2.756257329131401,NA,1
20220121,123,TN,b_21,constant,10,c_07,F,2.872084920138692,NA,1
20220121,123,TN,b_22,constant,10,c_10,F,4.490343507834556,NA,1
20220121,123,TN,b_23,constant,7,c_04,F,3.9486020955304193,NA,1
20220121,123,TN,b_24,constant,14,c_13,F,2.5668606832262837,NA,1
20220121,123,TN,b_25,decreasing,7,c_03,G,2.1998593921232343,NA,1
20220121,123,TN,b_26,decreasing,14,c_15,G,2.1385798047216014,NA,1
20220121,123,TN,b_27,decreasing,10,c_10,G,4.487300217319968,NA,1
20220121,123,TN,b_28,constant,10,c_09,H,2.539895034009739,NA,1
20220121,123,TN,b_29,constant,14,c_12,H,2.428153621705603,NA,1
20220121,123,TN,b_30,constant,7,c_01,H,2.976412209401467,NA,1
20220121,123,TOC,b_01,constant,10,c_08,A,42.00793288997517,NA,1
20220121,123,TOC,b_02,constant,7,c_02,A,66.93045567365807,NA,1
20220121,123,TOC,b_03,constant,14,c_11,A,37.80297845734099,NA,1
20220121,123,TOC,b_04,constant,7,c_05,A,38.75550124102389,NA,1
20220121,123,TOC,b_05,decreasing,14,c_13,B,47.741536656492045,NA,1
20220121,123,TOC,b_06,decreasing,14,c_11,B,40.55381579191767,NA,1
20220121,123,TOC,b_07,decreasing,10,c_06,B,44.80609492734331,NA,1
20220121,123,TOC,b_08,decreasing,7,c_01,B,49.84837406276894,NA,1
20220121,123,TOC,b_09,decreasing,7,c_02,C,65.82065319819458,NA,1
20220121,123,TOC,b_10,decreasing,10,c_07,C,48.2829323336202,NA,1
20220121,123,TOC,b_11,decreasing,10,c_08,C,44.11521146904583,NA,1
20220121,123,TOC,b_12,decreasing,14,c_14,C,41.867490604471456,NA,1
20220121,123,TOC,b_13,constant,10,c_06,D,41.568206294170025,NA,1
20220121,123,TOC,b_14,constant,7,c_03,D,35.23072907785293,NA,1
20220121,123,TOC,b_15,constant,14,c_14,D,37.88325186153583,NA,1
20220121,123,TOC,b_16,constant,14,c_15,D,37.80577464521875,NA,1
20220121,123,TOC,b_17,decreasing,7,c_05,E,42.56888628159962,NA,1
20220121,123,TOC,b_18,decreasing,7,c_04,E,68.63116541702524,NA,1
20220121,123,TOC,b_19,decreasing,14,c_12,E,44.613444552450886,NA,1
20220121,123,TOC,b_20,decreasing,10,c_09,E,43.625723687876516,NA,1
20220121,123,TOC,b_21,constant,10,c_07,F,46.65838856363326,NA,1
20220121,123,TOC,b_22,constant,10,c_10,F,70.96091134731617,NA,1
20220121,123,TOC,b_23,constant,7,c_04,F,66.86343413099908,NA,1
20220121,123,TOC,b_24,constant,14,c_13,F,42.80595691468197,NA,1
20220121,123,TOC,b_25,decreasing,7,c_03,G,35.497119365004664,NA,1
20220121,123,TOC,b_26,decreasing,14,c_15,G,39.449398500430306,NA,1
20220121,123,TOC,b_27,decreasing,10,c_10,G,68.58167763585595,NA,1
20220121,123,TOC,b_28,constant,10,c_09,H,41.956048049413596,NA,1
20220121,123,TOC,b_29,constant,14,c_12,H,41.068570833096494,NA,1
20220121,123,TOC,b_30,constant,7,c_01,H,46.9410936167794,NA,1
20220124,126,IC,b_01,constant,10,c_08,A,1.17,NA,1
20220124,126,IC,b_02,constant,7,c_02,A,1.5473273506962268,NA,1
20220124,126,IC,b_03,constant,14,c_11,A,1.0446547013924532,NA,1
20220124,126,IC,b_04,constant,7,c_05,A,1.08198205208868,NA,1
20220124,126,IC,b_05,decreasing,14,c_13,B,2.1,NA,1
20220124,126,IC,b_06,decreasing,14,c_11,B,1.4223374926627912,NA,1
20220124,126,IC,b_07,decreasing,10,c_06,B,1.3846749853255824,NA,1
20220124,126,IC,b_08,decreasing,7,c_01,B,2.7970124779883743,NA,1
20220124,126,IC,b_09,decreasing,7,c_02,C,2.1193499706511654,NA,1
20220124,126,IC,b_10,decreasing,10,c_07,C,2.5116874633139563,NA,1
20220124,126,IC,b_11,decreasing,10,c_08,C,1.5740249559767476,NA,1
20220124,126,IC,b_12,decreasing,14,c_14,C,1.966362448639539,NA,1
20220124,126,IC,b_13,constant,10,c_06,D,1.44792820835472,NA,1
20220124,126,IC,b_14,constant,7,c_03,D,2.6852555590509466,NA,1
20220124,126,IC,b_15,constant,14,c_14,D,1.3625829097471736,NA,1
20220124,126,IC,b_16,constant,14,c_15,D,1.6099102604433997,NA,1
20220124,126,IC,b_17,decreasing,7,c_05,E,1.4580499119534958,NA,1
20220124,126,IC,b_18,decreasing,7,c_04,E,1.880387404616287,NA,1
20220124,126,IC,b_19,decreasing,14,c_12,E,2.9427248972790787,NA,1
20220124,126,IC,b_20,decreasing,10,c_09,E,2.7350623899418696,NA,1
20220124,126,IC,b_21,constant,10,c_07,F,2.3965470139245326,NA,1
20220124,126,IC,b_22,constant,10,c_10,F,2.2638743646207597,NA,1
20220124,126,IC,b_23,constant,7,c_04,F,1.8012017153169866,NA,1
20220124,126,IC,b_24,constant,14,c_13,F,2.1985290660132133,NA,1
20220124,126,IC,b_25,decreasing,7,c_03,G,2.5467498532558266,NA,1
20220124,126,IC,b_26,decreasing,14,c_15,G,1.8890873459186177,NA,1
20220124,126,IC,b_27,decreasing,10,c_10,G,2.3114248385814093,NA,1
20220124,126,IC,b_28,constant,10,c_09,H,2.2778384687981195,NA,1
20220124,126,IC,b_29,constant,14,c_12,H,1.7551658194943462,NA,1
20220124,126,IC,b_30,constant,7,c_01,H,2.8924931701905727,NA,1
20220124,126,TC,b_01,constant,10,c_08,A,45.76,NA,1
20220124,126,TC,b_02,constant,7,c_02,A,68.01974717287283,NA,1
20220124,126,TC,b_03,constant,14,c_11,A,42.23949434574565,NA,1
20220124,126,TC,b_04,constant,7,c_05,A,39.40924151861847,NA,1
20220124,126,TC,b_05,decreasing,14,c_13,B,49.71,NA,1
20220124,126,TC,b_06,decreasing,14,c_11,B,41.2807291765285,NA,1
20220124,126,TC,b_07,decreasing,10,c_06,B,45.73145835305701,NA,1
20220124,126,TC,b_08,decreasing,7,c_01,B,56.342187529585516,NA,1
20220124,126,TC,b_09,decreasing,7,c_02,C,68.41291670611402,NA,1
20220124,126,TC,b_10,decreasing,10,c_07,C,52.39364588264253,NA,1
20220124,126,TC,b_11,decreasing,10,c_08,C,46.384375059171035,NA,1
20220124,126,TC,b_12,decreasing,14,c_14,C,45.06510423569954,NA,1
20220124,126,TC,b_13,constant,10,c_06,D,46.01696607447389,NA,1
20220124,126,TC,b_14,constant,7,c_03,D,41.94671324734672,NA,1
20220124,126,TC,b_15,constant,14,c_14,D,42.36646042021954,NA,1
20220124,126,TC,b_16,constant,14,c_15,D,42.566207593092365,NA,1
20220124,126,TC,b_17,decreasing,7,c_05,E,44.74875011834207,NA,1
20220124,126,TC,b_18,decreasing,7,c_04,E,71.46947929487058,NA,1
20220124,126,TC,b_19,decreasing,14,c_12,E,48.430208471399084,NA,1
20220124,126,TC,b_20,decreasing,10,c_09,E,47.22093764792759,NA,1
20220124,126,TC,b_21,constant,10,c_07,F,52.20494345745649,NA,1
20220124,126,TC,b_22,constant,10,c_10,F,76.53469063032932,NA,1
20220124,126,TC,b_23,constant,7,c_04,F,70.714437803202145,NA,1
20220124,126,TC,b_24,constant,14,c_13,F,49.164184976074964,NA,1
20220124,126,TC,b_25,decreasing,7,c_03,G,38.90458353057012,NA,1
20220124,126,TC,b_26,decreasing,14,c_15,G,42.27531270709863,NA,1
20220124,126,TC,b_27,decreasing,10,c_10,G,73.54604188362714,NA,1
20220124,126,TC,b_28,constant,10,c_09,H,49.43317366756626,NA,1
20220124,126,TC,b_29,constant,14,c_12,H,46.052920840439086,NA,1
20220124,126,TC,b_30,constant,7,c_01,H,54.67266801331191,NA,1
20220124,126,TN,b_01,constant,10,c_08,A,2.44,NA,1
20220124,126,TN,b_02,constant,7,c_02,A,4.309499809593191,NA,1
20220124,126,TN,b_03,constant,14,c_11,A,2.1889996191863834,NA,1
20220124,126,TN,b_04,constant,7,c_05,A,1.8684994287795749,NA,1
20220124,126,TN,b_05,decreasing,14,c_13,B,3.12,NA,1
20220124,126,TN,b_06,decreasing,14,c_11,B,2.136939389922936,NA,1
20220124,126,TN,b_07,decreasing,10,c_06,B,2.4338787798458714,NA,1
20220124,126,TN,b_08,decreasing,7,c_01,B,3.430818169768807,NA,1
20220124,126,TN,b_09,decreasing,7,c_02,C,4.167757559691742,NA,1
20220124,126,TN,b_10,decreasing,10,c_07,C,3.0046969496146785,NA,1
20220124,126,TN,b_11,decreasing,10,c_08,C,2.351636339537614,NA,1
20220124,126,TN,b_12,decreasing,14,c_14,C,2.3785757294605494,NA,1
20220124,126,TN,b_13,constant,10,c_06,D,2.3339977151183002,NA,1
20220124,126,TN,b_14,constant,7,c_03,D,2.3634975247114918,NA,1
20220124,126,TN,b_15,constant,14,c_14,D,2.2529973343046836,NA,1
20220124,126,TN,b_16,constant,14,c_15,D,2.142497143897875,NA,1
20220124,126,TN,b_17,decreasing,7,c_05,E,2.2832726790752274,NA,1
20220124,126,TN,b_18,decreasing,7,c_04,E,4.320212068998163,NA,1
20220124,126,TN,b_19,decreasing,14,c_12,E,2.827151458921099,NA,1
20220124,126,TN,b_20,decreasing,10,c_09,E,2.7540908488440343,NA,1
20220124,126,TN,b_21,constant,10,c_07,F,3.0399961918638336,NA,1
20220124,126,TN,b_22,constant,10,c_10,F,4.589496001457025,NA,1
20220124,126,TN,b_23,constant,7,c_04,F,4.108995811050217,NA,1
20220124,126,TN,b_24,constant,14,c_13,F,2.848495620643409,NA,1
20220124,126,TN,b_25,decreasing,7,c_03,G,2.1887877984587125,NA,1
20220124,126,TN,b_26,decreasing,14,c_15,G,2.1957271883816483,NA,1
20220124,126,TN,b_27,decreasing,10,c_10,G,4.582666578304584,NA,1
20220124,126,TN,b_28,constant,10,c_09,H,2.9164948590161757,NA,1
20220124,126,TN,b_29,constant,14,c_12,H,2.665994668609367,NA,1
20220124,126,TN,b_30,constant,7,c_01,H,3.275494478202559,NA,1
20220124,126,TOC,b_01,constant,10,c_08,A,44.589999999999996,NA,1
20220124,126,TOC,b_02,constant,7,c_02,A,66.4724198221766,NA,1
20220124,126,TOC,b_03,constant,14,c_11,A,41.1948396443532,NA,1
20220124,126,TOC,b_04,constant,7,c_05,A,38.327259466529796,NA,1
20220124,126,TOC,b_05,decreasing,14,c_13,B,47.61,NA,1
20220124,126,TOC,b_06,decreasing,14,c_11,B,39.85839168386572,NA,1
20220124,126,TOC,b_07,decreasing,10,c_06,B,44.346783367731426,NA,1
20220124,126,TOC,b_08,decreasing,7,c_01,B,53.54517505159715,NA,1
20220124,126,TOC,b_09,decreasing,7,c_02,C,66.29356673546286,NA,1
20220124,126,TOC,b_10,decreasing,10,c_07,C,49.88195841932858,NA,1
20220124,126,TOC,b_11,decreasing,10,c_08,C,44.81035010319429,NA,1
20220124,126,TOC,b_12,decreasing,14,c_14,C,43.09874178706001,NA,1
20220124,126,TOC,b_13,constant,10,c_06,D,44.569037866119174,NA,1
20220124,126,TOC,b_14,constant,7,c_03,D,39.26145768829578,NA,1
20220124,126,TOC,b_15,constant,14,c_14,D,41.00387751047237,NA,1
20220124,126,TOC,b_16,constant,14,c_15,D,40.95629733264897,NA,1
20220124,126,TOC,b_17,decreasing,7,c_05,E,43.29070020638858,NA,1
20220124,126,TOC,b_18,decreasing,7,c_04,E,69.5890918902543,NA,1
20220124,126,TOC,b_19,decreasing,14,c_12,E,45.487483574120006,NA,1
20220124,126,TOC,b_20,decreasing,10,c_09,E,44.485875257985725,NA,1
20220124,126,TOC,b_21,constant,10,c_07,F,49.80839644353196,NA,1
20220124,126,TOC,b_22,constant,10,c_10,F,74.27081626570856,NA,1
20220124,126,TOC,b_23,constant,7,c_04,F,68.91323608788514,NA,1
20220124,126,TOC,b_24,constant,14,c_13,F,46.965655910061756,NA,1
20220124,126,TOC,b_25,decreasing,7,c_03,G,36.35783367731429,NA,1
20220124,126,TOC,b_26,decreasing,14,c_15,G,40.38622536118001,NA,1
20220124,126,TOC,b_27,decreasing,10,c_10,G,71.23461704504572,NA,1
20220124,126,TOC,b_28,constant,10,c_09,H,47.15533519876815,NA,1
20220124,126,TOC,b_29,constant,14,c_12,H,44.29775502094475,NA,1
20220124,126,TOC,b_30,constant,7,c_01,H,51.780174843121344,NA,1
20220126,128,IC,b_01,constant,10,c_08,A,1.0271478715830262,NA,1
20220126,128,IC,b_02,constant,7,c_02,A,1.7244752222792532,NA,1
20220126,128,IC,b_03,constant,14,c_11,A,1.0318025729754798,NA,1
20220126,128,IC,b_04,constant,7,c_05,A,1.4891299236717064,NA,1
20220126,128,IC,b_05,decreasing,14,c_13,B,2.462462272546531,NA,1
20220126,128,IC,b_06,decreasing,14,c_11,B,1.5647997652093224,NA,1
20220126,128,IC,b_07,decreasing,10,c_06,B,1.4971372578721134,NA,1
20220126,128,IC,b_08,decreasing,7,c_01,B,3.099474750534905,NA,1
20220126,128,IC,b_09,decreasing,7,c_02,C,2.0918122431976967,NA,1
20220126,128,IC,b_10,decreasing,10,c_07,C,2.314149735860487,NA,1
20220126,128,IC,b_11,decreasing,10,c_08,C,1.4164872285232786,NA,1
20220126,128,IC,b_12,decreasing,14,c_14,C,1.7388247211860706,NA,1
20220126,128,IC,b_13,constant,10,c_06,D,0.7850760799377459,NA,1
20220126,128,IC,b_14,constant,7,c_03,D,2.2924034306339722,NA,1
20220126,128,IC,b_15,constant,14,c_14,D,1.1197307813301989,NA,1
20220126,128,IC,b_16,constant,14,c_15,D,0.8470581320264263,NA,1
20220126,128,IC,b_17,decreasing,7,c_05,E,1.4205121845000268,NA,1
20220126,128,IC,b_18,decreasing,7,c_04,E,1.652849677162819,NA,1
20220126,128,IC,b_19,decreasing,14,c_12,E,2.3451871698256097,NA,1
20220126,128,IC,b_20,decreasing,10,c_09,E,2.6175246624884005,NA,1
20220126,128,IC,b_21,constant,10,c_07,F,1.713694885507559,NA,1
20220126,128,IC,b_22,constant,10,c_10,F,1.8310222362037853,NA,1
20220126,128,IC,b_23,constant,7,c_04,F,1.4383495869000118,NA,1
20220126,128,IC,b_24,constant,14,c_13,F,1.5256769375962387,NA,1
20220126,128,IC,b_25,decreasing,7,c_03,G,2.2592121258023576,NA,1
20220126,128,IC,b_26,decreasing,14,c_15,G,1.6015496184651479,NA,1
20220126,128,IC,b_27,decreasing,10,c_10,G,2.3738871111279405,NA,1
20220126,128,IC,b_28,constant,10,c_09,H,1.9949863403811454,NA,1
20220126,128,IC,b_29,constant,14,c_12,H,1.3323136910773723,NA,1
20220126,128,IC,b_30,constant,7,c_01,H,1.9396410417735988,NA,1
20220126,128,TC,b_01,constant,10,c_08,A,43.18216235905756,NA,1
20220126,128,TC,b_02,constant,7,c_02,A,68.81190953193038,NA,1
20220126,128,TC,b_03,constant,14,c_11,A,35.97165670480321,NA,1
20220126,128,TC,b_04,constant,7,c_05,A,40.19140387767604,NA,1
20220126,128,TC,b_05,decreasing,14,c_13,B,49.17260447238369,NA,1
20220126,128,TC,b_06,decreasing,14,c_11,B,39.803333648912194,NA,1
20220126,128,TC,b_07,decreasing,10,c_06,B,45.44406282544071,NA,1
20220126,128,TC,b_08,decreasing,7,c_01,B,54.94479200196921,NA,1
20220126,128,TC,b_09,decreasing,7,c_02,C,67.56552117849772,NA,1
20220126,128,TC,b_10,decreasing,10,c_07,C,51.19625035502622,NA,1
20220126,128,TC,b_11,decreasing,10,c_08,C,44.896979531554734,NA,1
20220126,128,TC,b_12,decreasing,14,c_14,C,43.617708708083235,NA,1
20220126,128,TC,b_13,constant,10,c_06,D,42.53912843353146,NA,1
20220126,128,TC,b_14,constant,7,c_03,D,38.028875606404284,NA,1
20220126,128,TC,b_15,constant,14,c_14,D,37.6586227792771,NA,1
20220126,128,TC,b_16,constant,14,c_15,D,37.76836995214993,NA,1
20220126,128,TC,b_17,decreasing,7,c_05,E,43.10135459072577,NA,1
20220126,128,TC,b_18,decreasing,7,c_04,E,71.17208376725426,NA,1
20220126,128,TC,b_19,decreasing,14,c_12,E,48.13281294378278,NA,1
20220126,128,TC,b_20,decreasing,10,c_09,E,47.68354212031129,NA,1
20220126,128,TC,b_21,constant,10,c_07,F,49.087105816514054,NA,1
20220126,128,TC,b_22,constant,10,c_10,F,73.81685298938689,NA,1
20220126,128,TC,b_23,constant,7,c_04,F,68.4766001622597,NA,1
20220126,128,TC,b_24,constant,14,c_13,F,46.84634733513253,NA,1
20220126,128,TC,b_25,decreasing,7,c_03,G,37.49718800295382,NA,1
20220126,128,TC,b_26,decreasing,14,c_15,G,40.89791717948233,NA,1
20220126,128,TC,b_27,decreasing,10,c_10,G,72.77864635601084,NA,1
20220126,128,TC,b_28,constant,10,c_09,H,45.915336026623834,NA,1
20220126,128,TC,b_29,constant,14,c_12,H,45.25508319949665,NA,1
20220126,128,TC,b_30,constant,7,c_01,H,48.34483037236948,NA,1
20220126,128,TN,b_01,constant,10,c_08,A,2.0244940973889425,NA,1
20220126,128,TN,b_02,constant,7,c_02,A,3.953993906982134,NA,1
20220126,128,TN,b_03,constant,14,c_11,A,1.6634937165753256,NA,1
20220126,128,TN,b_04,constant,7,c_05,A,1.7329935261685172,NA,1
20220126,128,TN,b_05,decreasing,14,c_13,B,2.8951210876110047,NA,1
20220126,128,TN,b_06,decreasing,14,c_11,B,2.01206047753394,NA,1
20220126,128,TN,b_07,decreasing,10,c_06,B,2.4089998674568753,NA,1
20220126,128,TN,b_08,decreasing,7,c_01,B,3.2759392573798114,NA,1
20220126,128,TN,b_09,decreasing,7,c_02,C,4.102878647302747,NA,1
20220126,128,TN,b_10,decreasing,10,c_07,C,3.0098180372256826,NA,1
20220126,128,TN,b_11,decreasing,10,c_08,C,2.276757427148618,NA,1
20220126,128,TN,b_12,decreasing,14,c_14,C,2.303696817071554,NA,1
20220126,128,TN,b_13,constant,10,c_06,D,2.0884918125072427,NA,1
20220126,128,TN,b_14,constant,7,c_03,D,2.017991622100434,NA,1
20220126,128,TN,b_15,constant,14,c_14,D,1.867491431693626,NA,1
20220126,128,TN,b_16,constant,14,c_15,D,1.8069912412868177,NA,1
20220126,128,TN,b_17,decreasing,7,c_05,E,2.158393766686232,NA,1
20220126,128,TN,b_18,decreasing,7,c_04,E,4.265333156609168,NA,1
20220126,128,TN,b_19,decreasing,14,c_12,E,2.842272546532103,NA,1
20220126,128,TN,b_20,decreasing,10,c_09,E,2.7892119364550387,NA,1
20220126,128,TN,b_21,constant,10,c_07,F,2.794490289252776,NA,1
20220126,128,TN,b_22,constant,10,c_10,F,4.4339900988459675,NA,1
20220126,128,TN,b_23,constant,7,c_04,F,3.7834899084391593,NA,1
20220126,128,TN,b_24,constant,14,c_13,F,2.6329897180323516,NA,1
20220126,128,TN,b_25,decreasing,7,c_03,G,2.0839088860697172,NA,1
20220126,128,TN,b_26,decreasing,14,c_15,G,2.1208482759926524,NA,1
20220126,128,TN,b_27,decreasing,10,c_10,G,4.487787665915588,NA,1
20220126,128,TN,b_28,constant,10,c_09,H,2.600988956405118,NA,1
20220126,128,TN,b_29,constant,14,c_12,H,2.5104887659983093,NA,1
20220126,128,TN,b_30,constant,7,c_01,H,2.8099885755915013,NA,1
20220126,128,TOC,b_01,constant,10,c_08,A,42.155014487474546,NA,1
20220126,128,TOC,b_02,constant,7,c_02,A,67.08743430965114,NA,1
20220126,128,TOC,b_03,constant,14,c_11,A,34.93985413182774,NA,1
20220126,128,TOC,b_04,constant,7,c_05,A,38.70227395400434,NA,1
20220126,128,TOC,b_05,decreasing,14,c_13,B,46.71014219983716,NA,1
20220126,128,TOC,b_06,decreasing,14,c_11,B,38.23853388370287,NA,1
20220126,128,TOC,b_07,decreasing,10,c_06,B,43.94692556756859,NA,1
20220126,128,TOC,b_08,decreasing,7,c_01,B,51.845317251434295,NA,1
20220126,128,TOC,b_09,decreasing,7,c_02,C,65.47370893530001,NA,1
20220126,128,TOC,b_10,decreasing,10,c_07,C,48.882100619165726,NA,1
20220126,128,TOC,b_11,decreasing,10,c_08,C,43.480492303031454,NA,1
20220126,128,TOC,b_12,decreasing,14,c_14,C,41.87888398689716,NA,1
20220126,128,TOC,b_13,constant,10,c_06,D,41.75405235359372,NA,1
20220126,128,TOC,b_14,constant,7,c_03,D,35.73647217577032,NA,1
20220126,128,TOC,b_15,constant,14,c_14,D,36.53889199794692,NA,1
20220126,128,TOC,b_16,constant,14,c_15,D,36.92131182012352,NA,1
20220126,128,TOC,b_17,decreasing,7,c_05,E,41.680842406225736,NA,1
20220126,128,TOC,b_18,decreasing,7,c_04,E,69.51923409009146,NA,1
20220126,128,TOC,b_19,decreasing,14,c_12,E,45.78762577395717,NA,1
20220126,128,TOC,b_20,decreasing,10,c_09,E,45.06601745782288,NA,1
20220126,128,TOC,b_21,constant,10,c_07,F,47.3734109310065,NA,1
20220126,128,TOC,b_22,constant,10,c_10,F,71.98583075318311,NA,1
20220126,128,TOC,b_23,constant,7,c_04,F,67.0382505753597,NA,1
20220126,128,TOC,b_24,constant,14,c_13,F,45.320670397536304,NA,1
20220126,128,TOC,b_25,decreasing,7,c_03,G,35.23797587715145,NA,1
20220126,128,TOC,b_26,decreasing,14,c_15,G,39.29636756101717,NA,1
20220126,128,TOC,b_27,decreasing,10,c_10,G,70.4047592448829,NA,1
20220126,128,TOC,b_28,constant,10,c_09,H,43.92034968624269,NA,1
20220126,128,TOC,b_29,constant,14,c_12,H,43.92276950841929,NA,1
20220126,128,TOC,b_30,constant,7,c_01,H,46.40518933059589,NA,1
20220128,130,IC,b_01,constant,10,c_08,A,4.48,NA,1
20220128,130,IC,b_02,constant,7,c_02,A,5.344024703213736,NA,1
20220128,130,IC,b_03,constant,14,c_11,A,4.678049406427472,NA,1
20220128,130,IC,b_04,constant,7,c_05,A,4.722074109641207,NA,1
20220128,130,IC,b_05,decreasing,14,c_13,B,5.73,NA,1
20220128,130,IC,b_06,decreasing,14,c_11,B,4.899232764660216,NA,1
20220128,130,IC,b_07,decreasing,10,c_06,B,4.878465529320432,NA,1
20220128,130,IC,b_08,decreasing,7,c_01,B,5.897698293980648,NA,1
20220128,130,IC,b_09,decreasing,7,c_02,C,5.556931058640864,NA,1
20220128,130,IC,b_10,decreasing,10,c_07,C,5.496163823301081,NA,1
20220128,130,IC,b_11,decreasing,10,c_08,C,4.825396587961297,NA,1
20220128,130,IC,b_12,decreasing,14,c_14,C,5.004629352621514,NA,1
20220128,130,IC,b_13,constant,10,c_06,D,4.648296438564829,NA,1
20220128,130,IC,b_14,constant,7,c_03,D,5.9423211417785655,NA,1
20220128,130,IC,b_15,constant,14,c_14,D,4.7763458449923,NA,1
20220128,130,IC,b_16,constant,14,c_15,D,4.680370548206037,NA,1
20220128,130,IC,b_17,decreasing,7,c_05,E,4.570793175922595,NA,1
20220128,130,IC,b_18,decreasing,7,c_04,E,5.580025940582811,NA,1
20220128,130,IC,b_19,decreasing,14,c_12,E,5.819258705243027,NA,1
20220128,130,IC,b_20,decreasing,10,c_09,E,5.638491469903244,NA,1
20220128,130,IC,b_21,constant,10,c_07,F,5.370494064274715,NA,1
20220128,130,IC,b_22,constant,10,c_10,F,6.104518767488451,NA,1
20220128,130,IC,b_23,constant,7,c_04,F,5.378543470702187,NA,1
20220128,130,IC,b_24,constant,14,c_13,F,5.172568173915922,NA,1
20220128,130,IC,b_25,decreasing,7,c_03,G,5.554655293204324,NA,1
20220128,130,IC,b_26,decreasing,14,c_15,G,4.85388805786454,NA,1
20220128,130,IC,b_27,decreasing,10,c_10,G,5.913120822524757,NA,1
20220128,130,IC,b_28,constant,10,c_09,H,5.398666986770865,NA,1
20220128,130,IC,b_29,constant,14,c_12,H,5.012691689984601,NA,1
20220128,130,IC,b_30,constant,7,c_01,H,5.6067163931983375,NA,1
20220128,130,TC,b_01,constant,10,c_08,A,57.38,NA,1
20220128,130,TC,b_02,constant,7,c_02,A,90.75674420914946,NA,1
20220128,130,TC,b_03,constant,14,c_11,A,51.85348841829892,NA,1
20220128,130,TC,b_04,constant,7,c_05,A,55.00023262744838,NA,1
20220128,130,TC,b_05,decreasing,14,c_13,B,65.58,NA,1
20220128,130,TC,b_06,decreasing,14,c_11,B,52.358737053377006,NA,1
20220128,130,TC,b_07,decreasing,10,c_06,B,59.54747410675401,NA,1
20220128,130,TC,b_08,decreasing,7,c_01,B,68.44621116013103,NA,1
20220128,130,TC,b_09,decreasing,7,c_02,C,87.06494821350803,NA,1
20220128,130,TC,b_10,decreasing,10,c_07,C,64.52368526688504,NA,1
20220128,130,TC,b_11,decreasing,10,c_08,C,57.54242232026205,NA,1
20220128,130,TC,b_12,decreasing,14,c_14,C,56.421159373639064,NA,1
20220128,130,TC,b_13,constant,10,c_06,D,58.300930509793524,NA,1
20220128,130,TC,b_14,constant,7,c_03,D,53.13767471894299,NA,1
20220128,130,TC,b_15,constant,14,c_14,D,54.094418928092445,NA,1
20220128,130,TC,b_16,constant,14,c_15,D,53.23116313724191,NA,1
20220128,130,TC,b_17,decreasing,7,c_05,E,56.23484464052411,NA,1
20220128,130,TC,b_18,decreasing,7,c_04,E,87.5735816939011,NA,1
20220128,130,TC,b_19,decreasing,14,c_12,E,62.85231874727813,NA,1
20220128,130,TC,b_20,decreasing,10,c_09,E,61.50105580065514,NA,1
20220128,130,TC,b_21,constant,10,c_07,F,65.89488418298922,NA,1
20220128,130,TC,b_22,constant,10,c_10,F,92.67162839213867,NA,1
20220128,130,TC,b_23,constant,7,c_04,F,88.59837260128813,NA,1
20220128,130,TC,b_24,constant,14,c_13,F,62.3051168104376,NA,1
20220128,130,TC,b_25,decreasing,7,c_03,G,47.694741067540185,NA,1
20220128,130,TC,b_26,decreasing,14,c_15,G,51.783478120917195,NA,1
20220128,130,TC,b_27,decreasing,10,c_10,G,86.9422151742942,NA,1
20220128,130,TC,b_28,constant,10,c_09,H,60.86209364703545,NA,1
20220128,130,TC,b_29,constant,14,c_12,H,60.33883785618491,NA,1
20220128,130,TC,b_30,constant,7,c_01,H,68.65558206533436,NA,1
20220128,130,TN,b_01,constant,10,c_08,A,2.34,NA,1
20220128,130,TN,b_02,constant,7,c_02,A,4.770646224150207,NA,1
20220128,130,TN,b_03,constant,14,c_11,A,2.1212924483004123,NA,1
20220128,130,TN,b_04,constant,7,c_05,A,2.1319386724506186,NA,1
20220128,130,TN,b_05,decreasing,14,c_13,B,3.39,NA,1
20220128,130,TN,b_06,decreasing,14,c_11,B,2.140883305246814,NA,1
20220128,130,TN,b_07,decreasing,10,c_06,B,2.6217666104936286,NA,1
20220128,130,TN,b_08,decreasing,7,c_01,B,3.4626499157404425,NA,1
20220128,130,TN,b_09,decreasing,7,c_02,C,4.613533220987257,NA,1
20220128,130,TN,b_10,decreasing,10,c_07,C,3.2644165262340707,NA,1
20220128,130,TN,b_11,decreasing,10,c_08,C,2.3352998314808855,NA,1
20220128,130,TN,b_12,decreasing,14,c_14,C,2.4161831367276996,NA,1
20220128,130,TN,b_13,constant,10,c_06,D,2.4577546898024734,NA,1
20220128,130,TN,b_14,constant,7,c_03,D,2.4484009139526797,NA,1
20220128,130,TN,b_15,constant,14,c_14,D,2.3090471381028856,NA,1
20220128,130,TN,b_16,constant,14,c_15,D,2.209693362253092,NA,1
20220128,130,TN,b_17,decreasing,7,c_05,E,2.300599662961771,NA,1
20220128,130,TN,b_18,decreasing,7,c_04,E,4.551482968208585,NA,1
20220128,130,TN,b_19,decreasing,14,c_12,E,3.1623662734553992,NA,1
20220128,130,TN,b_20,decreasing,10,c_09,E,3.143249578702213,NA,1
20220128,130,TN,b_21,constant,10,c_07,F,3.2329244830041226,NA,1
20220128,130,TN,b_22,constant,10,c_10,F,4.8435707071543295,NA,1
20220128,130,TN,b_23,constant,7,c_04,F,4.344216931304535,NA,1
20220128,130,TN,b_24,constant,14,c_13,F,3.014863155454741,NA,1
20220128,130,TN,b_25,decreasing,7,c_03,G,2.2076661049362842,NA,1
20220128,130,TN,b_26,decreasing,14,c_15,G,2.198549410183099,NA,1
20220128,130,TN,b_27,decreasing,10,c_10,G,4.639432715429913,NA,1
20220128,130,TN,b_28,constant,10,c_09,H,3.0374480520555656,NA,1
20220128,130,TN,b_29,constant,14,c_12,H,2.8680942762057717,NA,1
20220128,130,TN,b_30,constant,7,c_01,H,3.448740500355978,NA,1
20220128,130,TOC,b_01,constant,10,c_08,A,52.900000000000006,NA,1
20220128,130,TOC,b_02,constant,7,c_02,A,85.41271950593571,NA,1
20220128,130,TOC,b_03,constant,14,c_11,A,47.17543901187145,NA,1
20220128,130,TOC,b_04,constant,7,c_05,A,50.27815851780718,NA,1
20220128,130,TOC,b_05,decreasing,14,c_13,B,59.849999999999994,NA,1
20220128,130,TOC,b_06,decreasing,14,c_11,B,47.459504288716786,NA,1
20220128,130,TOC,b_07,decreasing,10,c_06,B,54.66900857743358,NA,1
20220128,130,TOC,b_08,decreasing,7,c_01,B,62.548512866150375,NA,1
20220128,130,TOC,b_09,decreasing,7,c_02,C,81.50801715486716,NA,1
20220128,130,TOC,b_10,decreasing,10,c_07,C,59.02752144358396,NA,1
20220128,130,TOC,b_11,decreasing,10,c_08,C,52.717025732300755,NA,1
20220128,130,TOC,b_12,decreasing,14,c_14,C,51.41653002101755,NA,1
20220128,130,TOC,b_13,constant,10,c_06,D,53.652634071228704,NA,1
20220128,130,TOC,b_14,constant,7,c_03,D,47.19535357716443,NA,1
20220128,130,TOC,b_15,constant,14,c_14,D,49.31807308310015,NA,1
20220128,130,TOC,b_16,constant,14,c_15,D,48.55079258903588,NA,1
20220128,130,TOC,b_17,decreasing,7,c_05,E,51.66405146460152,NA,1
20220128,130,TOC,b_18,decreasing,7,c_04,E,81.9935557533183,NA,1
20220128,130,TOC,b_19,decreasing,14,c_12,E,57.0330600420351,NA,1
20220128,130,TOC,b_20,decreasing,10,c_09,E,55.862564330751894,NA,1
20220128,130,TOC,b_21,constant,10,c_07,F,60.52439011871451,NA,1
20220128,130,TOC,b_22,constant,10,c_10,F,86.56710962465021,NA,1
20220128,130,TOC,b_23,constant,7,c_04,F,83.21982913058595,NA,1
20220128,130,TOC,b_24,constant,14,c_13,F,57.13254863652168,NA,1
20220128,130,TOC,b_25,decreasing,7,c_03,G,42.140085774335866,NA,1
20220128,130,TOC,b_26,decreasing,14,c_15,G,46.92959006305265,NA,1
20220128,130,TOC,b_27,decreasing,10,c_10,G,81.02909435176944,NA,1
20220128,130,TOC,b_28,constant,10,c_09,H,55.46342666026459,NA,1
20220128,130,TOC,b_29,constant,14,c_12,H,55.32614616620031,NA,1
20220128,130,TOC,b_30,constant,7,c_01,H,63.04886567213604,NA,1
20220131,133,IC,b_01,constant,10,c_08,A,4.434765799625809,NA,1
20220131,133,IC,b_02,constant,7,c_02,A,4.798790502839544,NA,1
20220131,133,IC,b_03,constant,14,c_11,A,4.61281520605328,NA,1
20220131,133,IC,b_04,constant,7,c_05,A,4.726839909267016,NA,1
20220131,133,IC,b_05,decreasing,14,c_13,B,5.4362157044667025,NA,1
20220131,133,IC,b_06,decreasing,14,c_11,B,4.895448469126919,NA,1
20220131,133,IC,b_07,decreasing,10,c_06,B,4.804681233787136,NA,1
20220131,133,IC,b_08,decreasing,7,c_01,B,5.773913998447352,NA,1
20220131,133,IC,b_09,decreasing,7,c_02,C,5.223146763107568,NA,1
20220131,133,IC,b_10,decreasing,10,c_07,C,5.332379527767784,NA,1
20220131,133,IC,b_11,decreasing,10,c_08,C,4.871612292428,NA,1
20220131,133,IC,b_12,decreasing,14,c_14,C,4.820845057088217,NA,1
20220131,133,IC,b_13,constant,10,c_06,D,4.423062238190638,NA,1
20220131,133,IC,b_14,constant,7,c_03,D,5.307086941404374,NA,1
20220131,133,IC,b_15,constant,14,c_14,D,4.521111644618109,NA,1
20220131,133,IC,b_16,constant,14,c_15,D,4.555136347831844,NA,1
20220131,133,IC,b_17,decreasing,7,c_05,E,4.717008880389298,NA,1
20220131,133,IC,b_18,decreasing,7,c_04,E,5.606241645049513,NA,1
20220131,133,IC,b_19,decreasing,14,c_12,E,5.68547440970973,NA,1
20220131,133,IC,b_20,decreasing,10,c_09,E,5.624707174369947,NA,1
20220131,133,IC,b_21,constant,10,c_07,F,5.235259863900523,NA,1
20220131,133,IC,b_22,constant,10,c_10,F,5.459284567114259,NA,1
20220131,133,IC,b_23,constant,7,c_04,F,5.233309270327996,NA,1
20220131,133,IC,b_24,constant,14,c_13,F,4.847333973541731,NA,1
20220131,133,IC,b_25,decreasing,7,c_03,G,5.570870997671027,NA,1
20220131,133,IC,b_26,decreasing,14,c_15,G,4.780103762331244,NA,1
20220131,133,IC,b_27,decreasing,10,c_10,G,5.81933652699146,NA,1
20220131,133,IC,b_28,constant,10,c_09,H,5.003432786396674,NA,1
20220131,133,IC,b_29,constant,14,c_12,H,5.017457489610409,NA,1
20220131,133,IC,b_30,constant,7,c_01,H,5.091482192824145,NA,1
20220131,133,TC,b_01,constant,10,c_08,A,53.69907048363328,NA,1
20220131,133,TC,b_02,constant,7,c_02,A,88.22581469278273,NA,1
20220131,133,TC,b_03,constant,14,c_11,A,48.0525589019322,NA,1
20220131,133,TC,b_04,constant,7,c_05,A,50.689303111081664,NA,1
20220131,133,TC,b_05,decreasing,14,c_13,B,63.28084865468728,NA,1
20220131,133,TC,b_06,decreasing,14,c_11,B,52.539585708064294,NA,1
20220131,133,TC,b_07,decreasing,10,c_06,B,59.4583227614413,NA,1
20220131,133,TC,b_08,decreasing,7,c_01,B,68.69705981481832,NA,1
20220131,133,TC,b_09,decreasing,7,c_02,C,84.06579686819532,NA,1
20220131,133,TC,b_10,decreasing,10,c_07,C,65.56453392157233,NA,1
20220131,133,TC,b_11,decreasing,10,c_08,C,58.783270974949346,NA,1
20220131,133,TC,b_12,decreasing,14,c_14,C,56.69200802832635,NA,1
20220131,133,TC,b_13,constant,10,c_06,D,55.59000099342682,NA,1
20220131,133,TC,b_14,constant,7,c_03,D,51.12674520257628,NA,1
20220131,133,TC,b_15,constant,14,c_14,D,51.24348941172574,NA,1
20220131,133,TC,b_16,constant,14,c_15,D,51.620233620875204,NA,1
20220131,133,TC,b_17,decreasing,7,c_05,E,54.5556932952114,NA,1
20220131,133,TC,b_18,decreasing,7,c_04,E,88.15443034858842,NA,1
20220131,133,TC,b_19,decreasing,14,c_12,E,61.04316740196541,NA,1
20220131,133,TC,b_20,decreasing,10,c_09,E,59.95190445534243,NA,1
20220131,133,TC,b_21,constant,10,c_07,F,62.6339546666225,NA,1
20220131,133,TC,b_22,constant,10,c_10,F,89.69069887577196,NA,1
20220131,133,TC,b_23,constant,7,c_04,F,85.32744308492141,NA,1
20220131,133,TC,b_24,constant,14,c_13,F,58.42418729407088,NA,1
20220131,133,TC,b_25,decreasing,7,c_03,G,48.555589722227474,NA,1
20220131,133,TC,b_26,decreasing,14,c_15,G,52.93432677560449,NA,1
20220131,133,TC,b_27,decreasing,10,c_10,G,87.18306382898149,NA,1
20220131,133,TC,b_28,constant,10,c_09,H,56.541164130668726,NA,1
20220131,133,TC,b_29,constant,14,c_12,H,58.25790833981819,NA,1
20220131,133,TC,b_30,constant,7,c_01,H,65.46465254896765,NA,1
20220131,133,TN,b_01,constant,10,c_08,A,1.9900329486563901,NA,1
20220131,133,TN,b_02,constant,7,c_02,A,4.350679172806597,NA,1
20220131,133,TN,b_03,constant,14,c_11,A,1.7713253969568026,NA,1
20220131,133,TN,b_04,constant,7,c_05,A,1.7219716211070084,NA,1
20220131,133,TN,b_05,decreasing,14,c_13,B,3.137382462651241,NA,1
20220131,133,TN,b_06,decreasing,14,c_11,B,2.1482657678980552,NA,1
20220131,133,TN,b_07,decreasing,10,c_06,B,2.5791490731448694,NA,1
20220131,133,TN,b_08,decreasing,7,c_01,B,3.4200323783916837,NA,1
20220131,133,TN,b_09,decreasing,7,c_02,C,4.290915683638498,NA,1
20220131,133,TN,b_10,decreasing,10,c_07,C,3.221798988885312,NA,1
20220131,133,TN,b_11,decreasing,10,c_08,C,2.4226822941321267,NA,1
20220131,133,TN,b_12,decreasing,14,c_14,C,2.4835655993789407,NA,1
20220131,133,TN,b_13,constant,10,c_06,D,2.1777876384588635,NA,1
20220131,133,TN,b_14,constant,7,c_03,D,2.22843386260907,NA,1
20220131,133,TN,b_15,constant,14,c_14,D,2.049080086759276,NA,1
20220131,133,TN,b_16,constant,14,c_15,D,1.959726310909482,NA,1
20220131,133,TN,b_17,decreasing,7,c_05,E,2.2379821256130117,NA,1
20220131,133,TN,b_18,decreasing,7,c_04,E,4.548865430859825,NA,1
20220131,133,TN,b_19,decreasing,14,c_12,E,2.98974873610664,NA,1
20220131,133,TN,b_20,decreasing,10,c_09,E,2.9706320413534546,NA,1
20220131,133,TN,b_21,constant,10,c_07,F,2.9129574316605127,NA,1
20220131,133,TN,b_22,constant,10,c_10,F,4.49360365581072,NA,1
20220131,133,TN,b_23,constant,7,c_04,F,3.984249879960925,NA,1
20220131,133,TN,b_24,constant,14,c_13,F,2.644896104111131,NA,1
20220131,133,TN,b_25,decreasing,7,c_03,G,2.2150485675875253,NA,1
20220131,133,TN,b_26,decreasing,14,c_15,G,2.26593187283434,NA,1
20220131,133,TN,b_27,decreasing,10,c_10,G,4.636815178081154,NA,1
20220131,133,TN,b_28,constant,10,c_09,H,2.5874810007119557,NA,1
20220131,133,TN,b_29,constant,14,c_12,H,2.588127224862162,NA,1
20220131,133,TN,b_30,constant,7,c_01,H,3.2087734490123676,NA,1
20220131,133,TOC,b_01,constant,10,c_08,A,49.264304684007485,NA,1
20220131,133,TOC,b_02,constant,7,c_02,A,83.42702418994321,NA,1
20220131,133,TOC,b_03,constant,14,c_11,A,43.43974369587894,NA,1
20220131,133,TOC,b_04,constant,7,c_05,A,45.962463201814664,NA,1
20220131,133,TOC,b_05,decreasing,14,c_13,B,57.844632950220586,NA,1
20220131,133,TOC,b_06,decreasing,14,c_11,B,47.644137238937375,NA,1
20220131,133,TOC,b_07,decreasing,10,c_06,B,54.653641527654166,NA,1
20220131,133,TOC,b_08,decreasing,7,c_01,B,62.923145816370955,NA,1
20220131,133,TOC,b_09,decreasing,7,c_02,C,78.84265010508776,NA,1
20220131,133,TOC,b_10,decreasing,10,c_07,C,60.23215439380456,NA,1
20220131,133,TOC,b_11,decreasing,10,c_08,C,53.91165868252134,NA,1
20220131,133,TOC,b_12,decreasing,14,c_14,C,51.871162971238135,NA,1
20220131,133,TOC,b_13,constant,10,c_06,D,51.166938755236195,NA,1
20220131,133,TOC,b_14,constant,7,c_03,D,45.81965826117192,NA,1
20220131,133,TOC,b_15,constant,14,c_14,D,46.722377767107645,NA,1
20220131,133,TOC,b_16,constant,14,c_15,D,47.06509727304337,NA,1
20220131,133,TOC,b_17,decreasing,7,c_05,E,49.838684414822104,NA,1
20220131,133,TOC,b_18,decreasing,7,c_04,E,82.5481887035389,NA,1
20220131,133,TOC,b_19,decreasing,14,c_12,E,55.357692992255686,NA,1
20220131,133,TOC,b_20,decreasing,10,c_09,E,54.327197280972484,NA,1
20220131,133,TOC,b_21,constant,10,c_07,F,57.398694802722,NA,1
20220131,133,TOC,b_22,constant,10,c_10,F,84.23141430865772,NA,1
20220131,133,TOC,b_23,constant,7,c_04,F,80.09413381459345,NA,1
20220131,133,TOC,b_24,constant,14,c_13,F,53.576853320529175,NA,1
20220131,133,TOC,b_25,decreasing,7,c_03,G,42.984718724556444,NA,1
20220131,133,TOC,b_26,decreasing,14,c_15,G,48.154223013273246,NA,1
20220131,133,TOC,b_27,decreasing,10,c_10,G,81.36372730199002,NA,1
20220131,133,TOC,b_28,constant,10,c_09,H,51.537731344272075,NA,1
20220131,133,TOC,b_29,constant,14,c_12,H,53.2404508502078,NA,1
20220131,133,TOC,b_30,constant,7,c_01,H,60.373170356143525,NA,1
20220202,135,IC,b_01,constant,10,c_08,A,1.11,NA,1
20220202,135,IC,b_02,constant,7,c_02,A,2.5245470801529875,NA,1
20220202,135,IC,b_03,constant,14,c_11,A,1.3790941603059756,NA,1
20220202,135,IC,b_04,constant,7,c_05,A,1.7136412404589632,NA,1
20220202,135,IC,b_05,decreasing,14,c_13,B,2.88,NA,1
20220202,135,IC,b_06,decreasing,14,c_11,B,2.1801921875295855,NA,1
20220202,135,IC,b_07,decreasing,10,c_06,B,1.860384375059171,NA,1
20220202,135,IC,b_08,decreasing,7,c_01,B,3.730576562588757,NA,1
20220202,135,IC,b_09,decreasing,7,c_02,C,2.690768750118342,NA,1
20220202,135,IC,b_10,decreasing,10,c_07,C,3.510960937647928,NA,1
20220202,135,IC,b_11,decreasing,10,c_08,C,2.3511531251775133,NA,1
20220202,135,IC,b_12,decreasing,14,c_14,C,2.3413453127070984,NA,1
20220202,135,IC,b_13,constant,10,c_06,D,1.3445649618358533,NA,1
20220202,135,IC,b_14,constant,7,c_03,D,2.70911204198884,NA,1
20220202,135,IC,b_15,constant,14,c_14,D,1.4636591221418285,NA,1
20220202,135,IC,b_16,constant,14,c_15,D,1.7282062022948161,NA,1
20220202,135,IC,b_17,decreasing,7,c_05,E,1.5623062503550265,NA,1
20220202,135,IC,b_18,decreasing,7,c_04,E,2.322498437884611,NA,1
20220202,135,IC,b_19,decreasing,14,c_12,E,2.922690625414197,NA,1
20220202,135,IC,b_20,decreasing,10,c_09,E,3.122882812943783,NA,1
20220202,135,IC,b_21,constant,10,c_07,F,3.3309416030597547,NA,1
20220202,135,IC,b_22,constant,10,c_10,F,2.855488683212743,NA,1
20220202,135,IC,b_23,constant,7,c_04,F,2.52003576336573,NA,1
20220202,135,IC,b_24,constant,14,c_13,F,2.314582843518718,NA,1
20220202,135,IC,b_25,decreasing,7,c_03,G,2.6238437505917096,NA,1
20220202,135,IC,b_26,decreasing,14,c_15,G,2.3240359381212956,NA,1
20220202,135,IC,b_27,decreasing,10,c_10,G,3.3742281256508813,NA,1
20220202,135,IC,b_28,constant,10,c_09,H,2.6827711641306693,NA,1
20220202,135,IC,b_29,constant,14,c_12,H,2.617318244283656,NA,1
20220202,135,IC,b_30,constant,7,c_01,H,3.3418653244366445,NA,1
20220202,135,TC,b_01,constant,10,c_08,A,43.59,NA,1
20220202,135,TC,b_02,constant,7,c_02,A,72.85570326340712,NA,1
20220202,135,TC,b_03,constant,14,c_11,A,38.34140652681425,NA,1
20220202,135,TC,b_04,constant,7,c_05,A,42.97710979022137,NA,1
20220202,135,TC,b_05,decreasing,14,c_13,B,51.36,NA,1
20220202,135,TC,b_06,decreasing,14,c_11,B,42.17096264177381,NA,1
20220202,135,TC,b_07,decreasing,10,c_06,B,47.11192528354761,NA,1
20220202,135,TC,b_08,decreasing,7,c_01,B,56.66288792532142,NA,1
20220202,135,TC,b_09,decreasing,7,c_02,C,69.27385056709522,NA,1
20220202,135,TC,b_10,decreasing,10,c_07,C,54.16481320886903,NA,1
20220202,135,TC,b_11,decreasing,10,c_08,C,47.73577585064283,NA,1
20220202,135,TC,b_12,decreasing,14,c_14,C,45.10673849241664,NA,1
20220202,135,TC,b_13,constant,10,c_06,D,45.538439160885474,NA,1
20220202,135,TC,b_14,constant,7,c_03,D,41.7441424242926,NA,1
20220202,135,TC,b_15,constant,14,c_14,D,40.49984568769972,NA,1
20220202,135,TC,b_16,constant,14,c_15,D,41.45554895110685,NA,1
20220202,135,TC,b_17,decreasing,7,c_05,E,45.07155170128567,NA,1
20220202,135,TC,b_18,decreasing,7,c_04,E,74.64251434305947,NA,1
20220202,135,TC,b_19,decreasing,14,c_12,E,49.06347698483329,NA,1
20220202,135,TC,b_20,decreasing,10,c_09,E,48.124439626607085,NA,1
20220202,135,TC,b_21,constant,10,c_07,F,53.91406526814246,NA,1
20220202,135,TC,b_22,constant,10,c_10,F,78.19976853154958,NA,1
20220202,135,TC,b_23,constant,7,c_04,F,74.2254717949567,NA,1
20220202,135,TC,b_24,constant,14,c_13,F,50.471175058363826,NA,1
20220202,135,TC,b_25,decreasing,7,c_03,G,38.529252835476115,NA,1
20220202,135,TC,b_26,decreasing,14,c_15,G,42.570215477249924,NA,1
20220202,135,TC,b_27,decreasing,10,c_10,G,75.44117811902373,NA,1
20220202,135,TC,b_28,constant,10,c_09,H,48.00398811199232,NA,1
20220202,135,TC,b_29,constant,14,c_12,H,49.439691375399434,NA,1
20220202,135,TC,b_30,constant,7,c_01,H,55.51539463880656,NA,1
20220202,135,TN,b_01,constant,10,c_08,A,1.63,NA,1
20220202,135,TN,b_02,constant,7,c_02,A,3.8109321655049087,NA,1
20220202,135,TN,b_03,constant,14,c_11,A,1.431864331009818,NA,1
20220202,135,TN,b_04,constant,7,c_05,A,1.4827964965147273,NA,1
20220202,135,TN,b_05,decreasing,14,c_13,B,2.54,NA,1
20220202,135,TN,b_06,decreasing,14,c_11,B,1.5899403555942666,NA,1
20220202,135,TN,b_07,decreasing,10,c_06,B,1.9398807111885334,NA,1
20220202,135,TN,b_08,decreasing,7,c_01,B,2.7598210667828,NA,1
20220202,135,TN,b_09,decreasing,7,c_02,C,3.4697614223770668,NA,1
20220202,135,TN,b_10,decreasing,10,c_07,C,2.589701777971333,NA,1
20220202,135,TN,b_11,decreasing,10,c_08,C,1.8096421335655997,NA,1
20220202,135,TN,b_12,decreasing,14,c_14,C,1.8295824891598662,NA,1
20220202,135,TN,b_13,constant,10,c_06,D,1.7911859860589097,NA,1
20220202,135,TN,b_14,constant,7,c_03,D,1.822118151563819,NA,1
20220202,135,TN,b_15,constant,14,c_14,D,1.6430503170687283,NA,1
20220202,135,TN,b_16,constant,14,c_15,D,1.5539824825736375,NA,1
20220202,135,TN,b_17,decreasing,7,c_05,E,1.6992842671311987,NA,1
20220202,135,TN,b_18,decreasing,7,c_04,E,3.7892246227254653,NA,1
20220202,135,TN,b_19,decreasing,14,c_12,E,2.269164978319732,NA,1
20220202,135,TN,b_20,decreasing,10,c_09,E,2.2691053339139984,NA,1
20220202,135,TN,b_21,constant,10,c_07,F,2.5286433100981833,NA,1
20220202,135,TN,b_22,constant,10,c_10,F,4.029575475603092,NA,1
20220202,135,TN,b_23,constant,7,c_04,F,3.5005076411080016,NA,1
20220202,135,TN,b_24,constant,14,c_13,F,2.3314398066129107,NA,1
20220202,135,TN,b_25,decreasing,7,c_03,G,1.6588071118853314,NA,1
20220202,135,TN,b_26,decreasing,14,c_15,G,1.588747467479598,NA,1
20220202,135,TN,b_27,decreasing,10,c_10,G,3.8986878230738644,NA,1
20220202,135,TN,b_28,constant,10,c_09,H,2.2251684686325475,NA,1
20220202,135,TN,b_29,constant,14,c_12,H,2.2161006341374567,NA,1
20220202,135,TN,b_30,constant,7,c_01,H,2.6970327996423658,NA,1
20220202,135,TOC,b_01,constant,10,c_08,A,42.480000000000004,NA,1
20220202,135,TOC,b_02,constant,7,c_02,A,70.33115618325414,NA,1
20220202,135,TOC,b_03,constant,14,c_11,A,36.96231236650828,NA,1
20220202,135,TOC,b_04,constant,7,c_05,A,41.263468549762415,NA,1
20220202,135,TOC,b_05,decreasing,14,c_13,B,48.48,NA,1
20220202,135,TOC,b_06,decreasing,14,c_11,B,39.99077045424423,NA,1
20220202,135,TOC,b_07,decreasing,10,c_06,B,45.251540908488444,NA,1
20220202,135,TOC,b_08,decreasing,7,c_01,B,52.93231136273266,NA,1
20220202,135,TOC,b_09,decreasing,7,c_02,C,66.58308181697689,NA,1
20220202,135,TOC,b_10,decreasing,10,c_07,C,50.653852271221105,NA,1
20220202,135,TOC,b_11,decreasing,10,c_08,C,45.38462272546532,NA,1
20220202,135,TOC,b_12,decreasing,14,c_14,C,42.76539317970954,NA,1
20220202,135,TOC,b_13,constant,10,c_06,D,44.19387419904963,NA,1
20220202,135,TOC,b_14,constant,7,c_03,D,39.03503038230376,NA,1
20220202,135,TOC,b_15,constant,14,c_14,D,39.0361865655579,NA,1
20220202,135,TOC,b_16,constant,14,c_15,D,39.727342748812035,NA,1
20220202,135,TOC,b_17,decreasing,7,c_05,E,43.50924545093064,NA,1
20220202,135,TOC,b_18,decreasing,7,c_04,E,72.32001590517487,NA,1
20220202,135,TOC,b_19,decreasing,14,c_12,E,46.14078635941909,NA,1
20220202,135,TOC,b_20,decreasing,10,c_09,E,45.001556813663306,NA,1
20220202,135,TOC,b_21,constant,10,c_07,F,50.58312366508271,NA,1
20220202,135,TOC,b_22,constant,10,c_10,F,75.34427984833684,NA,1
20220202,135,TOC,b_23,constant,7,c_04,F,71.70543603159098,NA,1
20220202,135,TOC,b_24,constant,14,c_13,F,48.15659221484512,NA,1
20220202,135,TOC,b_25,decreasing,7,c_03,G,35.905409084884404,NA,1
20220202,135,TOC,b_26,decreasing,14,c_15,G,40.246179539128626,NA,1
20220202,135,TOC,b_27,decreasing,10,c_10,G,72.06694999337286,NA,1
20220202,135,TOC,b_28,constant,10,c_09,H,45.32121694786166,NA,1
20220202,135,TOC,b_29,constant,14,c_12,H,46.82237313111579,NA,1
20220202,135,TOC,b_30,constant,7,c_01,H,52.17352931436992,NA,1
20220204,137,IC,b_01,constant,10,c_08,A,1.3109594847426194,NA,1
20220204,137,IC,b_02,constant,7,c_02,A,2.0155065648956074,NA,1
20220204,137,IC,b_03,constant,14,c_11,A,1.3800536450485956,NA,1
20220204,137,IC,b_04,constant,7,c_05,A,1.6746007252015827,NA,1
20220204,137,IC,b_05,decreasing,14,c_13,B,2.7459578134171503,NA,1
20220204,137,IC,b_06,decreasing,14,c_11,B,1.9561500009467352,NA,1
20220204,137,IC,b_07,decreasing,10,c_06,B,1.8463421884763225,NA,1
20220204,137,IC,b_08,decreasing,7,c_01,B,3.066534376005907,NA,1
20220204,137,IC,b_09,decreasing,7,c_02,C,2.446726563535493,NA,1
20220204,137,IC,b_10,decreasing,10,c_07,C,2.816918751065079,NA,1
20220204,137,IC,b_11,decreasing,10,c_08,C,2.177110938594663,NA,1
20220204,137,IC,b_12,decreasing,14,c_14,C,2.217303126124249,NA,1
20220204,137,IC,b_13,constant,10,c_06,D,1.5255244465784723,NA,1
20220204,137,IC,b_14,constant,7,c_03,D,2.4700715267314606,NA,1
20220204,137,IC,b_15,constant,14,c_14,D,1.574618606884448,NA,1
20220204,137,IC,b_16,constant,14,c_15,D,1.2791656870374353,NA,1
20220204,137,IC,b_17,decreasing,7,c_05,E,1.9782640637721762,NA,1
20220204,137,IC,b_18,decreasing,7,c_04,E,2.5484562513017615,NA,1
20220204,137,IC,b_19,decreasing,14,c_12,E,2.9986484388313475,NA,1
20220204,137,IC,b_20,decreasing,10,c_09,E,3.1988406263609335,NA,1
20220204,137,IC,b_21,constant,10,c_07,F,2.4619010878023744,NA,1
20220204,137,IC,b_22,constant,10,c_10,F,2.3864481679553613,NA,1
20220204,137,IC,b_23,constant,7,c_04,F,2.0009952481083504,NA,1
20220204,137,IC,b_24,constant,14,c_13,F,1.935542328261337,NA,1
20220204,137,IC,b_25,decreasing,7,c_03,G,3.18980156400886,NA,1
20220204,137,IC,b_26,decreasing,14,c_15,G,1.9699937515384462,NA,1
20220204,137,IC,b_27,decreasing,10,c_10,G,3.2001859390680307,NA,1
20220204,137,IC,b_28,constant,10,c_09,H,1.9637306488732875,NA,1
20220204,137,IC,b_29,constant,14,c_12,H,1.5382777290262766,NA,1
20220204,137,IC,b_30,constant,7,c_01,H,2.102824809179264,NA,1
20220204,137,TC,b_01,constant,10,c_08,A,43.23680116562081,NA,1
20220204,137,TC,b_02,constant,7,c_02,A,73.94250442902793,NA,1
20220204,137,TC,b_03,constant,14,c_11,A,38.14820769243506,NA,1
20220204,137,TC,b_04,constant,7,c_05,A,41.273910955842176,NA,1
20220204,137,TC,b_05,decreasing,14,c_13,B,53.30984189498798,NA,1
20220204,137,TC,b_06,decreasing,14,c_11,B,42.13080453676178,NA,1
20220204,137,TC,b_07,decreasing,10,c_06,B,49.04176717853559,NA,1
20220204,137,TC,b_08,decreasing,7,c_01,B,55.9227298203094,NA,1
20220204,137,TC,b_09,decreasing,7,c_02,C,70.82369246208322,NA,1
20220204,137,TC,b_10,decreasing,10,c_07,C,54.774655103857015,NA,1
20220204,137,TC,b_11,decreasing,10,c_08,C,47.45561774563081,NA,1
20220204,137,TC,b_12,decreasing,14,c_14,C,45.89658038740462,NA,1
20220204,137,TC,b_13,constant,10,c_06,D,43.275240326506285,NA,1
20220204,137,TC,b_14,constant,7,c_03,D,36.9409435899134,NA,1
20220204,137,TC,b_15,constant,14,c_14,D,37.48664685332053,NA,1
20220204,137,TC,b_16,constant,14,c_15,D,37.78235011672765,NA,1
20220204,137,TC,b_17,decreasing,7,c_05,E,43.04139359627364,NA,1
20220204,137,TC,b_18,decreasing,7,c_04,E,72.77235623804745,NA,1
20220204,137,TC,b_19,decreasing,14,c_12,E,48.80331887982126,NA,1
20220204,137,TC,b_20,decreasing,10,c_09,E,48.264281521595066,NA,1
20220204,137,TC,b_21,constant,10,c_07,F,48.80086643376327,NA,1
20220204,137,TC,b_22,constant,10,c_10,F,74.8065696971704,NA,1
20220204,137,TC,b_23,constant,7,c_04,F,71.1922729605775,NA,1
20220204,137,TC,b_24,constant,14,c_13,F,46.33797622398463,NA,1
20220204,137,TC,b_25,decreasing,7,c_03,G,36.4390947304641,NA,1
20220204,137,TC,b_26,decreasing,14,c_15,G,41.5700573722379,NA,1
20220204,137,TC,b_27,decreasing,10,c_10,G,72.59102001401172,NA,1
20220204,137,TC,b_28,constant,10,c_09,H,44.51078927761312,NA,1
20220204,137,TC,b_29,constant,14,c_12,H,44.96649254102025,NA,1
20220204,137,TC,b_30,constant,7,c_01,H,50.42219580442737,NA,1
20220204,137,TN,b_01,constant,10,c_08,A,1.3588971306521838,NA,1
20220204,137,TN,b_02,constant,7,c_02,A,3.519829296157093,NA,1
20220204,137,TN,b_03,constant,14,c_11,A,1.2207614616620024,NA,1
20220204,137,TN,b_04,constant,7,c_05,A,1.1616936271669116,NA,1
20220204,137,TN,b_05,decreasing,14,c_13,B,2.5381510234222633,NA,1
20220204,137,TN,b_06,decreasing,14,c_11,B,1.5580913790165303,NA,1
20220204,137,TN,b_07,decreasing,10,c_06,B,1.9780317346107967,NA,1
20220204,137,TN,b_08,decreasing,7,c_01,B,2.6379720902050634,NA,1
20220204,137,TN,b_09,decreasing,7,c_02,C,3.5879124457993297,NA,1
20220204,137,TN,b_10,decreasing,10,c_07,C,2.6178528013935964,NA,1
20220204,137,TN,b_11,decreasing,10,c_08,C,1.787793156987863,NA,1
20220204,137,TN,b_12,decreasing,14,c_14,C,1.8277335125821295,NA,1
20220204,137,TN,b_13,constant,10,c_06,D,1.550083116711094,NA,1
20220204,137,TN,b_14,constant,7,c_03,D,1.4510152822160034,NA,1
20220204,137,TN,b_15,constant,14,c_14,D,1.3419474477209126,NA,1
20220204,137,TN,b_16,constant,14,c_15,D,1.2928796132258218,NA,1
20220204,137,TN,b_17,decreasing,7,c_05,E,1.587435290553462,NA,1
20220204,137,TN,b_18,decreasing,7,c_04,E,3.6073756461477284,NA,1
20220204,137,TN,b_19,decreasing,14,c_12,E,2.247316001741995,NA,1
20220204,137,TN,b_20,decreasing,10,c_09,E,2.2572563573362614,NA,1
20220204,137,TN,b_21,constant,10,c_07,F,2.1575404407503673,NA,1
20220204,137,TN,b_22,constant,10,c_10,F,3.7384726062552764,NA,1
20220204,137,TN,b_23,constant,7,c_04,F,3.2794047717601855,NA,1
20220204,137,TN,b_24,constant,14,c_13,F,1.9803369372650952,NA,1
20220204,137,TN,b_25,decreasing,7,c_03,G,1.5069581353075947,NA,1
20220204,137,TN,b_26,decreasing,14,c_15,G,1.5368984909018613,NA,1
20220204,137,TN,b_27,decreasing,10,c_10,G,3.806838846496128,NA,1
20220204,137,TN,b_28,constant,10,c_09,H,1.9640655992847318,NA,1
20220204,137,TN,b_29,constant,14,c_12,H,1.9249977647896408,NA,1
20220204,137,TN,b_30,constant,7,c_01,H,2.22592993029455,NA,1
20220204,137,TOC,b_01,constant,10,c_08,A,41.9258416808782,NA,1
20220204,137,TOC,b_02,constant,7,c_02,A,71.92699786413235,NA,1
20220204,137,TOC,b_03,constant,14,c_11,A,36.76815404738647,NA,1
20220204,137,TOC,b_04,constant,7,c_05,A,39.599310230640604,NA,1
20220204,137,TOC,b_05,decreasing,14,c_13,B,50.56388408157083,NA,1
20220204,137,TOC,b_06,decreasing,14,c_11,B,40.17465453581505,NA,1
20220204,137,TOC,b_07,decreasing,10,c_06,B,47.195424990059266,NA,1
20220204,137,TOC,b_08,decreasing,7,c_01,B,52.85619544430349,NA,1
20220204,137,TOC,b_09,decreasing,7,c_02,C,68.37696589854772,NA,1
20220204,137,TOC,b_10,decreasing,10,c_07,C,51.95773635279193,NA,1
20220204,137,TOC,b_11,decreasing,10,c_08,C,45.278506807036145,NA,1
20220204,137,TOC,b_12,decreasing,14,c_14,C,43.67927726128037,NA,1
20220204,137,TOC,b_13,constant,10,c_06,D,41.74971587992782,NA,1
20220204,137,TOC,b_14,constant,7,c_03,D,34.47087206318196,NA,1
20220204,137,TOC,b_15,constant,14,c_14,D,35.912028246436094,NA,1
20220204,137,TOC,b_16,constant,14,c_15,D,36.50318442969023,NA,1
20220204,137,TOC,b_17,decreasing,7,c_05,E,41.06312953250147,NA,1
20220204,137,TOC,b_18,decreasing,7,c_04,E,70.22389998674569,NA,1
20220204,137,TOC,b_19,decreasing,14,c_12,E,45.804670440989916,NA,1
20220204,137,TOC,b_20,decreasing,10,c_09,E,45.06544089523413,NA,1
20220204,137,TOC,b_21,constant,10,c_07,F,46.33896534596091,NA,1
20220204,137,TOC,b_22,constant,10,c_10,F,72.42012152921505,NA,1
20220204,137,TOC,b_23,constant,7,c_04,F,69.19127771246917,NA,1
20220204,137,TOC,b_24,constant,14,c_13,F,44.40243389572331,NA,1
20220204,137,TOC,b_25,decreasing,7,c_03,G,33.24929316645524,NA,1
20220204,137,TOC,b_26,decreasing,14,c_15,G,39.60006362069946,NA,1
20220204,137,TOC,b_27,decreasing,10,c_10,G,69.39083407494367,NA,1
20220204,137,TOC,b_28,constant,10,c_09,H,42.54705862873985,NA,1
20220204,137,TOC,b_29,constant,14,c_12,H,43.428214811993996,NA,1
20220204,137,TOC,b_30,constant,7,c_01,H,48.31937099524813,NA,1
20220207,140,IC,b_01,constant,10,c_08,A,2.09,NA,1
20220207,140,IC,b_02,constant,7,c_02,A,2.9126027397260277,NA,1
20220207,140,IC,b_03,constant,14,c_11,A,2.455205479452055,NA,1
20220207,140,IC,b_04,constant,7,c_05,A,2.557808219178082,NA,1
20220207,140,IC,b_05,decreasing,14,c_13,B,3.31,NA,1
20220207,140,IC,b_06,decreasing,14,c_11,B,2.7250627090301003,NA,1
20220207,140,IC,b_07,decreasing,10,c_06,B,2.350125418060201,NA,1
20220207,140,IC,b_08,decreasing,7,c_01,B,3.8351881270903014,NA,1
20220207,140,IC,b_09,decreasing,7,c_02,C,2.8502508361204013,NA,1
20220207,140,IC,b_10,decreasing,10,c_07,C,3.295313545150502,NA,1
20220207,140,IC,b_11,decreasing,10,c_08,C,2.450376254180602,NA,1
20220207,140,IC,b_12,decreasing,14,c_14,C,2.9554389632107023,NA,1
20220207,140,IC,b_13,constant,10,c_06,D,1.9812328767123293,NA,1
20220207,140,IC,b_14,constant,7,c_03,D,8.34,NA,1
20220207,140,IC,b_15,constant,14,c_14,D,4.578219178082192,NA,2
20220207,140,IC,b_16,constant,14,c_15,D,1.7690410958904113,NA,1
20220207,140,IC,b_17,decreasing,7,c_05,E,2.4507525083612043,NA,1
20220207,140,IC,b_18,decreasing,7,c_04,E,2.925815217391304,NA,1
20220207,140,IC,b_19,decreasing,14,c_12,E,3.6608779264214046,NA,1
20220207,140,IC,b_20,decreasing,10,c_09,E,3.5159406354515053,NA,1
20220207,140,IC,b_21,constant,10,c_07,F,2.612054794520549,NA,1
20220207,140,IC,b_22,constant,10,c_10,F,2.4846575342465766,NA,1
20220207,140,IC,b_23,constant,7,c_04,F,2.5672602739726034,NA,1
20220207,140,IC,b_24,constant,14,c_13,F,2.489863013698631,NA,1
20220207,140,IC,b_25,decreasing,7,c_03,G,3.411254180602006,NA,1
20220207,140,IC,b_26,decreasing,14,c_15,G,2.2163168896321066,NA,1
20220207,140,IC,b_27,decreasing,10,c_10,G,3.0113795986622067,NA,1
20220207,140,IC,b_28,constant,10,c_09,H,2.12027397260274,NA,1
20220207,140,IC,b_29,constant,14,c_12,H,1.9928767123287687,NA,1
20220207,140,IC,b_30,constant,7,c_01,H,2.9854794520547956,NA,1
20220207,140,TC,b_01,constant,10,c_08,A,43.56,NA,1
20220207,140,TC,b_02,constant,7,c_02,A,68.90533895328416,NA,1
20220207,140,TC,b_03,constant,14,c_11,A,35.52067790656832,NA,1
20220207,140,TC,b_04,constant,7,c_05,A,38.15601685985248,NA,1
20220207,140,TC,b_05,decreasing,14,c_13,B,47.15,NA,1
20220207,140,TC,b_06,decreasing,14,c_11,B,38.036279264214045,NA,1
20220207,140,TC,b_07,decreasing,10,c_06,B,43.04255852842809,NA,1
20220207,140,TC,b_08,decreasing,7,c_01,B,50.65883779264213,NA,1
20220207,140,TC,b_09,decreasing,7,c_02,C,61.27511705685619,NA,1
20220207,140,TC,b_10,decreasing,10,c_07,C,47.40139632107023,NA,1
20220207,140,TC,b_11,decreasing,10,c_08,C,40.157675585284274,NA,1
20220207,140,TC,b_12,decreasing,14,c_14,C,40.193954849498326,NA,1
20220207,140,TC,b_13,constant,10,c_06,D,39.804067439409906,NA,1
20220207,140,TC,b_14,constant,7,c_03,D,44.88,NA,1
20220207,140,TC,b_15,constant,14,c_14,D,63.41237267298912,NA,2
20220207,140,TC,b_16,constant,14,c_15,D,33.700084299262386,NA,1
20220207,140,TC,b_17,decreasing,7,c_05,E,38.64535117056856,NA,1
20220207,140,TC,b_18,decreasing,7,c_04,E,67.2316304347826,NA,1
20220207,140,TC,b_19,decreasing,14,c_12,E,43.71790969899665,NA,1
20220207,140,TC,b_20,decreasing,10,c_09,E,42.8941889632107,NA,1
20220207,140,TC,b_21,constant,10,c_07,F,46.36677906568318,NA,1
20220207,140,TC,b_22,constant,10,c_10,F,69.65211801896734,NA,1
20220207,140,TC,b_23,constant,7,c_04,F,65.2974569722515,NA,1
20220207,140,TC,b_24,constant,14,c_13,F,42.56279592553566,NA,1
20220207,140,TC,b_25,decreasing,7,c_03,G,32.465585284280934,NA,1
20220207,140,TC,b_26,decreasing,14,c_15,G,34.54186454849498,NA,1
20220207,140,TC,b_27,decreasing,10,c_10,G,66.20814381270903,NA,1
20220207,140,TC,b_28,constant,10,c_09,H,39.2141517386723,NA,1
20220207,140,TC,b_29,constant,14,c_12,H,40.97949069195645,NA,1
20220207,140,TC,b_30,constant,7,c_01,H,45.39482964524061,NA,1
20220207,140,TN,b_01,constant,10,c_08,A,1.58,NA,1
20220207,140,TN,b_02,constant,7,c_02,A,3.517643133122585,NA,1
20220207,140,TN,b_03,constant,14,c_11,A,1.1252862662451704,NA,1
20220207,140,TN,b_04,constant,7,c_05,A,1.2129293993677557,NA,1
20220207,140,TN,b_05,decreasing,14,c_13,B,2.26,NA,1
20220207,140,TN,b_06,decreasing,14,c_11,B,1.3772408026755854,NA,1
20220207,140,TN,b_07,decreasing,10,c_06,B,1.7544816053511705,NA,1
20220207,140,TN,b_08,decreasing,7,c_01,B,2.431722408026756,NA,1
20220207,140,TN,b_09,decreasing,7,c_02,C,3.068963210702341,NA,1
20220207,140,TN,b_10,decreasing,10,c_07,C,2.256204013377926,NA,1
20220207,140,TN,b_11,decreasing,10,c_08,C,1.3634448160535118,NA,1
20220207,140,TN,b_12,decreasing,14,c_14,C,1.5406856187290967,NA,1
20220207,140,TN,b_13,constant,10,c_06,D,1.381717597471022,NA,1
20220207,140,TN,b_14,constant,7,c_03,D,1.91,NA,1
20220207,140,TN,b_15,constant,14,c_14,D,2.6985019318580963,NA,2
20220207,140,TN,b_16,constant,14,c_15,D,0.9546469968387776,NA,1
20220207,140,TN,b_17,decreasing,7,c_05,E,1.276889632107023,NA,1
20220207,140,TN,b_18,decreasing,7,c_04,E,3.3941304347826082,NA,1
20220207,140,TN,b_19,decreasing,14,c_12,E,1.9713712374581935,NA,1
20220207,140,TN,b_20,decreasing,10,c_09,E,1.9486120401337788,NA,1
20220207,140,TN,b_21,constant,10,c_07,F,1.9128626624517033,NA,1
20220207,140,TN,b_22,constant,10,c_10,F,3.4005057955742886,NA,1
20220207,140,TN,b_23,constant,7,c_04,F,2.8981489286968736,NA,1
20220207,140,TN,b_24,constant,14,c_13,F,1.645792061819459,NA,1
20220207,140,TN,b_25,decreasing,7,c_03,G,1.184816053511705,NA,1
20220207,140,TN,b_26,decreasing,14,c_15,G,1.1320568561872904,NA,1
20220207,140,TN,b_27,decreasing,10,c_10,G,3.4192976588628756,NA,1
20220207,140,TN,b_28,constant,10,c_09,H,1.4463645943097996,NA,1
20220207,140,TN,b_29,constant,14,c_12,H,1.4540077274323848,NA,1
20220207,140,TN,b_30,constant,7,c_01,H,1.7316508605549696,NA,1
20220207,140,TOC,b_01,constant,10,c_08,A,41.47,NA,1
20220207,140,TOC,b_02,constant,7,c_02,A,65.99273621355813,NA,1
20220207,140,TOC,b_03,constant,14,c_11,A,33.06547242711626,NA,1
20220207,140,TOC,b_04,constant,7,c_05,A,35.59820864067439,NA,1
20220207,140,TOC,b_05,decreasing,14,c_13,B,43.839999999999996,NA,1
20220207,140,TOC,b_06,decreasing,14,c_11,B,35.31121655518395,NA,1
20220207,140,TOC,b_07,decreasing,10,c_06,B,40.692433110367894,NA,1
20220207,140,TOC,b_08,decreasing,7,c_01,B,46.82364966555184,NA,1
20220207,140,TOC,b_09,decreasing,7,c_02,C,58.424866220735794,NA,1
20220207,140,TOC,b_10,decreasing,10,c_07,C,44.10608277591973,NA,1
20220207,140,TOC,b_11,decreasing,10,c_08,C,37.70729933110367,NA,1
20220207,140,TOC,b_12,decreasing,14,c_14,C,37.23851588628762,NA,1
20220207,140,TOC,b_13,constant,10,c_06,D,37.82283456269757,NA,1
20220207,140,TOC,b_14,constant,7,c_03,D,36.540000000000006,NA,1
20220207,140,TOC,b_15,constant,14,c_14,D,58.83415349490693,NA,2
20220207,140,TOC,b_16,constant,14,c_15,D,31.93104320337197,NA,1
20220207,140,TOC,b_17,decreasing,7,c_05,E,36.19459866220736,NA,1
20220207,140,TOC,b_18,decreasing,7,c_04,E,64.30581521739131,NA,1
20220207,140,TOC,b_19,decreasing,14,c_12,E,40.05703177257524,NA,1
20220207,140,TOC,b_20,decreasing,10,c_09,E,39.378248327759195,NA,1
20220207,140,TOC,b_21,constant,10,c_07,F,43.75472427116263,NA,1
20220207,140,TOC,b_22,constant,10,c_10,F,67.16746048472076,NA,1
20220207,140,TOC,b_23,constant,7,c_04,F,62.730196698278874,NA,1
20220207,140,TOC,b_24,constant,14,c_13,F,40.07293291183702,NA,1
20220207,140,TOC,b_25,decreasing,7,c_03,G,29.05433110367893,NA,1
20220207,140,TOC,b_26,decreasing,14,c_15,G,32.325547658862874,NA,1
20220207,140,TOC,b_27,decreasing,10,c_10,G,63.196764214046816,NA,1
20220207,140,TOC,b_28,constant,10,c_09,H,37.093877766069554,NA,1
20220207,140,TOC,b_29,constant,14,c_12,H,38.98661397962768,NA,1
20220207,140,TOC,b_30,constant,7,c_01,H,42.40935019318581,NA,1
20220209,142,IC,b_01,constant,10,c_08,A,2.1,NA,1
20220209,142,IC,b_02,constant,7,c_02,A,3.695771147573555,NA,1
20220209,142,IC,b_03,constant,14,c_11,A,2.2515422951471096,NA,1
20220209,142,IC,b_04,constant,7,c_05,A,2.687313442720665,NA,1
20220209,142,IC,b_05,decreasing,14,c_13,B,3.89,NA,1
20220209,142,IC,b_06,decreasing,14,c_11,B,2.7150890879139604,NA,1
20220209,142,IC,b_07,decreasing,10,c_06,B,2.500178175827921,NA,1
20220209,142,IC,b_08,decreasing,7,c_01,B,4.485267263741882,NA,1
20220209,142,IC,b_09,decreasing,7,c_02,C,3.3903563516558424,NA,1
20220209,142,IC,b_10,decreasing,10,c_07,C,3.815445439569803,NA,1
20220209,142,IC,b_11,decreasing,10,c_08,C,2.9105345274837635,NA,1
20220209,142,IC,b_12,decreasing,14,c_14,C,2.7056236153977244,NA,1
20220209,142,IC,b_13,constant,10,c_06,D,2.1092537708826598,NA,1
20220209,142,IC,b_14,constant,7,c_03,D,3.5750249184562146,NA,1
20220209,142,IC,b_15,constant,14,c_14,D,2.35079606602977,NA,1
20220209,142,IC,b_16,constant,14,c_15,D,2.126567213603325,NA,1
20220209,142,IC,b_17,decreasing,7,c_05,E,2.2410690549675274,NA,1
20220209,142,IC,b_18,decreasing,7,c_04,E,2.8961581428814878,NA,1
20220209,142,IC,b_19,decreasing,14,c_12,E,3.581247230795448,NA,1
20220209,142,IC,b_20,decreasing,10,c_09,E,3.8363363187094093,NA,1
20220209,142,IC,b_21,constant,10,c_07,F,3.6654229514711,NA,1
20220209,142,IC,b_22,constant,10,c_10,F,3.241194099044654,NA,1
20220209,142,IC,b_23,constant,7,c_04,F,2.8669652466182094,NA,1
20220209,142,IC,b_24,constant,14,c_13,F,3.232736394191765,NA,1
20220209,142,IC,b_25,decreasing,7,c_03,G,2.831781758279212,NA,1
20220209,142,IC,b_26,decreasing,14,c_15,G,2.2468708461931723,NA,1
20220209,142,IC,b_27,decreasing,10,c_10,G,3.0819599341071333,NA,1
20220209,142,IC,b_28,constant,10,c_09,H,2.875820984485984,NA,1
20220209,142,IC,b_29,constant,14,c_12,H,2.7515921320595393,NA,1
20220209,142,IC,b_30,constant,7,c_01,H,3.7273632796330944,NA,1
20220209,142,TC,b_01,constant,10,c_08,A,44.68,NA,1
20220209,142,TC,b_02,constant,7,c_02,A,71.70956222991208,NA,1
20220209,142,TC,b_03,constant,14,c_11,A,39.71912445982416,NA,1
20220209,142,TC,b_04,constant,7,c_05,A,41.998686689736246,NA,1
20220209,142,TC,b_05,decreasing,14,c_13,B,48.11,NA,1
20220209,142,TC,b_06,decreasing,14,c_11,B,39.869520761933614,NA,1
20220209,142,TC,b_07,decreasing,10,c_06,B,44.77904152386723,NA,1
20220209,142,TC,b_08,decreasing,7,c_01,B,52.83856228580085,NA,1
20220209,142,TC,b_09,decreasing,7,c_02,C,63.03808304773447,NA,1
20220209,142,TC,b_10,decreasing,10,c_07,C,50.20760380966807,NA,1
20220209,142,TC,b_11,decreasing,10,c_08,C,43.0971245716017,NA,1
20220209,142,TC,b_12,decreasing,14,c_14,C,41.426645333535305,NA,1
20220209,142,TC,b_13,constant,10,c_06,D,44.60474675894498,NA,1
20220209,142,TC,b_14,constant,7,c_03,D,41.16430898885706,NA,1
20220209,142,TC,b_15,constant,14,c_14,D,40.04387121876914,NA,1
20220209,142,TC,b_16,constant,14,c_15,D,41.49343344868122,NA,1
20220209,142,TC,b_17,decreasing,7,c_05,E,42.244249143203376,NA,1
20220209,142,TC,b_18,decreasing,7,c_04,E,69.203769905137,NA,1
20220209,142,TC,b_19,decreasing,14,c_12,E,46.61329066707061,NA,1
20220209,142,TC,b_20,decreasing,10,c_09,E,45.78281142900423,NA,1
20220209,142,TC,b_21,constant,10,c_07,F,51.44124459824163,NA,1
20220209,142,TC,b_22,constant,10,c_10,F,74.4208068281537,NA,1
20220209,142,TC,b_23,constant,7,c_04,F,71.1303690580658,NA,1
20220209,142,TC,b_24,constant,14,c_13,F,49.849931287977874,NA,1
20220209,142,TC,b_25,decreasing,7,c_03,G,34.41041523867229,NA,1
20220209,142,TC,b_26,decreasing,14,c_15,G,38.489936000605915,NA,1
20220209,142,TC,b_27,decreasing,10,c_10,G,68.30945676253953,NA,1
20220209,142,TC,b_28,constant,10,c_09,H,45.7681802076262,NA,1
20220209,142,TC,b_29,constant,14,c_12,H,47.147742437538284,NA,1
20220209,142,TC,b_30,constant,7,c_01,H,53.26730466745036,NA,1
20220209,142,TN,b_01,constant,10,c_08,A,2.37,NA,1
20220209,142,TN,b_02,constant,7,c_02,A,4.3424504528370615,NA,1
20220209,142,TN,b_03,constant,14,c_11,A,2.224900905674123,NA,1
20220209,142,TN,b_04,constant,7,c_05,A,2.1373513585111845,NA,1
20220209,142,TN,b_05,decreasing,14,c_13,B,3.03,NA,1
20220209,142,TN,b_06,decreasing,14,c_11,B,2.2694046920265842,NA,1
20220209,142,TN,b_07,decreasing,10,c_06,B,2.5888093840531687,NA,1
20220209,142,TN,b_08,decreasing,7,c_01,B,3.208214076079753,NA,1
20220209,142,TN,b_09,decreasing,7,c_02,C,3.877618768106337,NA,1
20220209,142,TN,b_10,decreasing,10,c_07,C,3.1070234601329214,NA,1
20220209,142,TN,b_11,decreasing,10,c_08,C,2.3664281521595063,NA,1
20220209,142,TN,b_12,decreasing,14,c_14,C,2.3758328441860903,NA,1
20220209,142,TN,b_13,constant,10,c_06,D,2.4994054340447374,NA,1
20220209,142,TN,b_14,constant,7,c_03,D,2.531855886881799,NA,1
20220209,142,TN,b_15,constant,14,c_14,D,2.3343063397188604,NA,1
20220209,142,TN,b_16,constant,14,c_15,D,2.366756792555922,NA,1
20220209,142,TN,b_17,decreasing,7,c_05,E,2.3628563043190125,NA,1
20220209,142,TN,b_18,decreasing,7,c_04,E,4.252260996345596,NA,1
20220209,142,TN,b_19,decreasing,14,c_12,E,3.0016656883721806,NA,1
20220209,142,TN,b_20,decreasing,10,c_09,E,2.9210703803987657,NA,1
20220209,142,TN,b_21,constant,10,c_07,F,3.119009056741229,NA,1
20220209,142,TN,b_22,constant,10,c_10,F,4.56145950957829,NA,1
20220209,142,TN,b_23,constant,7,c_04,F,4.153909962415352,NA,1
20220209,142,TN,b_24,constant,14,c_13,F,3.0463604152524137,NA,1
20220209,142,TN,b_25,decreasing,7,c_03,G,2.268093840531687,NA,1
20220209,142,TN,b_26,decreasing,14,c_15,G,2.2574985325582713,NA,1
20220209,142,TN,b_27,decreasing,10,c_10,G,4.3169032245848555,NA,1
20220209,142,TN,b_28,constant,10,c_09,H,2.8661622266006592,NA,1
20220209,142,TN,b_29,constant,14,c_12,H,2.8486126794377205,NA,1
20220209,142,TN,b_30,constant,7,c_01,H,3.311063132274782,NA,1
20220209,142,TOC,b_01,constant,10,c_08,A,42.58,NA,1
20220209,142,TOC,b_02,constant,7,c_02,A,68.01379108233853,NA,1
20220209,142,TOC,b_03,constant,14,c_11,A,37.467582164677054,NA,1
20220209,142,TOC,b_04,constant,7,c_05,A,39.31137324701558,NA,1
20220209,142,TOC,b_05,decreasing,14,c_13,B,44.22,NA,1
20220209,142,TOC,b_06,decreasing,14,c_11,B,37.154431674019655,NA,1
20220209,142,TOC,b_07,decreasing,10,c_06,B,42.27886334803931,NA,1
20220209,142,TOC,b_08,decreasing,7,c_01,B,48.353295022058965,NA,1
20220209,142,TOC,b_09,decreasing,7,c_02,C,59.64772669607862,NA,1
20220209,142,TOC,b_10,decreasing,10,c_07,C,46.39215837009827,NA,1
20220209,142,TOC,b_11,decreasing,10,c_08,C,40.18659004411793,NA,1
20220209,142,TOC,b_12,decreasing,14,c_14,C,38.721021718137585,NA,1
20220209,142,TOC,b_13,constant,10,c_06,D,42.49549298806232,NA,1
20220209,142,TOC,b_14,constant,7,c_03,D,37.58928407040085,NA,1
20220209,142,TOC,b_15,constant,14,c_14,D,37.693075152739375,NA,1
20220209,142,TOC,b_16,constant,14,c_15,D,39.3668662350779,NA,1
20220209,142,TOC,b_17,decreasing,7,c_05,E,40.003180088235844,NA,1
20220209,142,TOC,b_18,decreasing,7,c_04,E,66.3076117622555,NA,1
20220209,142,TOC,b_19,decreasing,14,c_12,E,43.03204343627515,NA,1
20220209,142,TOC,b_20,decreasing,10,c_09,E,41.94647511029481,NA,1
20220209,142,TOC,b_21,constant,10,c_07,F,47.77582164677054,NA,1
20220209,142,TOC,b_22,constant,10,c_10,F,71.17961272910907,NA,1
20220209,142,TOC,b_23,constant,7,c_04,F,68.2634038114476,NA,1
20220209,142,TOC,b_24,constant,14,c_13,F,46.61719489378612,NA,1
20220209,142,TOC,b_25,decreasing,7,c_03,G,31.57863348039308,NA,1
20220209,142,TOC,b_26,decreasing,14,c_15,G,36.24306515441274,NA,1
20220209,142,TOC,b_27,decreasing,10,c_10,G,65.22749682843238,NA,1
20220209,142,TOC,b_28,constant,10,c_09,H,42.89235922314022,NA,1
20220209,142,TOC,b_29,constant,14,c_12,H,44.39615030547875,NA,1
20220209,142,TOC,b_30,constant,7,c_01,H,49.53994138781727,NA,1
20220211,144,IC,b_01,constant,10,c_08,A,3.698905574780204,NA,1
20220211,144,IC,b_02,constant,7,c_02,A,3.0446767223537594,NA,1
20220211,144,IC,b_03,constant,14,c_11,A,2.300447869927314,NA,1
20220211,144,IC,b_04,constant,7,c_05,A,2.476219017500869,NA,1
20220211,144,IC,b_05,decreasing,14,c_13,B,3.2477617253327784,NA,1
20220211,144,IC,b_06,decreasing,14,c_11,B,2.8928508132467394,NA,1
20220211,144,IC,b_07,decreasing,10,c_06,B,2.7079399011607004,NA,1
20220211,144,IC,b_08,decreasing,7,c_01,B,4.403028989074661,NA,1
20220211,144,IC,b_09,decreasing,7,c_02,C,3.2381180769886218,NA,1
20220211,144,IC,b_10,decreasing,10,c_07,C,3.4332071649025817,NA,1
20220211,144,IC,b_11,decreasing,10,c_08,C,2.5482962528165425,NA,1
20220211,144,IC,b_12,decreasing,14,c_14,C,2.933385340730503,NA,1
20220211,144,IC,b_13,constant,10,c_06,D,2.178159345662864,NA,1
20220211,144,IC,b_14,constant,7,c_03,D,3.153930493236419,NA,1
20220211,144,IC,b_15,constant,14,c_14,D,2.4597016408099734,NA,1
20220211,144,IC,b_16,constant,14,c_15,D,2.4854727883835293,NA,1
20220211,144,IC,b_17,decreasing,7,c_05,E,2.3588307803003064,NA,1
20220211,144,IC,b_18,decreasing,7,c_04,E,3.3039198682142663,NA,1
20220211,144,IC,b_19,decreasing,14,c_12,E,3.589008956128227,NA,1
20220211,144,IC,b_20,decreasing,10,c_09,E,3.6340980440421875,NA,1
20220211,144,IC,b_21,constant,10,c_07,F,3.074328526251304,NA,1
20220211,144,IC,b_22,constant,10,c_10,F,3.550099673824859,NA,1
20220211,144,IC,b_23,constant,7,c_04,F,2.8358708213984136,NA,1
20220211,144,IC,b_24,constant,14,c_13,F,2.741641968971969,NA,1
20220211,144,IC,b_25,decreasing,7,c_03,G,3.819543483611991,NA,1
20220211,144,IC,b_26,decreasing,14,c_15,G,2.584632571525952,NA,1
20220211,144,IC,b_27,decreasing,10,c_10,G,3.489721659439912,NA,1
20220211,144,IC,b_28,constant,10,c_09,H,2.6847265592661884,NA,1
20220211,144,IC,b_29,constant,14,c_12,H,2.180497706839744,NA,1
20220211,144,IC,b_30,constant,7,c_01,H,2.876268854413299,NA,1
20220211,144,TC,b_01,constant,10,c_08,A,45.986429127274526,NA,1
20220211,144,TC,b_02,constant,7,c_02,A,68.41599135718661,NA,1
20220211,144,TC,b_03,constant,14,c_11,A,36.525553587098685,NA,1
20220211,144,TC,b_04,constant,7,c_05,A,38.64511581701077,NA,1
20220211,144,TC,b_05,decreasing,14,c_13,B,47.67514361994206,NA,1
20220211,144,TC,b_06,decreasing,14,c_11,B,40.334664381875676,NA,1
20220211,144,TC,b_07,decreasing,10,c_06,B,45.044185143809294,NA,1
20220211,144,TC,b_08,decreasing,7,c_01,B,50.5237059057429,NA,1
20220211,144,TC,b_09,decreasing,7,c_02,C,60.24322666767652,NA,1
20220211,144,TC,b_10,decreasing,10,c_07,C,47.242747429610134,NA,1
20220211,144,TC,b_11,decreasing,10,c_08,C,43.35226819154375,NA,1
20220211,144,TC,b_12,decreasing,14,c_14,C,41.00178895347736,NA,1
20220211,144,TC,b_13,constant,10,c_06,D,42.75117588621951,NA,1
20220211,144,TC,b_14,constant,7,c_03,D,39.79073811613159,NA,1
20220211,144,TC,b_15,constant,14,c_14,D,37.330300346043664,NA,1
20220211,144,TC,b_16,constant,14,c_15,D,38.79986257595575,NA,1
20220211,144,TC,b_17,decreasing,7,c_05,E,42.359392763145436,NA,1
20220211,144,TC,b_18,decreasing,7,c_04,E,68.66891352507906,NA,1
20220211,144,TC,b_19,decreasing,14,c_12,E,46.348434287012665,NA,1
20220211,144,TC,b_20,decreasing,10,c_09,E,44.50795504894628,NA,1
20220211,144,TC,b_21,constant,10,c_07,F,48.37767372551616,NA,1
20220211,144,TC,b_22,constant,10,c_10,F,70.86723595542824,NA,1
20220211,144,TC,b_23,constant,7,c_04,F,67.09679818534032,NA,1
20220211,144,TC,b_24,constant,14,c_13,F,46.9663604152524,NA,1
20220211,144,TC,b_25,decreasing,7,c_03,G,34.11555885861436,NA,1
20220211,144,TC,b_26,decreasing,14,c_15,G,39.23507962054797,NA,1
20220211,144,TC,b_27,decreasing,10,c_10,G,69.03460038248159,NA,1
20220211,144,TC,b_28,constant,10,c_09,H,43.77460933490073,NA,1
20220211,144,TC,b_29,constant,14,c_12,H,45.10417156481281,NA,1
20220211,144,TC,b_30,constant,7,c_01,H,51.08373379472489,NA,1
20220211,144,TN,b_01,constant,10,c_08,A,2.275964037948905,NA,1
20220211,144,TN,b_02,constant,7,c_02,A,3.9884144907859667,NA,1
20220211,144,TN,b_03,constant,14,c_11,A,1.940864943623028,NA,1
20220211,144,TN,b_04,constant,7,c_05,A,1.8833153964600893,NA,1
20220211,144,TN,b_05,decreasing,14,c_13,B,3.0015454528241152,NA,1
20220211,144,TN,b_06,decreasing,14,c_11,B,2.240950144850699,NA,1
20220211,144,TN,b_07,decreasing,10,c_06,B,2.5703548368772835,NA,1
20220211,144,TN,b_08,decreasing,7,c_01,B,3.049759528903868,NA,1
20220211,144,TN,b_09,decreasing,7,c_02,C,3.6791642209304527,NA,1
20220211,144,TN,b_10,decreasing,10,c_07,C,2.948568912957037,NA,1
20220211,144,TN,b_11,decreasing,10,c_08,C,2.3879736049836215,NA,1
20220211,144,TN,b_12,decreasing,14,c_14,C,2.3773782970102055,NA,1
20220211,144,TN,b_13,constant,10,c_06,D,2.2553694719936423,NA,1
20220211,144,TN,b_14,constant,7,c_03,D,2.307819924830704,NA,1
20220211,144,TN,b_15,constant,14,c_14,D,2.040270377667765,NA,1
20220211,144,TN,b_16,constant,14,c_15,D,2.0527208305048266,NA,1
20220211,144,TN,b_17,decreasing,7,c_05,E,2.294401757143127,NA,1
20220211,144,TN,b_18,decreasing,7,c_04,E,4.1138064491697115,NA,1
20220211,144,TN,b_19,decreasing,14,c_12,E,2.9432111411962962,NA,1
20220211,144,TN,b_20,decreasing,10,c_09,E,2.8226158332228803,NA,1
20220211,144,TN,b_21,constant,10,c_07,F,2.804973094690134,NA,1
20220211,144,TN,b_22,constant,10,c_10,F,4.217423547527195,NA,1
20220211,144,TN,b_23,constant,7,c_04,F,3.759874000364257,NA,1
20220211,144,TN,b_24,constant,14,c_13,F,2.7323244532013184,NA,1
20220211,144,TN,b_25,decreasing,7,c_03,G,2.1096392933558024,NA,1
20220211,144,TN,b_26,decreasing,14,c_15,G,2.2390439853823865,NA,1
20220211,144,TN,b_27,decreasing,10,c_10,G,4.288448677408971,NA,1
20220211,144,TN,b_28,constant,10,c_09,H,2.632126264549564,NA,1
20220211,144,TN,b_29,constant,14,c_12,H,2.5945767173866257,NA,1
20220211,144,TN,b_30,constant,7,c_01,H,3.067027170223687,NA,1
20220211,144,TOC,b_01,constant,10,c_08,A,42.28752355249433,NA,1
20220211,144,TOC,b_02,constant,7,c_02,A,65.37131463483286,NA,1
20220211,144,TOC,b_03,constant,14,c_11,A,34.22510571717138,NA,1
20220211,144,TOC,b_04,constant,7,c_05,A,36.16889679950991,NA,1
20220211,144,TOC,b_05,decreasing,14,c_13,B,44.427381894609276,NA,1
20220211,144,TOC,b_06,decreasing,14,c_11,B,37.44181356862894,NA,1
20220211,144,TOC,b_07,decreasing,10,c_06,B,42.33624524264859,NA,1
20220211,144,TOC,b_08,decreasing,7,c_01,B,46.12067691666824,NA,1
20220211,144,TOC,b_09,decreasing,7,c_02,C,57.00510859068789,NA,1
20220211,144,TOC,b_10,decreasing,10,c_07,C,43.80954026470755,NA,1
20220211,144,TOC,b_11,decreasing,10,c_08,C,40.8039719387272,NA,1
20220211,144,TOC,b_12,decreasing,14,c_14,C,38.068403612746856,NA,1
20220211,144,TOC,b_13,constant,10,c_06,D,40.57301654055665,NA,1
20220211,144,TOC,b_14,constant,7,c_03,D,36.636807622895176,NA,1
20220211,144,TOC,b_15,constant,14,c_14,D,34.870598705233704,NA,1
20220211,144,TOC,b_16,constant,14,c_15,D,36.31438978757223,NA,1
20220211,144,TOC,b_17,decreasing,7,c_05,E,40.00056198284513,NA,1
20220211,144,TOC,b_18,decreasing,7,c_04,E,65.36499365686478,NA,1
20220211,144,TOC,b_19,decreasing,14,c_12,E,42.75942533088443,NA,1
20220211,144,TOC,b_20,decreasing,10,c_09,E,40.87385700490409,NA,1
20220211,144,TOC,b_21,constant,10,c_07,F,45.30334519926487,NA,1
20220211,144,TOC,b_22,constant,10,c_10,F,67.31713628160338,NA,1
20220211,144,TOC,b_23,constant,7,c_04,F,64.26092736394193,NA,1
20220211,144,TOC,b_24,constant,14,c_13,F,44.22471844628045,NA,1
20220211,144,TOC,b_25,decreasing,7,c_03,G,30.296015375002355,NA,1
20220211,144,TOC,b_26,decreasing,14,c_15,G,36.65044704902201,NA,1
20220211,144,TOC,b_27,decreasing,10,c_10,G,65.54487872304168,NA,1
20220211,144,TOC,b_28,constant,10,c_09,H,41.08988277563455,NA,1
20220211,144,TOC,b_29,constant,14,c_12,H,42.92367385797307,NA,1
20220211,144,TOC,b_30,constant,7,c_01,H,48.2074649403116,NA,1
20220214,147,IC,b_01,constant,10,c_08,A,2.37,NA,1
20220214,147,IC,b_02,constant,7,c_02,A,3.065387457159389,NA,1
20220214,147,IC,b_03,constant,14,c_11,A,2.2307749143187783,NA,1
20220214,147,IC,b_04,constant,7,c_05,A,2.2961623714781676,NA,1
20220214,147,IC,b_05,decreasing,14,c_13,B,3.83,NA,1
20220214,147,IC,b_06,decreasing,14,c_11,B,2.43180102456381,NA,1
20220214,147,IC,b_07,decreasing,10,c_06,B,2.41360204912762,NA,1
20220214,147,IC,b_08,decreasing,7,c_01,B,4.12540307369143,NA,1
20220214,147,IC,b_09,decreasing,7,c_02,C,3.5272040982552406,NA,1
20220214,147,IC,b_10,decreasing,10,c_07,C,4.299005122819051,NA,1
20220214,147,IC,b_11,decreasing,10,c_08,C,3.280806147382861,NA,1
20220214,147,IC,b_12,decreasing,14,c_14,C,3.1526071719466713,NA,1
20220214,147,IC,b_13,constant,10,c_06,D,2.6546494859126715,NA,1
20220214,147,IC,b_14,constant,7,c_03,D,3.5400369430720606,NA,1
20220214,147,IC,b_15,constant,14,c_14,D,2.7354244002314503,NA,1
20220214,147,IC,b_16,constant,14,c_15,D,2.480811857390839,NA,1
20220214,147,IC,b_17,decreasing,7,c_05,E,2.8516122947657223,NA,1
20220214,147,IC,b_18,decreasing,7,c_04,E,3.373413319329531,NA,1
20220214,147,IC,b_19,decreasing,14,c_12,E,4.115214343893341,NA,1
20220214,147,IC,b_20,decreasing,10,c_09,E,4.457015368457152,NA,1
20220214,147,IC,b_21,constant,10,c_07,F,3.5877491431877853,NA,1
20220214,147,IC,b_22,constant,10,c_10,F,3.233136600347175,NA,1
20220214,147,IC,b_23,constant,7,c_04,F,2.628524057506564,NA,1
20220214,147,IC,b_24,constant,14,c_13,F,2.7839115146659537,NA,1
20220214,147,IC,b_25,decreasing,7,c_03,G,4.906020491276203,NA,1
20220214,147,IC,b_26,decreasing,14,c_15,G,3.677821515840013,NA,1
20220214,147,IC,b_27,decreasing,10,c_10,G,3.899622540403822,NA,1
20220214,147,IC,b_28,constant,10,c_09,H,3.005461343303511,NA,1
20220214,147,IC,b_29,constant,14,c_12,H,2.3408488004628993,NA,1
20220214,147,IC,b_30,constant,7,c_01,H,3.836236257622289,NA,1
20220214,147,TC,b_01,constant,10,c_08,A,44.94,NA,1
20220214,147,TC,b_02,constant,7,c_02,A,75.64802336552813,NA,1
20220214,147,TC,b_03,constant,14,c_11,A,40.096046731056255,NA,1
20220214,147,TC,b_04,constant,7,c_05,A,43.42407009658438,NA,1
20220214,147,TC,b_05,decreasing,14,c_13,B,53.93,NA,1
20220214,147,TC,b_06,decreasing,14,c_11,B,41.48237900287221,NA,1
20220214,147,TC,b_07,decreasing,10,c_06,B,48.534758005744415,NA,1
20220214,147,TC,b_08,decreasing,7,c_01,B,57.37713700861662,NA,1
20220214,147,TC,b_09,decreasing,7,c_02,C,67.67951601148883,NA,1
20220214,147,TC,b_10,decreasing,10,c_07,C,54.591895014361036,NA,1
20220214,147,TC,b_11,decreasing,10,c_08,C,47.56427401723325,NA,1
20220214,147,TC,b_12,decreasing,14,c_14,C,46.466653020105454,NA,1
20220214,147,TC,b_13,constant,10,c_06,D,47.366280386337515,NA,1
20220214,147,TC,b_14,constant,7,c_03,D,45.054303751865646,NA,1
20220214,147,TC,b_15,constant,14,c_14,D,43.87232711739377,NA,1
20220214,147,TC,b_16,constant,14,c_15,D,43.110350482921895,NA,1
20220214,147,TC,b_17,decreasing,7,c_05,E,46.7985480344665,NA,1
20220214,147,TC,b_18,decreasing,7,c_04,E,78.19092703733871,NA,1
20220214,147,TC,b_19,decreasing,14,c_12,E,52.35330604021092,NA,1
20220214,147,TC,b_20,decreasing,10,c_09,E,50.155685043083125,NA,1
20220214,147,TC,b_21,constant,10,c_07,F,55.99046731056252,NA,1
20220214,147,TC,b_22,constant,10,c_10,F,83.05849067609066,NA,1
20220214,147,TC,b_23,constant,7,c_04,F,79.50651404161877,NA,1
20220214,147,TC,b_24,constant,14,c_13,F,53.714537407146906,NA,1
20220214,147,TC,b_25,decreasing,7,c_03,G,39.327580057444166,NA,1
20220214,147,TC,b_26,decreasing,14,c_15,G,41.31995906031638,NA,1
20220214,147,TC,b_27,decreasing,10,c_10,G,75.58233806318859,NA,1
20220214,147,TC,b_28,constant,10,c_09,H,47.03663086925941,NA,1
20220214,147,TC,b_29,constant,14,c_12,H,49.93465423478754,NA,1
20220214,147,TC,b_30,constant,7,c_01,H,54.52267760031567,NA,1
20220214,147,TN,b_01,constant,10,c_08,A,2.28,NA,1
20220214,147,TN,b_02,constant,7,c_02,A,4.284171656001784,NA,1
20220214,147,TN,b_03,constant,14,c_11,A,2.0883433120035684,NA,1
20220214,147,TN,b_04,constant,7,c_05,A,2.1025149680053525,NA,1
20220214,147,TN,b_05,decreasing,14,c_13,B,3.13,NA,1
20220214,147,TN,b_06,decreasing,14,c_11,B,2.160731234192138,NA,1
20220214,147,TN,b_07,decreasing,10,c_06,B,2.5314624683842757,NA,1
20220214,147,TN,b_08,decreasing,7,c_01,B,3.202193702576414,NA,1
20220214,147,TN,b_09,decreasing,7,c_02,C,3.6729249367685513,NA,1
20220214,147,TN,b_10,decreasing,10,c_07,C,2.983656170960689,NA,1
20220214,147,TN,b_11,decreasing,10,c_08,C,2.2943874051528272,NA,1
20220214,147,TN,b_12,decreasing,14,c_14,C,2.385118639344965,NA,1
20220214,147,TN,b_13,constant,10,c_06,D,2.42005987202141,NA,1
20220214,147,TN,b_14,constant,7,c_03,D,2.5342315280231933,NA,1
20220214,147,TN,b_15,constant,14,c_14,D,2.3584031840249775,NA,1
20220214,147,TN,b_16,constant,14,c_15,D,2.2525748400267616,NA,1
20220214,147,TN,b_17,decreasing,7,c_05,E,2.3087748103056542,NA,1
20220214,147,TN,b_18,decreasing,7,c_04,E,4.189506044497792,NA,1
20220214,147,TN,b_19,decreasing,14,c_12,E,2.92023727868993,NA,1
20220214,147,TN,b_20,decreasing,10,c_09,E,2.850968512882068,NA,1
20220214,147,TN,b_21,constant,10,c_07,F,3.0334331200356823,NA,1
20220214,147,TN,b_22,constant,10,c_10,F,4.547604776037467,NA,1
20220214,147,TN,b_23,constant,7,c_04,F,4.17177643203925,NA,1
20220214,147,TN,b_24,constant,14,c_13,F,3.0159480880410348,NA,1
20220214,147,TN,b_25,decreasing,7,c_03,G,2.194624683842757,NA,1
20220214,147,TN,b_26,decreasing,14,c_15,G,2.1153559180348953,NA,1
20220214,147,TN,b_27,decreasing,10,c_10,G,4.146087152227032,NA,1
20220214,147,TN,b_28,constant,10,c_09,H,2.7226347120481713,NA,1
20220214,147,TN,b_29,constant,14,c_12,H,2.8168063680499555,NA,1
20220214,147,TN,b_30,constant,7,c_01,H,3.03097802405174,NA,1
20220214,147,TOC,b_01,constant,10,c_08,A,42.57,NA,1
20220214,147,TOC,b_02,constant,7,c_02,A,72.48959473895046,NA,1
20220214,147,TOC,b_03,constant,14,c_11,A,37.67918947790093,NA,1
20220214,147,TOC,b_04,constant,7,c_05,A,40.848784216851385,NA,1
20220214,147,TOC,b_05,decreasing,14,c_13,B,50.1,NA,1
20220214,147,TOC,b_06,decreasing,14,c_11,B,39.0505779783084,NA,1
20220214,147,TOC,b_07,decreasing,10,c_06,B,46.12115595661679,NA,1
20220214,147,TOC,b_08,decreasing,7,c_01,B,53.25173393492519,NA,1
20220214,147,TOC,b_09,decreasing,7,c_02,C,64.15231191323359,NA,1
20220214,147,TOC,b_10,decreasing,10,c_07,C,50.29288989154199,NA,1
20220214,147,TOC,b_11,decreasing,10,c_08,C,44.28346786985039,NA,1
20220214,147,TOC,b_12,decreasing,14,c_14,C,43.314045848158784,NA,1
20220214,147,TOC,b_13,constant,10,c_06,D,43.59513686740553,NA,1
20220214,147,TOC,b_14,constant,7,c_03,D,40.30473160635599,NA,1
20220214,147,TOC,b_15,constant,14,c_14,D,39.83432634530645,NA,1
20220214,147,TOC,b_16,constant,14,c_15,D,39.23392108425691,NA,1
20220214,147,TOC,b_17,decreasing,7,c_05,E,43.94693573970077,NA,1
20220214,147,TOC,b_18,decreasing,7,c_04,E,74.81751371800918,NA,1
20220214,147,TOC,b_19,decreasing,14,c_12,E,48.23809169631757,NA,1
20220214,147,TOC,b_20,decreasing,10,c_09,E,45.69866967462597,NA,1
20220214,147,TOC,b_21,constant,10,c_07,F,50.54189477900921,NA,1
20220214,147,TOC,b_22,constant,10,c_10,F,77.87148951795969,NA,1
20220214,147,TOC,b_23,constant,7,c_04,F,74.83108425691015,NA,1
20220214,147,TOC,b_24,constant,14,c_13,F,48.7906789958606,NA,1
20220214,147,TOC,b_25,decreasing,7,c_03,G,34.42155956616796,NA,1
20220214,147,TOC,b_26,decreasing,14,c_15,G,37.642137544476356,NA,1
20220214,147,TOC,b_27,decreasing,10,c_10,G,71.68271552278475,NA,1
20220214,147,TOC,b_28,constant,10,c_09,H,41.51905795166244,NA,1
20220214,147,TOC,b_29,constant,14,c_12,H,44.988652690612895,NA,1
20220214,147,TOC,b_30,constant,7,c_01,H,47.988247429563366,NA,1
20220216,149,IC,b_01,constant,10,c_08,A,1.817011171941068,NA,1
20220216,149,IC,b_02,constant,7,c_02,A,3.0123986291004576,NA,1
20220216,149,IC,b_03,constant,14,c_11,A,2.017786086259846,NA,1
20220216,149,IC,b_04,constant,7,c_05,A,2.253173543419235,NA,1
20220216,149,IC,b_05,decreasing,14,c_13,B,4.185831761478114,NA,1
20220216,149,IC,b_06,decreasing,14,c_11,B,2.8576327860419237,NA,1
20220216,149,IC,b_07,decreasing,10,c_06,B,2.799433810605734,NA,1
20220216,149,IC,b_08,decreasing,7,c_01,B,4.361234835169545,NA,1
20220216,149,IC,b_09,decreasing,7,c_02,C,3.5330358597333547,NA,1
20220216,149,IC,b_10,decreasing,10,c_07,C,3.6248368842971646,NA,1
20220216,149,IC,b_11,decreasing,10,c_08,C,2.776637908860975,NA,1
20220216,149,IC,b_12,decreasing,14,c_14,C,2.898438933424785,NA,1
20220216,149,IC,b_13,constant,10,c_06,D,6.75,NA,1
20220216,149,IC,b_14,constant,7,c_03,D,8.5060176779742,NA,1
20220216,149,IC,b_15,constant,14,c_14,D,7.402035355948399,NA,1
20220216,149,IC,b_16,constant,14,c_15,D,7.328053033922599,NA,1
20220216,149,IC,b_17,decreasing,7,c_05,E,7.58,NA,1
20220216,149,IC,b_18,decreasing,7,c_04,E,8.79424033149171,NA,1
20220216,149,IC,b_19,decreasing,14,c_12,E,8.628480662983423,NA,1
20220216,149,IC,b_20,decreasing,10,c_09,E,9.092720994475137,NA,1
20220216,149,IC,b_21,constant,10,c_07,F,7.988141423793598,NA,1
20220216,149,IC,b_22,constant,10,c_10,F,8.994159101767798,NA,1
20220216,149,IC,b_23,constant,7,c_04,F,8.510176779741997,NA,1
20220216,149,IC,b_24,constant,14,c_13,F,7.4961944577161965,NA,1
20220216,149,IC,b_25,decreasing,7,c_03,G,9.143922651933696,NA,1
20220216,149,IC,b_26,decreasing,14,c_15,G,6.9481629834254095,NA,1
20220216,149,IC,b_27,decreasing,10,c_10,G,9.002403314917121,NA,1
20220216,149,IC,b_28,constant,10,c_09,H,7.340265169612994,NA,1
20220216,149,IC,b_29,constant,14,c_12,H,6.836282847587194,NA,1
20220216,149,IC,b_30,constant,7,c_01,H,7.882300525561394,NA,1
20220216,149,TC,b_01,constant,10,c_08,A,45.798724331371915,NA,1
20220216,149,TC,b_02,constant,7,c_02,A,77.89674769690005,NA,1
20220216,149,TC,b_03,constant,14,c_11,A,37.79477106242817,NA,1
20220216,149,TC,b_04,constant,7,c_05,A,40.98279442795629,NA,1
20220216,149,TC,b_05,decreasing,14,c_13,B,53.17374908903846,NA,1
20220216,149,TC,b_06,decreasing,14,c_11,B,43.71612809191067,NA,1
20220216,149,TC,b_07,decreasing,10,c_06,B,48.988507094782875,NA,1
20220216,149,TC,b_08,decreasing,7,c_01,B,58.47088609765508,NA,1
20220216,149,TC,b_09,decreasing,7,c_02,C,69.55326510052728,NA,1
20220216,149,TC,b_10,decreasing,10,c_07,C,54.1256441033995,NA,1
20220216,149,TC,b_11,decreasing,10,c_08,C,48.16802310627171,NA,1
20220216,149,TC,b_12,decreasing,14,c_14,C,45.280402109143914,NA,1
20220216,149,TC,b_13,constant,10,c_06,D,44.27250235885472,NA,2
20220216,149,TC,b_14,constant,7,c_03,D,47.85359292881032,NA,1
20220216,149,TC,b_15,constant,14,c_14,D,43.137185857620636,NA,1
20220216,149,TC,b_16,constant,14,c_15,D,44.44077878643096,NA,1
20220216,149,TC,b_17,decreasing,7,c_05,E,48.55,NA,1
20220216,149,TC,b_18,decreasing,7,c_04,E,78.23743093922653,NA,1
20220216,149,TC,b_19,decreasing,14,c_12,E,52.604861878453036,NA,1
20220216,149,TC,b_20,decreasing,10,c_09,E,51.062292817679555,NA,1
20220216,149,TC,b_21,constant,10,c_07,F,51.36874343048256,NA,1
20220216,149,TC,b_22,constant,10,c_10,F,77.83233635929287,NA,1
20220216,149,TC,b_23,constant,7,c_04,F,72.7659292881032,NA,1
20220216,149,TC,b_24,constant,14,c_13,F,48.339522216913515,NA,1
20220216,149,TC,b_25,decreasing,7,c_03,G,42.029447513812144,NA,1
20220216,149,TC,b_26,decreasing,14,c_15,G,45.58687845303866,NA,1
20220216,149,TC,b_27,decreasing,10,c_10,G,78.76430939226518,NA,1
20220216,149,TC,b_28,constant,10,c_09,H,42.323893932154796,NA,1
20220216,149,TC,b_29,constant,14,c_12,H,39.65748686096511,NA,1
20220216,149,TC,b_30,constant,7,c_01,H,44.09107978977544,NA,1
20220216,149,TN,b_01,constant,10,c_08,A,2.229321336055308,NA,1
20220216,149,TN,b_02,constant,7,c_02,A,4.153492992057092,NA,1
20220216,149,TN,b_03,constant,14,c_11,A,1.9676646480588764,NA,1
20220216,149,TN,b_04,constant,7,c_05,A,1.9418363040606605,NA,1
20220216,149,TN,b_05,decreasing,14,c_13,B,2.9826682599562737,NA,1
20220216,149,TN,b_06,decreasing,14,c_11,B,2.2633994941484117,NA,1
20220216,149,TN,b_07,decreasing,10,c_06,B,2.574130728340549,NA,1
20220216,149,TN,b_08,decreasing,7,c_01,B,3.1948619625326873,NA,1
20220216,149,TN,b_09,decreasing,7,c_02,C,3.7655931967248253,NA,1
20220216,149,TN,b_10,decreasing,10,c_07,C,3.0363244309169626,NA,1
20220216,149,TN,b_11,decreasing,10,c_08,C,2.447055665109101,NA,1
20220216,149,TN,b_12,decreasing,14,c_14,C,2.397786899301239,NA,1
20220216,149,TN,b_13,constant,10,c_06,D,2.344690604038359,NA,2
20220216,149,TN,b_14,constant,7,c_03,D,2.7035714285714283,NA,1
20220216,149,TN,b_15,constant,14,c_14,D,2.327142857142857,NA,1
20220216,149,TN,b_16,constant,14,c_15,D,2.3807142857142853,NA,1
20220216,149,TN,b_17,decreasing,7,c_05,E,2.44,NA,1
20220216,149,TN,b_18,decreasing,7,c_04,E,4.2773066298342535,NA,1
20220216,149,TN,b_19,decreasing,14,c_12,E,2.944613259668508,NA,1
20220216,149,TN,b_20,decreasing,10,c_09,E,2.841919889502762,NA,1
20220216,149,TN,b_21,constant,10,c_07,F,2.7985714285714285,NA,1
20220216,149,TN,b_22,constant,10,c_10,F,4.312142857142858,NA,1
20220216,149,TN,b_23,constant,7,c_04,F,3.8457142857142856,NA,1
20220216,149,TN,b_24,constant,14,c_13,F,2.6192857142857147,NA,1
20220216,149,TN,b_25,decreasing,7,c_03,G,2.3084530386740316,NA,1
20220216,149,TN,b_26,decreasing,14,c_15,G,2.315759668508285,NA,1
20220216,149,TN,b_27,decreasing,10,c_10,G,4.303066298342539,NA,1
20220216,149,TN,b_28,constant,10,c_09,H,2.3635714285714284,NA,1
20220216,149,TN,b_29,constant,14,c_12,H,2.147142857142857,NA,1
20220216,149,TN,b_30,constant,7,c_01,H,2.350714285714286,NA,1
20220216,149,TOC,b_01,constant,10,c_08,A,41.09743690746428,NA,1
20220216,149,TOC,b_02,constant,7,c_02,A,71.90703164641475,NA,1
20220216,149,TOC,b_03,constant,14,c_11,A,32.706626385365205,NA,1
20220216,149,TOC,b_04,constant,7,c_05,A,35.56622112431566,NA,1
20220216,149,TOC,b_05,decreasing,14,c_13,B,48.98791732756033,NA,1
20220216,149,TOC,b_06,decreasing,14,c_11,B,40.858495305868736,NA,1
20220216,149,TOC,b_07,decreasing,10,c_06,B,46.18907328417713,NA,1
20220216,149,TOC,b_08,decreasing,7,c_01,B,54.10965126248553,NA,1
20220216,149,TOC,b_09,decreasing,7,c_02,C,66.02022924079392,NA,1
20220216,149,TOC,b_10,decreasing,10,c_07,C,50.50080721910233,NA,1
20220216,149,TOC,b_11,decreasing,10,c_08,C,45.39138519741072,NA,1
20220216,149,TOC,b_12,decreasing,14,c_14,C,42.381963175719115,NA,1
20220216,149,TOC,b_13,constant,10,c_06,D,38.28,NA,1
20220216,149,TOC,b_14,constant,7,c_03,D,39.347575250836115,NA,1
20220216,149,TOC,b_15,constant,14,c_14,D,35.73515050167224,NA,1
20220216,149,TOC,b_16,constant,14,c_15,D,37.11272575250836,NA,1
20220216,149,TOC,b_17,decreasing,7,c_05,E,40.97,NA,1
20220216,149,TOC,b_18,decreasing,7,c_04,E,69.4431906077348,NA,1
20220216,149,TOC,b_19,decreasing,14,c_12,E,43.976381215469615,NA,1
20220216,149,TOC,b_20,decreasing,10,c_09,E,41.96957182320442,NA,1
20220216,149,TOC,b_21,constant,10,c_07,F,43.38060200668897,NA,1
20220216,149,TOC,b_22,constant,10,c_10,F,68.838177257525075,NA,1
20220216,149,TOC,b_23,constant,7,c_04,F,64.25575250836121,NA,1
20220216,149,TOC,b_24,constant,14,c_13,F,40.843327759197315,NA,1
20220216,149,TOC,b_25,decreasing,7,c_03,G,32.88552486187844,NA,1
20220216,149,TOC,b_26,decreasing,14,c_15,G,38.638715469613246,NA,1
20220216,149,TOC,b_27,decreasing,10,c_10,G,69.76190607734804,NA,1
20220216,149,TOC,b_28,constant,10,c_09,H,34.983628762541805,NA,1
20220216,149,TOC,b_29,constant,14,c_12,H,32.82120401337792,NA,1
20220216,149,TOC,b_30,constant,7,c_01,H,36.208779264214044,NA,1
20220218,151,IC,b_01,constant,10,c_08,A,1.35,NA,1
20220218,151,IC,b_02,constant,7,c_02,A,3.185422108208955,NA,1
20220218,151,IC,b_03,constant,14,c_11,A,1.1708442164179105,NA,1
20220218,151,IC,b_04,constant,7,c_05,A,1.716266324626866,NA,1
20220218,151,IC,b_05,decreasing,14,c_13,B,3.07,NA,1
20220218,151,IC,b_06,decreasing,14,c_11,B,1.9305514157973174,NA,1
20220218,151,IC,b_07,decreasing,10,c_06,B,1.9011028315946348,NA,1
20220218,151,IC,b_08,decreasing,7,c_01,B,4.941654247391952,NA,1
20220218,151,IC,b_09,decreasing,7,c_02,C,2.33220566318927,NA,1
20220218,151,IC,b_10,decreasing,10,c_07,C,3.3427570789865872,NA,1
20220218,151,IC,b_11,decreasing,10,c_08,C,2.4733084947839044,NA,1
20220218,151,IC,b_12,decreasing,14,c_14,C,2.2838599105812225,NA,1
20220218,151,IC,b_13,constant,10,c_06,D,1.815065298507463,NA,1
20220218,151,IC,b_14,constant,7,c_03,D,2.060487406716418,NA,1
20220218,151,IC,b_15,constant,14,c_14,D,1.7759095149253734,NA,1
20220218,151,IC,b_16,constant,14,c_15,D,0.7613316231343283,NA,1
20220218,151,IC,b_17,decreasing,7,c_05,E,2.036616989567809,NA,1
20220218,151,IC,b_18,decreasing,7,c_04,E,2.4371684053651266,NA,1
20220218,151,IC,b_19,decreasing,14,c_12,E,6.018859910581222,NA,2
20220218,151,IC,b_20,decreasing,10,c_09,E,8.92,NA,1
20220218,151,IC,b_21,constant,10,c_07,F,5.519221082089552,NA,2
20220218,151,IC,b_22,constant,10,c_10,F,1.7938642723880602,NA,1
20220218,151,IC,b_23,constant,7,c_04,F,1.5292863805970156,NA,1
20220218,151,IC,b_24,constant,14,c_13,F,1.5047084888059703,NA,1
20220218,151,IC,b_25,decreasing,7,c_03,G,3.281028315946349,NA,1
20220218,151,IC,b_26,decreasing,14,c_15,G,2.101579731743666,NA,1
20220218,151,IC,b_27,decreasing,10,c_10,G,3.0821311475409834,NA,1
20220218,151,IC,b_28,constant,10,c_09,H,1.7463969216417916,NA,1
20220218,151,IC,b_29,constant,14,c_12,H,1.5418190298507466,NA,1
20220218,151,IC,b_30,constant,7,c_01,H,2.477241138059702,NA,1
20220218,151,TC,b_01,constant,10,c_08,A,43.27,NA,1
20220218,151,TC,b_02,constant,7,c_02,A,72.44105876865672,NA,1
20220218,151,TC,b_03,constant,14,c_11,A,36.79211753731344,NA,1
20220218,151,TC,b_04,constant,7,c_05,A,39.193176305970155,NA,1
20220218,151,TC,b_05,decreasing,14,c_13,B,48.65,NA,1
20220218,151,TC,b_06,decreasing,14,c_11,B,38.465877926421406,NA,1
20220218,151,TC,b_07,decreasing,10,c_06,B,44.21175585284281,NA,1
20220218,151,TC,b_08,decreasing,7,c_01,B,53.42763377926421,NA,1
20220218,151,TC,b_09,decreasing,7,c_02,C,60.44351170568562,NA,1
20220218,151,TC,b_10,decreasing,10,c_07,C,49.359389632107025,NA,1
20220218,151,TC,b_11,decreasing,10,c_08,C,42.78526755852843,NA,1
20220218,151,TC,b_12,decreasing,14,c_14,C,40.04114548494984,NA,1
20220218,151,TC,b_13,constant,10,c_06,D,40.1227052238806,NA,1
20220218,151,TC,b_14,constant,7,c_03,D,39.03376399253732,NA,1
20220218,151,TC,b_15,constant,14,c_14,D,34.81482276119403,NA,1
20220218,151,TC,b_16,constant,14,c_15,D,34.195881529850745,NA,1
20220218,151,TC,b_17,decreasing,7,c_05,E,40.18053511705686,NA,1
20220218,151,TC,b_18,decreasing,7,c_04,E,65.94641304347826,NA,1
20220218,151,TC,b_19,decreasing,14,c_12,E,46.74114548494984,NA,2
20220218,151,TC,b_20,decreasing,10,c_09,E,45.84908444816054,NA,2
20220218,151,TC,b_21,constant,10,c_07,F,51.77058768656717,NA,2
20220218,151,TC,b_22,constant,10,c_10,F,68.34223414179104,NA,1
20220218,151,TC,b_23,constant,7,c_04,F,65.39329291044776,NA,1
20220218,151,TC,b_24,constant,14,c_13,F,42.08435167910448,NA,1
20220218,151,TC,b_25,decreasing,7,c_03,G,32.807558528428096,NA,1
20220218,151,TC,b_26,decreasing,14,c_15,G,36.7834364548495,NA,1
20220218,151,TC,b_27,decreasing,10,c_10,G,68.2093143812709,NA,1
20220218,151,TC,b_28,constant,10,c_09,H,39.278586753731346,NA,1
20220218,151,TC,b_29,constant,14,c_12,H,40.17964552238806,NA,1
20220218,151,TC,b_30,constant,7,c_01,H,46.550704291044774,NA,1
20220218,151,TN,b_01,constant,10,c_08,A,2.36,NA,1
20220218,151,TN,b_02,constant,7,c_02,A,4.328472481343284,NA,1
20220218,151,TN,b_03,constant,14,c_11,A,2.1069449626865673,NA,1
20220218,151,TN,b_04,constant,7,c_05,A,2.045417444029851,NA,1
20220218,151,TN,b_05,decreasing,14,c_13,B,3.06,NA,1
20220218,151,TN,b_06,decreasing,14,c_11,B,2.200413879598662,NA,1
20220218,151,TN,b_07,decreasing,10,c_06,B,2.5408277591973243,NA,1
20220218,151,TN,b_08,decreasing,7,c_01,B,3.191241638795987,NA,1
20220218,151,TN,b_09,decreasing,7,c_02,C,3.611655518394649,NA,1
20220218,151,TN,b_10,decreasing,10,c_07,C,2.992069397993311,NA,1
20220218,151,TN,b_11,decreasing,10,c_08,C,2.2924832775919732,NA,1
20220218,151,TN,b_12,decreasing,14,c_14,C,2.292897157190635,NA,1
20220218,151,TN,b_13,constant,10,c_06,D,2.1516697761194026,NA,1
20220218,151,TN,b_14,constant,7,c_03,D,2.3001422574626864,NA,1
20220218,151,TN,b_15,constant,14,c_14,D,1.9486147388059698,NA,1
20220218,151,TN,b_16,constant,14,c_15,D,1.8770872201492534,NA,1
20220218,151,TN,b_17,decreasing,7,c_05,E,2.1349665551839463,NA,1
20220218,151,TN,b_18,decreasing,7,c_04,E,3.895380434782608,NA,1
20220218,151,TN,b_19,decreasing,14,c_12,E,2.7678971571906352,NA,2
20220218,151,TN,b_20,decreasing,10,c_09,E,2.7081040969899663,NA,2
20220218,151,TN,b_21,constant,10,c_07,F,2.8747248134328354,NA,2
20220218,151,TN,b_22,constant,10,c_10,F,3.977922108208954,NA,1
20220218,151,TN,b_23,constant,7,c_04,F,3.556394589552238,NA,1
20220218,151,TN,b_24,constant,14,c_13,F,2.3848670708955217,NA,1
20220218,151,TN,b_25,decreasing,7,c_03,G,2.088277591973244,NA,1
20220218,151,TN,b_26,decreasing,14,c_15,G,2.098691471571906,NA,1
20220218,151,TN,b_27,decreasing,10,c_10,G,3.9591053511705683,NA,1
20220218,151,TN,b_28,constant,10,c_09,H,2.3087569962686563,NA,1
20220218,151,TN,b_29,constant,14,c_12,H,2.1972294776119394,NA,1
20220218,151,TN,b_30,constant,7,c_01,H,2.645701958955223,NA,1
20220218,151,TOC,b_01,constant,10,c_08,A,41.92,NA,1
20220218,151,TOC,b_02,constant,7,c_02,A,69.25563666044778,NA,1
20220218,151,TOC,b_03,constant,14,c_11,A,35.621273320895526,NA,1
20220218,151,TOC,b_04,constant,7,c_05,A,37.47690998134329,NA,1
20220218,151,TOC,b_05,decreasing,14,c_13,B,45.58,NA,1
20220218,151,TOC,b_06,decreasing,14,c_11,B,36.5033345752608,NA,1
20220218,151,TOC,b_07,decreasing,10,c_06,B,42.24666915052161,NA,1
20220218,151,TOC,b_08,decreasing,7,c_01,B,48.390003725782414,NA,1
20220218,151,TOC,b_09,decreasing,7,c_02,C,57.98333830104322,NA,1
20220218,151,TOC,b_10,decreasing,10,c_07,C,45.856672876304025,NA,1
20220218,151,TOC,b_11,decreasing,10,c_08,C,40.12000745156483,NA,1
20220218,151,TOC,b_12,decreasing,14,c_14,C,37.533342026825636,NA,1
20220218,151,TOC,b_13,constant,10,c_06,D,38.307639925373145,NA,1
20220218,151,TOC,b_14,constant,7,c_03,D,36.9732765858209,NA,1
20220218,151,TOC,b_15,constant,14,c_14,D,33.038913246268656,NA,1
20220218,151,TOC,b_16,constant,14,c_15,D,33.43454990671642,NA,1
20220218,151,TOC,b_17,decreasing,7,c_05,E,37.76001490312966,NA,1
20220218,151,TOC,b_18,decreasing,7,c_04,E,63.09334947839047,NA,1
20220218,151,TOC,b_19,decreasing,14,c_12,E,40.49834202682564,NA,2
20220218,151,TOC,b_20,decreasing,10,c_09,E,39.78,NA,1
20220218,151,TOC,b_21,constant,10,c_07,F,46.25136660447762,NA,2
20220218,151,TOC,b_22,constant,10,c_10,F,66.54836986940299,NA,1
20220218,151,TOC,b_23,constant,7,c_04,F,63.864006529850755,NA,1
20220218,151,TOC,b_24,constant,14,c_13,F,40.57964319029851,NA,1
20220218,151,TOC,b_25,decreasing,7,c_03,G,28.8866915052161,NA,1
20220218,151,TOC,b_26,decreasing,14,c_15,G,34.010026080476905,NA,1
20220218,151,TOC,b_27,decreasing,10,c_10,G,64.42336065573771,NA,1
20220218,151,TOC,b_28,constant,10,c_09,H,37.53218983208956,NA,1
20220218,151,TOC,b_29,constant,14,c_12,H,38.63782649253732,NA,1
20220218,151,TOC,b_30,constant,7,c_01,H,44.073463152985084,NA,1
20220221,154,IC,b_01,constant,10,c_08,A,2.59,NA,1
20220221,154,IC,b_02,constant,7,c_02,A,3.5791721082089554,NA,1
20220221,154,IC,b_03,constant,14,c_11,A,2.5783442164179102,NA,1
20220221,154,IC,b_04,constant,7,c_05,A,2.427516324626865,NA,1
20220221,154,IC,b_05,decreasing,14,c_13,B,3.67,NA,1
20220221,154,IC,b_06,decreasing,14,c_11,B,2.9152466555183945,NA,1
20220221,154,IC,b_07,decreasing,10,c_06,B,3.0104933110367895,NA,1
20220221,154,IC,b_08,decreasing,7,c_01,B,4.295739966555184,NA,1
20220221,154,IC,b_09,decreasing,7,c_02,C,3.360986622073579,NA,1
20220221,154,IC,b_10,decreasing,10,c_07,C,3.9462332775919733,NA,1
20220221,154,IC,b_11,decreasing,10,c_08,C,2.801479933110368,NA,1
20220221,154,IC,b_12,decreasing,14,c_14,C,2.806726588628763,NA,1
20220221,154,IC,b_13,constant,10,c_06,D,2.0400652985074625,NA,1
20220221,154,IC,b_14,constant,7,c_03,D,2.839237406716418,NA,1
20220221,154,IC,b_15,constant,14,c_14,D,2.1184095149253728,NA,1
20220221,154,IC,b_16,constant,14,c_15,D,1.8575816231343278,NA,1
20220221,154,IC,b_17,decreasing,7,c_05,E,2.2729598662207366,NA,1
20220221,154,IC,b_18,decreasing,7,c_04,E,3.1982065217391304,NA,1
20220221,154,IC,b_19,decreasing,14,c_12,E,3.833453177257525,NA,1
20220221,154,IC,b_20,decreasing,10,c_09,E,3.83869983277592,NA,1
20220221,154,IC,b_21,constant,10,c_07,F,3.483442164179104,NA,1
20220221,154,IC,b_22,constant,10,c_10,F,2.6626142723880597,NA,1
20220221,154,IC,b_23,constant,7,c_04,F,2.5617863805970145,NA,1
20220221,154,IC,b_24,constant,14,c_13,F,2.5709584888059696,NA,1
20220221,154,IC,b_25,decreasing,7,c_03,G,3.764933110367894,NA,1
20220221,154,IC,b_26,decreasing,14,c_15,G,3.0301797658862877,NA,1
20220221,154,IC,b_27,decreasing,10,c_10,G,3.3554264214046827,NA,1
20220221,154,IC,b_28,constant,10,c_09,H,2.93764692164179,NA,1
20220221,154,IC,b_29,constant,14,c_12,H,2.2668190298507453,NA,1
20220221,154,IC,b_30,constant,7,c_01,H,3.005991138059701,NA,1
20220221,154,TC,b_01,constant,10,c_08,A,43.29,NA,1
20220221,154,TC,b_02,constant,7,c_02,A,70.23458955223882,NA,1
20220221,154,TC,b_03,constant,14,c_11,A,37.57917910447762,NA,1
20220221,154,TC,b_04,constant,7,c_05,A,40.46376865671642,NA,1
20220221,154,TC,b_05,decreasing,14,c_13,B,46.6,NA,1
20220221,154,TC,b_06,decreasing,14,c_11,B,39.05233277591973,NA,1
20220221,154,TC,b_07,decreasing,10,c_06,B,44.32466555183946,NA,1
20220221,154,TC,b_08,decreasing,7,c_01,B,49.3569983277592,NA,1
20220221,154,TC,b_09,decreasing,7,c_02,C,58.62933110367893,NA,1
20220221,154,TC,b_10,decreasing,10,c_07,C,47.78166387959866,NA,1
20220221,154,TC,b_11,decreasing,10,c_08,C,43.8039966555184,NA,1
20220221,154,TC,b_12,decreasing,14,c_14,C,40.44632943143812,NA,1
20220221,154,TC,b_13,constant,10,c_06,D,39.765074626865676,NA,1
20220221,154,TC,b_14,constant,7,c_03,D,38.19966417910448,NA,1
20220221,154,TC,b_15,constant,14,c_14,D,34.48425373134329,NA,1
20220221,154,TC,b_16,constant,14,c_15,D,35.09884328358209,NA,1
20220221,154,TC,b_17,decreasing,7,c_05,E,41.74799331103679,NA,1
20220221,154,TC,b_18,decreasing,7,c_04,E,67.43032608695651,NA,1
20220221,154,TC,b_19,decreasing,14,c_12,E,44.92265886287625,NA,1
20220221,154,TC,b_20,decreasing,10,c_09,E,43.434991638795985,NA,1
20220221,154,TC,b_21,constant,10,c_07,F,44.86179104477612,NA,1
20220221,154,TC,b_22,constant,10,c_10,F,68.50638059701492,NA,1
20220221,154,TC,b_23,constant,7,c_04,F,64.41097014925373,NA,1
20220221,154,TC,b_24,constant,14,c_13,F,42.57555970149254,NA,1
20220221,154,TC,b_25,decreasing,7,c_03,G,30.616655518394644,NA,1
20220221,154,TC,b_26,decreasing,14,c_15,G,36.21898829431438,NA,1
20220221,154,TC,b_27,decreasing,10,c_10,G,65.36132107023411,NA,1
20220221,154,TC,b_28,constant,10,c_09,H,39.56391791044776,NA,1
20220221,154,TC,b_29,constant,14,c_12,H,39.818507462686576,NA,1
20220221,154,TC,b_30,constant,7,c_01,H,46.143097014925374,NA,1
20220221,154,TN,b_01,constant,10,c_08,A,2.32,NA,1
20220221,154,TN,b_02,constant,7,c_02,A,4.173022388059701,NA,1
20220221,154,TN,b_03,constant,14,c_11,A,2.166044776119403,NA,1
20220221,154,TN,b_04,constant,7,c_05,A,2.149067164179104,NA,1
20220221,154,TN,b_05,decreasing,14,c_13,B,2.85,NA,1
20220221,154,TN,b_06,decreasing,14,c_11,B,2.2603762541806023,NA,1
20220221,154,TN,b_07,decreasing,10,c_06,B,2.530752508361204,NA,1
20220221,154,TN,b_08,decreasing,7,c_01,B,2.941128762541806,NA,1
20220221,154,TN,b_09,decreasing,7,c_02,C,3.511505016722408,NA,1
20220221,154,TN,b_10,decreasing,10,c_07,C,2.88188127090301,NA,1
20220221,154,TN,b_11,decreasing,10,c_08,C,2.402257525083612,NA,1
20220221,154,TN,b_12,decreasing,14,c_14,C,2.3426337792642142,NA,1
20220221,154,TN,b_13,constant,10,c_06,D,2.1862686567164173,NA,1
20220221,154,TN,b_14,constant,7,c_03,D,2.229291044776119,NA,1
20220221,154,TN,b_15,constant,14,c_14,D,2.0223134328358205,NA,1
20220221,154,TN,b_16,constant,14,c_15,D,2.0053358208955223,NA,1
20220221,154,TN,b_17,decreasing,7,c_05,E,2.3045150501672236,NA,1
20220221,154,TN,b_18,decreasing,7,c_04,E,3.844891304347826,NA,1
20220221,154,TN,b_19,decreasing,14,c_12,E,2.735267558528428,NA,1
20220221,154,TN,b_20,decreasing,10,c_09,E,2.6556438127090294,NA,1
20220221,154,TN,b_21,constant,10,c_07,F,2.5504477611940293,NA,1
20220221,154,TN,b_22,constant,10,c_10,F,3.9534701492537305,NA,1
20220221,154,TN,b_23,constant,7,c_04,F,3.506492537313432,NA,1
20220221,154,TN,b_24,constant,14,c_13,F,2.439514925373134,NA,1
20220221,154,TN,b_25,decreasing,7,c_03,G,1.9275250836120397,NA,1
20220221,154,TN,b_26,decreasing,14,c_15,G,2.047901337792642,NA,1
20220221,154,TN,b_27,decreasing,10,c_10,G,3.8282775919732437,NA,1
20220221,154,TN,b_28,constant,10,c_09,H,2.2516044776119397,NA,1
20220221,154,TN,b_29,constant,14,c_12,H,2.2046268656716412,NA,1
20220221,154,TN,b_30,constant,7,c_01,H,2.6376492537313427,NA,1
20220221,154,TOC,b_01,constant,10,c_08,A,40.7,NA,1
20220221,154,TOC,b_02,constant,7,c_02,A,66.65541744402985,NA,1
20220221,154,TOC,b_03,constant,14,c_11,A,35.0008348880597,NA,1
20220221,154,TOC,b_04,constant,7,c_05,A,38.03625233208955,NA,1
20220221,154,TOC,b_05,decreasing,14,c_13,B,42.93,NA,1
20220221,154,TOC,b_06,decreasing,14,c_11,B,36.137086120401335,NA,1
20220221,154,TOC,b_07,decreasing,10,c_06,B,41.31417224080267,NA,1
20220221,154,TOC,b_08,decreasing,7,c_01,B,45.06125836120402,NA,1
20220221,154,TOC,b_09,decreasing,7,c_02,C,55.26834448160535,NA,1
20220221,154,TOC,b_10,decreasing,10,c_07,C,43.83543060200669,NA,1
20220221,154,TOC,b_11,decreasing,10,c_08,C,41.00251672240803,NA,1
20220221,154,TOC,b_12,decreasing,14,c_14,C,37.63960284280936,NA,1
20220221,154,TOC,b_13,constant,10,c_06,D,37.725009328358205,NA,1
20220221,154,TOC,b_14,constant,7,c_03,D,35.36042677238805,NA,1
20220221,154,TOC,b_15,constant,14,c_14,D,32.3658442164179,NA,1
20220221,154,TOC,b_16,constant,14,c_15,D,33.24126166044775,NA,1
20220221,154,TOC,b_17,decreasing,7,c_05,E,39.47503344481605,NA,1
20220221,154,TOC,b_18,decreasing,7,c_04,E,64.23211956521737,NA,1
20220221,154,TOC,b_19,decreasing,14,c_12,E,41.08920568561873,NA,1
20220221,154,TOC,b_20,decreasing,10,c_09,E,39.59629180602007,NA,1
20220221,154,TOC,b_21,constant,10,c_07,F,41.378348880597,NA,1
20220221,154,TOC,b_22,constant,10,c_10,F,65.84376632462686,NA,1
20220221,154,TOC,b_23,constant,7,c_04,F,61.8491837686567,NA,1
20220221,154,TOC,b_24,constant,14,c_13,F,40.00460121268656,NA,1
20220221,154,TOC,b_25,decreasing,7,c_03,G,26.851722408026756,NA,1
20220221,154,TOC,b_26,decreasing,14,c_15,G,33.18880852842808,NA,1
20220221,154,TOC,b_27,decreasing,10,c_10,G,62.005894648829425,NA,1
20220221,154,TOC,b_28,constant,10,c_09,H,36.626270988805956,NA,1
20220221,154,TOC,b_29,constant,14,c_12,H,37.55168843283581,NA,1
20220221,154,TOC,b_30,constant,7,c_01,H,43.13710587686566,NA,1
20220223,156,IC,b_01,constant,10,c_08,A,1.47,NA,1
20220223,156,IC,b_02,constant,7,c_02,A,2.786410914179105,NA,1
20220223,156,IC,b_03,constant,14,c_11,A,1.592821828358209,NA,1
20220223,156,IC,b_04,constant,7,c_05,A,1.6392327425373132,NA,1
20220223,156,IC,b_05,decreasing,14,c_13,B,2.68,NA,1
20220223,156,IC,b_06,decreasing,14,c_11,B,2.193766722408027,NA,1
20220223,156,IC,b_07,decreasing,10,c_06,B,2.187533444816054,NA,1
20220223,156,IC,b_08,decreasing,7,c_01,B,4.2913001672240805,NA,1
20220223,156,IC,b_09,decreasing,7,c_02,C,2.3850668896321072,NA,1
20220223,156,IC,b_10,decreasing,10,c_07,C,3.8888336120401337,NA,1
20220223,156,IC,b_11,decreasing,10,c_08,C,2.4026003344481612,NA,1
20220223,156,IC,b_12,decreasing,14,c_14,C,2.7663670568561876,NA,1
20220223,156,IC,b_13,constant,10,c_06,D,1.796930970149254,NA,1
20220223,156,IC,b_14,constant,7,c_03,D,2.5333418843283586,NA,1
20220223,156,IC,b_15,constant,14,c_14,D,2.3697527985074625,NA,1
20220223,156,IC,b_16,constant,14,c_15,D,1.8661637126865664,NA,1
20220223,156,IC,b_17,decreasing,7,c_05,E,2.055200668896321,NA,1
20220223,156,IC,b_18,decreasing,7,c_04,E,2.9589673913043484,NA,1
20220223,156,IC,b_19,decreasing,14,c_12,E,3.4427341137123753,NA,1
20220223,156,IC,b_20,decreasing,10,c_09,E,3.346500836120403,NA,1
20220223,156,IC,b_21,constant,10,c_07,F,2.688218283582089,NA,1
20220223,156,IC,b_22,constant,10,c_10,F,2.174629197761195,NA,1
20220223,156,IC,b_23,constant,7,c_04,F,1.8610401119402984,NA,1
20220223,156,IC,b_24,constant,14,c_13,F,1.8074510261194034,NA,1
20220223,156,IC,b_25,decreasing,7,c_03,G,3.1653344481605368,NA,1
20220223,156,IC,b_26,decreasing,14,c_15,G,1.9491011705685626,NA,1
20220223,156,IC,b_27,decreasing,10,c_10,G,2.9128678929765908,NA,1
20220223,156,IC,b_28,constant,10,c_09,H,1.5830946828358203,NA,1
20220223,156,IC,b_29,constant,14,c_12,H,1.309505597014926,NA,1
20220223,156,IC,b_30,constant,7,c_01,H,2.4459165111940306,NA,1
20220223,156,TC,b_01,constant,10,c_08,A,41.82,NA,1
20220223,156,TC,b_02,constant,7,c_02,A,71.18277052238807,NA,1
20220223,156,TC,b_03,constant,14,c_11,A,37.20554104477612,NA,1
20220223,156,TC,b_04,constant,7,c_05,A,38.98831156716418,NA,1
20220223,156,TC,b_05,decreasing,14,c_13,B,49.66,NA,1
20220223,156,TC,b_06,decreasing,14,c_11,B,40.56740802675585,NA,1
20220223,156,TC,b_07,decreasing,10,c_06,B,45.564816053511706,NA,1
20220223,156,TC,b_08,decreasing,7,c_01,B,54.07222408026755,NA,1
20220223,156,TC,b_09,decreasing,7,c_02,C,62.16963210702341,NA,1
20220223,156,TC,b_10,decreasing,10,c_07,C,50.94704013377926,NA,1
20220223,156,TC,b_11,decreasing,10,c_08,C,44.53444816053512,NA,1
20220223,156,TC,b_12,decreasing,14,c_14,C,43.10185618729097,NA,1
20220223,156,TC,b_13,constant,10,c_06,D,41.253246268656724,NA,1
20220223,156,TC,b_14,constant,7,c_03,D,40.16601679104478,NA,1
20220223,156,TC,b_15,constant,14,c_14,D,34.07878731343284,NA,1
20220223,156,TC,b_16,constant,14,c_15,D,32.5915578358209,NA,1
20220223,156,TC,b_17,decreasing,7,c_05,E,41.34889632107023,NA,1
20220223,156,TC,b_18,decreasing,7,c_04,E,73.74630434782608,NA,1
20220223,156,TC,b_19,decreasing,14,c_12,E,46.86371237458194,NA,1
20220223,156,TC,b_20,decreasing,10,c_09,E,45.02112040133779,NA,1
20220223,156,TC,b_21,constant,10,c_07,F,44.775410447761196,NA,1
20220223,156,TC,b_22,constant,10,c_10,F,70.03818097014926,NA,1
20220223,156,TC,b_23,constant,7,c_04,F,66.21095149253732,NA,1
20220223,156,TC,b_24,constant,14,c_13,F,42.36372201492538,NA,1
20220223,156,TC,b_25,decreasing,7,c_03,G,32.54816053511705,NA,1
20220223,156,TC,b_26,decreasing,14,c_15,G,35.695568561872896,NA,1
20220223,156,TC,b_27,decreasing,10,c_10,G,71.62297658862875,NA,1
20220223,156,TC,b_28,constant,10,c_09,H,39.244804104477616,NA,1
20220223,156,TC,b_29,constant,14,c_12,H,39.15757462686568,NA,1
20220223,156,TC,b_30,constant,7,c_01,H,43.910345149253736,NA,1
20220223,156,TN,b_01,constant,10,c_08,A,2.27,NA,1
20220223,156,TN,b_02,constant,7,c_02,A,4.27631296641791,NA,1
20220223,156,TN,b_03,constant,14,c_11,A,2.122625932835821,NA,1
20220223,156,TN,b_04,constant,7,c_05,A,2.068938899253731,NA,1
20220223,156,TN,b_05,decreasing,14,c_13,B,3.04,NA,1
20220223,156,TN,b_06,decreasing,14,c_11,B,2.3274498327759194,NA,1
20220223,156,TN,b_07,decreasing,10,c_06,B,2.5648996655518395,NA,1
20220223,156,TN,b_08,decreasing,7,c_01,B,3.152349498327759,NA,1
20220223,156,TN,b_09,decreasing,7,c_02,C,3.6397993311036787,NA,1
20220223,156,TN,b_10,decreasing,10,c_07,C,3.037249163879599,NA,1
20220223,156,TN,b_11,decreasing,10,c_08,C,2.3446989966555183,NA,1
20220223,156,TN,b_12,decreasing,14,c_14,C,2.382148829431438,NA,1
20220223,156,TN,b_13,constant,10,c_06,D,2.215755597014925,NA,1
20220223,156,TN,b_14,constant,7,c_03,D,2.3620685634328353,NA,1
20220223,156,TN,b_15,constant,14,c_14,D,1.918381529850746,NA,1
20220223,156,TN,b_16,constant,14,c_15,D,1.8046944962686564,NA,1
20220223,156,TN,b_17,decreasing,7,c_05,E,2.179397993311037,NA,1
20220223,156,TN,b_18,decreasing,7,c_04,E,4.0968478260869565,NA,1
20220223,156,TN,b_19,decreasing,14,c_12,E,2.7442976588628762,NA,1
20220223,156,TN,b_20,decreasing,10,c_09,E,2.691747491638796,NA,1
20220223,156,TN,b_21,constant,10,c_07,F,2.556259328358208,NA,1
20220223,156,TN,b_22,constant,10,c_10,F,4.002572294776119,NA,1
20220223,156,TN,b_23,constant,7,c_04,F,3.5688852611940285,NA,1
20220223,156,TN,b_24,constant,14,c_13,F,2.4351982276119393,NA,1
20220223,156,TN,b_25,decreasing,7,c_03,G,1.9989966555183947,NA,1
20220223,156,TN,b_26,decreasing,14,c_15,G,2.0064464882943143,NA,1
20220223,156,TN,b_27,decreasing,10,c_10,G,4.183896321070234,NA,1
20220223,156,TN,b_28,constant,10,c_09,H,2.300450093283581,NA,1
20220223,156,TN,b_29,constant,14,c_12,H,2.1667630597014913,NA,1
20220223,156,TN,b_30,constant,7,c_01,H,2.5330760261194016,NA,1
20220223,156,TOC,b_01,constant,10,c_08,A,40.35,NA,1
20220223,156,TOC,b_02,constant,7,c_02,A,68.39635960820894,NA,1
20220223,156,TOC,b_03,constant,14,c_11,A,35.61271921641791,NA,1
20220223,156,TOC,b_04,constant,7,c_05,A,37.34907882462686,NA,1
20220223,156,TOC,b_05,decreasing,14,c_13,B,46.98,NA,1
20220223,156,TOC,b_06,decreasing,14,c_11,B,38.37364130434783,NA,1
20220223,156,TOC,b_07,decreasing,10,c_06,B,43.37728260869566,NA,1
20220223,156,TOC,b_08,decreasing,7,c_01,B,49.78092391304347,NA,1
20220223,156,TOC,b_09,decreasing,7,c_02,C,59.784565217391304,NA,1
20220223,156,TOC,b_10,decreasing,10,c_07,C,47.05820652173913,NA,1
20220223,156,TOC,b_11,decreasing,10,c_08,C,42.131847826086954,NA,1
20220223,156,TOC,b_12,decreasing,14,c_14,C,40.33548913043478,NA,1
20220223,156,TOC,b_13,constant,10,c_06,D,39.456315298507455,NA,1
20220223,156,TOC,b_14,constant,7,c_03,D,37.63267490671641,NA,1
20220223,156,TOC,b_15,constant,14,c_14,D,31.709034514925357,NA,1
20220223,156,TOC,b_16,constant,14,c_15,D,30.725394123134322,NA,1
20220223,156,TOC,b_17,decreasing,7,c_05,E,39.2936956521739,NA,1
20220223,156,TOC,b_18,decreasing,7,c_04,E,70.78733695652176,NA,1
20220223,156,TOC,b_19,decreasing,14,c_12,E,43.42097826086956,NA,1
20220223,156,TOC,b_20,decreasing,10,c_09,E,41.674619565217384,NA,1
20220223,156,TOC,b_21,constant,10,c_07,F,42.087192164179086,NA,1
20220223,156,TOC,b_22,constant,10,c_10,F,67.86355177238804,NA,1
20220223,156,TOC,b_23,constant,7,c_04,F,64.349911380597,NA,1
20220223,156,TOC,b_24,constant,14,c_13,F,40.556270988805956,NA,1
20220223,156,TOC,b_25,decreasing,7,c_03,G,29.382826086956513,NA,1
20220223,156,TOC,b_26,decreasing,14,c_15,G,33.746467391304336,NA,1
20220223,156,TOC,b_27,decreasing,10,c_10,G,68.71010869565217,NA,1
20220223,156,TOC,b_28,constant,10,c_09,H,37.661709421641774,NA,1
20220223,156,TOC,b_29,constant,14,c_12,H,37.84806902985073,NA,1
20220223,156,TOC,b_30,constant,7,c_01,H,41.46442863805968,NA,1
20220225,158,IC,b_01,constant,10,c_08,A,1.06,NA,1
20220225,158,IC,b_02,constant,7,c_02,A,2.385363805970149,NA,1
20220225,158,IC,b_03,constant,14,c_11,A,1.0907276119402984,NA,1
20220225,158,IC,b_04,constant,7,c_05,A,1.1760914179104476,NA,1
20220225,158,IC,b_05,decreasing,14,c_13,B,2.57,NA,1
20220225,158,IC,b_06,decreasing,14,c_11,B,2.2291680602006694,NA,1
20220225,158,IC,b_07,decreasing,10,c_06,B,2.048336120401338,NA,1
20220225,158,IC,b_08,decreasing,7,c_01,B,3.3575041806020067,NA,1
20220225,158,IC,b_09,decreasing,7,c_02,C,2.356672240802676,NA,1
20220225,158,IC,b_10,decreasing,10,c_07,C,3.8658403010033453,NA,1
20220225,158,IC,b_11,decreasing,10,c_08,C,2.2050083612040137,NA,1
20220225,158,IC,b_12,decreasing,14,c_14,C,2.0841764214046825,NA,1
20220225,158,IC,b_13,constant,10,c_06,D,1.6243656716417914,NA,1
20220225,158,IC,b_14,constant,7,c_03,D,2.1297294776119404,NA,1
20220225,158,IC,b_15,constant,14,c_14,D,1.24509328358209,NA,1
20220225,158,IC,b_16,constant,14,c_15,D,1.0304570895522391,NA,1
20220225,158,IC,b_17,decreasing,7,c_05,E,2.100016722408027,NA,1
20220225,158,IC,b_18,decreasing,7,c_04,E,2.3491847826086962,NA,1
20220225,158,IC,b_19,decreasing,14,c_12,E,3.0083528428093658,NA,1
20220225,158,IC,b_20,decreasing,10,c_09,E,3.427520903010034,NA,1
20220225,158,IC,b_21,constant,10,c_07,F,2.277276119402986,NA,1
20220225,158,IC,b_22,constant,10,c_10,F,1.6526399253731352,NA,1
20220225,158,IC,b_23,constant,7,c_04,F,1.6580037313432836,NA,1
20220225,158,IC,b_24,constant,14,c_13,F,1.2333675373134332,NA,1
20220225,158,IC,b_25,decreasing,7,c_03,G,3.1633612040133796,NA,1
20220225,158,IC,b_26,decreasing,14,c_15,G,1.792529264214048,NA,1
20220225,158,IC,b_27,decreasing,10,c_10,G,2.4516973244147167,NA,1
20220225,158,IC,b_28,constant,10,c_09,H,1.2348227611940308,NA,1
20220225,158,IC,b_29,constant,14,c_12,H,1.1001865671641795,NA,1
20220225,158,IC,b_30,constant,7,c_01,H,1.6855503731343289,NA,1
20220225,158,TC,b_01,constant,10,c_08,A,40.02,NA,1
20220225,158,TC,b_02,constant,7,c_02,A,66.27830457089553,NA,1
20220225,158,TC,b_03,constant,14,c_11,A,34.82660914179104,NA,1
20220225,158,TC,b_04,constant,7,c_05,A,35.194913712686564,NA,1
20220225,158,TC,b_05,decreasing,14,c_13,B,47.08,NA,1
20220225,158,TC,b_06,decreasing,14,c_11,B,37.700990802675584,NA,1
20220225,158,TC,b_07,decreasing,10,c_06,B,42.811981605351164,NA,1
20220225,158,TC,b_08,decreasing,7,c_01,B,51.77297240802675,NA,1
20220225,158,TC,b_09,decreasing,7,c_02,C,59.123963210702335,NA,1
20220225,158,TC,b_10,decreasing,10,c_07,C,49.66495401337792,NA,1
20220225,158,TC,b_11,decreasing,10,c_08,C,42.46594481605351,NA,1
20220225,158,TC,b_12,decreasing,14,c_14,C,39.256935618729095,NA,1
20220225,158,TC,b_13,constant,10,c_06,D,38.33965485074626,NA,1
20220225,158,TC,b_14,constant,7,c_03,D,38.257959421641786,NA,1
20220225,158,TC,b_15,constant,14,c_14,D,32.2362639925373,NA,1
20220225,158,TC,b_16,constant,14,c_15,D,31.414568563432823,NA,1
20220225,158,TC,b_17,decreasing,7,c_05,E,40.671889632107025,NA,1
20220225,158,TC,b_18,decreasing,7,c_04,E,71.24288043478262,NA,1
20220225,158,TC,b_19,decreasing,14,c_12,E,42.78387123745819,NA,1
20220225,158,TC,b_20,decreasing,10,c_09,E,42.314862040133775,NA,1
20220225,158,TC,b_21,constant,10,c_07,F,40.68609141791044,NA,1
20220225,158,TC,b_22,constant,10,c_10,F,66.68439598880596,NA,1
20220225,158,TC,b_23,constant,7,c_04,F,63.522700559701484,NA,1
20220225,158,TC,b_24,constant,14,c_13,F,39.871005130597005,NA,1
20220225,158,TC,b_25,decreasing,7,c_03,G,31.299816053511698,NA,1
20220225,158,TC,b_26,decreasing,14,c_15,G,33.240806856187284,NA,1
20220225,158,TC,b_27,decreasing,10,c_10,G,68.01179765886287,NA,1
20220225,158,TC,b_28,constant,10,c_09,H,36.904223414179086,NA,1
20220225,158,TC,b_29,constant,14,c_12,H,35.782527985074616,NA,1
20220225,158,TC,b_30,constant,7,c_01,H,40.38083255597013,NA,1
20220225,158,TN,b_01,constant,10,c_08,A,2.21,NA,1
20220225,158,TN,b_02,constant,7,c_02,A,3.9981063432835824,NA,1
20220225,158,TN,b_03,constant,14,c_11,A,2.056212686567164,NA,1
20220225,158,TN,b_04,constant,7,c_05,A,1.924319029850746,NA,1
20220225,158,TN,b_05,decreasing,14,c_13,B,2.87,NA,1
20220225,158,TN,b_06,decreasing,14,c_11,B,2.147107023411371,NA,1
20220225,158,TN,b_07,decreasing,10,c_06,B,2.4342140468227424,NA,1
20220225,158,TN,b_08,decreasing,7,c_01,B,3.0613210702341136,NA,1
20220225,158,TN,b_09,decreasing,7,c_02,C,3.408428093645485,NA,1
20220225,158,TN,b_10,decreasing,10,c_07,C,2.895535117056856,NA,1
20220225,158,TN,b_11,decreasing,10,c_08,C,2.272642140468227,NA,1
20220225,158,TN,b_12,decreasing,14,c_14,C,2.2197491638795985,NA,1
20220225,158,TN,b_13,constant,10,c_06,D,2.1172761194029848,NA,1
20220225,158,TN,b_14,constant,7,c_03,D,2.265382462686567,NA,1
20220225,158,TN,b_15,constant,14,c_14,D,1.9434888059701492,NA,1
20220225,158,TN,b_16,constant,14,c_15,D,1.8515951492537313,NA,1
20220225,158,TN,b_17,decreasing,7,c_05,E,2.1552842809364545,NA,1
20220225,158,TN,b_18,decreasing,7,c_04,E,3.922391304347826,NA,1
20220225,158,TN,b_19,decreasing,14,c_12,E,2.569498327759197,NA,1
20220225,158,TN,b_20,decreasing,10,c_09,E,2.5066053511705686,NA,1
20220225,158,TN,b_21,constant,10,c_07,F,2.3521268656716416,NA,1
20220225,158,TN,b_22,constant,10,c_10,F,3.8002332089552233,NA,1
20220225,158,TN,b_23,constant,7,c_04,F,3.448339552238806,NA,1
20220225,158,TN,b_24,constant,14,c_13,F,2.3164458955223872,NA,1
20220225,158,TN,b_25,decreasing,7,c_03,G,1.9421404682274246,NA,1
20220225,158,TN,b_26,decreasing,14,c_15,G,1.8992474916387954,NA,1
20220225,158,TN,b_27,decreasing,10,c_10,G,3.916354515050167,NA,1
20220225,158,TN,b_28,constant,10,c_09,H,2.238871268656716,NA,1
20220225,158,TN,b_29,constant,14,c_12,H,2.0569776119402983,NA,1
20220225,158,TN,b_30,constant,7,c_01,H,2.37508395522388,NA,1
20220225,158,TOC,b_01,constant,10,c_08,A,38.96,NA,1
20220225,158,TOC,b_02,constant,7,c_02,A,63.89294076492537,NA,1
20220225,158,TOC,b_03,constant,14,c_11,A,33.73588152985075,NA,1
20220225,158,TOC,b_04,constant,7,c_05,A,34.01882229477612,NA,1
20220225,158,TOC,b_05,decreasing,14,c_13,B,44.51,NA,1
20220225,158,TOC,b_06,decreasing,14,c_11,B,35.47182274247491,NA,1
20220225,158,TOC,b_07,decreasing,10,c_06,B,40.76364548494983,NA,1
20220225,158,TOC,b_08,decreasing,7,c_01,B,48.415468227424746,NA,1
20220225,158,TOC,b_09,decreasing,7,c_02,C,56.76729096989966,NA,1
20220225,158,TOC,b_10,decreasing,10,c_07,C,45.79911371237458,NA,1
20220225,158,TOC,b_11,decreasing,10,c_08,C,40.2609364548495,NA,1
20220225,158,TOC,b_12,decreasing,14,c_14,C,37.17275919732441,NA,1
20220225,158,TOC,b_13,constant,10,c_06,D,36.71528917910448,NA,1
20220225,158,TOC,b_14,constant,7,c_03,D,36.128229944029854,NA,1
20220225,158,TOC,b_15,constant,14,c_14,D,30.991170708955224,NA,1
20220225,158,TOC,b_16,constant,14,c_15,D,30.384111473880594,NA,1
20220225,158,TOC,b_17,decreasing,7,c_05,E,38.571872909698996,NA,1
20220225,158,TOC,b_18,decreasing,7,c_04,E,68.89369565217392,NA,1
20220225,158,TOC,b_19,decreasing,14,c_12,E,39.77551839464882,NA,1
20220225,158,TOC,b_20,decreasing,10,c_09,E,38.88734113712374,NA,1
20220225,158,TOC,b_21,constant,10,c_07,F,38.40881529850747,NA,1
20220225,158,TOC,b_22,constant,10,c_10,F,65.03175606343282,NA,1
20220225,158,TOC,b_23,constant,7,c_04,F,61.864696828358205,NA,1
20220225,158,TOC,b_24,constant,14,c_13,F,38.637637593283586,NA,1
20220225,158,TOC,b_25,decreasing,7,c_03,G,28.136454849498318,NA,1
20220225,158,TOC,b_26,decreasing,14,c_15,G,31.44827759197323,NA,1
20220225,158,TOC,b_27,decreasing,10,c_10,G,65.56010033444815,NA,1
20220225,158,TOC,b_28,constant,10,c_09,H,35.66940065298506,NA,1
20220225,158,TOC,b_29,constant,14,c_12,H,34.68234141791044,NA,1
20220225,158,TOC,b_30,constant,7,c_01,H,38.69528218283582,NA,1
20220228,161,IC,b_01,constant,10,c_08,A,1.33,NA,1
20220228,161,IC,b_02,constant,7,c_02,A,2.573407182835821,NA,1
20220228,161,IC,b_03,constant,14,c_11,A,1.506814365671642,NA,1
20220228,161,IC,b_04,constant,7,c_05,A,2.410221548507463,NA,1
20220228,161,IC,b_05,decreasing,14,c_13,B,3,NA,1
20220228,161,IC,b_06,decreasing,14,c_11,B,2.339005016722408,NA,1
20220228,161,IC,b_07,decreasing,10,c_06,B,2.2380100334448163,NA,1
20220228,161,IC,b_08,decreasing,7,c_01,B,3.7970150501672237,NA,1
20220228,161,IC,b_09,decreasing,7,c_02,C,2.4660200668896324,NA,1
20220228,161,IC,b_10,decreasing,10,c_07,C,3.70502508361204,NA,1
20220228,161,IC,b_11,decreasing,10,c_08,C,2.4740301003344483,NA,1
20220228,161,IC,b_12,decreasing,14,c_14,C,2.4030351170568567,NA,1
20220228,161,IC,b_13,constant,10,c_06,D,1.930886194029851,NA,1
20220228,161,IC,b_14,constant,7,c_03,D,2.724293376865672,NA,1
20220228,161,IC,b_15,constant,14,c_14,D,1.7777005597014925,NA,1
20220228,161,IC,b_16,constant,14,c_15,D,1.7411077425373134,NA,1
20220228,161,IC,b_17,decreasing,7,c_05,E,1.9680602006688965,NA,1
20220228,161,IC,b_18,decreasing,7,c_04,E,2.4070652173913047,NA,1
20220228,161,IC,b_19,decreasing,14,c_12,E,3.1560702341137135,NA,1
20220228,161,IC,b_20,decreasing,10,c_09,E,3.755075250836121,NA,1
20220228,161,IC,b_21,constant,10,c_07,F,2.928143656716417,NA,1
20220228,161,IC,b_22,constant,10,c_10,F,2.3415508395522386,NA,1
20220228,161,IC,b_23,constant,7,c_04,F,1.8949580223880598,NA,1
20220228,161,IC,b_24,constant,14,c_13,F,2.07836520522388,NA,1
20220228,161,IC,b_25,decreasing,7,c_03,G,3.5601003344481614,NA,1
20220228,161,IC,b_26,decreasing,14,c_15,G,2.05910535117057,NA,1
20220228,161,IC,b_27,decreasing,10,c_10,G,2.598110367892977,NA,1
20220228,161,IC,b_28,constant,10,c_09,H,1.6819939365671637,NA,1
20220228,161,IC,b_29,constant,14,c_12,H,1.4054011194029856,NA,1
20220228,161,IC,b_30,constant,7,c_01,H,2.1888083022388063,NA,1
20220228,161,TC,b_01,constant,10,c_08,A,42.03,NA,1
20220228,161,TC,b_02,constant,7,c_02,A,68.92767723880596,NA,1
20220228,161,TC,b_03,constant,14,c_11,A,35.805354477611935,NA,1
20220228,161,TC,b_04,constant,7,c_05,A,40.843031716417904,NA,1
20220228,161,TC,b_05,decreasing,14,c_13,B,52.17,NA,1
20220228,161,TC,b_06,decreasing,14,c_11,B,41.65483695652174,NA,1
20220228,161,TC,b_07,decreasing,10,c_06,B,47.519673913043484,NA,1
20220228,161,TC,b_08,decreasing,7,c_01,B,53.80451086956522,NA,1
20220228,161,TC,b_09,decreasing,7,c_02,C,65.22934782608695,NA,1
20220228,161,TC,b_10,decreasing,10,c_07,C,51.43418478260869,NA,1
20220228,161,TC,b_11,decreasing,10,c_08,C,47.82902173913044,NA,1
20220228,161,TC,b_12,decreasing,14,c_14,C,43.053858695652174,NA,1
20220228,161,TC,b_13,constant,10,c_06,D,39.77212686567164,NA,1
20220228,161,TC,b_14,constant,7,c_03,D,40.2398041044776,NA,1
20220228,161,TC,b_15,constant,14,c_14,D,33.24748134328357,NA,1
20220228,161,TC,b_16,constant,14,c_15,D,34.27515858208954,NA,1
20220228,161,TC,b_17,decreasing,7,c_05,E,42.378043478260864,NA,1
20220228,161,TC,b_18,decreasing,7,c_04,E,77.8228804347826,NA,1
20220228,161,TC,b_19,decreasing,14,c_12,E,47.057717391304344,NA,1
20220228,161,TC,b_20,decreasing,10,c_09,E,45.41255434782609,NA,1
20220228,161,TC,b_21,constant,10,c_07,F,44.11354477611939,NA,1
20220228,161,TC,b_22,constant,10,c_10,F,73.07122201492535,NA,1
20220228,161,TC,b_23,constant,7,c_04,F,69.52889925373134,NA,1
20220228,161,TC,b_24,constant,14,c_13,F,42.456576492537295,NA,1
20220228,161,TC,b_25,decreasing,7,c_03,G,33.606739130434775,NA,1
20220228,161,TC,b_26,decreasing,14,c_15,G,36.301576086956516,NA,1
20220228,161,TC,b_27,decreasing,10,c_10,G,75.00641304347826,NA,1
20220228,161,TC,b_28,constant,10,c_09,H,38.66728544776118,NA,1
20220228,161,TC,b_29,constant,14,c_12,H,36.82496268656714,NA,1
20220228,161,TC,b_30,constant,7,c_01,H,41.65263992537311,NA,1
20220228,161,TN,b_01,constant,10,c_08,A,2.26,NA,1
20220228,161,TN,b_02,constant,7,c_02,A,3.946387593283582,NA,1
20220228,161,TN,b_03,constant,14,c_11,A,2.072775186567164,NA,1
20220228,161,TN,b_04,constant,7,c_05,A,2.1291627798507458,NA,1
20220228,161,TN,b_05,decreasing,14,c_13,B,2.95,NA,1
20220228,161,TN,b_06,decreasing,14,c_11,B,2.3066764214046818,NA,1
20220228,161,TN,b_07,decreasing,10,c_06,B,2.583352842809364,NA,1
20220228,161,TN,b_08,decreasing,7,c_01,B,2.9600292642140467,NA,1
20220228,161,TN,b_09,decreasing,7,c_02,C,3.5367056856187284,NA,1
20220228,161,TN,b_10,decreasing,10,c_07,C,2.863382107023411,NA,1
20220228,161,TN,b_11,decreasing,10,c_08,C,2.4100585284280935,NA,1
20220228,161,TN,b_12,decreasing,14,c_14,C,2.3467349498327756,NA,1
20220228,161,TN,b_13,constant,10,c_06,D,2.1366511194029845,NA,1
20220228,161,TN,b_14,constant,7,c_03,D,2.2530387126865667,NA,1
20220228,161,TN,b_15,constant,14,c_14,D,1.9494263059701487,NA,1
20220228,161,TN,b_16,constant,14,c_15,D,1.9858138992537309,NA,1
20220228,161,TN,b_17,decreasing,7,c_05,E,2.1701170568561867,NA,1
20220228,161,TN,b_18,decreasing,7,c_04,E,4.06679347826087,NA,1
20220228,161,TN,b_19,decreasing,14,c_12,E,2.6334698996655512,NA,1
20220228,161,TN,b_20,decreasing,10,c_09,E,2.5601463210702335,NA,1
20220228,161,TN,b_21,constant,10,c_07,F,2.4577518656716406,NA,1
20220228,161,TN,b_22,constant,10,c_10,F,4.004139458955223,NA,1
20220228,161,TN,b_23,constant,7,c_04,F,3.5405270522388053,NA,1
20220228,161,TN,b_24,constant,14,c_13,F,2.376914645522387,NA,1
20220228,161,TN,b_25,decreasing,7,c_03,G,1.973528428093645,NA,1
20220228,161,TN,b_26,decreasing,14,c_15,G,1.990204849498327,NA,1
20220228,161,TN,b_27,decreasing,10,c_10,G,4.046881270903009,NA,1
20220228,161,TN,b_28,constant,10,c_09,H,2.2724650186567157,NA,1
20220228,161,TN,b_29,constant,14,c_12,H,2.0688526119402972,NA,1
20220228,161,TN,b_30,constant,7,c_01,H,2.345240205223879,NA,1
20220228,161,TOC,b_01,constant,10,c_08,A,40.7,NA,1
20220228,161,TOC,b_02,constant,7,c_02,A,66.35427005597015,NA,1
20220228,161,TOC,b_03,constant,14,c_11,A,34.2985401119403,NA,1
20220228,161,TOC,b_04,constant,7,c_05,A,38.432810167910446,NA,1
20220228,161,TOC,b_05,decreasing,14,c_13,B,49.17,NA,1
20220228,161,TOC,b_06,decreasing,14,c_11,B,39.31583193979933,NA,1
20220228,161,TOC,b_07,decreasing,10,c_06,B,45.28166387959867,NA,1
20220228,161,TOC,b_08,decreasing,7,c_01,B,50.007495819397995,NA,1
20220228,161,TOC,b_09,decreasing,7,c_02,C,62.763327759197324,NA,1
20220228,161,TOC,b_10,decreasing,10,c_07,C,47.72915969899665,NA,1
20220228,161,TOC,b_11,decreasing,10,c_08,C,45.35499163879599,NA,1
20220228,161,TOC,b_12,decreasing,14,c_14,C,40.650823578595315,NA,1
20220228,161,TOC,b_13,constant,10,c_06,D,37.841240671641785,NA,1
20220228,161,TOC,b_14,constant,7,c_03,D,37.51551072761193,NA,1
20220228,161,TOC,b_15,constant,14,c_14,D,31.46978078358208,NA,1
20220228,161,TOC,b_16,constant,14,c_15,D,32.534050839552236,NA,1
20220228,161,TOC,b_17,decreasing,7,c_05,E,40.40998327759196,NA,1
20220228,161,TOC,b_18,decreasing,7,c_04,E,75.4158152173913,NA,1
20220228,161,TOC,b_19,decreasing,14,c_12,E,43.90164715719064,NA,1
20220228,161,TOC,b_20,decreasing,10,c_09,E,41.65747909698997,NA,1
20220228,161,TOC,b_21,constant,10,c_07,F,41.18540111940297,NA,1
20220228,161,TOC,b_22,constant,10,c_10,F,70.72967117537311,NA,1
20220228,161,TOC,b_23,constant,7,c_04,F,67.63394123134327,NA,1
20220228,161,TOC,b_24,constant,14,c_13,F,40.37821128731342,NA,1
20220228,161,TOC,b_25,decreasing,7,c_03,G,30.046638795986617,NA,1
20220228,161,TOC,b_26,decreasing,14,c_15,G,34.24247073578595,NA,1
20220228,161,TOC,b_27,decreasing,10,c_10,G,72.40830267558528,NA,1
20220228,161,TOC,b_28,constant,10,c_09,H,36.985291511194006,NA,1
20220228,161,TOC,b_29,constant,14,c_12,H,35.419561567164166,NA,1
20220228,161,TOC,b_30,constant,7,c_01,H,39.4638316231343,NA,1
20220302,163,IC,b_01,constant,10,c_08,A,1.11,NA,1
20220302,163,IC,b_02,constant,7,c_02,A,2.376933302238806,NA,1
20220302,163,IC,b_03,constant,14,c_11,A,1.3038666044776117,NA,1
20220302,163,IC,b_04,constant,7,c_05,A,1.630799906716418,NA,1
20220302,163,IC,b_05,decreasing,14,c_13,B,2.5,NA,1
20220302,163,IC,b_06,decreasing,14,c_11,B,2.102278428093646,NA,1
20220302,163,IC,b_07,decreasing,10,c_06,B,1.9045568561872912,NA,1
20220302,163,IC,b_08,decreasing,7,c_01,B,3.736835284280937,NA,1
20220302,163,IC,b_09,decreasing,7,c_02,C,2.3191137123745826,NA,1
20220302,163,IC,b_10,decreasing,10,c_07,C,3.731392140468228,NA,1
20220302,163,IC,b_11,decreasing,10,c_08,C,2.3436705685618735,NA,1
20220302,163,IC,b_12,decreasing,14,c_14,C,2.515948996655519,NA,1
20220302,163,IC,b_13,constant,10,c_06,D,1.4831996268656713,NA,1
20220302,163,IC,b_14,constant,7,c_03,D,2.010132929104477,NA,1
20220302,163,IC,b_15,constant,14,c_14,D,1.3770662313432833,NA,1
20220302,163,IC,b_16,constant,14,c_15,D,1.2939995335820895,NA,1
20220302,163,IC,b_17,decreasing,7,c_05,E,1.8773411371237465,NA,1
20220302,163,IC,b_18,decreasing,7,c_04,E,2.4696195652173922,NA,1
20220302,163,IC,b_19,decreasing,14,c_12,E,3.371897993311038,NA,1
20220302,163,IC,b_20,decreasing,10,c_09,E,3.354176421404684,NA,1
20220302,163,IC,b_21,constant,10,c_07,F,2.4486660447761186,NA,1
20220302,163,IC,b_22,constant,10,c_10,F,1.5255993470149245,NA,1
20220302,163,IC,b_23,constant,7,c_04,F,1.5825326492537308,NA,1
20220302,163,IC,b_24,constant,14,c_13,F,1.399465951492537,NA,1
20220302,163,IC,b_25,decreasing,7,c_03,G,2.5855685618729116,NA,1
20220302,163,IC,b_26,decreasing,14,c_15,G,2.1378469899665578,NA,1
20220302,163,IC,b_27,decreasing,10,c_10,G,2.570125418060203,NA,1
20220302,163,IC,b_28,constant,10,c_09,H,1.4271991604477599,NA,1
20220302,163,IC,b_29,constant,14,c_12,H,1.0441324626865667,NA,1
20220302,163,IC,b_30,constant,7,c_01,H,2.141065764925373,NA,1
20220302,163,TC,b_01,constant,10,c_08,A,37.79,NA,1
20220302,163,TC,b_02,constant,7,c_02,A,63.92971315298507,NA,1
20220302,163,TC,b_03,constant,14,c_11,A,32.149426305970145,NA,1
20220302,163,TC,b_04,constant,7,c_05,A,36.49913945895522,NA,1
20220302,163,TC,b_05,decreasing,14,c_13,B,42.79,NA,1
20220302,163,TC,b_06,decreasing,14,c_11,B,35.72803093645485,NA,1
20220302,163,TC,b_07,decreasing,10,c_06,B,41.1960618729097,NA,1
20220302,163,TC,b_08,decreasing,7,c_01,B,39.43409280936455,NA,1
20220302,163,TC,b_09,decreasing,7,c_02,C,54.2421237458194,NA,1
20220302,163,TC,b_10,decreasing,10,c_07,C,40.64015468227425,NA,1
20220302,163,TC,b_11,decreasing,10,c_08,C,38.9481856187291,NA,1
20220302,163,TC,b_12,decreasing,14,c_14,C,35.39621655518395,NA,1
20220302,163,TC,b_13,constant,10,c_06,D,37.526557835820896,NA,1
20220302,163,TC,b_14,constant,7,c_03,D,37.24627098880597,NA,1
20220302,163,TC,b_15,constant,14,c_14,D,30.165984141791043,NA,1
20220302,163,TC,b_16,constant,14,c_15,D,30.985697294776116,NA,1
20220302,163,TC,b_17,decreasing,7,c_05,E,35.836371237458195,NA,1
20220302,163,TC,b_18,decreasing,7,c_04,E,69.17440217391305,NA,1
20220302,163,TC,b_19,decreasing,14,c_12,E,35.832433110367894,NA,1
20220302,163,TC,b_20,decreasing,10,c_09,E,35.86046404682275,NA,1
20220302,163,TC,b_21,constant,10,c_07,F,36.2342630597015,NA,1
20220302,163,TC,b_22,constant,10,c_10,F,66.39397621268657,NA,1
20220302,163,TC,b_23,constant,7,c_04,F,66.27368936567163,NA,1
20220302,163,TC,b_24,constant,14,c_13,F,37.053402518656725,NA,1
20220302,163,TC,b_25,decreasing,7,c_03,G,25.80061872909699,NA,1
20220302,163,TC,b_26,decreasing,14,c_15,G,28.668649665551847,NA,1
20220302,163,TC,b_27,decreasing,10,c_10,G,63.56668060200669,NA,1
20220302,163,TC,b_28,constant,10,c_09,H,35.022255130597024,NA,1
20220302,163,TC,b_29,constant,14,c_12,H,35.071968283582095,NA,1
20220302,163,TC,b_30,constant,7,c_01,H,37.54168143656717,NA,1
20220302,163,TN,b_01,constant,10,c_08,A,2.16,NA,1
20220302,163,TN,b_02,constant,7,c_02,A,3.7846851679104474,NA,1
20220302,163,TN,b_03,constant,14,c_11,A,1.9493703358208956,NA,1
20220302,163,TN,b_04,constant,7,c_05,A,2.044055503731343,NA,1
20220302,163,TN,b_05,decreasing,14,c_13,B,2.38,NA,1
20220302,163,TN,b_06,decreasing,14,c_11,B,2.110948996655518,NA,1
20220302,163,TN,b_07,decreasing,10,c_06,B,2.3418979933110364,NA,1
20220302,163,TN,b_08,decreasing,7,c_01,B,1.9628469899665548,NA,1
20220302,163,TN,b_09,decreasing,7,c_02,C,3.0037959866220736,NA,1
20220302,163,TN,b_10,decreasing,10,c_07,C,2.1147449832775917,NA,1
20220302,163,TN,b_11,decreasing,10,c_08,C,2.03569397993311,NA,1
20220302,163,TN,b_12,decreasing,14,c_14,C,2.0266429765886285,NA,1
20220302,163,TN,b_13,constant,10,c_06,D,2.2162220149253726,NA,1
20220302,163,TN,b_14,constant,7,c_03,D,2.2209071828358207,NA,1
20220302,163,TN,b_15,constant,14,c_14,D,1.9955923507462683,NA,1
20220302,163,TN,b_16,constant,14,c_15,D,1.9602775186567163,NA,1
20220302,163,TN,b_17,decreasing,7,c_05,E,1.9113879598662207,NA,1
20220302,163,TN,b_18,decreasing,7,c_04,E,3.642336956521739,NA,1
20220302,163,TN,b_19,decreasing,14,c_12,E,1.863285953177257,NA,1
20220302,163,TN,b_20,decreasing,10,c_09,E,1.9142349498327755,NA,1
20220302,163,TN,b_21,constant,10,c_07,F,2.0237033582089548,NA,1
20220302,163,TN,b_22,constant,10,c_10,F,3.8883885261194027,NA,1
20220302,163,TN,b_23,constant,7,c_04,F,3.6030736940298502,NA,1
20220302,163,TN,b_24,constant,14,c_13,F,2.1377588619402985,NA,1
20220302,163,TN,b_25,decreasing,7,c_03,G,1.5689799331103675,NA,1
20220302,163,TN,b_26,decreasing,14,c_15,G,1.659928929765886,NA,1
20220302,163,TN,b_27,decreasing,10,c_10,G,3.420877926421404,NA,1
20220302,163,TN,b_28,constant,10,c_09,H,2.166499533582089,NA,1
20220302,163,TN,b_29,constant,14,c_12,H,2.121184701492537,NA,1
20220302,163,TN,b_30,constant,7,c_01,H,2.2258698694029846,NA,1
20220302,163,TOC,b_01,constant,10,c_08,A,36.68,NA,1
20220302,163,TOC,b_02,constant,7,c_02,A,61.55277985074627,NA,1
20220302,163,TOC,b_03,constant,14,c_11,A,30.845559701492537,NA,1
20220302,163,TOC,b_04,constant,7,c_05,A,34.868339552238815,NA,1
20220302,163,TOC,b_05,decreasing,14,c_13,B,40.29,NA,1
20220302,163,TOC,b_06,decreasing,14,c_11,B,33.6257525083612,NA,1
20220302,163,TOC,b_07,decreasing,10,c_06,B,39.29150501672241,NA,1
20220302,163,TOC,b_08,decreasing,7,c_01,B,35.697257525083614,NA,1
20220302,163,TOC,b_09,decreasing,7,c_02,C,51.92301003344482,NA,1
20220302,163,TOC,b_10,decreasing,10,c_07,C,36.90876254180602,NA,1
20220302,163,TOC,b_11,decreasing,10,c_08,C,36.60451505016722,NA,1
20220302,163,TOC,b_12,decreasing,14,c_14,C,32.88026755852843,NA,1
20220302,163,TOC,b_13,constant,10,c_06,D,36.043358208955226,NA,1
20220302,163,TOC,b_14,constant,7,c_03,D,35.23613805970149,NA,1
20220302,163,TOC,b_15,constant,14,c_14,D,28.788917910447758,NA,1
20220302,163,TOC,b_16,constant,14,c_15,D,29.691697761194035,NA,1
20220302,163,TOC,b_17,decreasing,7,c_05,E,33.95903010033445,NA,1
20220302,163,TOC,b_18,decreasing,7,c_04,E,66.70478260869565,NA,1
20220302,163,TOC,b_19,decreasing,14,c_12,E,32.460535117056864,NA,1
20220302,163,TOC,b_20,decreasing,10,c_09,E,32.50628762541806,NA,1
20220302,163,TOC,b_21,constant,10,c_07,F,33.78559701492538,NA,1
20220302,163,TOC,b_22,constant,10,c_10,F,64.86837686567165,NA,1
20220302,163,TOC,b_23,constant,7,c_04,F,64.69115671641791,NA,1
20220302,163,TOC,b_24,constant,14,c_13,F,35.65393656716419,NA,1
20220302,163,TOC,b_25,decreasing,7,c_03,G,23.21505016722409,NA,1
20220302,163,TOC,b_26,decreasing,14,c_15,G,26.530802675585292,NA,1
20220302,163,TOC,b_27,decreasing,10,c_10,G,60.9965551839465,NA,1
20220302,163,TOC,b_28,constant,10,c_09,H,33.59505597014927,NA,1
20220302,163,TOC,b_29,constant,14,c_12,H,34.02783582089553,NA,1
20220302,163,TOC,b_30,constant,7,c_01,H,35.4006156716418,NA,1
20220304,165,IC,b_01,constant,10,c_08,A,2.01,NA,1
20220304,165,IC,b_02,constant,7,c_02,A,3.7666091417910446,NA,1
20220304,165,IC,b_03,constant,14,c_11,A,2.513218283582089,NA,1
20220304,165,IC,b_04,constant,7,c_05,A,3.2298274253731343,NA,1
20220304,165,IC,b_05,decreasing,14,c_13,B,4.13,NA,1
20220304,165,IC,b_06,decreasing,14,c_11,B,3.1044774247491644,NA,1
20220304,165,IC,b_07,decreasing,10,c_06,B,3.1589548494983286,NA,1
20220304,165,IC,b_08,decreasing,7,c_01,B,5.023432274247491,NA,1
20220304,165,IC,b_09,decreasing,7,c_02,C,3.867909698996656,NA,1
20220304,165,IC,b_10,decreasing,10,c_07,C,5.132387123745819,NA,1
20220304,165,IC,b_11,decreasing,10,c_08,C,2.8368645484949835,NA,1
20220304,165,IC,b_12,decreasing,14,c_14,C,2.7413419732441473,NA,1
20220304,165,IC,b_13,constant,10,c_06,D,2.0293097014925365,NA,1
20220304,165,IC,b_14,constant,7,c_03,D,3.1159188432835814,NA,1
20220304,165,IC,b_15,constant,14,c_14,D,2.5625279850746265,NA,1
20220304,165,IC,b_16,constant,14,c_15,D,2.499137126865672,NA,1
20220304,165,IC,b_17,decreasing,7,c_05,E,2.8137290969899666,NA,1
20220304,165,IC,b_18,decreasing,7,c_04,E,3.5382065217391307,NA,1
20220304,165,IC,b_19,decreasing,14,c_12,E,4.532683946488294,NA,1
20220304,165,IC,b_20,decreasing,10,c_09,E,4.307161371237458,NA,1
20220304,165,IC,b_21,constant,10,c_07,F,3.2621828358208944,NA,1
20220304,165,IC,b_22,constant,10,c_10,F,2.7587919776119394,NA,1
20220304,165,IC,b_23,constant,7,c_04,F,3.1254011194029845,NA,1
20220304,165,IC,b_24,constant,14,c_13,F,2.4720102611940282,NA,1
20220304,165,IC,b_25,decreasing,7,c_03,G,4.509548494983278,NA,1
20220304,165,IC,b_26,decreasing,14,c_15,G,2.734025919732442,NA,1
20220304,165,IC,b_27,decreasing,10,c_10,G,4.018503344481606,NA,1
20220304,165,IC,b_28,constant,10,c_09,H,2.3684468283582083,NA,1
20220304,165,IC,b_29,constant,14,c_12,H,2.5650559701492526,NA,1
20220304,165,IC,b_30,constant,7,c_01,H,3.341665111940298,NA,1
20220304,165,TC,b_01,constant,10,c_08,A,39.74,NA,1
20220304,165,TC,b_02,constant,7,c_02,A,64.91914878731343,NA,1
20220304,165,TC,b_03,constant,14,c_11,A,35.148297574626866,NA,1
20220304,165,TC,b_04,constant,7,c_05,A,37.647446361940304,NA,1
20220304,165,TC,b_05,decreasing,14,c_13,B,49.06,NA,1
20220304,165,TC,b_06,decreasing,14,c_11,B,39.67772575250836,NA,1
20220304,165,TC,b_07,decreasing,10,c_06,B,45.35545150501672,NA,1
20220304,165,TC,b_08,decreasing,7,c_01,B,52.013177257525086,NA,1
20220304,165,TC,b_09,decreasing,7,c_02,C,59.84090301003344,NA,1
20220304,165,TC,b_10,decreasing,10,c_07,C,49.59862876254181,NA,1
20220304,165,TC,b_11,decreasing,10,c_08,C,44.166354515050166,NA,1
20220304,165,TC,b_12,decreasing,14,c_14,C,41.294080267558535,NA,1
20220304,165,TC,b_13,constant,10,c_06,D,38.2397854477612,NA,1
20220304,165,TC,b_14,constant,7,c_03,D,39.53893423507463,NA,1
20220304,165,TC,b_15,constant,14,c_14,D,31.718083022388058,NA,1
20220304,165,TC,b_16,constant,14,c_15,D,32.077231809701495,NA,1
20220304,165,TC,b_17,decreasing,7,c_05,E,39.87270903010034,NA,1
20220304,165,TC,b_18,decreasing,7,c_04,E,69.9904347826087,NA,1
20220304,165,TC,b_19,decreasing,14,c_12,E,46.63816053511706,NA,1
20220304,165,TC,b_20,decreasing,10,c_09,E,44.245886287625424,NA,1
20220304,165,TC,b_21,constant,10,c_07,F,40.29297574626866,NA,1
20220304,165,TC,b_22,constant,10,c_10,F,68.2621245335821,NA,1
20220304,165,TC,b_23,constant,7,c_04,F,64.5012733208955,NA,1
20220304,165,TC,b_24,constant,14,c_13,F,40.950422108208954,NA,1
20220304,165,TC,b_25,decreasing,7,c_03,G,31.474515050167227,NA,1
20220304,165,TC,b_26,decreasing,14,c_15,G,35.1322408026756,NA,1
20220304,165,TC,b_27,decreasing,10,c_10,G,70.32996655518396,NA,1
20220304,165,TC,b_28,constant,10,c_09,H,35.73701725746268,NA,1
20220304,165,TC,b_29,constant,14,c_12,H,34.37616604477612,NA,1
20220304,165,TC,b_30,constant,7,c_01,H,42.02531483208955,NA,1
20220304,165,TN,b_01,constant,10,c_08,A,2.2,NA,1
20220304,165,TN,b_02,constant,7,c_02,A,3.80377098880597,NA,1
20220304,165,TN,b_03,constant,14,c_11,A,2.0575419776119404,NA,1
20220304,165,TN,b_04,constant,7,c_05,A,2.0013129664179106,NA,1
20220304,165,TN,b_05,decreasing,14,c_13,B,2.91,NA,1
20220304,165,TN,b_06,decreasing,14,c_11,B,2.271166387959866,NA,1
20220304,165,TN,b_07,decreasing,10,c_06,B,2.5323327759197323,NA,1
20220304,165,TN,b_08,decreasing,7,c_01,B,2.9734991638795987,NA,1
20220304,165,TN,b_09,decreasing,7,c_02,C,3.384665551839465,NA,1
20220304,165,TN,b_10,decreasing,10,c_07,C,2.805831939799331,NA,1
20220304,165,TN,b_11,decreasing,10,c_08,C,2.3169983277591975,NA,1
20220304,165,TN,b_12,decreasing,14,c_14,C,2.3081647157190632,NA,1
20220304,165,TN,b_13,constant,10,c_06,D,2.1252518656716415,NA,1
20220304,165,TN,b_14,constant,7,c_03,D,2.2390228544776116,NA,1
20220304,165,TN,b_15,constant,14,c_14,D,1.8727938432835818,NA,1
20220304,165,TN,b_16,constant,14,c_15,D,1.8665648320895523,NA,1
20220304,165,TN,b_17,decreasing,7,c_05,E,2.1239966555183942,NA,1
20220304,165,TN,b_18,decreasing,7,c_04,E,3.8351630434782606,NA,1
20220304,165,TN,b_19,decreasing,14,c_12,E,2.6963294314381265,NA,1
20220304,165,TN,b_20,decreasing,10,c_09,E,2.637495819397993,NA,1
20220304,165,TN,b_21,constant,10,c_07,F,2.2754197761194024,NA,1
20220304,165,TN,b_22,constant,10,c_10,F,3.7991907649253722,NA,1
20220304,165,TN,b_23,constant,7,c_04,F,3.3729617537313423,NA,1
20220304,165,TN,b_24,constant,14,c_13,F,2.366732742537313,NA,1
20220304,165,TN,b_25,decreasing,7,c_03,G,1.9433277591973241,NA,1
20220304,165,TN,b_26,decreasing,14,c_15,G,1.9944941471571904,NA,1
20220304,165,TN,b_27,decreasing,10,c_10,G,3.8756605351170568,NA,1
20220304,165,TN,b_28,constant,10,c_09,H,2.131816697761193,NA,1
20220304,165,TN,b_29,constant,14,c_12,H,1.9155876865671635,NA,1
20220304,165,TN,b_30,constant,7,c_01,H,2.4793586753731334,NA,1
20220304,165,TOC,b_01,constant,10,c_08,A,37.730000000000004,NA,1
20220304,165,TOC,b_02,constant,7,c_02,A,61.15253964552239,NA,1
20220304,165,TOC,b_03,constant,14,c_11,A,32.63507929104478,NA,1
20220304,165,TOC,b_04,constant,7,c_05,A,34.417618936567166,NA,1
20220304,165,TOC,b_05,decreasing,14,c_13,B,44.93,NA,1
20220304,165,TOC,b_06,decreasing,14,c_11,B,36.57324832775919,NA,1
20220304,165,TOC,b_07,decreasing,10,c_06,B,42.19649665551839,NA,1
20220304,165,TOC,b_08,decreasing,7,c_01,B,46.98974498327759,NA,1
20220304,165,TOC,b_09,decreasing,7,c_02,C,55.97299331103678,NA,1
20220304,165,TOC,b_10,decreasing,10,c_07,C,44.46624163879598,NA,1
20220304,165,TOC,b_11,decreasing,10,c_08,C,41.32948996655518,NA,1
20220304,165,TOC,b_12,decreasing,14,c_14,C,38.55273829431438,NA,1
20220304,165,TOC,b_13,constant,10,c_06,D,36.21047574626867,NA,1
20220304,165,TOC,b_14,constant,7,c_03,D,36.42301539179105,NA,1
20220304,165,TOC,b_15,constant,14,c_14,D,29.15555503731344,NA,1
20220304,165,TOC,b_16,constant,14,c_15,D,29.578094682835832,NA,1
20220304,165,TOC,b_17,decreasing,7,c_05,E,37.058979933110365,NA,1
20220304,165,TOC,b_18,decreasing,7,c_04,E,66.45222826086956,NA,1
20220304,165,TOC,b_19,decreasing,14,c_12,E,42.10547658862875,NA,1
20220304,165,TOC,b_20,decreasing,10,c_09,E,39.938724916387955,NA,1
20220304,165,TOC,b_21,constant,10,c_07,F,37.03079291044777,NA,1
20220304,165,TOC,b_22,constant,10,c_10,F,65.50333255597016,NA,1
20220304,165,TOC,b_23,constant,7,c_04,F,61.37587220149254,NA,1
20220304,165,TOC,b_24,constant,14,c_13,F,38.47841184701493,NA,1
20220304,165,TOC,b_25,decreasing,7,c_03,G,26.964966555183935,NA,1
20220304,165,TOC,b_26,decreasing,14,c_15,G,32.39821488294314,NA,1
20220304,165,TOC,b_27,decreasing,10,c_10,G,66.31146321070233,NA,1
20220304,165,TOC,b_28,constant,10,c_09,H,33.36857042910449,NA,1
20220304,165,TOC,b_29,constant,14,c_12,H,31.811110074626882,NA,1
20220304,165,TOC,b_30,constant,7,c_01,H,38.68364972014927,NA,1
20220307,168,IC,b_01,constant,10,c_08,A,4.93,NA,1
20220307,168,IC,b_02,constant,7,c_02,A,6.324993003731343,NA,1
20220307,168,IC,b_03,constant,14,c_11,A,5.239986007462686,NA,1
20220307,168,IC,b_04,constant,7,c_05,A,5.06497901119403,NA,1
20220307,168,IC,b_05,decreasing,14,c_13,B,6.59,NA,1
20220307,168,IC,b_06,decreasing,14,c_11,B,5.67252508361204,NA,1
20220307,168,IC,b_07,decreasing,10,c_06,B,5.72505016722408,NA,1
20220307,168,IC,b_08,decreasing,7,c_01,B,7.387575250836121,NA,1
20220307,168,IC,b_09,decreasing,7,c_02,C,6.670100334448161,NA,1
20220307,168,IC,b_10,decreasing,10,c_07,C,7.2026254180602,NA,1
20220307,168,IC,b_11,decreasing,10,c_08,C,5.6551505016722405,NA,1
20220307,168,IC,b_12,decreasing,14,c_14,C,5.847675585284281,NA,1
20220307,168,IC,b_13,constant,10,c_06,D,5.219916044776118,NA,1
20220307,168,IC,b_14,constant,7,c_03,D,5.864909048507461,NA,1
20220307,168,IC,b_15,constant,14,c_14,D,4.879902052238804,NA,1
20220307,168,IC,b_16,constant,14,c_15,D,4.804895055970148,NA,1
20220307,168,IC,b_17,decreasing,7,c_05,E,5.130301003344481,NA,1
20220307,168,IC,b_18,decreasing,7,c_04,E,6.022826086956521,NA,1
20220307,168,IC,b_19,decreasing,14,c_12,E,6.485351170568561,NA,1
20220307,168,IC,b_20,decreasing,10,c_09,E,7.2578762541806014,NA,1
20220307,168,IC,b_21,constant,10,c_07,F,6.189860074626864,NA,1
20220307,168,IC,b_22,constant,10,c_10,F,5.944853078358206,NA,1
20220307,168,IC,b_23,constant,7,c_04,F,5.329846082089551,NA,1
20220307,168,IC,b_24,constant,14,c_13,F,5.094839085820894,NA,1
20220307,168,IC,b_25,decreasing,7,c_03,G,6.840501672240801,NA,1
20220307,168,IC,b_26,decreasing,14,c_15,G,5.753026755852842,NA,1
20220307,168,IC,b_27,decreasing,10,c_10,G,6.4055518394648825,NA,1
20220307,168,IC,b_28,constant,10,c_09,H,4.9648111007462665,NA,1
20220307,168,IC,b_29,constant,14,c_12,H,5.109804104477609,NA,1
20220307,168,IC,b_30,constant,7,c_01,H,5.704797108208952,NA,1
20220307,168,TC,b_01,constant,10,c_08,A,45.08,NA,1
20220307,168,TC,b_02,constant,7,c_02,A,66.73770289179105,NA,1
20220307,168,TC,b_03,constant,14,c_11,A,38.775405783582094,NA,1
20220307,168,TC,b_04,constant,7,c_05,A,40.613108675373134,NA,1
20220307,168,TC,b_05,decreasing,14,c_13,B,49.77,NA,1
20220307,168,TC,b_06,decreasing,14,c_11,B,41.18642140468228,NA,1
20220307,168,TC,b_07,decreasing,10,c_06,B,46.80284280936455,NA,1
20220307,168,TC,b_08,decreasing,7,c_01,B,51.87926421404683,NA,1
20220307,168,TC,b_09,decreasing,7,c_02,C,60.6556856187291,NA,1
20220307,168,TC,b_10,decreasing,10,c_07,C,48.71210702341137,NA,1
20220307,168,TC,b_11,decreasing,10,c_08,C,44.00852842809365,NA,1
20220307,168,TC,b_12,decreasing,14,c_14,C,41.49494983277592,NA,1
20220307,168,TC,b_13,constant,10,c_06,D,41.412434701492536,NA,1
20220307,168,TC,b_14,constant,7,c_03,D,40.90013759328358,NA,1
20220307,168,TC,b_15,constant,14,c_14,D,34.80784048507463,NA,1
20220307,168,TC,b_16,constant,14,c_15,D,34.31554337686567,NA,1
20220307,168,TC,b_17,decreasing,7,c_05,E,40.40705685618729,NA,1
20220307,168,TC,b_18,decreasing,7,c_04,E,70.05347826086955,NA,1
20220307,168,TC,b_19,decreasing,14,c_12,E,44.01989966555184,NA,1
20220307,168,TC,b_20,decreasing,10,c_09,E,43.69632107023411,NA,1
20220307,168,TC,b_21,constant,10,c_07,F,44.854057835820896,NA,1
20220307,168,TC,b_22,constant,10,c_10,F,69.97176072761195,NA,1
20220307,168,TC,b_23,constant,7,c_04,F,65.84946361940298,NA,1
20220307,168,TC,b_24,constant,14,c_13,F,43.13716651119403,NA,1
20220307,168,TC,b_25,decreasing,7,c_03,G,34.01842809364549,NA,1
20220307,168,TC,b_26,decreasing,14,c_15,G,36.81484949832776,NA,1
20220307,168,TC,b_27,decreasing,10,c_10,G,70.17127090301003,NA,1
20220307,168,TC,b_28,constant,10,c_09,H,40.057978078358204,NA,1
20220307,168,TC,b_29,constant,14,c_12,H,39.58568097014925,NA,1
20220307,168,TC,b_30,constant,7,c_01,H,44.8333838619403,NA,1
20220307,168,TN,b_01,constant,10,c_08,A,2.22,NA,1
20220307,168,TN,b_02,constant,7,c_02,A,3.762590951492537,NA,1
20220307,168,TN,b_03,constant,14,c_11,A,2.0051819029850746,NA,1
20220307,168,TN,b_04,constant,7,c_05,A,1.9677728544776119,NA,1
20220307,168,TN,b_05,decreasing,14,c_13,B,2.82,NA,1
20220307,168,TN,b_06,decreasing,14,c_11,B,2.146086956521739,NA,1
20220307,168,TN,b_07,decreasing,10,c_06,B,2.422173913043478,NA,1
20220307,168,TN,b_08,decreasing,7,c_01,B,2.8682608695652174,NA,1
20220307,168,TN,b_09,decreasing,7,c_02,C,3.324347826086956,NA,1
20220307,168,TN,b_10,decreasing,10,c_07,C,2.6704347826086954,NA,1
20220307,168,TN,b_11,decreasing,10,c_08,C,2.1565217391304348,NA,1
20220307,168,TN,b_12,decreasing,14,c_14,C,2.1426086956521737,NA,1
20220307,168,TN,b_13,constant,10,c_06,D,2.0310914179104476,NA,1
20220307,168,TN,b_14,constant,7,c_03,D,2.153682369402985,NA,1
20220307,168,TN,b_15,constant,14,c_14,D,1.796273320895522,NA,1
20220307,168,TN,b_16,constant,14,c_15,D,1.7388642723880596,NA,1
20220307,168,TN,b_17,decreasing,7,c_05,E,1.983043478260869,NA,1
20220307,168,TN,b_18,decreasing,7,c_04,E,3.799130434782608,NA,1
20220307,168,TN,b_19,decreasing,14,c_12,E,2.4152173913043473,NA,1
20220307,168,TN,b_20,decreasing,10,c_09,E,2.4013043478260863,NA,1
20220307,168,TN,b_21,constant,10,c_07,F,2.311819029850746,NA,1
20220307,168,TN,b_22,constant,10,c_10,F,3.8244099813432837,NA,1
20220307,168,TN,b_23,constant,7,c_04,F,3.3970009328358204,NA,1
20220307,168,TN,b_24,constant,14,c_13,F,2.2295918843283578,NA,1
20220307,168,TN,b_25,decreasing,7,c_03,G,1.891739130434782,NA,1
20220307,168,TN,b_26,decreasing,14,c_15,G,1.8378260869565208,NA,1
20220307,168,TN,b_27,decreasing,10,c_10,G,3.8539130434782605,NA,1
20220307,168,TN,b_28,constant,10,c_09,H,2.109955690298507,NA,1
20220307,168,TN,b_29,constant,14,c_12,H,1.9425466417910449,NA,1
20220307,168,TN,b_30,constant,7,c_01,H,2.3651375932835816,NA,1
20220307,168,TOC,b_01,constant,10,c_08,A,40.15,NA,1
20220307,168,TOC,b_02,constant,7,c_02,A,60.412709888059695,NA,1
20220307,168,TOC,b_03,constant,14,c_11,A,33.535419776119404,NA,1
20220307,168,TOC,b_04,constant,7,c_05,A,35.5481296641791,NA,1
20220307,168,TOC,b_05,decreasing,14,c_13,B,43.18000000000001,NA,1
20220307,168,TOC,b_06,decreasing,14,c_11,B,35.513896321070234,NA,1
20220307,168,TOC,b_07,decreasing,10,c_06,B,41.077792642140466,NA,1
20220307,168,TOC,b_08,decreasing,7,c_01,B,44.491688963210706,NA,1
20220307,168,TOC,b_09,decreasing,7,c_02,C,53.98558528428094,NA,1
20220307,168,TOC,b_10,decreasing,10,c_07,C,41.50948160535116,NA,1
20220307,168,TOC,b_11,decreasing,10,c_08,C,38.3533779264214,NA,1
20220307,168,TOC,b_12,decreasing,14,c_14,C,35.64727424749164,NA,1
20220307,168,TOC,b_13,constant,10,c_06,D,36.19251865671641,NA,1
20220307,168,TOC,b_14,constant,7,c_03,D,35.03522854477612,NA,1
20220307,168,TOC,b_15,constant,14,c_14,D,29.92793843283581,NA,1
20220307,168,TOC,b_16,constant,14,c_15,D,29.510648320895505,NA,1
20220307,168,TOC,b_17,decreasing,7,c_05,E,35.27675585284281,NA,1
20220307,168,TOC,b_18,decreasing,7,c_04,E,64.03065217391304,NA,1
20220307,168,TOC,b_19,decreasing,14,c_12,E,37.534548494983284,NA,1
20220307,168,TOC,b_20,decreasing,10,c_09,E,36.43844481605351,NA,1
20220307,168,TOC,b_21,constant,10,c_07,F,38.66419776119402,NA,1
20220307,168,TOC,b_22,constant,10,c_10,F,64.02690764925373,NA,1
20220307,168,TOC,b_23,constant,7,c_04,F,60.519617537313415,NA,1
20220307,168,TOC,b_24,constant,14,c_13,F,38.042327425373124,NA,1
20220307,168,TOC,b_25,decreasing,7,c_03,G,27.17792642140469,NA,1
20220307,168,TOC,b_26,decreasing,14,c_15,G,31.061822742474916,NA,1
20220307,168,TOC,b_27,decreasing,10,c_10,G,63.76571906354515,NA,1
20220307,168,TOC,b_28,constant,10,c_09,H,35.09316697761192,NA,1
20220307,168,TOC,b_29,constant,14,c_12,H,34.47587686567162,NA,1
20220307,168,TOC,b_30,constant,7,c_01,H,39.12858675373133,NA,1
20220309,170,IC,b_01,constant,10,c_08,A,1.41,NA,1
20220309,170,IC,b_02,constant,7,c_02,A,2.492908115671642,NA,1
20220309,170,IC,b_03,constant,14,c_11,A,1.6958162313432834,NA,1
20220309,170,IC,b_04,constant,7,c_05,A,1.3587243470149255,NA,1
20220309,170,IC,b_05,decreasing,14,c_13,B,2.62,NA,1
20220309,170,IC,b_06,decreasing,14,c_11,B,2.2049080267558527,NA,1
20220309,170,IC,b_07,decreasing,10,c_06,B,1.9798160535117058,NA,1
20220309,170,IC,b_08,decreasing,7,c_01,B,3.4847240802675588,NA,1
20220309,170,IC,b_09,decreasing,7,c_02,C,2.0496321070234114,NA,1
20220309,170,IC,b_10,decreasing,10,c_07,C,3.804540133779265,NA,1
20220309,170,IC,b_11,decreasing,10,c_08,C,2.129448160535117,NA,1
20220309,170,IC,b_12,decreasing,14,c_14,C,2.08435618729097,NA,1
20220309,170,IC,b_13,constant,10,c_06,D,1.6648973880597009,NA,1
20220309,170,IC,b_14,constant,7,c_03,D,2.397805503731343,NA,1
20220309,170,IC,b_15,constant,14,c_14,D,1.260713619402985,NA,1
20220309,170,IC,b_16,constant,14,c_15,D,1.2736217350746266,NA,1
20220309,170,IC,b_17,decreasing,7,c_05,E,2.1488963210702345,NA,1
20220309,170,IC,b_18,decreasing,7,c_04,E,2.253804347826087,NA,1
20220309,170,IC,b_19,decreasing,14,c_12,E,3.1187123745819405,NA,1
20220309,170,IC,b_20,decreasing,10,c_09,E,3.0836204013377926,NA,1
20220309,170,IC,b_21,constant,10,c_07,F,2.7181623134328357,NA,1
20220309,170,IC,b_22,constant,10,c_10,F,2.321070429104478,NA,1
20220309,170,IC,b_23,constant,7,c_04,F,1.6639785447761195,NA,1
20220309,170,IC,b_24,constant,14,c_13,F,1.4568866604477613,NA,1
20220309,170,IC,b_25,decreasing,7,c_03,G,2.6181605351170565,NA,1
20220309,170,IC,b_26,decreasing,14,c_15,G,2.43306856187291,NA,1
20220309,170,IC,b_27,decreasing,10,c_10,G,2.307976588628763,NA,1
20220309,170,IC,b_28,constant,10,c_09,H,1.4885191231343287,NA,1
20220309,170,IC,b_29,constant,14,c_12,H,1.22142723880597,NA,1
20220309,170,IC,b_30,constant,7,c_01,H,2.124335354477611,NA,1
20220309,170,TC,b_01,constant,10,c_08,A,43.5,NA,1
20220309,170,TC,b_02,constant,7,c_02,A,61.337259794776116,NA,1
20220309,170,TC,b_03,constant,14,c_11,A,36.344519589552235,NA,1
20220309,170,TC,b_04,constant,7,c_05,A,38.81177938432836,NA,1
20220309,170,TC,b_05,decreasing,14,c_13,B,47.47,NA,1
20220309,170,TC,b_06,decreasing,14,c_11,B,38.92366220735786,NA,1
20220309,170,TC,b_07,decreasing,10,c_06,B,43.017324414715716,NA,1
20220309,170,TC,b_08,decreasing,7,c_01,B,49.38098662207358,NA,1
20220309,170,TC,b_09,decreasing,7,c_02,C,58.314648829431434,NA,1
20220309,170,TC,b_10,decreasing,10,c_07,C,45.078311036789295,NA,1
20220309,170,TC,b_11,decreasing,10,c_08,C,42.61197324414716,NA,1
20220309,170,TC,b_12,decreasing,14,c_14,C,40.855635451505016,NA,1
20220309,170,TC,b_13,constant,10,c_06,D,38.927117537313435,NA,1
20220309,170,TC,b_14,constant,7,c_03,D,39.20437733208955,NA,1
20220309,170,TC,b_15,constant,14,c_14,D,31.70163712686567,NA,1
20220309,170,TC,b_16,constant,14,c_15,D,31.65889692164179,NA,1
20220309,170,TC,b_17,decreasing,7,c_05,E,38.89394648829432,NA,1
20220309,170,TC,b_18,decreasing,7,c_04,E,70.38760869565218,NA,1
20220309,170,TC,b_19,decreasing,14,c_12,E,42.871270903010036,NA,1
20220309,170,TC,b_20,decreasing,10,c_09,E,41.8449331103679,NA,1
20220309,170,TC,b_21,constant,10,c_07,F,41.33519589552238,NA,1
20220309,170,TC,b_22,constant,10,c_10,F,66.48245569029851,NA,1
20220309,170,TC,b_23,constant,7,c_04,F,63.80971548507462,NA,1
20220309,170,TC,b_24,constant,14,c_13,F,39.47697527985075,NA,1
20220309,170,TC,b_25,decreasing,7,c_03,G,29.07324414715719,NA,1
20220309,170,TC,b_26,decreasing,14,c_15,G,33.956906354515056,NA,1
20220309,170,TC,b_27,decreasing,10,c_10,G,68.24056856187292,NA,1
20220309,170,TC,b_28,constant,10,c_09,H,36.78601445895522,NA,1
20220309,170,TC,b_29,constant,14,c_12,H,36.063274253731336,NA,1
20220309,170,TC,b_30,constant,7,c_01,H,43.890534048507455,NA,1
20220309,170,TN,b_01,constant,10,c_08,A,2.21,NA,1
20220309,170,TN,b_02,constant,7,c_02,A,3.4686310634328357,NA,1
20220309,170,TN,b_03,constant,14,c_11,A,1.9772621268656718,NA,1
20220309,170,TN,b_04,constant,7,c_05,A,1.9758931902985077,NA,1
20220309,170,TN,b_05,decreasing,14,c_13,B,2.78,NA,1
20220309,170,TN,b_06,decreasing,14,c_11,B,2.0999581939799334,NA,1
20220309,170,TN,b_07,decreasing,10,c_06,B,2.3699163879598664,NA,1
20220309,170,TN,b_08,decreasing,7,c_01,B,2.879874581939799,NA,1
20220309,170,TN,b_09,decreasing,7,c_02,C,3.3798327759197324,NA,1
20220309,170,TN,b_10,decreasing,10,c_07,C,2.6097909698996653,NA,1
20220309,170,TN,b_11,decreasing,10,c_08,C,2.1697491638795987,NA,1
20220309,170,TN,b_12,decreasing,14,c_14,C,2.1797073578595314,NA,1
20220309,170,TN,b_13,constant,10,c_06,D,2.0135727611940295,NA,1
20220309,170,TN,b_14,constant,7,c_03,D,2.182203824626866,NA,1
20220309,170,TN,b_15,constant,14,c_14,D,1.7408348880597013,NA,1
20220309,170,TN,b_16,constant,14,c_15,D,1.6894659514925374,NA,1
20220309,170,TN,b_17,decreasing,7,c_05,E,1.9494983277591973,NA,1
20220309,170,TN,b_18,decreasing,7,c_04,E,3.91945652173913,NA,1
20220309,170,TN,b_19,decreasing,14,c_12,E,2.489414715719063,NA,1
20220309,170,TN,b_20,decreasing,10,c_09,E,2.4793729096989963,NA,1
20220309,170,TN,b_21,constant,10,c_07,F,2.182621268656716,NA,1
20220309,170,TN,b_22,constant,10,c_10,F,3.6412523320895516,NA,1
20220309,170,TN,b_23,constant,7,c_04,F,3.3298833955223883,NA,1
20220309,170,TN,b_24,constant,14,c_13,F,2.1185144589552234,NA,1
20220309,170,TN,b_25,decreasing,7,c_03,G,1.7691638795986617,NA,1
20220309,170,TN,b_26,decreasing,14,c_15,G,1.7791220735785949,NA,1
20220309,170,TN,b_27,decreasing,10,c_10,G,3.849080267558528,NA,1
20220309,170,TN,b_28,constant,10,c_09,H,2.003038712686567,NA,1
20220309,170,TN,b_29,constant,14,c_12,H,1.8516697761194023,NA,1
20220309,170,TN,b_30,constant,7,c_01,H,2.4103008395522383,NA,1
20220309,170,TOC,b_01,constant,10,c_08,A,42.09,NA,1
20220309,170,TOC,b_02,constant,7,c_02,A,58.84435167910448,NA,1
20220309,170,TOC,b_03,constant,14,c_11,A,34.64870335820895,NA,1
20220309,170,TOC,b_04,constant,7,c_05,A,37.453055037313426,NA,1
20220309,170,TOC,b_05,decreasing,14,c_13,B,44.85,NA,1
20220309,170,TOC,b_06,decreasing,14,c_11,B,36.718754180602005,NA,1
20220309,170,TOC,b_07,decreasing,10,c_06,B,41.037508361204004,NA,1
20220309,170,TOC,b_08,decreasing,7,c_01,B,45.89626254180602,NA,1
20220309,170,TOC,b_09,decreasing,7,c_02,C,56.26501672240802,NA,1
20220309,170,TOC,b_10,decreasing,10,c_07,C,41.273770903010025,NA,1
20220309,170,TOC,b_11,decreasing,10,c_08,C,40.48252508361204,NA,1
20220309,170,TOC,b_12,decreasing,14,c_14,C,38.771279264214044,NA,1
20220309,170,TOC,b_13,constant,10,c_06,D,37.26222014925373,NA,1
20220309,170,TOC,b_14,constant,7,c_03,D,36.80657182835821,NA,1
20220309,170,TOC,b_15,constant,14,c_14,D,30.440923507462685,NA,1
20220309,170,TOC,b_16,constant,14,c_15,D,30.385275186567164,NA,1
20220309,170,TOC,b_17,decreasing,7,c_05,E,36.74505016722408,NA,1
20220309,170,TOC,b_18,decreasing,7,c_04,E,68.1338043478261,NA,1
20220309,170,TOC,b_19,decreasing,14,c_12,E,39.75255852842809,NA,1
20220309,170,TOC,b_20,decreasing,10,c_09,E,38.7613127090301,NA,1
20220309,170,TOC,b_21,constant,10,c_07,F,38.617033582089554,NA,1
20220309,170,TOC,b_22,constant,10,c_10,F,64.16138526119403,NA,1
20220309,170,TOC,b_23,constant,7,c_04,F,62.14573694029851,NA,1
20220309,170,TOC,b_24,constant,14,c_13,F,38.02008861940299,NA,1
20220309,170,TOC,b_25,decreasing,7,c_03,G,26.45508361204013,NA,1
20220309,170,TOC,b_26,decreasing,14,c_15,G,31.52383779264214,NA,1
20220309,170,TOC,b_27,decreasing,10,c_10,G,65.93259197324414,NA,1
20220309,170,TOC,b_28,constant,10,c_09,H,35.297495335820905,NA,1
20220309,170,TOC,b_29,constant,14,c_12,H,34.84184701492537,NA,1
20220309,170,TOC,b_30,constant,7,c_01,H,41.76619869402985,NA,1
20220311,172,IC,b_01,constant,10,c_08,A,2.72,NA,1
20220311,172,IC,b_02,constant,7,c_02,A,3.27118703358209,NA,1
20220311,172,IC,b_03,constant,14,c_11,A,2.082374067164179,NA,1
20220311,172,IC,b_04,constant,7,c_05,A,2.013561100746269,NA,1
20220311,172,IC,b_05,decreasing,14,c_13,B,3.81,NA,1
20220311,172,IC,b_06,decreasing,14,c_11,B,3.532884615384615,NA,1
20220311,172,IC,b_07,decreasing,10,c_06,B,2.7657692307692305,NA,1
20220311,172,IC,b_08,decreasing,7,c_01,B,5.2986538461538455,NA,1
20220311,172,IC,b_09,decreasing,7,c_02,C,3.441538461538461,NA,1
20220311,172,IC,b_10,decreasing,10,c_07,C,5.3544230769230765,NA,1
20220311,172,IC,b_11,decreasing,10,c_08,C,3.0373076923076923,NA,1
20220311,172,IC,b_12,decreasing,14,c_14,C,3.3001923076923076,NA,1
20220311,172,IC,b_13,constant,10,c_06,D,2.284244402985075,NA,1
20220311,172,IC,b_14,constant,7,c_03,D,2.805431436567164,NA,1
20220311,172,IC,b_15,constant,14,c_14,D,2.1266184701492534,NA,1
20220311,172,IC,b_16,constant,14,c_15,D,1.9878055037313431,NA,1
20220311,172,IC,b_17,decreasing,7,c_05,E,2.814615384615385,NA,1
20220311,172,IC,b_18,decreasing,7,c_04,E,3.5575,NA,1
20220311,172,IC,b_19,decreasing,14,c_12,E,4.1303846153846155,NA,1
20220311,172,IC,b_20,decreasing,10,c_09,E,4.673269230769231,NA,1
20220311,172,IC,b_21,constant,10,c_07,F,3.5537406716417905,NA,1
20220311,172,IC,b_22,constant,10,c_10,F,3.10492770522388,NA,1
20220311,172,IC,b_23,constant,7,c_04,F,2.55611473880597,NA,1
20220311,172,IC,b_24,constant,14,c_13,F,2.4973017723880604,NA,1
20220311,172,IC,b_25,decreasing,7,c_03,G,4.937692307692307,NA,1
20220311,172,IC,b_26,decreasing,14,c_15,G,2.8505769230769236,NA,1
20220311,172,IC,b_27,decreasing,10,c_10,G,3.553461538461539,NA,1
20220311,172,IC,b_28,constant,10,c_09,H,2.3920499067164176,NA,1
20220311,172,IC,b_29,constant,14,c_12,H,1.9832369402985073,NA,1
20220311,172,IC,b_30,constant,7,c_01,H,2.5944239738805965,NA,1
20220311,172,TC,b_01,constant,10,c_08,A,47.57,NA,1
20220311,172,TC,b_02,constant,7,c_02,A,66.48706623134328,NA,1
20220311,172,TC,b_03,constant,14,c_11,A,41.00413246268656,NA,1
20220311,172,TC,b_04,constant,7,c_05,A,42.131198694029855,NA,1
20220311,172,TC,b_05,decreasing,14,c_13,B,52.42,NA,1
20220311,172,TC,b_06,decreasing,14,c_11,B,44.18374581939799,NA,1
20220311,172,TC,b_07,decreasing,10,c_06,B,48.03749163879599,NA,1
20220311,172,TC,b_08,decreasing,7,c_01,B,53.25123745819398,NA,1
20220311,172,TC,b_09,decreasing,7,c_02,C,62.35498327759197,NA,1
20220311,172,TC,b_10,decreasing,10,c_07,C,52.06872909698997,NA,1
20220311,172,TC,b_11,decreasing,10,c_08,C,47.73247491638796,NA,1
20220311,172,TC,b_12,decreasing,14,c_14,C,45.71622073578595,NA,1
20220311,172,TC,b_13,constant,10,c_06,D,42.6347947761194,NA,1
20220311,172,TC,b_14,constant,7,c_03,D,41.47186100746268,NA,1
20220311,172,TC,b_15,constant,14,c_14,D,35.88892723880596,NA,1
20220311,172,TC,b_16,constant,14,c_15,D,34.28599347014924,NA,1
20220311,172,TC,b_17,decreasing,7,c_05,E,44.54494983277591,NA,1
20220311,172,TC,b_18,decreasing,7,c_04,E,77.9886956521739,NA,1
20220311,172,TC,b_19,decreasing,14,c_12,E,47.0724414715719,NA,1
20220311,172,TC,b_20,decreasing,10,c_09,E,46.0561872909699,NA,1
20220311,172,TC,b_21,constant,10,c_07,F,44.901324626865666,NA,1
20220311,172,TC,b_22,constant,10,c_10,F,75.02839085820895,NA,1
20220311,172,TC,b_23,constant,7,c_04,F,67.52545708955222,NA,1
20220311,172,TC,b_24,constant,14,c_13,F,45.38252332089551,NA,1
20220311,172,TC,b_25,decreasing,7,c_03,G,34.01491638795986,NA,1
20220311,172,TC,b_26,decreasing,14,c_15,G,37.54866220735786,NA,1
20220311,172,TC,b_27,decreasing,10,c_10,G,74.24240802675584,NA,1
20220311,172,TC,b_28,constant,10,c_09,H,40.000788246268634,NA,1
20220311,172,TC,b_29,constant,14,c_12,H,38.20785447761192,NA,1
20220311,172,TC,b_30,constant,7,c_01,H,48.54492070895522,NA,1
20220311,172,TN,b_01,constant,10,c_08,A,2.37,NA,1
20220311,172,TN,b_02,constant,7,c_02,A,3.75216651119403,NA,1
20220311,172,TN,b_03,constant,14,c_11,A,2.14433302238806,NA,1
20220311,172,TN,b_04,constant,7,c_05,A,2.04649953358209,NA,1
20220311,172,TN,b_05,decreasing,14,c_13,B,2.91,NA,1
20220311,172,TN,b_06,decreasing,14,c_11,B,2.2557023411371238,NA,1
20220311,172,TN,b_07,decreasing,10,c_06,B,2.4614046822742477,NA,1
20220311,172,TN,b_08,decreasing,7,c_01,B,2.877107023411371,NA,1
20220311,172,TN,b_09,decreasing,7,c_02,C,3.362809364548495,NA,1
20220311,172,TN,b_10,decreasing,10,c_07,C,2.7685117056856186,NA,1
20220311,172,TN,b_11,decreasing,10,c_08,C,2.2842140468227425,NA,1
20220311,172,TN,b_12,decreasing,14,c_14,C,2.269916387959866,NA,1
20220311,172,TN,b_13,constant,10,c_06,D,2.0859981343283582,NA,1
20220311,172,TN,b_14,constant,7,c_03,D,2.238164645522388,NA,1
20220311,172,TN,b_15,constant,14,c_14,D,1.8503311567164178,NA,1
20220311,172,TN,b_16,constant,14,c_15,D,1.7124976679104473,NA,1
20220311,172,TN,b_17,decreasing,7,c_05,E,2.1584280936454845,NA,1
20220311,172,TN,b_18,decreasing,7,c_04,E,3.944130434782608,NA,1
20220311,172,TN,b_19,decreasing,14,c_12,E,2.5998327759197317,NA,1
20220311,172,TN,b_20,decreasing,10,c_09,E,2.5155351170568556,NA,1
20220311,172,TN,b_21,constant,10,c_07,F,2.3633302238805967,NA,1
20220311,172,TN,b_22,constant,10,c_10,F,3.9254967350746264,NA,1
20220311,172,TN,b_23,constant,7,c_04,F,3.337663246268656,NA,1
20220311,172,TN,b_24,constant,14,c_13,F,2.3698297574626865,NA,1
20220311,172,TN,b_25,decreasing,7,c_03,G,1.9040468227424743,NA,1
20220311,172,TN,b_26,decreasing,14,c_15,G,1.8797491638795982,NA,1
20220311,172,TN,b_27,decreasing,10,c_10,G,3.9154515050167222,NA,1
20220311,172,TN,b_28,constant,10,c_09,H,2.148495802238805,NA,1
20220311,172,TN,b_29,constant,14,c_12,H,1.9606623134328354,NA,1
20220311,172,TN,b_30,constant,7,c_01,H,2.6028288246268656,NA,1
20220311,172,TOC,b_01,constant,10,c_08,A,44.85,NA,1
20220311,172,TOC,b_02,constant,7,c_02,A,63.2158791977612,NA,1
20220311,172,TOC,b_03,constant,14,c_11,A,38.92175839552239,NA,1
20220311,172,TOC,b_04,constant,7,c_05,A,40.11763759328359,NA,1
20220311,172,TOC,b_05,decreasing,14,c_13,B,48.61,NA,1
20220311,172,TOC,b_06,decreasing,14,c_11,B,40.650861204013374,NA,1
20220311,172,TOC,b_07,decreasing,10,c_06,B,45.27172240802676,NA,1
20220311,172,TOC,b_08,decreasing,7,c_01,B,47.95258361204013,NA,1
20220311,172,TOC,b_09,decreasing,7,c_02,C,58.91344481605351,NA,1
20220311,172,TOC,b_10,decreasing,10,c_07,C,46.714306020066886,NA,1
20220311,172,TOC,b_11,decreasing,10,c_08,C,44.69516722408027,NA,1
20220311,172,TOC,b_12,decreasing,14,c_14,C,42.41602842809365,NA,1
20220311,172,TOC,b_13,constant,10,c_06,D,40.350550373134325,NA,1
20220311,172,TOC,b_14,constant,7,c_03,D,38.66642957089552,NA,1
20220311,172,TOC,b_15,constant,14,c_14,D,33.762308768656716,NA,1
20220311,172,TOC,b_16,constant,14,c_15,D,32.298187966417906,NA,1
20220311,172,TOC,b_17,decreasing,7,c_05,E,41.730334448160534,NA,1
20220311,172,TOC,b_18,decreasing,7,c_04,E,74.4311956521739,NA,1
20220311,172,TOC,b_19,decreasing,14,c_12,E,42.942056856187286,NA,1
20220311,172,TOC,b_20,decreasing,10,c_09,E,41.382918060200666,NA,1
20220311,172,TOC,b_21,constant,10,c_07,F,41.347583955223875,NA,1
20220311,172,TOC,b_22,constant,10,c_10,F,71.92346315298508,NA,1
20220311,172,TOC,b_23,constant,7,c_04,F,64.96934235074626,NA,1
20220311,172,TOC,b_24,constant,14,c_13,F,42.88522154850745,NA,1
20220311,172,TOC,b_25,decreasing,7,c_03,G,29.077224080267555,NA,1
20220311,172,TOC,b_26,decreasing,14,c_15,G,34.698085284280936,NA,1
20220311,172,TOC,b_27,decreasing,10,c_10,G,70.6889464882943,NA,1
20220311,172,TOC,b_28,constant,10,c_09,H,37.608738339552225,NA,1
20220311,172,TOC,b_29,constant,14,c_12,H,36.22461753731343,NA,1
20220311,172,TOC,b_30,constant,7,c_01,H,45.95049673507463,NA,1
20220314,175,IC,b_01,constant,10,c_08,A,2.44,NA,1
20220314,175,IC,b_02,constant,7,c_02,A,4.345398787313433,NA,1
20220314,175,IC,b_03,constant,14,c_11,A,3.6807975746268657,NA,1
20220314,175,IC,b_04,constant,7,c_05,A,4.2061963619402984,NA,1
20220314,175,IC,b_05,decreasing,14,c_13,B,5.13,NA,1
20220314,175,IC,b_06,decreasing,14,c_11,B,4.816191471571907,NA,1
20220314,175,IC,b_07,decreasing,10,c_06,B,4.212382943143813,NA,1
20220314,175,IC,b_08,decreasing,7,c_01,B,5.288574414715719,NA,1
20220314,175,IC,b_09,decreasing,7,c_02,C,4.774765886287626,NA,1
20220314,175,IC,b_10,decreasing,10,c_07,C,5.530957357859532,NA,1
20220314,175,IC,b_11,decreasing,10,c_08,C,4.4071488294314385,NA,1
20220314,175,IC,b_12,decreasing,14,c_14,C,4.673340301003345,NA,1
20220314,175,IC,b_13,constant,10,c_06,D,2.674785447761194,NA,1
20220314,175,IC,b_14,constant,7,c_03,D,5.250184235074627,NA,1
20220314,175,IC,b_15,constant,14,c_14,D,4.32558302238806,NA,1
20220314,175,IC,b_16,constant,14,c_15,D,3.000981809701492,NA,1
20220314,175,IC,b_17,decreasing,7,c_05,E,3.5742976588628768,NA,1
20220314,175,IC,b_18,decreasing,7,c_04,E,4.250489130434784,NA,1
20220314,175,IC,b_19,decreasing,14,c_12,E,4.70668060200669,NA,1
20220314,175,IC,b_20,decreasing,10,c_09,E,5.182872073578596,NA,1
20220314,175,IC,b_21,constant,10,c_07,F,4.087975746268657,NA,1
20220314,175,IC,b_22,constant,10,c_10,F,4.3033745335820885,NA,1
20220314,175,IC,b_23,constant,7,c_04,F,3.388773320895522,NA,1
20220314,175,IC,b_24,constant,14,c_13,F,4.314172108208955,NA,1
20220314,175,IC,b_25,decreasing,7,c_03,G,5.883829431438128,NA,1
20220314,175,IC,b_26,decreasing,14,c_15,G,4.640020903010035,NA,1
20220314,175,IC,b_27,decreasing,10,c_10,G,4.576212374581941,NA,1
20220314,175,IC,b_28,constant,10,c_09,H,3.5457672574626855,NA,1
20220314,175,IC,b_29,constant,14,c_12,H,2.9011660447761187,NA,1
20220314,175,IC,b_30,constant,7,c_01,H,3.756564832089551,NA,1
20220314,175,TC,b_01,constant,10,c_08,A,44,NA,1
20220314,175,TC,b_02,constant,7,c_02,A,61.99125932835821,NA,1
20220314,175,TC,b_03,constant,14,c_11,A,37.472518656716424,NA,1
20220314,175,TC,b_04,constant,7,c_05,A,40.933777985074634,NA,1
20220314,175,TC,b_05,decreasing,14,c_13,B,47.58,NA,1
20220314,175,TC,b_06,decreasing,14,c_11,B,41.78417642140468,NA,1
20220314,175,TC,b_07,decreasing,10,c_06,B,44.25835284280936,NA,1
20220314,175,TC,b_08,decreasing,7,c_01,B,46.67252926421404,NA,1
20220314,175,TC,b_09,decreasing,7,c_02,C,55.876705685618724,NA,1
20220314,175,TC,b_10,decreasing,10,c_07,C,40.230882107023405,NA,1
20220314,175,TC,b_11,decreasing,10,c_08,C,47.30505852842809,NA,1
20220314,175,TC,b_12,decreasing,14,c_14,C,40.60923494983277,NA,1
20220314,175,TC,b_13,constant,10,c_06,D,38.01511194029851,NA,1
20220314,175,TC,b_14,constant,7,c_03,D,39.08637126865673,NA,1
20220314,175,TC,b_15,constant,14,c_14,D,34.247630597014926,NA,1
20220314,175,TC,b_16,constant,14,c_15,D,32.818889925373135,NA,1
20220314,175,TC,b_17,decreasing,7,c_05,E,39.92011705685618,NA,1
20220314,175,TC,b_18,decreasing,7,c_04,E,68.57429347826087,NA,1
20220314,175,TC,b_19,decreasing,14,c_12,E,40.598469899665545,NA,1
20220314,175,TC,b_20,decreasing,10,c_09,E,40.30264632107022,NA,1
20220314,175,TC,b_21,constant,10,c_07,F,41.68518656716418,NA,1
20220314,175,TC,b_22,constant,10,c_10,F,66.42644589552239,NA,1
20220314,175,TC,b_23,constant,7,c_04,F,63.01770522388061,NA,1
20220314,175,TC,b_24,constant,14,c_13,F,41.88896455223881,NA,1
20220314,175,TC,b_25,decreasing,7,c_03,G,30.32352842809363,NA,1
20220314,175,TC,b_26,decreasing,14,c_15,G,36.13770484949831,NA,1
20220314,175,TC,b_27,decreasing,10,c_10,G,66.741881270903,NA,1
20220314,175,TC,b_28,constant,10,c_09,H,40.184001865671654,NA,1
20220314,175,TC,b_29,constant,14,c_12,H,35.31526119402986,NA,1
20220314,175,TC,b_30,constant,7,c_01,H,44.91652052238807,NA,1
20220314,175,TN,b_01,constant,10,c_08,A,2.3,NA,1
20220314,175,TN,b_02,constant,7,c_02,A,3.573369869402985,NA,1
20220314,175,TN,b_03,constant,14,c_11,A,2.0467397388059703,NA,1
20220314,175,TN,b_04,constant,7,c_05,A,2.0501096082089556,NA,1
20220314,175,TN,b_05,decreasing,14,c_13,B,2.76,NA,1
20220314,175,TN,b_06,decreasing,14,c_11,B,2.2431521739130433,NA,1
20220314,175,TN,b_07,decreasing,10,c_06,B,2.356304347826087,NA,1
20220314,175,TN,b_08,decreasing,7,c_01,B,2.69945652173913,NA,1
20220314,175,TN,b_09,decreasing,7,c_02,C,3.152608695652174,NA,1
20220314,175,TN,b_10,decreasing,10,c_07,C,2.2857608695652174,NA,1
20220314,175,TN,b_11,decreasing,10,c_08,C,2.418913043478261,NA,1
20220314,175,TN,b_12,decreasing,14,c_14,C,2.1420652173913037,NA,1
20220314,175,TN,b_13,constant,10,c_06,D,2.000438432835821,NA,1
20220314,175,TN,b_14,constant,7,c_03,D,2.0838083022388063,NA,1
20220314,175,TN,b_15,constant,14,c_14,D,1.827178171641791,NA,1
20220314,175,TN,b_16,constant,14,c_15,D,1.8005480410447765,NA,1
20220314,175,TN,b_17,decreasing,7,c_05,E,2.0478260869565212,NA,1
20220314,175,TN,b_18,decreasing,7,c_04,E,3.6609782608695647,NA,1
20220314,175,TN,b_19,decreasing,14,c_12,E,2.3241304347826084,NA,1
20220314,175,TN,b_20,decreasing,10,c_09,E,2.3272826086956515,NA,1
20220314,175,TN,b_21,constant,10,c_07,F,2.2673973880597016,NA,1
20220314,175,TN,b_22,constant,10,c_10,F,3.6507672574626864,NA,1
20220314,175,TN,b_23,constant,7,c_04,F,3.2441371268656716,NA,1
20220314,175,TN,b_24,constant,14,c_13,F,2.207506996268657,NA,1
20220314,175,TN,b_25,decreasing,7,c_03,G,1.8230434782608689,NA,1
20220314,175,TN,b_26,decreasing,14,c_15,G,1.8961956521739123,NA,1
20220314,175,TN,b_27,decreasing,10,c_10,G,3.6893478260869554,NA,1
20220314,175,TN,b_28,constant,10,c_09,H,2.2809864738805974,NA,1
20220314,175,TN,b_29,constant,14,c_12,H,1.8743563432835821,NA,1
20220314,175,TN,b_30,constant,7,c_01,H,2.447726212686567,NA,1
20220314,175,TOC,b_01,constant,10,c_08,A,41.56,NA,1
20220314,175,TOC,b_02,constant,7,c_02,A,57.645860541044776,NA,1
20220314,175,TOC,b_03,constant,14,c_11,A,33.79172108208956,NA,1
20220314,175,TOC,b_04,constant,7,c_05,A,36.72758162313433,NA,1
20220314,175,TOC,b_05,decreasing,14,c_13,B,42.449999999999996,NA,1
20220314,175,TOC,b_06,decreasing,14,c_11,B,36.96798494983278,NA,1
20220314,175,TOC,b_07,decreasing,10,c_06,B,40.04596989966556,NA,1
20220314,175,TOC,b_08,decreasing,7,c_01,B,41.38395484949832,NA,1
20220314,175,TOC,b_09,decreasing,7,c_02,C,51.1019397993311,NA,1
20220314,175,TOC,b_10,decreasing,10,c_07,C,34.699924749163884,NA,1
20220314,175,TOC,b_11,decreasing,10,c_08,C,42.897909698996656,NA,1
20220314,175,TOC,b_12,decreasing,14,c_14,C,35.93589464882943,NA,1
20220314,175,TOC,b_13,constant,10,c_06,D,35.34032649253731,NA,1
20220314,175,TOC,b_14,constant,7,c_03,D,33.83618703358209,NA,1
20220314,175,TOC,b_15,constant,14,c_14,D,29.92204757462686,NA,1
20220314,175,TOC,b_16,constant,14,c_15,D,29.817908115671635,NA,1
20220314,175,TOC,b_17,decreasing,7,c_05,E,36.34581939799331,NA,1
20220314,175,TOC,b_18,decreasing,7,c_04,E,64.3238043478261,NA,1
20220314,175,TOC,b_19,decreasing,14,c_12,E,35.89178929765887,NA,1
20220314,175,TOC,b_20,decreasing,10,c_09,E,35.11977424749164,NA,1
20220314,175,TOC,b_21,constant,10,c_07,F,37.597210820895505,NA,1
20220314,175,TOC,b_22,constant,10,c_10,F,62.12307136194028,NA,1
20220314,175,TOC,b_23,constant,7,c_04,F,59.62893190298507,NA,1
20220314,175,TOC,b_24,constant,14,c_13,F,37.57479244402984,NA,1
20220314,175,TOC,b_25,decreasing,7,c_03,G,24.439698996655522,NA,1
20220314,175,TOC,b_26,decreasing,14,c_15,G,31.497683946488294,NA,1
20220314,175,TOC,b_27,decreasing,10,c_10,G,62.16566889632106,NA,1
20220314,175,TOC,b_28,constant,10,c_09,H,36.63823460820895,NA,1
20220314,175,TOC,b_29,constant,14,c_12,H,32.41409514925372,NA,1
20220314,175,TOC,b_30,constant,7,c_01,H,41.15995569029849,NA,1
20220316,177,IC,b_01,constant,10,c_08,A,1.82,NA,1
20220316,177,IC,b_02,constant,7,c_02,A,2.9642094216417907,NA,1
20220316,177,IC,b_03,constant,14,c_11,A,2.3984188432835816,NA,1
20220316,177,IC,b_04,constant,7,c_05,A,2.622628264925373,NA,1
20220316,177,IC,b_05,decreasing,14,c_13,B,3.55,NA,1
20220316,177,IC,b_06,decreasing,14,c_11,B,2.9192809364548493,NA,1
20220316,177,IC,b_07,decreasing,10,c_06,B,3.148561872909699,NA,1
20220316,177,IC,b_08,decreasing,7,c_01,B,5.1478428093645485,NA,1
20220316,177,IC,b_09,decreasing,7,c_02,C,2.9671237458193978,NA,1
20220316,177,IC,b_10,decreasing,10,c_07,C,5.986404682274248,NA,1
20220316,177,IC,b_11,decreasing,10,c_08,C,3.155685618729097,NA,1
20220316,177,IC,b_12,decreasing,14,c_14,C,2.914966555183946,NA,1
20220316,177,IC,b_13,constant,10,c_06,D,2.6305130597014914,NA,1
20220316,177,IC,b_14,constant,7,c_03,D,3.284722481343282,NA,1
20220316,177,IC,b_15,constant,14,c_14,D,2.3289319029850732,NA,1
20220316,177,IC,b_16,constant,14,c_15,D,1.9231413246268647,NA,1
20220316,177,IC,b_17,decreasing,7,c_05,E,2.841371237458194,NA,1
20220316,177,IC,b_18,decreasing,7,c_04,E,3.000652173913043,NA,1
20220316,177,IC,b_19,decreasing,14,c_12,E,4.209933110367894,NA,1
20220316,177,IC,b_20,decreasing,10,c_09,E,4.919214046822741,NA,1
20220316,177,IC,b_21,constant,10,c_07,F,3.4241884328358196,NA,1
20220316,177,IC,b_22,constant,10,c_10,F,3.0983978544776107,NA,1
20220316,177,IC,b_23,constant,7,c_04,F,2.722607276119401,NA,1
20220316,177,IC,b_24,constant,14,c_13,F,2.486816697761192,NA,1
20220316,177,IC,b_25,decreasing,7,c_03,G,4.71561872909699,NA,1
20220316,177,IC,b_26,decreasing,14,c_15,G,2.6448996655518386,NA,1
20220316,177,IC,b_27,decreasing,10,c_10,G,3.434180602006688,NA,1
20220316,177,IC,b_28,constant,10,c_09,H,2.2536543843283567,NA,1
20220316,177,IC,b_29,constant,14,c_12,H,1.5978638059701469,NA,1
20220316,177,IC,b_30,constant,7,c_01,H,2.7520732276119384,NA,1
20220316,177,TC,b_01,constant,10,c_08,A,45.57,NA,1
20220316,177,TC,b_02,constant,7,c_02,A,63.699785447761194,NA,1
20220316,177,TC,b_03,constant,14,c_11,A,39.13957089552239,NA,1
20220316,177,TC,b_04,constant,7,c_05,A,39.009356343283585,NA,1
20220316,177,TC,b_05,decreasing,14,c_13,B,50.7,NA,1
20220316,177,TC,b_06,decreasing,14,c_11,B,42.166622073578594,NA,1
20220316,177,TC,b_07,decreasing,10,c_06,B,46.86324414715719,NA,1
20220316,177,TC,b_08,decreasing,7,c_01,B,51.57986622073578,NA,1
20220316,177,TC,b_09,decreasing,7,c_02,C,59.316488294314375,NA,1
20220316,177,TC,b_10,decreasing,10,c_07,C,47.65311036789297,NA,1
20220316,177,TC,b_11,decreasing,10,c_08,C,45.97973244147156,NA,1
20220316,177,TC,b_12,decreasing,14,c_14,C,42.12635451505016,NA,1
20220316,177,TC,b_13,constant,10,c_06,D,40.83742537313433,NA,1
20220316,177,TC,b_14,constant,7,c_03,D,41.31721082089552,NA,1
20220316,177,TC,b_15,constant,14,c_14,D,34.58699626865672,NA,1
20220316,177,TC,b_16,constant,14,c_15,D,33.31678171641791,NA,1
20220316,177,TC,b_17,decreasing,7,c_05,E,41.539464882943136,NA,1
20220316,177,TC,b_18,decreasing,7,c_04,E,73.64608695652174,NA,1
20220316,177,TC,b_19,decreasing,14,c_12,E,45.552709030100324,NA,1
20220316,177,TC,b_20,decreasing,10,c_09,E,45.03933110367892,NA,1
20220316,177,TC,b_21,constant,10,c_07,F,41.505708955223874,NA,1
20220316,177,TC,b_22,constant,10,c_10,F,69.62549440298507,NA,1
20220316,177,TC,b_23,constant,7,c_04,F,66.57527985074628,NA,1
20220316,177,TC,b_24,constant,14,c_13,F,41.50506529850746,NA,1
20220316,177,TC,b_25,decreasing,7,c_03,G,32.202441471571895,NA,1
20220316,177,TC,b_26,decreasing,14,c_15,G,35.84906354515049,NA,1
20220316,177,TC,b_27,decreasing,10,c_10,G,71.27568561872909,NA,1
20220316,177,TC,b_28,constant,10,c_09,H,37.69420708955224,NA,1
20220316,177,TC,b_29,constant,14,c_12,H,35.97399253731343,NA,1
20220316,177,TC,b_30,constant,7,c_01,H,48.203777985074616,NA,1
20220316,177,TN,b_01,constant,10,c_08,A,2.33,NA,1
20220316,177,TN,b_02,constant,7,c_02,A,3.6394076492537315,NA,1
20220316,177,TN,b_03,constant,14,c_11,A,2.088815298507462,NA,1
20220316,177,TN,b_04,constant,7,c_05,A,1.9182229477611936,NA,1
20220316,177,TN,b_05,decreasing,14,c_13,B,2.87,NA,1
20220316,177,TN,b_06,decreasing,14,c_11,B,2.2157901337792643,NA,1
20220316,177,TN,b_07,decreasing,10,c_06,B,2.3915802675585285,NA,1
20220316,177,TN,b_08,decreasing,7,c_01,B,2.887370401337793,NA,1
20220316,177,TN,b_09,decreasing,7,c_02,C,3.2631605351170565,NA,1
20220316,177,TN,b_10,decreasing,10,c_07,C,2.618950668896321,NA,1
20220316,177,TN,b_11,decreasing,10,c_08,C,2.2247408026755853,NA,1
20220316,177,TN,b_12,decreasing,14,c_14,C,2.1605309364548493,NA,1
20220316,177,TN,b_13,constant,10,c_06,D,2.0528917910447757,NA,1
20220316,177,TN,b_14,constant,7,c_03,D,2.282299440298507,NA,1
20220316,177,TN,b_15,constant,14,c_14,D,1.8417070895522385,NA,1
20220316,177,TN,b_16,constant,14,c_15,D,1.7511147388059691,NA,1
20220316,177,TN,b_17,decreasing,7,c_05,E,2.0394816053511704,NA,1
20220316,177,TN,b_18,decreasing,7,c_04,E,3.7752717391304342,NA,1
20220316,177,TN,b_19,decreasing,14,c_12,E,2.5010618729096987,NA,1
20220316,177,TN,b_20,decreasing,10,c_09,E,2.496852006688963,NA,1
20220316,177,TN,b_21,constant,10,c_07,F,2.208152985074626,NA,1
20220316,177,TN,b_22,constant,10,c_10,F,3.7175606343283576,NA,1
20220316,177,TN,b_23,constant,7,c_04,F,3.3469682835820884,NA,1
20220316,177,TN,b_24,constant,14,c_13,F,2.1963759328358194,NA,1
20220316,177,TN,b_25,decreasing,7,c_03,G,1.875802675585284,NA,1
20220316,177,TN,b_26,decreasing,14,c_15,G,1.8815928093645478,NA,1
20220316,177,TN,b_27,decreasing,10,c_10,G,3.807382943143812,NA,1
20220316,177,TN,b_28,constant,10,c_09,H,2.064006529850745,NA,1
20220316,177,TN,b_29,constant,14,c_12,H,1.8534141791044765,NA,1
20220316,177,TN,b_30,constant,7,c_01,H,2.6728218283582077,NA,1
20220316,177,TOC,b_01,constant,10,c_08,A,43.75,NA,1
20220316,177,TOC,b_02,constant,7,c_02,A,60.735576026119396,NA,1
20220316,177,TOC,b_03,constant,14,c_11,A,36.7411520522388,NA,1
20220316,177,TOC,b_04,constant,7,c_05,A,36.3867280783582,NA,1
20220316,177,TOC,b_05,decreasing,14,c_13,B,47.150000000000006,NA,1
20220316,177,TOC,b_06,decreasing,14,c_11,B,39.24734113712375,NA,1
20220316,177,TOC,b_07,decreasing,10,c_06,B,43.714682274247494,NA,1
20220316,177,TOC,b_08,decreasing,7,c_01,B,46.43202341137123,NA,1
20220316,177,TOC,b_09,decreasing,7,c_02,C,56.34936454849498,NA,1
20220316,177,TOC,b_10,decreasing,10,c_07,C,41.66670568561873,NA,1
20220316,177,TOC,b_11,decreasing,10,c_08,C,42.82404682274247,NA,1
20220316,177,TOC,b_12,decreasing,14,c_14,C,39.21138795986622,NA,1
20220316,177,TOC,b_13,constant,10,c_06,D,38.20691231343283,NA,1
20220316,177,TOC,b_14,constant,7,c_03,D,38.03248833955223,NA,1
20220316,177,TOC,b_15,constant,14,c_14,D,32.25806436567164,NA,1
20220316,177,TOC,b_16,constant,14,c_15,D,31.39364039179104,NA,1
20220316,177,TOC,b_17,decreasing,7,c_05,E,38.698093645484946,NA,1
20220316,177,TOC,b_18,decreasing,7,c_04,E,70.6454347826087,NA,1
20220316,177,TOC,b_19,decreasing,14,c_12,E,41.342775919732425,NA,1
20220316,177,TOC,b_20,decreasing,10,c_09,E,40.120117056856174,NA,1
20220316,177,TOC,b_21,constant,10,c_07,F,38.081520522388054,NA,1
20220316,177,TOC,b_22,constant,10,c_10,F,66.52709654850747,NA,1
20220316,177,TOC,b_23,constant,7,c_04,F,63.85267257462687,NA,1
20220316,177,TOC,b_24,constant,14,c_13,F,39.01824860074626,NA,1
20220316,177,TOC,b_25,decreasing,7,c_03,G,27.4868227424749,NA,1
20220316,177,TOC,b_26,decreasing,14,c_15,G,33.20416387959865,NA,1
20220316,177,TOC,b_27,decreasing,10,c_10,G,67.84150501672241,NA,1
20220316,177,TOC,b_28,constant,10,c_09,H,35.44055270522388,NA,1
20220316,177,TOC,b_29,constant,14,c_12,H,34.376128731343286,NA,1
20220316,177,TOC,b_30,constant,7,c_01,H,45.45170475746267,NA,1
20220318,179,IC,b_01,constant,10,c_08,A,2.45,NA,1
20220318,179,IC,b_02,constant,7,c_02,A,3.1183208955223884,NA,1
20220318,179,IC,b_03,constant,14,c_11,A,2.186641791044776,NA,1
20220318,179,IC,b_04,constant,7,c_05,A,2.324962686567164,NA,1
20220318,179,IC,b_05,decreasing,14,c_13,B,4.2,NA,1
20220318,179,IC,b_06,decreasing,14,c_11,B,2.69494983277592,NA,1
20220318,179,IC,b_07,decreasing,10,c_06,B,2.41989966555184,NA,1
20220318,179,IC,b_08,decreasing,7,c_01,B,6.614849498327759,NA,1
20220318,179,IC,b_09,decreasing,7,c_02,C,3.5897993311036793,NA,1
20220318,179,IC,b_10,decreasing,10,c_07,C,6.6047491638796,NA,1
20220318,179,IC,b_11,decreasing,10,c_08,C,2.2896989966555195,NA,1
20220318,179,IC,b_12,decreasing,14,c_14,C,2.7646488294314393,NA,1
20220318,179,IC,b_13,constant,10,c_06,D,2.0898507462686573,NA,1
20220318,179,IC,b_14,constant,7,c_03,D,2.7081716417910453,NA,1
20220318,179,IC,b_15,constant,14,c_14,D,2.0064925373134335,NA,1
20220318,179,IC,b_16,constant,14,c_15,D,1.6848134328358215,NA,1
20220318,179,IC,b_17,decreasing,7,c_05,E,2.6893979933110375,NA,1
20220318,179,IC,b_18,decreasing,7,c_04,E,2.6743478260869575,NA,1
20220318,179,IC,b_19,decreasing,14,c_12,E,4.9992976588628775,NA,1
20220318,179,IC,b_20,decreasing,10,c_09,E,6.244247491638798,NA,1
20220318,179,IC,b_21,constant,10,c_07,F,3.7464179104477626,NA,1
20220318,179,IC,b_22,constant,10,c_10,F,3.32473880597015,NA,1
20220318,179,IC,b_23,constant,7,c_04,F,2.223059701492538,NA,1
20220318,179,IC,b_24,constant,14,c_13,F,2.0513805970149264,NA,1
20220318,179,IC,b_25,decreasing,7,c_03,G,5.268996655518396,NA,1
20220318,179,IC,b_26,decreasing,14,c_15,G,2.383946488294316,NA,1
20220318,179,IC,b_27,decreasing,10,c_10,G,3.398896321070236,NA,1
20220318,179,IC,b_28,constant,10,c_09,H,2.2746641791044784,NA,1
20220318,179,IC,b_29,constant,14,c_12,H,2.0429850746268663,NA,1
20220318,179,IC,b_30,constant,7,c_01,H,2.731305970149255,NA,1
20220318,179,TC,b_01,constant,10,c_08,A,44.7,NA,1
20220318,179,TC,b_02,constant,7,c_02,A,60.17174906716418,NA,1
20220318,179,TC,b_03,constant,14,c_11,A,37.72349813432836,NA,1
20220318,179,TC,b_04,constant,7,c_05,A,37.835247201492535,NA,1
20220318,179,TC,b_05,decreasing,14,c_13,B,46.87,NA,1
20220318,179,TC,b_06,decreasing,14,c_11,B,38.779744983277595,NA,1
20220318,179,TC,b_07,decreasing,10,c_06,B,45.059489966555184,NA,1
20220318,179,TC,b_08,decreasing,7,c_01,B,47.04923494983278,NA,1
20220318,179,TC,b_09,decreasing,7,c_02,C,55.64897993311037,NA,1
20220318,179,TC,b_10,decreasing,10,c_07,C,45.068724916387964,NA,1
20220318,179,TC,b_11,decreasing,10,c_08,C,43.33846989966555,NA,1
20220318,179,TC,b_12,decreasing,14,c_14,C,41.968214882943144,NA,1
20220318,179,TC,b_13,constant,10,c_06,D,40.60098880597014,NA,1
20220318,179,TC,b_14,constant,7,c_03,D,38.162737873134326,NA,1
20220318,179,TC,b_15,constant,14,c_14,D,35.7144869402985,NA,1
20220318,179,TC,b_16,constant,14,c_15,D,34.95623600746268,NA,1
20220318,179,TC,b_17,decreasing,7,c_05,E,40.226939799331106,NA,1
20220318,179,TC,b_18,decreasing,7,c_04,E,68.78668478260869,NA,1
20220318,179,TC,b_19,decreasing,14,c_12,E,42.65642976588629,NA,1
20220318,179,TC,b_20,decreasing,10,c_09,E,39.956174749163885,NA,1
20220318,179,TC,b_21,constant,10,c_07,F,41.294981343283574,NA,1
20220318,179,TC,b_22,constant,10,c_10,F,67.17673041044775,NA,1
20220318,179,TC,b_23,constant,7,c_04,F,63.64847947761193,NA,1
20220318,179,TC,b_24,constant,14,c_13,F,41.990228544776116,NA,1
20220318,179,TC,b_25,decreasing,7,c_03,G,29.274899665551843,NA,1
20220318,179,TC,b_26,decreasing,14,c_15,G,35.214644648829434,NA,1
20220318,179,TC,b_27,decreasing,10,c_10,G,66.65438963210704,NA,1
20220318,179,TC,b_28,constant,10,c_09,H,36.17722481343282,NA,1
20220318,179,TC,b_29,constant,14,c_12,H,36.898973880597005,NA,1
20220318,179,TC,b_30,constant,7,c_01,H,43.32072294776118,NA,1
20220318,179,TN,b_01,constant,10,c_08,A,2.3,NA,1
20220318,179,TN,b_02,constant,7,c_02,A,3.659279384328358,NA,1
20220318,179,TN,b_03,constant,14,c_11,A,1.9985587686567166,NA,1
20220318,179,TN,b_04,constant,7,c_05,A,1.8478381529850745,NA,1
20220318,179,TN,b_05,decreasing,14,c_13,B,2.8,NA,1
20220318,179,TN,b_06,decreasing,14,c_11,B,2.0625292642140467,NA,1
20220318,179,TN,b_07,decreasing,10,c_06,B,2.415058528428094,NA,1
20220318,179,TN,b_08,decreasing,7,c_01,B,2.76758779264214,NA,1
20220318,179,TN,b_09,decreasing,7,c_02,C,3.180117056856187,NA,1
20220318,179,TN,b_10,decreasing,10,c_07,C,2.532646321070234,NA,1
20220318,179,TN,b_11,decreasing,10,c_08,C,2.1651755852842807,NA,1
20220318,179,TN,b_12,decreasing,14,c_14,C,2.1677048494983278,NA,1
20220318,179,TN,b_13,constant,10,c_06,D,2.071352611940298,NA,1
20220318,179,TN,b_14,constant,7,c_03,D,2.2306319962686563,NA,1
20220318,179,TN,b_15,constant,14,c_14,D,1.869911380597015,NA,1
20220318,179,TN,b_16,constant,14,c_15,D,1.7891907649253729,NA,1
20220318,179,TN,b_17,decreasing,7,c_05,E,2.030351170568562,NA,1
20220318,179,TN,b_18,decreasing,7,c_04,E,3.792880434782608,NA,1
20220318,179,TN,b_19,decreasing,14,c_12,E,2.465409698996655,NA,1
20220318,179,TN,b_20,decreasing,10,c_09,E,2.277938963210702,NA,1
20220318,179,TN,b_21,constant,10,c_07,F,2.205587686567164,NA,1
20220318,179,TN,b_22,constant,10,c_10,F,3.8348670708955224,NA,1
20220318,179,TN,b_23,constant,7,c_04,F,3.3741464552238796,NA,1
20220318,179,TN,b_24,constant,14,c_13,F,2.2734258395522384,NA,1
20220318,179,TN,b_25,decreasing,7,c_03,G,1.720585284280936,NA,1
20220318,179,TN,b_26,decreasing,14,c_15,G,1.8231145484949827,NA,1
20220318,179,TN,b_27,decreasing,10,c_10,G,3.7956438127090295,NA,1
20220318,179,TN,b_28,constant,10,c_09,H,2.020543376865671,NA,1
20220318,179,TN,b_29,constant,14,c_12,H,1.919822761194029,NA,1
20220318,179,TN,b_30,constant,7,c_01,H,2.3791021455223875,NA,1
20220318,179,TOC,b_01,constant,10,c_08,A,42.25,NA,1
20220318,179,TOC,b_02,constant,7,c_02,A,57.0534281716418,NA,1
20220318,179,TOC,b_03,constant,14,c_11,A,35.53685634328358,NA,1
20220318,179,TOC,b_04,constant,7,c_05,A,35.510284514925374,NA,1
20220318,179,TOC,b_05,decreasing,14,c_13,B,42.669999999999995,NA,1
20220318,179,TOC,b_06,decreasing,14,c_11,B,36.08479515050167,NA,1
20220318,179,TOC,b_07,decreasing,10,c_06,B,42.639590301003345,NA,1
20220318,179,TOC,b_08,decreasing,7,c_01,B,40.43438545150501,NA,1
20220318,179,TOC,b_09,decreasing,7,c_02,C,52.059180602006684,NA,1
20220318,179,TOC,b_10,decreasing,10,c_07,C,38.46397575250836,NA,1
20220318,179,TOC,b_11,decreasing,10,c_08,C,41.04877090301002,NA,1
20220318,179,TOC,b_12,decreasing,14,c_14,C,39.2035660535117,NA,1
20220318,179,TOC,b_13,constant,10,c_06,D,38.51113805970149,NA,1
20220318,179,TOC,b_14,constant,7,c_03,D,35.454566231343286,NA,1
20220318,179,TOC,b_15,constant,14,c_14,D,33.70799440298507,NA,1
20220318,179,TOC,b_16,constant,14,c_15,D,33.27142257462687,NA,1
20220318,179,TOC,b_17,decreasing,7,c_05,E,37.537541806020066,NA,1
20220318,179,TOC,b_18,decreasing,7,c_04,E,66.11233695652173,NA,1
20220318,179,TOC,b_19,decreasing,14,c_12,E,37.65713210702341,NA,1
20220318,179,TOC,b_20,decreasing,10,c_09,E,33.71192725752508,NA,1
20220318,179,TOC,b_21,constant,10,c_07,F,37.54856343283582,NA,1
20220318,179,TOC,b_22,constant,10,c_10,F,63.85199160447761,NA,1
20220318,179,TOC,b_23,constant,7,c_04,F,61.425419776119405,NA,1
20220318,179,TOC,b_24,constant,14,c_13,F,39.9388479477612,NA,1
20220318,179,TOC,b_25,decreasing,7,c_03,G,24.005903010033432,NA,1
20220318,179,TOC,b_26,decreasing,14,c_15,G,32.830698160535114,NA,1
20220318,179,TOC,b_27,decreasing,10,c_10,G,63.25549331103679,NA,1
20220318,179,TOC,b_28,constant,10,c_09,H,33.90256063432836,NA,1
20220318,179,TOC,b_29,constant,14,c_12,H,34.85598880597015,NA,1
20220318,179,TOC,b_30,constant,7,c_01,H,40.58941697761193,NA,1
20220321,182,IC,b_01,constant,10,c_08,A,3.59,NA,1
20220321,182,IC,b_02,constant,7,c_02,A,2.850144589552239,NA,1
20220321,182,IC,b_03,constant,14,c_11,A,2.5702891791044777,NA,1
20220321,182,IC,b_04,constant,7,c_05,A,3.0404337686567167,NA,1
20220321,182,IC,b_05,decreasing,14,c_13,B,4.52,NA,1
20220321,182,IC,b_06,decreasing,14,c_11,B,3.2679222408026756,NA,1
20220321,182,IC,b_07,decreasing,10,c_06,B,2.775844481605351,NA,1
20220321,182,IC,b_08,decreasing,7,c_01,B,7.5437667224080265,NA,1
20220321,182,IC,b_09,decreasing,7,c_02,C,3.461688963210703,NA,1
20220321,182,IC,b_10,decreasing,10,c_07,C,6.149611204013378,NA,1
20220321,182,IC,b_11,decreasing,10,c_08,C,2.707533444816054,NA,1
20220321,182,IC,b_12,decreasing,14,c_14,C,3.1454556856187295,NA,1
20220321,182,IC,b_13,constant,10,c_06,D,2.8317350746268657,NA,1
20220321,182,IC,b_14,constant,7,c_03,D,3.431879664179104,NA,1
20220321,182,IC,b_15,constant,14,c_14,D,2.6120242537313434,NA,1
20220321,182,IC,b_16,constant,14,c_15,D,2.3721688432835824,NA,1
20220321,182,IC,b_17,decreasing,7,c_05,E,2.7450668896321075,NA,1
20220321,182,IC,b_18,decreasing,7,c_04,E,3.642989130434783,NA,1
20220321,182,IC,b_19,decreasing,14,c_12,E,4.920911371237459,NA,1
20220321,182,IC,b_20,decreasing,10,c_09,E,6.218833612040134,NA,1
20220321,182,IC,b_21,constant,10,c_07,F,3.6228917910447755,NA,1
20220321,182,IC,b_22,constant,10,c_10,F,3.6030363805970147,NA,1
20220321,182,IC,b_23,constant,7,c_04,F,2.9831809701492533,NA,1
20220321,182,IC,b_24,constant,14,c_13,F,2.703325559701492,NA,1
20220321,182,IC,b_25,decreasing,7,c_03,G,6.168444816053512,NA,1
20220321,182,IC,b_26,decreasing,14,c_15,G,2.6663670568561875,NA,1
20220321,182,IC,b_27,decreasing,10,c_10,G,3.504289297658863,NA,1
20220321,182,IC,b_28,constant,10,c_09,H,2.6239039179104475,NA,1
20220321,182,IC,b_29,constant,14,c_12,H,2.9140485074626863,NA,1
20220321,182,IC,b_30,constant,7,c_01,H,3.2141930970149257,NA,1
20220321,182,TC,b_01,constant,10,c_08,A,45.55,NA,1
20220321,182,TC,b_02,constant,7,c_02,A,62.155151585820896,NA,1
20220321,182,TC,b_03,constant,14,c_11,A,39.27030317164179,NA,1
20220321,182,TC,b_04,constant,7,c_05,A,38.38545475746269,NA,1
20220321,182,TC,b_05,decreasing,14,c_13,B,46.61,NA,1
20220321,182,TC,b_06,decreasing,14,c_11,B,40.24818143812709,NA,1
20220321,182,TC,b_07,decreasing,10,c_06,B,44.70636287625418,NA,1
20220321,182,TC,b_08,decreasing,7,c_01,B,47.03454431438127,NA,1
20220321,182,TC,b_09,decreasing,7,c_02,C,57.37272575250836,NA,1
20220321,182,TC,b_10,decreasing,10,c_07,C,45.89090719063545,NA,1
20220321,182,TC,b_11,decreasing,10,c_08,C,43.62908862876254,NA,1
20220321,182,TC,b_12,decreasing,14,c_14,C,40.40727006688964,NA,1
20220321,182,TC,b_13,constant,10,c_06,D,40.641819029850744,NA,1
20220321,182,TC,b_14,constant,7,c_03,D,39.196970615671646,NA,1
20220321,182,TC,b_15,constant,14,c_14,D,32.282122201492534,NA,1
20220321,182,TC,b_16,constant,14,c_15,D,33.60727378731343,NA,1
20220321,182,TC,b_17,decreasing,7,c_05,E,37.718177257525085,NA,1
20220321,182,TC,b_18,decreasing,7,c_04,E,70.87635869565217,NA,1
20220321,182,TC,b_19,decreasing,14,c_12,E,40.70454013377926,NA,1
20220321,182,TC,b_20,decreasing,10,c_09,E,39.42272157190636,NA,1
20220321,182,TC,b_21,constant,10,c_07,F,41.5330317164179,NA,1
20220321,182,TC,b_22,constant,10,c_10,F,68.9781833022388,NA,1
20220321,182,TC,b_23,constant,7,c_04,F,66.4633348880597,NA,1
20220321,182,TC,b_24,constant,14,c_13,F,41.07848647388059,NA,1
20220321,182,TC,b_25,decreasing,7,c_03,G,30.213628762541802,NA,1
20220321,182,TC,b_26,decreasing,14,c_15,G,34.231810200668896,NA,1
20220321,182,TC,b_27,decreasing,10,c_10,G,69.04999163879597,NA,1
20220321,182,TC,b_28,constant,10,c_09,H,38.259092817164174,NA,1
20220321,182,TC,b_29,constant,14,c_12,H,37.89424440298507,NA,1
20220321,182,TC,b_30,constant,7,c_01,H,43.78939598880597,NA,1
20220321,182,TN,b_01,constant,10,c_08,A,2.31,NA,1
20220321,182,TN,b_02,constant,7,c_02,A,3.662157182835821,NA,1
20220321,182,TN,b_03,constant,14,c_11,A,2.124314365671642,NA,1
20220321,182,TN,b_04,constant,7,c_05,A,1.8864715485074623,NA,1
20220321,182,TN,b_05,decreasing,14,c_13,B,2.74,NA,1
20220321,182,TN,b_06,decreasing,14,c_11,B,2.152997491638796,NA,1
20220321,182,TN,b_07,decreasing,10,c_06,B,2.395994983277592,NA,1
20220321,182,TN,b_08,decreasing,7,c_01,B,2.658992474916388,NA,1
20220321,182,TN,b_09,decreasing,7,c_02,C,3.281989966555184,NA,1
20220321,182,TN,b_10,decreasing,10,c_07,C,2.60498745819398,NA,1
20220321,182,TN,b_11,decreasing,10,c_08,C,2.167984949832776,NA,1
20220321,182,TN,b_12,decreasing,14,c_14,C,2.0909824414715716,NA,1
20220321,182,TN,b_13,constant,10,c_06,D,2.0458861940298503,NA,1
20220321,182,TN,b_14,constant,7,c_03,D,2.1780433768656713,NA,1
20220321,182,TN,b_15,constant,14,c_14,D,1.720200559701492,NA,1
20220321,182,TN,b_16,constant,14,c_15,D,1.752357742537313,NA,1
20220321,182,TN,b_17,decreasing,7,c_05,E,1.9059698996655516,NA,1
20220321,182,TN,b_18,decreasing,7,c_04,E,3.748967391304348,NA,1
20220321,182,TN,b_19,decreasing,14,c_12,E,2.3219648829431434,NA,1
20220321,182,TN,b_20,decreasing,10,c_09,E,2.2149623745819396,NA,1
20220321,182,TN,b_21,constant,10,c_07,F,2.2131436567164178,NA,1
20220321,182,TN,b_22,constant,10,c_10,F,3.8653008395522384,NA,1
20220321,182,TN,b_23,constant,7,c_04,F,3.4574580223880593,NA,1
20220321,182,TN,b_24,constant,14,c_13,F,2.12961520522388,NA,1
20220321,182,TN,b_25,decreasing,7,c_03,G,1.7999498327759196,NA,1
20220321,182,TN,b_26,decreasing,14,c_15,G,1.8129473244147154,NA,1
20220321,182,TN,b_27,decreasing,10,c_10,G,3.855944816053512,NA,1
20220321,182,TN,b_28,constant,10,c_09,H,2.118243936567164,NA,1
20220321,182,TN,b_29,constant,14,c_12,H,1.9404011194029844,NA,1
20220321,182,TN,b_30,constant,7,c_01,H,2.442558302238805,NA,1
20220321,182,TOC,b_01,constant,10,c_08,A,41.959999999999994,NA,1
20220321,182,TOC,b_02,constant,7,c_02,A,59.30500699626866,NA,1
20220321,182,TOC,b_03,constant,14,c_11,A,36.700013992537315,NA,1
20220321,182,TOC,b_04,constant,7,c_05,A,35.34502098880597,NA,1
20220321,182,TOC,b_05,decreasing,14,c_13,B,42.09,NA,1
20220321,182,TOC,b_06,decreasing,14,c_11,B,36.98025919732441,NA,1
20220321,182,TOC,b_07,decreasing,10,c_06,B,41.93051839464883,NA,1
20220321,182,TOC,b_08,decreasing,7,c_01,B,39.49077759197324,NA,1
20220321,182,TOC,b_09,decreasing,7,c_02,C,53.911036789297654,NA,1
20220321,182,TOC,b_10,decreasing,10,c_07,C,39.74129598662206,NA,1
20220321,182,TOC,b_11,decreasing,10,c_08,C,40.92155518394648,NA,1
20220321,182,TOC,b_12,decreasing,14,c_14,C,37.2618143812709,NA,1
20220321,182,TOC,b_13,constant,10,c_06,D,37.810083955223874,NA,1
20220321,182,TOC,b_14,constant,7,c_03,D,35.76509095149254,NA,1
20220321,182,TOC,b_15,constant,14,c_14,D,29.670097947761192,NA,1
20220321,182,TOC,b_16,constant,14,c_15,D,31.23510494402985,NA,1
20220321,182,TOC,b_17,decreasing,7,c_05,E,34.97311036789298,NA,1
20220321,182,TOC,b_18,decreasing,7,c_04,E,67.2333695652174,NA,1
20220321,182,TOC,b_19,decreasing,14,c_12,E,35.7836287625418,NA,1
20220321,182,TOC,b_20,decreasing,10,c_09,E,33.203887959866215,NA,1
20220321,182,TOC,b_21,constant,10,c_07,F,37.91013992537312,NA,1
20220321,182,TOC,b_22,constant,10,c_10,F,65.3751469216418,NA,1
20220321,182,TOC,b_23,constant,7,c_04,F,63.48015391791046,NA,1
20220321,182,TOC,b_24,constant,14,c_13,F,38.3751609141791,NA,1
20220321,182,TOC,b_25,decreasing,7,c_03,G,24.04518394648829,NA,1
20220321,182,TOC,b_26,decreasing,14,c_15,G,31.5654431438127,NA,1
20220321,182,TOC,b_27,decreasing,10,c_10,G,65.54570234113712,NA,1
20220321,182,TOC,b_28,constant,10,c_09,H,35.63518889925373,NA,1
20220321,182,TOC,b_29,constant,14,c_12,H,34.980195895522385,NA,1
20220321,182,TOC,b_30,constant,7,c_01,H,40.57520289179104,NA,1
20220323,184,IC,b_01,constant,10,c_08,A,1.6,NA,1
20220323,184,IC,b_02,constant,7,c_02,A,2.890025652985075,NA,1
20220323,184,IC,b_03,constant,14,c_11,A,1.4400513059701494,NA,1
20220323,184,IC,b_04,constant,7,c_05,A,1.820076958955224,NA,1
20220323,184,IC,b_05,decreasing,14,c_13,B,3.89,NA,1
20220323,184,IC,b_06,decreasing,14,c_11,B,3.5312834448160535,NA,1
20220323,184,IC,b_07,decreasing,10,c_06,B,2.492566889632107,NA,1
20220323,184,IC,b_08,decreasing,7,c_01,B,8.48385033444816,NA,1
20220323,184,IC,b_09,decreasing,7,c_02,C,2.9551337792642136,NA,1
20220323,184,IC,b_10,decreasing,10,c_07,C,6.256417224080267,NA,1
20220323,184,IC,b_11,decreasing,10,c_08,C,3.277700668896321,NA,1
20220323,184,IC,b_12,decreasing,14,c_14,C,2.7089841137123747,NA,1
20220323,184,IC,b_13,constant,10,c_06,D,2.3603078358208958,NA,1
20220323,184,IC,b_14,constant,7,c_03,D,2.4503334888059696,NA,1
20220323,184,IC,b_15,constant,14,c_14,D,1.530359141791045,NA,1
20220323,184,IC,b_16,constant,14,c_15,D,1.8103847947761187,NA,1
20220323,184,IC,b_17,decreasing,7,c_05,E,2.965401337792642,NA,1
20220323,184,IC,b_18,decreasing,7,c_04,E,2.7166847826086946,NA,1
20220323,184,IC,b_19,decreasing,14,c_12,E,5.017968227424748,NA,1
20220323,184,IC,b_20,decreasing,10,c_09,E,7.109251672240802,NA,1
20220323,184,IC,b_21,constant,10,c_07,F,3.130513059701493,NA,1
20220323,184,IC,b_22,constant,10,c_10,F,2.380538712686567,NA,1
20220323,184,IC,b_23,constant,7,c_04,F,2.430564365671642,NA,1
20220323,184,IC,b_24,constant,14,c_13,F,1.7805900186567154,NA,1
20220323,184,IC,b_25,decreasing,7,c_03,G,5.575668896321069,NA,1
20220323,184,IC,b_26,decreasing,14,c_15,G,3.186952341137122,NA,1
20220323,184,IC,b_27,decreasing,10,c_10,G,3.2182357859531763,NA,1
20220323,184,IC,b_28,constant,10,c_09,H,1.350692630597015,NA,1
20220323,184,IC,b_29,constant,14,c_12,H,1.8307182835820885,NA,1
20220323,184,IC,b_30,constant,7,c_01,H,1.970743936567164,NA,1
20220323,184,TC,b_01,constant,10,c_08,A,44.62,NA,1
20220323,184,TC,b_02,constant,7,c_02,A,60.508775652985065,NA,1
20220323,184,TC,b_03,constant,14,c_11,A,38.727551305970145,NA,1
20220323,184,TC,b_04,constant,7,c_05,A,39.97632695895522,NA,1
20220323,184,TC,b_05,decreasing,14,c_13,B,43.89,NA,1
20220323,184,TC,b_06,decreasing,14,c_11,B,38.32297240802676,NA,1
20220323,184,TC,b_07,decreasing,10,c_06,B,42.58594481605351,NA,1
20220323,184,TC,b_08,decreasing,7,c_01,B,42.97891722408027,NA,1
20220323,184,TC,b_09,decreasing,7,c_02,C,51.73188963210703,NA,1
20220323,184,TC,b_10,decreasing,10,c_07,C,42.484862040133784,NA,1
20220323,184,TC,b_11,decreasing,10,c_08,C,42.99783444816054,NA,1
20220323,184,TC,b_12,decreasing,14,c_14,C,38.07080685618729,NA,1
20220323,184,TC,b_13,constant,10,c_06,D,39.02530783582089,NA,1
20220323,184,TC,b_14,constant,7,c_03,D,38.35408348880596,NA,1
20220323,184,TC,b_15,constant,14,c_14,D,33.072859141791035,NA,1
20220323,184,TC,b_16,constant,14,c_15,D,32.1816347947761,NA,1
20220323,184,TC,b_17,decreasing,7,c_05,E,37.325668896321076,NA,1
20220323,184,TC,b_18,decreasing,7,c_04,E,64.87864130434782,NA,1
20220323,184,TC,b_19,decreasing,14,c_12,E,39.30161371237459,NA,1
20220323,184,TC,b_20,decreasing,10,c_09,E,39.174586120401344,NA,1
20220323,184,TC,b_21,constant,10,c_07,F,41.57551305970148,NA,1
20220323,184,TC,b_22,constant,10,c_10,F,65.98428871268655,NA,1
20220323,184,TC,b_23,constant,7,c_04,F,62.043064365671626,NA,1
20220323,184,TC,b_24,constant,14,c_13,F,41.8718400186567,NA,1
20220323,184,TC,b_25,decreasing,7,c_03,G,26.769448160535127,NA,1
20220323,184,TC,b_26,decreasing,14,c_15,G,33.16242056856188,NA,1
20220323,184,TC,b_27,decreasing,10,c_10,G,63.645392976588646,NA,1
20220323,184,TC,b_28,constant,10,c_09,H,39.376942630597,NA,1
20220323,184,TC,b_29,constant,14,c_12,H,36.835718283582075,NA,1
20220323,184,TC,b_30,constant,7,c_01,H,44.394493936567144,NA,1
20220323,184,TN,b_01,constant,10,c_08,A,2.28,NA,1
20220323,184,TN,b_02,constant,7,c_02,A,3.5650443097014928,NA,1
20220323,184,TN,b_03,constant,14,c_11,A,2.120088619402985,NA,1
20220323,184,TN,b_04,constant,7,c_05,A,1.9551329291044777,NA,1
20220323,184,TN,b_05,decreasing,14,c_13,B,2.65,NA,1
20220323,184,TN,b_06,decreasing,14,c_11,B,2.071124581939799,NA,1
20220323,184,TN,b_07,decreasing,10,c_06,B,2.322249163879598,NA,1
20220323,184,TN,b_08,decreasing,7,c_01,B,2.4933737458193974,NA,1
20220323,184,TN,b_09,decreasing,7,c_02,C,3.034498327759197,NA,1
20220323,184,TN,b_10,decreasing,10,c_07,C,2.5056229096989964,NA,1
20220323,184,TN,b_11,decreasing,10,c_08,C,2.1767474916387957,NA,1
20220323,184,TN,b_12,decreasing,14,c_14,C,2.057872073578595,NA,1
20220323,184,TN,b_13,constant,10,c_06,D,2.0405317164179104,NA,1
20220323,184,TN,b_14,constant,7,c_03,D,2.225576026119403,NA,1
20220323,184,TN,b_15,constant,14,c_14,D,1.800620335820895,NA,1
20220323,184,TN,b_16,constant,14,c_15,D,1.6856646455223876,NA,1
20220323,184,TN,b_17,decreasing,7,c_05,E,1.9034949832775916,NA,1
20220323,184,TN,b_18,decreasing,7,c_04,E,3.584619565217391,NA,1
20220323,184,TN,b_19,decreasing,14,c_12,E,2.28574414715719,NA,1
20220323,184,TN,b_20,decreasing,10,c_09,E,2.2668687290969896,NA,1
20220323,184,TN,b_21,constant,10,c_07,F,2.2908861940298504,NA,1
20220323,184,TN,b_22,constant,10,c_10,F,3.6959305037313426,NA,1
20220323,184,TN,b_23,constant,7,c_04,F,3.1809748134328357,NA,1
20220323,184,TN,b_24,constant,14,c_13,F,2.2060191231343276,NA,1
20220323,184,TN,b_25,decreasing,7,c_03,G,1.6724916387959863,NA,1
20220323,184,TN,b_26,decreasing,14,c_15,G,1.7736162207357853,NA,1
20220323,184,TN,b_27,decreasing,10,c_10,G,3.6147408026755854,NA,1
20220323,184,TN,b_28,constant,10,c_09,H,2.2161963619402982,NA,1
20220323,184,TN,b_29,constant,14,c_12,H,1.9012406716417907,NA,1
20220323,184,TN,b_30,constant,7,c_01,H,2.466284981343283,NA,1
20220323,184,TOC,b_01,constant,10,c_08,A,43.019999999999996,NA,1
20220323,184,TOC,b_02,constant,7,c_02,A,57.61874999999999,NA,1
20220323,184,TOC,b_03,constant,14,c_11,A,37.2875,NA,1
20220323,184,TOC,b_04,constant,7,c_05,A,38.15625,NA,1
20220323,184,TOC,b_05,decreasing,14,c_13,B,40,NA,1
20220323,184,TOC,b_06,decreasing,14,c_11,B,34.7916889632107,NA,1
20220323,184,TOC,b_07,decreasing,10,c_06,B,40.093377926421404,NA,1
20220323,184,TOC,b_08,decreasing,7,c_01,B,34.4950668896321,NA,1
20220323,184,TOC,b_09,decreasing,7,c_02,C,48.77675585284281,NA,1
20220323,184,TOC,b_10,decreasing,10,c_07,C,36.22844481605351,NA,1
20220323,184,TOC,b_11,decreasing,10,c_08,C,39.72013377926421,NA,1
20220323,184,TOC,b_12,decreasing,14,c_14,C,35.361822742474914,NA,1
20220323,184,TOC,b_13,constant,10,c_06,D,36.665,NA,1
20220323,184,TOC,b_14,constant,7,c_03,D,35.903749999999995,NA,1
20220323,184,TOC,b_15,constant,14,c_14,D,31.542499999999997,NA,1
20220323,184,TOC,b_16,constant,14,c_15,D,30.371249999999996,NA,1
20220323,184,TOC,b_17,decreasing,7,c_05,E,34.36026755852843,NA,1
20220323,184,TOC,b_18,decreasing,7,c_04,E,62.16195652173912,NA,1
20220323,184,TOC,b_19,decreasing,14,c_12,E,34.28364548494984,NA,1
20220323,184,TOC,b_20,decreasing,10,c_09,E,32.065334448160534,NA,1
20220323,184,TOC,b_21,constant,10,c_07,F,38.44499999999999,NA,1
20220323,184,TOC,b_22,constant,10,c_10,F,63.60374999999999,NA,1
20220323,184,TOC,b_23,constant,7,c_04,F,59.61249999999999,NA,1
20220323,184,TOC,b_24,constant,14,c_13,F,40.09124999999999,NA,1
20220323,184,TOC,b_25,decreasing,7,c_03,G,21.193779264214044,NA,1
20220323,184,TOC,b_26,decreasing,14,c_15,G,29.97546822742474,NA,1
20220323,184,TOC,b_27,decreasing,10,c_10,G,60.42715719063545,NA,1
20220323,184,TOC,b_28,constant,10,c_09,H,38.02625,NA,1
20220323,184,TOC,b_29,constant,14,c_12,H,35.004999999999995,NA,1
20220323,184,TOC,b_30,constant,7,c_01,H,42.42374999999999,NA,1
20220325,186,IC,b_01,constant,10,c_08,A,1.95,NA,1
20220325,186,IC,b_02,constant,7,c_02,A,3.1840181902985076,NA,1
20220325,186,IC,b_03,constant,14,c_11,A,2.378036380597015,NA,1
20220325,186,IC,b_04,constant,7,c_05,A,2.5420545708955227,NA,1
20220325,186,IC,b_05,decreasing,14,c_13,B,7.12,NA,1
20220325,186,IC,b_06,decreasing,14,c_11,B,4.728996655518394,NA,1
20220325,186,IC,b_07,decreasing,10,c_06,B,5.2479933110367885,NA,1
20220325,186,IC,b_08,decreasing,7,c_01,B,9.196989966555183,NA,1
20220325,186,IC,b_09,decreasing,7,c_02,C,7.685986622073577,NA,1
20220325,186,IC,b_10,decreasing,10,c_07,C,8.494983277591972,NA,1
20220325,186,IC,b_11,decreasing,10,c_08,C,4.143979933110367,NA,1
20220325,186,IC,b_12,decreasing,14,c_14,C,6.212976588628762,NA,1
20220325,186,IC,b_13,constant,10,c_06,D,2.9682182835820896,NA,1
20220325,186,IC,b_14,constant,7,c_03,D,3.172236473880597,NA,1
20220325,186,IC,b_15,constant,14,c_14,D,2.5862546641791044,NA,1
20220325,186,IC,b_16,constant,14,c_15,D,1.6202728544776113,NA,1
20220325,186,IC,b_17,decreasing,7,c_05,E,3.377959866220735,NA,1
20220325,186,IC,b_18,decreasing,7,c_04,E,4.55695652173913,NA,1
20220325,186,IC,b_19,decreasing,14,c_12,E,7.745953177257523,NA,1
20220325,186,IC,b_20,decreasing,10,c_09,E,9.054949832775918,NA,1
20220325,186,IC,b_21,constant,10,c_07,F,3.1903638059701493,NA,1
20220325,186,IC,b_22,constant,10,c_10,F,2.624381996268656,NA,1
20220325,186,IC,b_23,constant,7,c_04,F,3.038400186567164,NA,1
20220325,186,IC,b_24,constant,14,c_13,F,2.0324183768656714,NA,1
20220325,186,IC,b_25,decreasing,7,c_03,G,8.979933110367892,NA,1
20220325,186,IC,b_26,decreasing,14,c_15,G,4.318929765886286,NA,1
20220325,186,IC,b_27,decreasing,10,c_10,G,6.4579264214046805,NA,1
20220325,186,IC,b_28,constant,10,c_09,H,2.348491138059702,NA,1
20220325,186,IC,b_29,constant,14,c_12,H,2.392509328358208,NA,1
20220325,186,IC,b_30,constant,7,c_01,H,2.6765275186567163,NA,1
20220325,186,TC,b_01,constant,10,c_08,A,42.52,NA,1
20220325,186,TC,b_02,constant,7,c_02,A,55.79550839552238,NA,1
20220325,186,TC,b_03,constant,14,c_11,A,36.511016791044774,NA,1
20220325,186,TC,b_04,constant,7,c_05,A,36.03652518656716,NA,1
20220325,186,TC,b_05,decreasing,14,c_13,B,41.5,NA,1
20220325,186,TC,b_06,decreasing,14,c_11,B,37.87640886287626,NA,1
20220325,186,TC,b_07,decreasing,10,c_06,B,41.76281772575251,NA,1
20220325,186,TC,b_08,decreasing,7,c_01,B,40.289226588628765,NA,1
20220325,186,TC,b_09,decreasing,7,c_02,C,51.71563545150502,NA,1
20220325,186,TC,b_10,decreasing,10,c_07,C,39.55204431438127,NA,1
20220325,186,TC,b_11,decreasing,10,c_08,C,40.43845317725752,NA,1
20220325,186,TC,b_12,decreasing,14,c_14,C,39.514862040133785,NA,1
20220325,186,TC,b_13,constant,10,c_06,D,38.976100746268656,NA,1
20220325,186,TC,b_14,constant,7,c_03,D,37.90160914179104,NA,1
20220325,186,TC,b_15,constant,14,c_14,D,32.14711753731343,NA,1
20220325,186,TC,b_16,constant,14,c_15,D,32.08262593283582,NA,1
20220325,186,TC,b_17,decreasing,7,c_05,E,34.046906354515045,NA,1
20220325,186,TC,b_18,decreasing,7,c_04,E,62.783315217391305,NA,1
20220325,186,TC,b_19,decreasing,14,c_12,E,37.22972408026756,NA,1
20220325,186,TC,b_20,decreasing,10,c_09,E,34.62613294314381,NA,1
20220325,186,TC,b_21,constant,10,c_07,F,38.29016791044776,NA,1
20220325,186,TC,b_22,constant,10,c_10,F,63.22567630597014,NA,1
20220325,186,TC,b_23,constant,7,c_04,F,60.83118470149253,NA,1
20220325,186,TC,b_24,constant,14,c_13,F,39.396693097014925,NA,1
20220325,186,TC,b_25,decreasing,7,c_03,G,27.91817725752508,NA,1
20220325,186,TC,b_26,decreasing,14,c_15,G,32.26458612040133,NA,1
20220325,186,TC,b_27,decreasing,10,c_10,G,61.670994983277595,NA,1
20220325,186,TC,b_28,constant,10,c_09,H,35.338726679104475,NA,1
20220325,186,TC,b_29,constant,14,c_12,H,35.474235074626854,NA,1
20220325,186,TC,b_30,constant,7,c_01,H,40.14974347014925,NA,1
20220325,186,TN,b_01,constant,10,c_08,A,2.35,NA,1
20220325,186,TN,b_02,constant,7,c_02,A,3.4233955223880597,NA,1
20220325,186,TN,b_03,constant,14,c_11,A,2.0867910447761195,NA,1
20220325,186,TN,b_04,constant,7,c_05,A,1.890186567164179,NA,1
20220325,186,TN,b_05,decreasing,14,c_13,B,2.43,NA,1
20220325,186,TN,b_06,decreasing,14,c_11,B,2.0684824414715717,NA,1
20220325,186,TN,b_07,decreasing,10,c_06,B,2.2369648829431434,NA,1
20220325,186,TN,b_08,decreasing,7,c_01,B,2.3954473244147154,NA,1
20220325,186,TN,b_09,decreasing,7,c_02,C,2.853929765886287,NA,1
20220325,186,TN,b_10,decreasing,10,c_07,C,2.262412207357859,NA,1
20220325,186,TN,b_11,decreasing,10,c_08,C,2.070894648829431,NA,1
20220325,186,TN,b_12,decreasing,14,c_14,C,2.0193770903010027,NA,1
20220325,186,TN,b_13,constant,10,c_06,D,2.0907462686567158,NA,1
20220325,186,TN,b_14,constant,7,c_03,D,2.2841417910447754,NA,1
20220325,186,TN,b_15,constant,14,c_14,D,1.7875373134328352,NA,1
20220325,186,TN,b_16,constant,14,c_15,D,1.830932835820895,NA,1
20220325,186,TN,b_17,decreasing,7,c_05,E,1.7817892976588623,NA,1
20220325,186,TN,b_18,decreasing,7,c_04,E,3.510271739130434,NA,1
20220325,186,TN,b_19,decreasing,14,c_12,E,2.158754180602006,NA,1
20220325,186,TN,b_20,decreasing,10,c_09,E,1.9672366220735777,NA,1
20220325,186,TN,b_21,constant,10,c_07,F,2.2179104477611937,NA,1
20220325,186,TN,b_22,constant,10,c_10,F,3.741305970149253,NA,1
20220325,186,TN,b_23,constant,7,c_04,F,3.324701492537313,NA,1
20220325,186,TN,b_24,constant,14,c_13,F,2.1880970149253725,NA,1
20220325,186,TN,b_25,decreasing,7,c_03,G,1.579648829431437,NA,1
20220325,186,TN,b_26,decreasing,14,c_15,G,1.7281312709030092,NA,1
20220325,186,TN,b_27,decreasing,10,c_10,G,3.456613712374581,NA,1
20220325,186,TN,b_28,constant,10,c_09,H,2.0616791044776113,NA,1
20220325,186,TN,b_29,constant,14,c_12,H,1.965074626865671,NA,1
20220325,186,TN,b_30,constant,7,c_01,H,2.348470149253731,NA,1
20220325,186,TOC,b_01,constant,10,c_08,A,40.57,NA,1
20220325,186,TOC,b_02,constant,7,c_02,A,52.61149020522388,NA,1
20220325,186,TOC,b_03,constant,14,c_11,A,34.132980410447765,NA,1
20220325,186,TOC,b_04,constant,7,c_05,A,33.494470615671645,NA,1
20220325,186,TOC,b_05,decreasing,14,c_13,B,34.38,NA,1
20220325,186,TOC,b_06,decreasing,14,c_11,B,33.14741220735786,NA,1
20220325,186,TOC,b_07,decreasing,10,c_06,B,36.51482441471572,NA,1
20220325,186,TOC,b_08,decreasing,7,c_01,B,31.092236622073578,NA,1
20220325,186,TOC,b_09,decreasing,7,c_02,C,44.02964882943144,NA,1
20220325,186,TOC,b_10,decreasing,10,c_07,C,31.057061036789293,NA,1
20220325,186,TOC,b_11,decreasing,10,c_08,C,36.29447324414715,NA,1
20220325,186,TOC,b_12,decreasing,14,c_14,C,33.301885451505015,NA,1
20220325,186,TOC,b_13,constant,10,c_06,D,36.00788246268657,NA,1
20220325,186,TOC,b_14,constant,7,c_03,D,34.72937266791045,NA,1
20220325,186,TOC,b_15,constant,14,c_14,D,29.560862873134326,NA,1
20220325,186,TOC,b_16,constant,14,c_15,D,30.4623530783582,NA,1
20220325,186,TOC,b_17,decreasing,7,c_05,E,30.668946488294303,NA,1
20220325,186,TOC,b_18,decreasing,7,c_04,E,58.22635869565217,NA,1
20220325,186,TOC,b_19,decreasing,14,c_12,E,29.483770903010033,NA,1
20220325,186,TOC,b_20,decreasing,10,c_09,E,25.57118311036789,NA,1
20220325,186,TOC,b_21,constant,10,c_07,F,35.099804104477606,NA,1
20220325,186,TOC,b_22,constant,10,c_10,F,60.60129430970148,NA,1
20220325,186,TOC,b_23,constant,7,c_04,F,57.79278451492536,NA,1
20220325,186,TOC,b_24,constant,14,c_13,F,37.36427472014925,NA,1
20220325,186,TOC,b_25,decreasing,7,c_03,G,18.938244147157185,NA,1
20220325,186,TOC,b_26,decreasing,14,c_15,G,27.945656354515044,NA,1
20220325,186,TOC,b_27,decreasing,10,c_10,G,55.2130685618729,NA,1
20220325,186,TOC,b_28,constant,10,c_09,H,32.990235541044775,NA,1
20220325,186,TOC,b_29,constant,14,c_12,H,33.081725746268646,NA,1
20220325,186,TOC,b_30,constant,7,c_01,H,37.47321595149253,NA,1
20220328,189,IC,b_01,constant,10,c_08,A,1.56,NA,1
20220328,189,IC,b_02,constant,7,c_02,A,2.1655037313432834,NA,1
20220328,189,IC,b_03,constant,14,c_11,A,2.231007462686567,NA,1
20220328,189,IC,b_04,constant,7,c_05,A,1.5465111940298504,NA,1
20220328,189,IC,b_05,decreasing,14,c_13,B,7.12,NA,1
20220328,189,IC,b_06,decreasing,14,c_11,B,3.5741973244147154,NA,1
20220328,189,IC,b_07,decreasing,10,c_06,B,4.7783946488294315,NA,1
20220328,189,IC,b_08,decreasing,7,c_01,B,9.032591973244147,NA,1
20220328,189,IC,b_09,decreasing,7,c_02,C,7.226789297658862,NA,1
20220328,189,IC,b_10,decreasing,10,c_07,C,8.240986622073578,NA,1
20220328,189,IC,b_11,decreasing,10,c_08,C,2.8851839464882936,NA,1
20220328,189,IC,b_12,decreasing,14,c_14,C,4.87938127090301,NA,1
20220328,189,IC,b_13,constant,10,c_06,D,1.7760447761194027,NA,1
20220328,189,IC,b_14,constant,7,c_03,D,2.201548507462686,NA,1
20220328,189,IC,b_15,constant,14,c_14,D,1.9470522388059694,NA,1
20220328,189,IC,b_16,constant,14,c_15,D,1.4525559701492536,NA,1
20220328,189,IC,b_17,decreasing,7,c_05,E,2.1403678929765877,NA,1
20220328,189,IC,b_18,decreasing,7,c_04,E,4.324565217391303,NA,1
20220328,189,IC,b_19,decreasing,14,c_12,E,7.48876254180602,NA,1
20220328,189,IC,b_20,decreasing,10,c_09,E,8.212959866220736,NA,1
20220328,189,IC,b_21,constant,10,c_07,F,2.9600746268656715,NA,1
20220328,189,IC,b_22,constant,10,c_10,F,1.8855783582089547,NA,1
20220328,189,IC,b_23,constant,7,c_04,F,1.971082089552238,NA,1
20220328,189,IC,b_24,constant,14,c_13,F,2.0365858208955214,NA,1
20220328,189,IC,b_25,decreasing,7,c_03,G,7.803946488294313,NA,1
20220328,189,IC,b_26,decreasing,14,c_15,G,3.318143812709028,NA,1
20220328,189,IC,b_27,decreasing,10,c_10,G,6.952341137123744,NA,1
20220328,189,IC,b_28,constant,10,c_09,H,1.5686007462686558,NA,1
20220328,189,IC,b_29,constant,14,c_12,H,1.3841044776119396,NA,1
20220328,189,IC,b_30,constant,7,c_01,H,2.109608208955223,NA,1
20220328,189,TC,b_01,constant,10,c_08,A,39.96,NA,1
20220328,189,TC,b_02,constant,7,c_02,A,54.88735541044776,NA,1
20220328,189,TC,b_03,constant,14,c_11,A,34.794710820895524,NA,1
20220328,189,TC,b_04,constant,7,c_05,A,33.10206623134328,NA,1
20220328,189,TC,b_05,decreasing,14,c_13,B,38.5,NA,1
20220328,189,TC,b_06,decreasing,14,c_11,B,34.57748745819398,NA,1
20220328,189,TC,b_07,decreasing,10,c_06,B,39.33497491638796,NA,1
20220328,189,TC,b_08,decreasing,7,c_01,B,37.29246237458193,NA,1
20220328,189,TC,b_09,decreasing,7,c_02,C,48.369949832775916,NA,1
20220328,189,TC,b_10,decreasing,10,c_07,C,37.3274372909699,NA,1
20220328,189,TC,b_11,decreasing,10,c_08,C,36.56492474916387,NA,1
20220328,189,TC,b_12,decreasing,14,c_14,C,36.78241220735785,NA,1
20220328,189,TC,b_13,constant,10,c_06,D,34.83826492537313,NA,1
20220328,189,TC,b_14,constant,7,c_03,D,34.525620335820896,NA,1
20220328,189,TC,b_15,constant,14,c_14,D,28.882975746268656,NA,1
20220328,189,TC,b_16,constant,14,c_15,D,29.230331156716424,NA,1
20220328,189,TC,b_17,decreasing,7,c_05,E,31.479849498327752,NA,1
20220328,189,TC,b_18,decreasing,7,c_04,E,61.39733695652173,NA,1
20220328,189,TC,b_19,decreasing,14,c_12,E,34.11482441471571,NA,1
20220328,189,TC,b_20,decreasing,10,c_09,E,31.69231187290969,NA,1
20220328,189,TC,b_21,constant,10,c_07,F,36.05710820895522,NA,1
20220328,189,TC,b_22,constant,10,c_10,F,62.19446361940298,NA,1
20220328,189,TC,b_23,constant,7,c_04,F,59.061819029850746,NA,1
20220328,189,TC,b_24,constant,14,c_13,F,35.83917444029851,NA,1
20220328,189,TC,b_25,decreasing,7,c_03,G,26.729749163879582,NA,1
20220328,189,TC,b_26,decreasing,14,c_15,G,29.14723662207357,NA,1
20220328,189,TC,b_27,decreasing,10,c_10,G,56.83472408026755,NA,1
20220328,189,TC,b_28,constant,10,c_09,H,34.13859608208955,NA,1
20220328,189,TC,b_29,constant,14,c_12,H,31.685951492537306,NA,1
20220328,189,TC,b_30,constant,7,c_01,H,38.61330690298507,NA,1
20220328,189,TN,b_01,constant,10,c_08,A,2.24,NA,1
20220328,189,TN,b_02,constant,7,c_02,A,3.4633512126865673,NA,1
20220328,189,TN,b_03,constant,14,c_11,A,2.036702425373134,NA,1
20220328,189,TN,b_04,constant,7,c_05,A,1.8500536380597015,NA,1
20220328,189,TN,b_05,decreasing,14,c_13,B,2.33,NA,1
20220328,189,TN,b_06,decreasing,14,c_11,B,1.9800292642140471,NA,1
20220328,189,TN,b_07,decreasing,10,c_06,B,2.1500585284280938,NA,1
20220328,189,TN,b_08,decreasing,7,c_01,B,2.3300877926421406,NA,1
20220328,189,TN,b_09,decreasing,7,c_02,C,2.7701170568561873,NA,1
20220328,189,TN,b_10,decreasing,10,c_07,C,2.2301463210702344,NA,1
20220328,189,TN,b_11,decreasing,10,c_08,C,1.9701755852842808,NA,1
20220328,189,TN,b_12,decreasing,14,c_14,C,2.040204849498328,NA,1
20220328,189,TN,b_13,constant,10,c_06,D,1.960214552238806,NA,1
20220328,189,TN,b_14,constant,7,c_03,D,2.153565764925373,NA,1
20220328,189,TN,b_15,constant,14,c_14,D,1.6669169776119408,NA,1
20220328,189,TN,b_16,constant,14,c_15,D,1.7102681902985073,NA,1
20220328,189,TN,b_17,decreasing,7,c_05,E,1.780351170568562,NA,1
20220328,189,TN,b_18,decreasing,7,c_04,E,3.5303804347826087,NA,1
20220328,189,TN,b_19,decreasing,14,c_12,E,2.0004096989966555,NA,1
20220328,189,TN,b_20,decreasing,10,c_09,E,1.9204389632107026,NA,1
20220328,189,TN,b_21,constant,10,c_07,F,2.1270242537313435,NA,1
20220328,189,TN,b_22,constant,10,c_10,F,3.7803754664179103,NA,1
20220328,189,TN,b_23,constant,7,c_04,F,3.343726679104478,NA,1
20220328,189,TN,b_24,constant,14,c_13,F,2.0770778917910446,NA,1
20220328,189,TN,b_25,decreasing,7,c_03,G,1.6505852842809365,NA,1
20220328,189,TN,b_26,decreasing,14,c_15,G,1.6206145484949834,NA,1
20220328,189,TN,b_27,decreasing,10,c_10,G,3.2606438127090303,NA,1
20220328,189,TN,b_28,constant,10,c_09,H,2.0804827425373134,NA,1
20220328,189,TN,b_29,constant,14,c_12,H,1.843833955223881,NA,1
20220328,189,TN,b_30,constant,7,c_01,H,2.2771851679104476,NA,1
20220328,189,TOC,b_01,constant,10,c_08,A,38.4,NA,1
20220328,189,TOC,b_02,constant,7,c_02,A,52.721851679104475,NA,1
20220328,189,TOC,b_03,constant,14,c_11,A,32.563703358208954,NA,1
20220328,189,TOC,b_04,constant,7,c_05,A,31.555555037313432,NA,1
20220328,189,TOC,b_05,decreasing,14,c_13,B,31.38,NA,1
20220328,189,TOC,b_06,decreasing,14,c_11,B,31.003290133779263,NA,1
20220328,189,TOC,b_07,decreasing,10,c_06,B,34.55658026755853,NA,1
20220328,189,TOC,b_08,decreasing,7,c_01,B,28.259870401337785,NA,1
20220328,189,TOC,b_09,decreasing,7,c_02,C,41.14316053511705,NA,1
20220328,189,TOC,b_10,decreasing,10,c_07,C,29.08645066889632,NA,1
20220328,189,TOC,b_11,decreasing,10,c_08,C,33.67974080267558,NA,1
20220328,189,TOC,b_12,decreasing,14,c_14,C,31.90303093645484,NA,1
20220328,189,TOC,b_13,constant,10,c_06,D,33.06222014925373,NA,1
20220328,189,TOC,b_14,constant,7,c_03,D,32.324071828358214,NA,1
20220328,189,TOC,b_15,constant,14,c_14,D,26.935923507462682,NA,1
20220328,189,TOC,b_16,constant,14,c_15,D,27.77777518656717,NA,1
20220328,189,TOC,b_17,decreasing,7,c_05,E,29.339481605351168,NA,1
20220328,189,TOC,b_18,decreasing,7,c_04,E,57.072771739130424,NA,1
20220328,189,TOC,b_19,decreasing,14,c_12,E,26.626061872909695,NA,1
20220328,189,TOC,b_20,decreasing,10,c_09,E,23.479352006688963,NA,1
20220328,189,TOC,b_21,constant,10,c_07,F,33.09703358208955,NA,1
20220328,189,TOC,b_22,constant,10,c_10,F,60.30888526119403,NA,1
20220328,189,TOC,b_23,constant,7,c_04,F,57.090736940298505,NA,1
20220328,189,TOC,b_24,constant,14,c_13,F,33.80258861940299,NA,1
20220328,189,TOC,b_25,decreasing,7,c_03,G,18.925802675585274,NA,1
20220328,189,TOC,b_26,decreasing,14,c_15,G,25.829092809364546,NA,1
20220328,189,TOC,b_27,decreasing,10,c_10,G,49.88238294314381,NA,1
20220328,189,TOC,b_28,constant,10,c_09,H,32.5699953358209,NA,1
20220328,189,TOC,b_29,constant,14,c_12,H,30.30184701492537,NA,1
20220328,189,TOC,b_30,constant,7,c_01,H,36.50369869402985,NA,1
20220330,191,IC,b_01,constant,10,c_08,A,1.23,NA,1
20220330,191,IC,b_02,constant,7,c_02,A,2.69,NA,1
20220330,191,IC,b_03,constant,14,c_11,A,2.1,NA,1
20220330,191,IC,b_04,constant,7,c_05,A,2.136410556205111,NA,1
20220330,191,IC,b_05,decreasing,14,c_13,B,7.23,NA,1
20220330,191,IC,b_06,decreasing,14,c_11,B,2.6841387959866223,NA,1
20220330,191,IC,b_07,decreasing,10,c_06,B,3.678277591973244,NA,1
20220330,191,IC,b_08,decreasing,7,c_01,B,9.402416387959866,NA,1
20220330,191,IC,b_09,decreasing,7,c_02,C,6.906555183946488,NA,1
20220330,191,IC,b_10,decreasing,10,c_07,C,8.51069397993311,NA,1
20220330,191,IC,b_11,decreasing,10,c_08,C,2.4648327759197324,NA,1
20220330,191,IC,b_12,decreasing,14,c_14,C,4.858971571906355,NA,1
20220330,191,IC,b_13,constant,10,c_06,D,2.014105562051111,NA,1
20220330,191,IC,b_14,constant,7,c_03,D,2.9805161182562214,NA,1
20220330,191,IC,b_15,constant,14,c_14,D,1.7069266744613327,NA,1
20220330,191,IC,b_16,constant,14,c_15,D,1.5033372306664439,NA,1
20220330,191,IC,b_17,decreasing,7,c_05,E,2.9396655518394645,NA,1
20220330,191,IC,b_18,decreasing,7,c_04,E,4.753804347826087,NA,1
20220330,191,IC,b_19,decreasing,14,c_12,E,6.887943143812709,NA,1
20220330,191,IC,b_20,decreasing,10,c_09,E,8.012081939799332,NA,1
20220330,191,IC,b_21,constant,10,c_07,F,2.9253900116919995,NA,1
20220330,191,IC,b_22,constant,10,c_10,F,2.5918005678971108,NA,1
20220330,191,IC,b_23,constant,7,c_04,F,1.6582111241022215,NA,1
20220330,191,IC,b_24,constant,14,c_13,F,1.4146216803073326,NA,1
20220330,191,IC,b_25,decreasing,7,c_03,G,7.282775919732441,NA,1
20220330,191,IC,b_26,decreasing,14,c_15,G,2.0569147157190653,NA,1
20220330,191,IC,b_27,decreasing,10,c_10,G,7.3810535117056855,NA,1
20220330,191,IC,b_28,constant,10,c_09,H,2.270263905127777,NA,1
20220330,191,IC,b_29,constant,14,c_12,H,1.706674461332888,NA,1
20220330,191,IC,b_30,constant,7,c_01,H,2.593085017537999,NA,1
20220330,191,TC,b_01,constant,10,c_08,A,39.38,NA,1
20220330,191,TC,b_02,constant,7,c_02,A,55.25,NA,1
20220330,191,TC,b_03,constant,14,c_11,A,35.825,NA,2
20220330,191,TC,b_04,constant,7,c_05,A,35.32158426590947,NA,1
20220330,191,TC,b_05,decreasing,14,c_13,B,39.7,NA,1
20220330,191,TC,b_06,decreasing,14,c_11,B,35.09810618729097,NA,1
20220330,191,TC,b_07,decreasing,10,c_06,B,39.03621237458194,NA,1
20220330,191,TC,b_08,decreasing,7,c_01,B,38.05431856187291,NA,1
20220330,191,TC,b_09,decreasing,7,c_02,C,48.82242474916388,NA,1
20220330,191,TC,b_10,decreasing,10,c_07,C,37.43053093645486,NA,1
20220330,191,TC,b_11,decreasing,10,c_08,C,38.05863712374582,NA,1
20220330,191,TC,b_12,decreasing,14,c_14,C,37.7667433110368,NA,1
20220330,191,TC,b_13,constant,10,c_06,D,32.81584265909472,NA,1
20220330,191,TC,b_14,constant,7,c_03,D,33.08742692500419,NA,1
20220330,191,TC,b_15,constant,14,c_14,D,26.54901119091366,NA,1
20220330,191,TC,b_16,constant,14,c_15,D,25.74059545682313,NA,1
20220330,191,TC,b_17,decreasing,7,c_05,E,34.47727424749164,NA,1
20220330,191,TC,b_18,decreasing,7,c_04,E,64.2953804347826,NA,1
20220330,191,TC,b_19,decreasing,14,c_12,E,36.29348662207358,NA,1
20220330,191,TC,b_20,decreasing,10,c_09,E,32.58159280936456,NA,1
20220330,191,TC,b_21,constant,10,c_07,F,31.45851678637048,NA,1
20220330,191,TC,b_22,constant,10,c_10,F,58.94010105227996,NA,1
20220330,191,TC,b_23,constant,7,c_04,F,55.92168531818942,NA,1
20220330,191,TC,b_24,constant,14,c_13,F,31.09326958409889,NA,1
20220330,191,TC,b_25,decreasing,7,c_03,G,26.062123745819406,NA,1
20220330,191,TC,b_26,decreasing,14,c_15,G,30.52022993311037,NA,1
20220330,191,TC,b_27,decreasing,10,c_10,G,56.06833612040134,NA,1
20220330,191,TC,b_28,constant,10,c_09,H,28.03960664773679,NA,1
20220330,191,TC,b_29,constant,14,c_12,H,24.87119091364626,NA,1
20220330,191,TC,b_30,constant,7,c_01,H,32.77277517955573,NA,1
20220330,191,TN,b_01,constant,10,c_08,A,2.19,NA,1
20220330,191,TN,b_02,constant,7,c_02,A,3.32,NA,1
20220330,191,TN,b_03,constant,14,c_11,A,1.995,NA,2
20220330,191,TN,b_04,constant,7,c_05,A,1.8273876732921328,NA,1
20220330,191,TN,b_05,decreasing,14,c_13,B,2.29,NA,1
20220330,191,TN,b_06,decreasing,14,c_11,B,1.9114130434782608,NA,1
20220330,191,TN,b_07,decreasing,10,c_06,B,2.062826086956522,NA,1
20220330,191,TN,b_08,decreasing,7,c_01,B,2.3042391304347825,NA,1
20220330,191,TN,b_09,decreasing,7,c_02,C,2.7456521739130433,NA,1
20220330,191,TN,b_10,decreasing,10,c_07,C,2.1470652173913045,NA,1
20220330,191,TN,b_11,decreasing,10,c_08,C,1.958478260869565,NA,1
20220330,191,TN,b_12,decreasing,14,c_14,C,1.9198913043478258,NA,1
20220330,191,TN,b_13,constant,10,c_06,D,1.74387673292133,NA,1
20220330,191,TN,b_14,constant,7,c_03,D,1.9012644062134627,NA,1
20220330,191,TN,b_15,constant,14,c_14,D,1.4686520795055964,NA,1
20220330,191,TN,b_16,constant,14,c_15,D,1.3860397527977293,NA,1
20220330,191,TN,b_17,decreasing,7,c_05,E,1.7569565217391303,NA,1
20220330,191,TN,b_18,decreasing,7,c_04,E,3.4183695652173913,NA,1
20220330,191,TN,b_19,decreasing,14,c_12,E,2.059782608695652,NA,1
20220330,191,TN,b_20,decreasing,10,c_09,E,1.901195652173913,NA,1
20220330,191,TN,b_21,constant,10,c_07,F,1.6929781192583944,NA,1
20220330,191,TN,b_22,constant,10,c_10,F,3.350365792550527,NA,1
20220330,191,TN,b_23,constant,7,c_04,F,2.9977534658426603,NA,1
20220330,191,TN,b_24,constant,14,c_13,F,1.6651411391347932,NA,1
20220330,191,TN,b_25,decreasing,7,c_03,G,1.5382608695652176,NA,1
20220330,191,TN,b_26,decreasing,14,c_15,G,1.6596739130434783,NA,1
20220330,191,TN,b_27,decreasing,10,c_10,G,3.121086956521739,NA,1
20220330,191,TN,b_28,constant,10,c_09,H,1.4946918323033254,NA,1
20220330,191,TN,b_29,constant,14,c_12,H,1.2820795055954588,NA,1
20220330,191,TN,b_30,constant,7,c_01,H,1.769467178887591,NA,1
20220330,191,TOC,b_01,constant,10,c_08,A,38.150000000000006,NA,1
20220330,191,TOC,b_02,constant,7,c_02,A,52.56,NA,1
20220330,191,TOC,b_03,constant,14,c_11,A,34.089999999999996,NA,1
20220330,191,TOC,b_04,constant,7,c_05,A,33.185173709704365,NA,1
20220330,191,TOC,b_05,decreasing,14,c_13,B,32.47,NA,1
20220330,191,TOC,b_06,decreasing,14,c_11,B,32.41396739130435,NA,1
20220330,191,TOC,b_07,decreasing,10,c_06,B,35.3579347826087,NA,1
20220330,191,TOC,b_08,decreasing,7,c_01,B,28.651902173913037,NA,1
20220330,191,TOC,b_09,decreasing,7,c_02,C,41.91586956521739,NA,1
20220330,191,TOC,b_10,decreasing,10,c_07,C,28.91983695652174,NA,1
20220330,191,TOC,b_11,decreasing,10,c_08,C,35.59380434782609,NA,1
20220330,191,TOC,b_12,decreasing,14,c_14,C,32.90777173913043,NA,1
20220330,191,TOC,b_13,constant,10,c_06,D,30.8017370970436,NA,1
20220330,191,TOC,b_14,constant,7,c_03,D,30.106910806747962,NA,1
20220330,191,TOC,b_15,constant,14,c_14,D,24.842084516452324,NA,1
20220330,191,TOC,b_16,constant,14,c_15,D,24.237258226156676,NA,1
20220330,191,TOC,b_17,decreasing,7,c_05,E,31.537608695652175,NA,1
20220330,191,TOC,b_18,decreasing,7,c_04,E,59.541576086956525,NA,1
20220330,191,TOC,b_19,decreasing,14,c_12,E,29.405543478260867,NA,1
20220330,191,TOC,b_20,decreasing,10,c_09,E,24.56951086956522,NA,1
20220330,191,TOC,b_21,constant,10,c_07,F,28.53312677467848,NA,1
20220330,191,TOC,b_22,constant,10,c_10,F,56.34830048438284,NA,1
20220330,191,TOC,b_23,constant,7,c_04,F,54.2634741940872,NA,1
20220330,191,TOC,b_24,constant,14,c_13,F,29.678647903791557,NA,1
20220330,191,TOC,b_25,decreasing,7,c_03,G,18.779347826086955,NA,1
20220330,191,TOC,b_26,decreasing,14,c_15,G,28.463315217391305,NA,1
20220330,191,TOC,b_27,decreasing,10,c_10,G,48.68728260869565,NA,1
20220330,191,TOC,b_28,constant,10,c_09,H,25.769342742609,NA,1
20220330,191,TOC,b_29,constant,14,c_12,H,23.164516452313357,NA,1
20220330,191,TOC,b_30,constant,7,c_01,H,30.179690162017714,NA,1
20220401,193,IC,b_01,constant,10,c_08,A,2.51,NA,1
20220401,193,IC,b_02,constant,7,c_02,A,2.7800862873134324,NA,1
20220401,193,IC,b_03,constant,14,c_11,A,2.1401725746268654,NA,1
20220401,193,IC,b_04,constant,7,c_05,A,2.910258861940298,NA,1
20220401,193,IC,b_05,decreasing,14,c_13,B,8.8,NA,1
20220401,193,IC,b_06,decreasing,14,c_11,B,6.737692307692307,NA,1
20220401,193,IC,b_07,decreasing,10,c_06,B,7.625384615384615,NA,1
20220401,193,IC,b_08,decreasing,7,c_01,B,9.713076923076922,NA,1
20220401,193,IC,b_09,decreasing,7,c_02,C,7.990769230769231,NA,1
20220401,193,IC,b_10,decreasing,10,c_07,C,8.748461538461537,NA,1
20220401,193,IC,b_11,decreasing,10,c_08,C,5.896153846153846,NA,1
20220401,193,IC,b_12,decreasing,14,c_14,C,7.383846153846153,NA,1
20220401,193,IC,b_13,constant,10,c_06,D,2.321035447761193,NA,1
20220401,193,IC,b_14,constant,7,c_03,D,3.601121735074626,NA,1
20220401,193,IC,b_15,constant,14,c_14,D,1.9912080223880593,NA,1
20220401,193,IC,b_16,constant,14,c_15,D,2.541294309701492,NA,1
20220401,193,IC,b_17,decreasing,7,c_05,E,4.562307692307691,NA,1
20220401,193,IC,b_18,decreasing,7,c_04,E,7.8199999999999985,NA,1
20220401,193,IC,b_19,decreasing,14,c_12,E,8.707692307692305,NA,1
20220401,193,IC,b_20,decreasing,10,c_09,E,8.015384615384614,NA,1
20220401,193,IC,b_21,constant,10,c_07,F,2.9917257462686564,NA,1
20220401,193,IC,b_22,constant,10,c_10,F,2.511812033582089,NA,1
20220401,193,IC,b_23,constant,7,c_04,F,2.391898320895522,NA,1
20220401,193,IC,b_24,constant,14,c_13,F,2.5319846082089548,NA,1
20220401,193,IC,b_25,decreasing,7,c_03,G,8.923846153846151,NA,1
20220401,193,IC,b_26,decreasing,14,c_15,G,6.49153846153846,NA,1
20220401,193,IC,b_27,decreasing,10,c_10,G,9.009230769230767,NA,1
20220401,193,IC,b_28,constant,10,c_09,H,2.532329757462686,NA,1
20220401,193,IC,b_29,constant,14,c_12,H,2.372416044776119,NA,1
20220401,193,IC,b_30,constant,7,c_01,H,2.872502332089552,NA,1
20220401,193,TC,b_01,constant,10,c_08,A,38.92,NA,1
20220401,193,TC,b_02,constant,7,c_02,A,53.70607742537313,NA,1
20220401,193,TC,b_03,constant,14,c_11,A,32.402154850746264,NA,1
20220401,193,TC,b_04,constant,7,c_05,A,32.5482322761194,NA,1
20220401,193,TC,b_05,decreasing,14,c_13,B,34.31,NA,1
20220401,193,TC,b_06,decreasing,14,c_11,B,34.71498745819399,NA,1
20220401,193,TC,b_07,decreasing,10,c_06,B,38.65997491638797,NA,1
20220401,193,TC,b_08,decreasing,7,c_01,B,33.90496237458194,NA,1
20220401,193,TC,b_09,decreasing,7,c_02,C,38.18994983277592,NA,1
20220401,193,TC,b_10,decreasing,10,c_07,C,32.3449372909699,NA,1
20220401,193,TC,b_11,decreasing,10,c_08,C,38.229924749163885,NA,1
20220401,193,TC,b_12,decreasing,14,c_14,C,34.15491220735787,NA,1
20220401,193,TC,b_13,constant,10,c_06,D,32.312929104477604,NA,1
20220401,193,TC,b_14,constant,7,c_03,D,34.04900652985074,NA,1
20220401,193,TC,b_15,constant,14,c_14,D,28.08508395522388,NA,1
20220401,193,TC,b_16,constant,14,c_15,D,28.43116138059701,NA,1
20220401,193,TC,b_17,decreasing,7,c_05,E,33.68984949832777,NA,1
20220401,193,TC,b_18,decreasing,7,c_04,E,55.94483695652175,NA,1
20220401,193,TC,b_19,decreasing,14,c_12,E,32.569824414715725,NA,1
20220401,193,TC,b_20,decreasing,10,c_09,E,27.214811872909703,NA,1
20220401,193,TC,b_21,constant,10,c_07,F,32.21154850746268,NA,1
20220401,193,TC,b_22,constant,10,c_10,F,59.73762593283581,NA,1
20220401,193,TC,b_23,constant,7,c_04,F,55.94370335820895,NA,1
20220401,193,TC,b_24,constant,14,c_13,F,35.15978078358208,NA,1
20220401,193,TC,b_25,decreasing,7,c_03,G,24.229749163879603,NA,1
20220401,193,TC,b_26,decreasing,14,c_15,G,31.454736622073582,NA,1
20220401,193,TC,b_27,decreasing,10,c_10,G,48.269724080267565,NA,1
20220401,193,TC,b_28,constant,10,c_09,H,33.21409048507462,NA,1
20220401,193,TC,b_29,constant,14,c_12,H,30.98016791044776,NA,1
20220401,193,TC,b_30,constant,7,c_01,H,38.256245335820886,NA,1
20220401,193,TN,b_01,constant,10,c_08,A,2.12,NA,1
20220401,193,TN,b_02,constant,7,c_02,A,3.3857975746268654,NA,1
20220401,193,TN,b_03,constant,14,c_11,A,1.9315951492537313,NA,1
20220401,193,TN,b_04,constant,7,c_05,A,1.7473927238805969,NA,1
20220401,193,TN,b_05,decreasing,14,c_13,B,2.04,NA,1
20220401,193,TN,b_06,decreasing,14,c_11,B,1.8846112040133782,NA,1
20220401,193,TN,b_07,decreasing,10,c_06,B,1.9492224080267562,NA,1
20220401,193,TN,b_08,decreasing,7,c_01,B,2.143833612040134,NA,1
20220401,193,TN,b_09,decreasing,7,c_02,C,2.178444816053512,NA,1
20220401,193,TN,b_10,decreasing,10,c_07,C,1.9330560200668896,NA,1
20220401,193,TN,b_11,decreasing,10,c_08,C,1.9576672240802675,NA,1
20220401,193,TN,b_12,decreasing,14,c_14,C,1.7522784280936456,NA,1
20220401,193,TN,b_13,constant,10,c_06,D,1.859570895522388,NA,1
20220401,193,TN,b_14,constant,7,c_03,D,2.015368470149254,NA,1
20220401,193,TN,b_15,constant,14,c_14,D,1.6411660447761194,NA,1
20220401,193,TN,b_16,constant,14,c_15,D,1.6269636194029848,NA,1
20220401,193,TN,b_17,decreasing,7,c_05,E,1.7753344481605353,NA,1
20220401,193,TN,b_18,decreasing,7,c_04,E,3.099945652173913,NA,1
20220401,193,TN,b_19,decreasing,14,c_12,E,1.8645568561872912,NA,1
20220401,193,TN,b_20,decreasing,10,c_09,E,1.6691680602006689,NA,1
20220401,193,TN,b_21,constant,10,c_07,F,1.8959514925373133,NA,1
20220401,193,TN,b_22,constant,10,c_10,F,3.661749067164179,NA,1
20220401,193,TN,b_23,constant,7,c_04,F,3.1175466417910447,NA,1
20220401,193,TN,b_24,constant,14,c_13,F,2.0133442164179103,NA,1
20220401,193,TN,b_25,decreasing,7,c_03,G,1.4422240802675588,NA,1
20220401,193,TN,b_26,decreasing,14,c_15,G,1.6068352842809366,NA,1
20220401,193,TN,b_27,decreasing,10,c_10,G,2.751446488294315,NA,1
20220401,193,TN,b_28,constant,10,c_09,H,1.956534514925373,NA,1
20220401,193,TN,b_29,constant,14,c_12,H,1.752332089552239,NA,1
20220401,193,TN,b_30,constant,7,c_01,H,2.2781296641791045,NA,1
20220401,193,TOC,b_01,constant,10,c_08,A,36.410000000000004,NA,1
20220401,193,TOC,b_02,constant,7,c_02,A,50.9259911380597,NA,1
20220401,193,TOC,b_03,constant,14,c_11,A,30.2619822761194,NA,1
20220401,193,TOC,b_04,constant,7,c_05,A,29.637973414179108,NA,1
20220401,193,TOC,b_05,decreasing,14,c_13,B,25.51,NA,1
20220401,193,TOC,b_06,decreasing,14,c_11,B,27.977295150501675,NA,1
20220401,193,TOC,b_07,decreasing,10,c_06,B,31.034590301003345,NA,1
20220401,193,TOC,b_08,decreasing,7,c_01,B,24.191885451505012,NA,1
20220401,193,TOC,b_09,decreasing,7,c_02,C,30.19918060200669,NA,1
20220401,193,TOC,b_10,decreasing,10,c_07,C,23.59647575250836,NA,1
20220401,193,TOC,b_11,decreasing,10,c_08,C,32.333770903010034,NA,1
20220401,193,TOC,b_12,decreasing,14,c_14,C,26.771066053511706,NA,1
20220401,193,TOC,b_13,constant,10,c_06,D,29.991893656716414,NA,1
20220401,193,TOC,b_14,constant,7,c_03,D,30.447884794776115,NA,1
20220401,193,TOC,b_15,constant,14,c_14,D,26.093875932835815,NA,1
20220401,193,TOC,b_16,constant,14,c_15,D,25.88986707089552,NA,1
20220401,193,TOC,b_17,decreasing,7,c_05,E,29.12754180602007,NA,1
20220401,193,TOC,b_18,decreasing,7,c_04,E,48.12483695652174,NA,1
20220401,193,TOC,b_19,decreasing,14,c_12,E,23.862132107023413,NA,1
20220401,193,TOC,b_20,decreasing,10,c_09,E,19.199427257525084,NA,1
20220401,193,TOC,b_21,constant,10,c_07,F,29.219822761194024,NA,1
20220401,193,TOC,b_22,constant,10,c_10,F,57.22581389925372,NA,1
20220401,193,TOC,b_23,constant,7,c_04,F,53.55180503731343,NA,1
20220401,193,TOC,b_24,constant,14,c_13,F,32.62779617537313,NA,1
20220401,193,TOC,b_25,decreasing,7,c_03,G,15.305903010033447,NA,1
20220401,193,TOC,b_26,decreasing,14,c_15,G,24.963198160535114,NA,1
20220401,193,TOC,b_27,decreasing,10,c_10,G,39.26049331103678,NA,1
20220401,193,TOC,b_28,constant,10,c_09,H,30.681760727611938,NA,1
20220401,193,TOC,b_29,constant,14,c_12,H,28.607751865671638,NA,1
20220401,193,TOC,b_30,constant,7,c_01,H,35.38374300373133,NA,1
20220404,196,IC,b_01,constant,10,c_08,A,1.42,NA,1
20220404,196,IC,b_02,constant,7,c_02,A,1.645,NA,1
20220404,196,IC,b_03,constant,14,c_11,A,1.4200000000000002,NA,1
20220404,196,IC,b_04,constant,7,c_05,A,3.86,NA,1
20220404,196,IC,b_05,decreasing,14,c_13,B,8.65,NA,1
20220404,196,IC,b_06,decreasing,14,c_11,B,5.991074414715719,NA,1
20220404,196,IC,b_07,decreasing,10,c_06,B,7.272148829431438,NA,1
20220404,196,IC,b_08,decreasing,7,c_01,B,9.553223244147157,NA,1
20220404,196,IC,b_09,decreasing,7,c_02,C,7.244297658862877,NA,1
20220404,196,IC,b_10,decreasing,10,c_07,C,8.545372073578596,NA,1
20220404,196,IC,b_11,decreasing,10,c_08,C,6.666446488294314,NA,1
20220404,196,IC,b_12,decreasing,14,c_14,C,6.987520903010033,NA,1
20220404,196,IC,b_13,constant,10,c_06,D,3.636113154890271,NA,1
20220404,196,IC,b_14,constant,7,c_03,D,4.111236838766968,NA,1
20220404,196,IC,b_15,constant,14,c_14,D,3.6663605226436644,NA,1
20220404,196,IC,b_16,constant,14,c_15,D,3.6714842065203612,NA,1
20220404,196,IC,b_17,decreasing,7,c_05,E,4.072892976588628,NA,1
20220404,196,IC,b_18,decreasing,7,c_04,E,6.743967391304348,NA,1
20220404,196,IC,b_19,decreasing,14,c_12,E,9.025041806020065,NA,1
20220404,196,IC,b_20,decreasing,10,c_09,E,9.296116220735785,NA,1
20220404,196,IC,b_21,constant,10,c_07,F,4.887102625903846,NA,1
20220404,196,IC,b_22,constant,10,c_10,F,3.882226309780542,NA,1
20220404,196,IC,b_23,constant,7,c_04,F,4.177349993657239,NA,1
20220404,196,IC,b_24,constant,14,c_13,F,4.132473677533936,NA,1
20220404,196,IC,b_25,decreasing,7,c_03,G,6.771488294314381,NA,1
20220404,196,IC,b_26,decreasing,14,c_15,G,6.352562709030099,NA,1
20220404,196,IC,b_27,decreasing,10,c_10,G,9.433637123745818,NA,1
20220404,196,IC,b_28,constant,10,c_09,H,3.3329684130407227,NA,1
20220404,196,IC,b_29,constant,14,c_12,H,3.7080920969174205,NA,1
20220404,196,IC,b_30,constant,7,c_01,H,3.9232157807941164,NA,1
20220404,196,TC,b_01,constant,10,c_08,A,37.47,NA,1
20220404,196,TC,b_02,constant,7,c_02,A,55.236000000000004,NA,1
20220404,196,TC,b_03,constant,14,c_11,A,39.49199999999999,NA,1
20220404,196,TC,b_04,constant,7,c_05,A,32.86899999999999,NA,2
20220404,196,TC,b_05,decreasing,14,c_13,B,34.2,NA,1
20220404,196,TC,b_06,decreasing,14,c_11,B,30.735104515050168,NA,1
20220404,196,TC,b_07,decreasing,10,c_06,B,36.18020903010033,NA,1
20220404,196,TC,b_08,decreasing,7,c_01,B,34.4853135451505,NA,1
20220404,196,TC,b_09,decreasing,7,c_02,C,38.38041806020067,NA,1
20220404,196,TC,b_10,decreasing,10,c_07,C,32.81552257525083,NA,1
20220404,196,TC,b_11,decreasing,10,c_08,C,36.580627090301,NA,1
20220404,196,TC,b_12,decreasing,14,c_14,C,29.955731605351165,NA,1
20220404,196,TC,b_13,constant,10,c_06,D,31.53553342636053,NA,1
20220404,196,TC,b_14,constant,7,c_03,D,34.45281491817836,NA,1
20220404,196,TC,b_15,constant,14,c_14,D,28.0800964099962,NA,1
20220404,196,TC,b_16,constant,14,c_15,D,27.657377901814044,NA,1
20220404,196,TC,b_17,decreasing,7,c_05,E,32.241254180602,NA,1
20220404,196,TC,b_18,decreasing,7,c_04,E,40.84635869565217,NA,1
20220404,196,TC,b_19,decreasing,14,c_12,E,33.05146321070233,NA,1
20220404,196,TC,b_20,decreasing,10,c_09,E,30.0365677257525,NA,1
20220404,196,TC,b_21,constant,10,c_07,F,35.69378536090322,NA,1
20220404,196,TC,b_22,constant,10,c_10,F,51.341066852721056,NA,1
20220404,196,TC,b_23,constant,7,c_04,F,57.61834834453889,NA,1
20220404,196,TC,b_24,constant,14,c_13,F,34.12562983635673,NA,1
20220404,196,TC,b_25,decreasing,7,c_03,G,21.542090301003338,NA,1
20220404,196,TC,b_26,decreasing,14,c_15,G,32.087194816053504,NA,1
20220404,196,TC,b_27,decreasing,10,c_10,G,47.66229933110367,NA,1
20220404,196,TC,b_28,constant,10,c_09,H,16.934755803628065,NA,1
20220404,196,TC,b_29,constant,14,c_12,H,22.262037295445907,NA,1
20220404,196,TC,b_30,constant,7,c_01,H,23.109318787263746,NA,1
20220404,196,TN,b_01,constant,10,c_08,A,2.1,NA,1
20220404,196,TN,b_02,constant,7,c_02,A,3.5040000000000004,NA,1
20220404,196,TN,b_03,constant,14,c_11,A,2.418,NA,1
20220404,196,TN,b_04,constant,7,c_05,A,1.9210000000000003,NA,2
20220404,196,TN,b_05,decreasing,14,c_13,B,2.13,NA,1
20220404,196,TN,b_06,decreasing,14,c_11,B,1.716989966555184,NA,1
20220404,196,TN,b_07,decreasing,10,c_06,B,2.003979933110368,NA,1
20220404,196,TN,b_08,decreasing,7,c_01,B,2.210969899665552,NA,1
20220404,196,TN,b_09,decreasing,7,c_02,C,2.277959866220736,NA,1
20220404,196,TN,b_10,decreasing,10,c_07,C,2.0049498327759196,NA,1
20220404,196,TN,b_11,decreasing,10,c_08,C,1.8619397993311035,NA,1
20220404,196,TN,b_12,decreasing,14,c_14,C,1.6689297658862878,NA,1
20220404,196,TN,b_13,constant,10,c_06,D,1.8476886971964994,NA,1
20220404,196,TN,b_14,constant,7,c_03,D,2.042987441329444,NA,1
20220404,196,TN,b_15,constant,14,c_14,D,1.6282861854623882,NA,1
20220404,196,TN,b_16,constant,14,c_15,D,1.5535849295953326,NA,1
20220404,196,TN,b_17,decreasing,7,c_05,E,1.7438795986622075,NA,1
20220404,196,TN,b_18,decreasing,7,c_04,E,2.360869565217391,NA,1
20220404,196,TN,b_19,decreasing,14,c_12,E,1.9878595317725751,NA,1
20220404,196,TN,b_20,decreasing,10,c_09,E,1.8248494983277594,NA,1
20220404,196,TN,b_21,constant,10,c_07,F,2.020078650260054,NA,1
20220404,196,TN,b_22,constant,10,c_10,F,3.145377394392999,NA,1
20220404,196,TN,b_23,constant,7,c_04,F,3.1806761385259437,NA,1
20220404,196,TN,b_24,constant,14,c_13,F,1.9059748826588874,NA,1
20220404,196,TN,b_25,decreasing,7,c_03,G,1.4197993311036792,NA,1
20220404,196,TN,b_26,decreasing,14,c_15,G,1.716789297658863,NA,1
20220404,196,TN,b_27,decreasing,10,c_10,G,2.813779264214047,NA,1
20220404,196,TN,b_28,constant,10,c_09,H,1.0971698591906653,NA,1
20220404,196,TN,b_29,constant,14,c_12,H,1.3024686033236095,NA,1
20220404,196,TN,b_30,constant,7,c_01,H,1.3777673474565537,NA,1
20220404,196,TOC,b_01,constant,10,c_08,A,36.05,NA,1
20220404,196,TOC,b_02,constant,7,c_02,A,52.580000000000005,NA,1
20220404,196,TOC,b_03,constant,14,c_11,A,36.05000000000001,NA,1
20220404,196,TOC,b_04,constant,7,c_05,A,19.16,NA,1
20220404,196,TOC,b_05,decreasing,14,c_13,B,25.550000000000004,NA,1
20220404,196,TOC,b_06,decreasing,14,c_11,B,24.744030100334452,NA,1
20220404,196,TOC,b_07,decreasing,10,c_06,B,28.908060200668896,NA,1
20220404,196,TOC,b_08,decreasing,7,c_01,B,24.932090301003345,NA,1
20220404,196,TOC,b_09,decreasing,7,c_02,C,31.136120401337795,NA,1
20220404,196,TOC,b_10,decreasing,10,c_07,C,24.27015050167224,NA,1
20220404,196,TOC,b_11,decreasing,10,c_08,C,29.91418060200669,NA,1
20220404,196,TOC,b_12,decreasing,14,c_14,C,22.96821070234114,NA,1
20220404,196,TOC,b_13,constant,10,c_06,D,27.899420271470255,NA,1
20220404,196,TOC,b_14,constant,7,c_03,D,30.3415780794114,NA,1
20220404,196,TOC,b_15,constant,14,c_14,D,24.41373588735254,NA,1
20220404,196,TOC,b_16,constant,14,c_15,D,23.985893695293683,NA,1
20220404,196,TOC,b_17,decreasing,7,c_05,E,28.168361204013376,NA,1
20220404,196,TOC,b_18,decreasing,7,c_04,E,34.10239130434783,NA,1
20220404,196,TOC,b_19,decreasing,14,c_12,E,24.026421404682274,NA,1
20220404,196,TOC,b_20,decreasing,10,c_09,E,20.740451505016726,NA,1
20220404,196,TOC,b_21,constant,10,c_07,F,30.806682734999377,NA,1
20220404,196,TOC,b_22,constant,10,c_10,F,47.45884054294053,NA,1
20220404,196,TOC,b_23,constant,7,c_04,F,53.44099835088166,NA,1
20220404,196,TOC,b_24,constant,14,c_13,F,29.9931561588228,NA,1
20220404,196,TOC,b_25,decreasing,7,c_03,G,14.770602006688964,NA,1
20220404,196,TOC,b_26,decreasing,14,c_15,G,25.734632107023415,NA,1
20220404,196,TOC,b_27,decreasing,10,c_10,G,38.22866220735786,NA,1
20220404,196,TOC,b_28,constant,10,c_09,H,13.601787390587354,NA,1
20220404,196,TOC,b_29,constant,14,c_12,H,18.553945198528503,NA,1
20220404,196,TOC,b_30,constant,7,c_01,H,19.18610300646965,NA,1
20220406,198,IC,b_01,constant,10,c_08,A,1.56,NA,1
20220406,198,IC,b_02,constant,7,c_02,A,2.4216511194029846,NA,1
20220406,198,IC,b_03,constant,14,c_11,A,2.41330223880597,NA,1
20220406,198,IC,b_04,constant,7,c_05,A,1.8249533582089548,NA,1
20220406,198,IC,b_05,decreasing,14,c_13,B,9.69,NA,1
20220406,198,IC,b_06,decreasing,14,c_11,B,7.91436872909699,NA,1
20220406,198,IC,b_07,decreasing,10,c_06,B,8.158737458193979,NA,1
20220406,198,IC,b_08,decreasing,7,c_01,B,10.53310618729097,NA,1
20220406,198,IC,b_09,decreasing,7,c_02,C,8.85747491638796,NA,1
20220406,198,IC,b_10,decreasing,10,c_07,C,9.80184364548495,NA,1
20220406,198,IC,b_11,decreasing,10,c_08,C,7.636212374581939,NA,1
20220406,198,IC,b_12,decreasing,14,c_14,C,8.36058110367893,NA,1
20220406,198,IC,b_13,constant,10,c_06,D,2.1598134328358203,NA,1
20220406,198,IC,b_14,constant,7,c_03,D,2.0114645522388055,NA,1
20220406,198,IC,b_15,constant,14,c_14,D,1.6431156716417905,NA,1
20220406,198,IC,b_16,constant,14,c_15,D,1.9347667910447752,NA,1
20220406,198,IC,b_17,decreasing,7,c_05,E,3.14242474916388,NA,1
20220406,198,IC,b_18,decreasing,7,c_04,E,10.616793478260869,NA,1
20220406,198,IC,b_19,decreasing,14,c_12,E,9.64116220735786,NA,1
20220406,198,IC,b_20,decreasing,10,c_09,E,9.685530936454848,NA,1
20220406,198,IC,b_21,constant,10,c_07,F,3.4930223880597002,NA,1
20220406,198,IC,b_22,constant,10,c_10,F,2.094673507462686,NA,1
20220406,198,IC,b_23,constant,7,c_04,F,1.806324626865671,NA,1
20220406,198,IC,b_24,constant,14,c_13,F,1.5079757462686563,NA,1
20220406,198,IC,b_25,decreasing,7,c_03,G,9.017374581939798,NA,1
20220406,198,IC,b_26,decreasing,14,c_15,G,7.581743311036789,NA,1
20220406,198,IC,b_27,decreasing,10,c_10,G,10.216112040133778,NA,1
20220406,198,IC,b_28,constant,10,c_09,H,1.844580223880595,NA,1
20220406,198,IC,b_29,constant,14,c_12,H,1.47623134328358,NA,1
20220406,198,IC,b_30,constant,7,c_01,H,2.6378824626865662,NA,1
20220406,198,TC,b_01,constant,10,c_08,A,39.03,NA,1
20220406,198,TC,b_02,constant,7,c_02,A,55.679319029850745,NA,1
20220406,198,TC,b_03,constant,14,c_11,A,34.66863805970149,NA,1
20220406,198,TC,b_04,constant,7,c_05,A,33.50795708955224,NA,1
20220406,198,TC,b_05,decreasing,14,c_13,B,35.9,NA,1
20220406,198,TC,b_06,decreasing,14,c_11,B,36.31752508361204,NA,1
20220406,198,TC,b_07,decreasing,10,c_06,B,39.63505016722408,NA,1
20220406,198,TC,b_08,decreasing,7,c_01,B,37.152575250836115,NA,1
20220406,198,TC,b_09,decreasing,7,c_02,C,45.16010033444816,NA,1
20220406,198,TC,b_10,decreasing,10,c_07,C,36.4876254180602,NA,1
20220406,198,TC,b_11,decreasing,10,c_08,C,38.73515050167224,NA,1
20220406,198,TC,b_12,decreasing,14,c_14,C,37.04267558528428,NA,1
20220406,198,TC,b_13,constant,10,c_06,D,34.94182835820895,NA,1
20220406,198,TC,b_14,constant,7,c_03,D,36.5011473880597,NA,1
20220406,198,TC,b_15,constant,14,c_14,D,28.760466417910443,NA,1
20220406,198,TC,b_16,constant,14,c_15,D,27.659785447761195,NA,1
20220406,198,TC,b_17,decreasing,7,c_05,E,33.99030100334448,NA,1
20220406,198,TC,b_18,decreasing,7,c_04,E,55.03782608695652,NA,1
20220406,198,TC,b_19,decreasing,14,c_12,E,35.10535117056856,NA,1
20220406,198,TC,b_20,decreasing,10,c_09,E,31.842876254180595,NA,1
20220406,198,TC,b_21,constant,10,c_07,F,37.49638059701493,NA,1
20220406,198,TC,b_22,constant,10,c_10,F,63.64569962686567,NA,1
20220406,198,TC,b_23,constant,7,c_04,F,61.875018656716414,NA,1
20220406,198,TC,b_24,constant,14,c_13,F,36.11433768656716,NA,1
20220406,198,TC,b_25,decreasing,7,c_03,G,27.570501672240795,NA,1
20220406,198,TC,b_26,decreasing,14,c_15,G,34.45802675585284,NA,1
20220406,198,TC,b_27,decreasing,10,c_10,G,50.28555183946488,NA,1
20220406,198,TC,b_28,constant,10,c_09,H,32.90161380597015,NA,1
20220406,198,TC,b_29,constant,14,c_12,H,31.180932835820897,NA,1
20220406,198,TC,b_30,constant,7,c_01,H,37.86025186567164,NA,1
20220406,198,TN,b_01,constant,10,c_08,A,2.08,NA,1
20220406,198,TN,b_02,constant,7,c_02,A,3.308159981343284,NA,1
20220406,198,TN,b_03,constant,14,c_11,A,1.916319962686567,NA,1
20220406,198,TN,b_04,constant,7,c_05,A,1.7644799440298506,NA,1
20220406,198,TN,b_05,decreasing,14,c_13,B,2.06,NA,1
20220406,198,TN,b_06,decreasing,14,c_11,B,1.8009531772575251,NA,1
20220406,198,TN,b_07,decreasing,10,c_06,B,1.9819063545150502,NA,1
20220406,198,TN,b_08,decreasing,7,c_01,B,2.2528595317725753,NA,1
20220406,198,TN,b_09,decreasing,7,c_02,C,2.4738127090301,NA,1
20220406,198,TN,b_10,decreasing,10,c_07,C,2.0547658862876252,NA,1
20220406,198,TN,b_11,decreasing,10,c_08,C,1.7857190635451503,NA,1
20220406,198,TN,b_12,decreasing,14,c_14,C,1.7966722408026754,NA,1
20220406,198,TN,b_13,constant,10,c_06,D,1.8479197761194035,NA,1
20220406,198,TN,b_14,constant,7,c_03,D,2.1260797574626866,NA,1
20220406,198,TN,b_15,constant,14,c_14,D,1.5942397388059706,NA,1
20220406,198,TN,b_16,constant,14,c_15,D,1.5523997201492543,NA,1
20220406,198,TN,b_17,decreasing,7,c_05,E,1.6914381270903007,NA,1
20220406,198,TN,b_18,decreasing,7,c_04,E,2.8323913043478264,NA,1
20220406,198,TN,b_19,decreasing,14,c_12,E,1.913344481605351,NA,1
20220406,198,TN,b_20,decreasing,10,c_09,E,1.8142976588628765,NA,1
20220406,198,TN,b_21,constant,10,c_07,F,2.043199626865672,NA,1
20220406,198,TN,b_22,constant,10,c_10,F,3.571359608208956,NA,1
20220406,198,TN,b_23,constant,7,c_04,F,3.2995195895522387,NA,1
20220406,198,TN,b_24,constant,14,c_13,F,2.0076795708955233,NA,1
20220406,198,TN,b_25,decreasing,7,c_03,G,1.5790635451505017,NA,1
20220406,198,TN,b_26,decreasing,14,c_15,G,1.6400167224080269,NA,1
20220406,198,TN,b_27,decreasing,10,c_10,G,2.790969899665552,NA,1
20220406,198,TN,b_28,constant,10,c_09,H,1.920319496268657,NA,1
20220406,198,TN,b_29,constant,14,c_12,H,1.7284794776119408,NA,1
20220406,198,TN,b_30,constant,7,c_01,H,2.1166394589552247,NA,1
20220406,198,TOC,b_01,constant,10,c_08,A,37.47,NA,1
20220406,198,TOC,b_02,constant,7,c_02,A,53.257667910447765,NA,1
20220406,198,TOC,b_03,constant,14,c_11,A,32.255335820895525,NA,1
20220406,198,TOC,b_04,constant,7,c_05,A,31.68300373134329,NA,1
20220406,198,TOC,b_05,decreasing,14,c_13,B,26.21,NA,1
20220406,198,TOC,b_06,decreasing,14,c_11,B,28.40315635451505,NA,1
20220406,198,TOC,b_07,decreasing,10,c_06,B,31.476312709030104,NA,1
20220406,198,TOC,b_08,decreasing,7,c_01,B,26.61946906354515,NA,1
20220406,198,TOC,b_09,decreasing,7,c_02,C,36.3026254180602,NA,1
20220406,198,TOC,b_10,decreasing,10,c_07,C,26.685781772575247,NA,1
20220406,198,TOC,b_11,decreasing,10,c_08,C,31.0989381270903,NA,1
20220406,198,TOC,b_12,decreasing,14,c_14,C,28.682094481605354,NA,1
20220406,198,TOC,b_13,constant,10,c_06,D,32.78201492537313,NA,1
20220406,198,TOC,b_14,constant,7,c_03,D,34.4896828358209,NA,1
20220406,198,TOC,b_15,constant,14,c_14,D,27.117350746268663,NA,1
20220406,198,TOC,b_16,constant,14,c_15,D,25.725018656716422,NA,1
20220406,198,TOC,b_17,decreasing,7,c_05,E,30.847876254180605,NA,1
20220406,198,TOC,b_18,decreasing,7,c_04,E,44.421032608695654,NA,1
20220406,198,TOC,b_19,decreasing,14,c_12,E,25.464188963210702,NA,1
20220406,198,TOC,b_20,decreasing,10,c_09,E,22.15734531772575,NA,1
20220406,198,TOC,b_21,constant,10,c_07,F,34.003358208955234,NA,1
20220406,198,TOC,b_22,constant,10,c_10,F,61.551026119402984,NA,1
20220406,198,TOC,b_23,constant,7,c_04,F,60.06869402985075,NA,1
20220406,198,TOC,b_24,constant,14,c_13,F,34.606361940298505,NA,1
20220406,198,TOC,b_25,decreasing,7,c_03,G,18.553127090300997,NA,1
20220406,198,TOC,b_26,decreasing,14,c_15,G,26.876283444816053,NA,1
20220406,198,TOC,b_27,decreasing,10,c_10,G,40.0694397993311,NA,1
20220406,198,TOC,b_28,constant,10,c_09,H,31.05703358208956,NA,1
20220406,198,TOC,b_29,constant,14,c_12,H,29.704701492537318,NA,1
20220406,198,TOC,b_30,constant,7,c_01,H,35.22236940298507,NA,1
20220408,200,IC,b_01,constant,10,c_08,A,1.5,NA,1
20220408,200,IC,b_02,constant,7,c_02,A,2.7083418843283584,NA,1
20220408,200,IC,b_03,constant,14,c_11,A,2.406683768656716,NA,1
20220408,200,IC,b_04,constant,7,c_05,A,2.145025652985075,NA,1
20220408,200,IC,b_05,decreasing,14,c_13,B,9.21,NA,1
20220408,200,IC,b_06,decreasing,14,c_11,B,7.817395484949832,NA,1
20220408,200,IC,b_07,decreasing,10,c_06,B,8.404790969899667,NA,1
20220408,200,IC,b_08,decreasing,7,c_01,B,10.472186454849497,NA,1
20220408,200,IC,b_09,decreasing,7,c_02,C,9.259581939799332,NA,1
20220408,200,IC,b_10,decreasing,10,c_07,C,9.766977424749165,NA,1
20220408,200,IC,b_11,decreasing,10,c_08,C,8.464372909698996,NA,1
20220408,200,IC,b_12,decreasing,14,c_14,C,8.73176839464883,NA,1
20220408,200,IC,b_13,constant,10,c_06,D,2.1801026119402986,NA,1
20220408,200,IC,b_14,constant,7,c_03,D,2.4884444962686567,NA,1
20220408,200,IC,b_15,constant,14,c_14,D,1.6267863805970149,NA,1
20220408,200,IC,b_16,constant,14,c_15,D,1.6951282649253736,NA,1
20220408,200,IC,b_17,decreasing,7,c_05,E,5.138745819397993,NA,1
20220408,200,IC,b_18,decreasing,7,c_04,E,10.626141304347826,NA,1
20220408,200,IC,b_19,decreasing,14,c_12,E,9.39353678929766,NA,1
20220408,200,IC,b_20,decreasing,10,c_09,E,9.61093227424749,NA,1
20220408,200,IC,b_21,constant,10,c_07,F,2.7068376865671646,NA,1
20220408,200,IC,b_22,constant,10,c_10,F,2.4951795708955227,NA,1
20220408,200,IC,b_23,constant,7,c_04,F,2.0935214552238812,NA,1
20220408,200,IC,b_24,constant,14,c_13,F,2.2418633395522387,NA,1
20220408,200,IC,b_25,decreasing,7,c_03,G,9.107909698996655,NA,1
20220408,200,IC,b_26,decreasing,14,c_15,G,7.745305183946488,NA,1
20220408,200,IC,b_27,decreasing,10,c_10,G,9.90270066889632,NA,1
20220408,200,IC,b_28,constant,10,c_09,H,2.135230876865672,NA,1
20220408,200,IC,b_29,constant,14,c_12,H,1.5335727611940295,NA,1
20220408,200,IC,b_30,constant,7,c_01,H,2.4819146455223877,NA,1
20220408,200,TC,b_01,constant,10,c_08,A,39.84,NA,1
20220408,200,TC,b_02,constant,7,c_02,A,55.41774953358209,NA,1
20220408,200,TC,b_03,constant,14,c_11,A,36.055499067164185,NA,1
20220408,200,TC,b_04,constant,7,c_05,A,35.48324860074627,NA,1
20220408,200,TC,b_05,decreasing,14,c_13,B,35.26,NA,1
20220408,200,TC,b_06,decreasing,14,c_11,B,37.01030518394649,NA,1
20220408,200,TC,b_07,decreasing,10,c_06,B,40.79061036789298,NA,1
20220408,200,TC,b_08,decreasing,7,c_01,B,37.44091555183947,NA,1
20220408,200,TC,b_09,decreasing,7,c_02,C,44.64122073578595,NA,1
20220408,200,TC,b_10,decreasing,10,c_07,C,38.501525919732444,NA,1
20220408,200,TC,b_11,decreasing,10,c_08,C,37.35183110367893,NA,1
20220408,200,TC,b_12,decreasing,14,c_14,C,37.30213628762542,NA,1
20220408,200,TC,b_13,constant,10,c_06,D,35.102994402985075,NA,1
20220408,200,TC,b_14,constant,7,c_03,D,37.020743936567165,NA,1
20220408,200,TC,b_15,constant,14,c_14,D,29.298493470149253,NA,1
20220408,200,TC,b_16,constant,14,c_15,D,29.29624300373134,NA,1
20220408,200,TC,b_17,decreasing,7,c_05,E,39.36366220735786,NA,1
20220408,200,TC,b_18,decreasing,7,c_04,E,52.103967391304344,NA,1
20220408,200,TC,b_19,decreasing,14,c_12,E,34.52427257525083,NA,1
20220408,200,TC,b_20,decreasing,10,c_09,E,32.144577759197325,NA,1
20220408,200,TC,b_21,constant,10,c_07,F,37.19499067164179,NA,1
20220408,200,TC,b_22,constant,10,c_10,F,65.20274020522388,NA,1
20220408,200,TC,b_23,constant,7,c_04,F,63.15048973880597,NA,1
20220408,200,TC,b_24,constant,14,c_13,F,36.76823927238806,NA,1
20220408,200,TC,b_25,decreasing,7,c_03,G,28.316103678929764,NA,1
20220408,200,TC,b_26,decreasing,14,c_15,G,36.38640886287625,NA,1
20220408,200,TC,b_27,decreasing,10,c_10,G,48.76671404682274,NA,1
20220408,200,TC,b_28,constant,10,c_09,H,34.299237406716415,NA,1
20220408,200,TC,b_29,constant,14,c_12,H,30.426986940298498,NA,1
20220408,200,TC,b_30,constant,7,c_01,H,39.82473647388059,NA,1
20220408,200,TN,b_01,constant,10,c_08,A,2.15,NA,1
20220408,200,TN,b_02,constant,7,c_02,A,3.323498134328358,NA,1
20220408,200,TN,b_03,constant,14,c_11,A,2.0569962686567163,NA,1
20220408,200,TN,b_04,constant,7,c_05,A,1.8804944029850745,NA,1
20220408,200,TN,b_05,decreasing,14,c_13,B,2.08,NA,1
20220408,200,TN,b_06,decreasing,14,c_11,B,1.9068645484949833,NA,1
20220408,200,TN,b_07,decreasing,10,c_06,B,2.133729096989967,NA,1
20220408,200,TN,b_08,decreasing,7,c_01,B,2.2905936454849503,NA,1
20220408,200,TN,b_09,decreasing,7,c_02,C,2.477458193979933,NA,1
20220408,200,TN,b_10,decreasing,10,c_07,C,2.2443227424749166,NA,1
20220408,200,TN,b_11,decreasing,10,c_08,C,1.7811872909699,NA,1
20220408,200,TN,b_12,decreasing,14,c_14,C,1.8880518394648833,NA,1
20220408,200,TN,b_13,constant,10,c_06,D,1.9219776119402985,NA,1
20220408,200,TN,b_14,constant,7,c_03,D,2.2154757462686567,NA,1
20220408,200,TN,b_15,constant,14,c_14,D,1.6889738805970151,NA,1
20220408,200,TN,b_16,constant,14,c_15,D,1.7024720149253731,NA,1
20220408,200,TN,b_17,decreasing,7,c_05,E,1.9623745819397995,NA,1
20220408,200,TN,b_18,decreasing,7,c_04,E,2.829239130434783,NA,1
20220408,200,TN,b_19,decreasing,14,c_12,E,1.9661036789297661,NA,1
20220408,200,TN,b_20,decreasing,10,c_09,E,1.8729682274247494,NA,1
20220408,200,TN,b_21,constant,10,c_07,F,2.1199626865671646,NA,1
20220408,200,TN,b_22,constant,10,c_10,F,3.6334608208955226,NA,1
20220408,200,TN,b_23,constant,7,c_04,F,3.3369589552238805,NA,1
20220408,200,TN,b_24,constant,14,c_13,F,2.0204570895522385,NA,1
20220408,200,TN,b_25,decreasing,7,c_03,G,1.6772909698996656,NA,1
20220408,200,TN,b_26,decreasing,14,c_15,G,1.814155518394649,NA,1
20220408,200,TN,b_27,decreasing,10,c_10,G,2.7510200668896325,NA,1
20220408,200,TN,b_28,constant,10,c_09,H,1.9944496268656717,NA,1
20220408,200,TN,b_29,constant,14,c_12,H,1.7579477611940297,NA,1
20220408,200,TN,b_30,constant,7,c_01,H,2.3314458955223882,NA,1
20220408,200,TOC,b_01,constant,10,c_08,A,38.34,NA,1
20220408,200,TOC,b_02,constant,7,c_02,A,52.70940764925373,NA,1
20220408,200,TOC,b_03,constant,14,c_11,A,33.648815298507465,NA,1
20220408,200,TOC,b_04,constant,7,c_05,A,33.33822294776119,NA,1
20220408,200,TOC,b_05,decreasing,14,c_13,B,26.049999999999997,NA,1
20220408,200,TOC,b_06,decreasing,14,c_11,B,29.19290969899665,NA,1
20220408,200,TOC,b_07,decreasing,10,c_06,B,32.3858193979933,NA,1
20220408,200,TOC,b_08,decreasing,7,c_01,B,26.968729096989968,NA,1
20220408,200,TOC,b_09,decreasing,7,c_02,C,35.38163879598662,NA,1
20220408,200,TOC,b_10,decreasing,10,c_07,C,28.73454849498327,NA,1
20220408,200,TOC,b_11,decreasing,10,c_08,C,28.88745819397993,NA,1
20220408,200,TOC,b_12,decreasing,14,c_14,C,28.570367892976588,NA,1
20220408,200,TOC,b_13,constant,10,c_06,D,32.922891791044776,NA,1
20220408,200,TOC,b_14,constant,7,c_03,D,34.5322994402985,NA,1
20220408,200,TOC,b_15,constant,14,c_14,D,27.671707089552235,NA,1
20220408,200,TOC,b_16,constant,14,c_15,D,27.60111473880597,NA,1
20220408,200,TOC,b_17,decreasing,7,c_05,E,34.224916387959865,NA,1
20220408,200,TOC,b_18,decreasing,7,c_04,E,41.47782608695651,NA,1
20220408,200,TOC,b_19,decreasing,14,c_12,E,25.130735785953174,NA,1
20220408,200,TOC,b_20,decreasing,10,c_09,E,22.533645484949826,NA,1
20220408,200,TOC,b_21,constant,10,c_07,F,34.48815298507462,NA,1
20220408,200,TOC,b_22,constant,10,c_10,F,62.70756063432835,NA,1
20220408,200,TOC,b_23,constant,7,c_04,F,61.05696828358209,NA,1
20220408,200,TOC,b_24,constant,14,c_13,F,34.52637593283581,NA,1
20220408,200,TOC,b_25,decreasing,7,c_03,G,19.2081939799331,NA,1
20220408,200,TOC,b_26,decreasing,14,c_15,G,28.641103678929756,NA,1
20220408,200,TOC,b_27,decreasing,10,c_10,G,38.86401337792642,NA,1
20220408,200,TOC,b_28,constant,10,c_09,H,32.16400652985073,NA,1
20220408,200,TOC,b_29,constant,14,c_12,H,28.89341417910446,NA,1
20220408,200,TOC,b_30,constant,7,c_01,H,37.3428218283582,NA,1
20220411,203,IC,b_01,constant,10,c_08,A,2.1,NA,1
20220411,203,IC,b_02,constant,7,c_02,A,2.595184235074627,NA,1
20220411,203,IC,b_03,constant,14,c_11,A,1.8603684701492536,NA,1
20220411,203,IC,b_04,constant,7,c_05,A,2.4455527052238804,NA,1
20220411,203,IC,b_05,decreasing,14,c_13,B,9.04,NA,1
20220411,203,IC,b_06,decreasing,14,c_11,B,8.195882107023412,NA,1
20220411,203,IC,b_07,decreasing,10,c_06,B,8.691764214046822,NA,1
20220411,203,IC,b_08,decreasing,7,c_01,B,10.357646321070234,NA,1
20220411,203,IC,b_09,decreasing,7,c_02,C,9.563528428093646,NA,1
20220411,203,IC,b_10,decreasing,10,c_07,C,9.609410535117057,NA,1
20220411,203,IC,b_11,decreasing,10,c_08,C,8.51529264214047,NA,1
20220411,203,IC,b_12,decreasing,14,c_14,C,8.601174749163878,NA,1
20220411,203,IC,b_13,constant,10,c_06,D,2.1122108208955224,NA,1
20220411,203,IC,b_14,constant,7,c_03,D,2.267395055970149,NA,1
20220411,203,IC,b_15,constant,14,c_14,D,1.9125792910447759,NA,1
20220411,203,IC,b_16,constant,14,c_15,D,1.7877635261194027,NA,1
20220411,203,IC,b_17,decreasing,7,c_05,E,4.460585284280937,NA,1
20220411,203,IC,b_18,decreasing,7,c_04,E,10.326467391304346,NA,1
20220411,203,IC,b_19,decreasing,14,c_12,E,8.902349498327759,NA,1
20220411,203,IC,b_20,decreasing,10,c_09,E,9.22823160535117,NA,1
20220411,203,IC,b_21,constant,10,c_07,F,2.5036847014925367,NA,1
20220411,203,IC,b_22,constant,10,c_10,F,1.958868936567164,NA,1
20220411,203,IC,b_23,constant,7,c_04,F,2.1140531716417907,NA,1
20220411,203,IC,b_24,constant,14,c_13,F,1.9792374067164173,NA,1
20220411,203,IC,b_25,decreasing,7,c_03,G,9.037642140468227,NA,1
20220411,203,IC,b_26,decreasing,14,c_15,G,8.023524247491638,NA,1
20220411,203,IC,b_27,decreasing,10,c_10,G,10.56940635451505,NA,1
20220411,203,IC,b_28,constant,10,c_09,H,2.259974347014925,NA,1
20220411,203,IC,b_29,constant,14,c_12,H,2.065158582089552,NA,1
20220411,203,IC,b_30,constant,7,c_01,H,2.580342817164179,NA,1
20220411,203,TC,b_01,constant,10,c_08,A,39.39,NA,1
20220411,203,TC,b_02,constant,7,c_02,A,54.86045942164179,NA,1
20220411,203,TC,b_03,constant,14,c_11,A,35.080918843283584,NA,1
20220411,203,TC,b_04,constant,7,c_05,A,31.471378264925377,NA,1
20220411,203,TC,b_05,decreasing,14,c_13,B,32.76,NA,1
20220411,203,TC,b_06,decreasing,14,c_11,B,34.19474080267558,NA,1
20220411,203,TC,b_07,decreasing,10,c_06,B,36.41948160535117,NA,1
20220411,203,TC,b_08,decreasing,7,c_01,B,36.364222408026755,NA,1
20220411,203,TC,b_09,decreasing,7,c_02,C,39.378963210702345,NA,1
20220411,203,TC,b_10,decreasing,10,c_07,C,34.61370401337793,NA,1
20220411,203,TC,b_11,decreasing,10,c_08,C,34.168444816053515,NA,1
20220411,203,TC,b_12,decreasing,14,c_14,C,34.0931856187291,NA,1
20220411,203,TC,b_13,constant,10,c_06,D,34.705513059701495,NA,1
20220411,203,TC,b_14,constant,7,c_03,D,35.83597248134329,NA,1
20220411,203,TC,b_15,constant,14,c_14,D,29.38643190298508,NA,1
20220411,203,TC,b_16,constant,14,c_15,D,28.496891324626866,NA,1
20220411,203,TC,b_17,decreasing,7,c_05,E,33.37688963210702,NA,1
20220411,203,TC,b_18,decreasing,7,c_04,E,52.35163043478261,NA,1
20220411,203,TC,b_19,decreasing,14,c_12,E,34.06637123745819,NA,1
20220411,203,TC,b_20,decreasing,10,c_09,E,31.801112040133773,NA,1
20220411,203,TC,b_21,constant,10,c_07,F,34.20918843283582,NA,1
20220411,203,TC,b_22,constant,10,c_10,F,62.80964785447761,NA,1
20220411,203,TC,b_23,constant,7,c_04,F,62.34010727611941,NA,1
20220411,203,TC,b_24,constant,14,c_13,F,35.6905666977612,NA,1
20220411,203,TC,b_25,decreasing,7,c_03,G,27.1948160535117,NA,1
20220411,203,TC,b_26,decreasing,14,c_15,G,30.619556856187288,NA,1
20220411,203,TC,b_27,decreasing,10,c_10,G,43.614297658862874,NA,1
20220411,203,TC,b_28,constant,10,c_09,H,32.752404384328365,NA,1
20220411,203,TC,b_29,constant,14,c_12,H,29.92286380597016,NA,1
20220411,203,TC,b_30,constant,7,c_01,H,38.65332322761194,NA,1
20220411,203,TN,b_01,constant,10,c_08,A,2.19,NA,1
20220411,203,TN,b_02,constant,7,c_02,A,3.315065298507463,NA,1
20220411,203,TN,b_03,constant,14,c_11,A,2.1401305970149256,NA,1
20220411,203,TN,b_04,constant,7,c_05,A,1.805195895522388,NA,1
20220411,203,TN,b_05,decreasing,14,c_13,B,2.03,NA,1
20220411,203,TN,b_06,decreasing,14,c_11,B,1.9342391304347826,NA,1
20220411,203,TN,b_07,decreasing,10,c_06,B,1.9584782608695652,NA,1
20220411,203,TN,b_08,decreasing,7,c_01,B,2.242717391304348,NA,1
20220411,203,TN,b_09,decreasing,7,c_02,C,2.2669565217391305,NA,1
20220411,203,TN,b_10,decreasing,10,c_07,C,2.071195652173913,NA,1
20220411,203,TN,b_11,decreasing,10,c_08,C,1.8154347826086956,NA,1
20220411,203,TN,b_12,decreasing,14,c_14,C,1.8196739130434783,NA,1
20220411,203,TN,b_13,constant,10,c_06,D,2.0307835820895526,NA,1
20220411,203,TN,b_14,constant,7,c_03,D,2.145848880597015,NA,1
20220411,203,TN,b_15,constant,14,c_14,D,1.8309141791044774,NA,1
20220411,203,TN,b_16,constant,14,c_15,D,1.7959794776119402,NA,1
20220411,203,TN,b_17,decreasing,7,c_05,E,1.7208695652173909,NA,1
20220411,203,TN,b_18,decreasing,7,c_04,E,2.9051086956521734,NA,1
20220411,203,TN,b_19,decreasing,14,c_12,E,1.9893478260869562,NA,1
20220411,203,TN,b_20,decreasing,10,c_09,E,1.943586956521739,NA,1
20220411,203,TN,b_21,constant,10,c_07,F,2.091305970149254,NA,1
20220411,203,TN,b_22,constant,10,c_10,F,3.526371268656716,NA,1
20220411,203,TN,b_23,constant,7,c_04,F,3.281436567164179,NA,1
20220411,203,TN,b_24,constant,14,c_13,F,2.076501865671642,NA,1
20220411,203,TN,b_25,decreasing,7,c_03,G,1.6447826086956518,NA,1
20220411,203,TN,b_26,decreasing,14,c_15,G,1.6290217391304345,NA,1
20220411,203,TN,b_27,decreasing,10,c_10,G,2.613260869565217,NA,1
20220411,203,TN,b_28,constant,10,c_09,H,2.1167630597014924,NA,1
20220411,203,TN,b_29,constant,14,c_12,H,1.8118283582089556,NA,1
20220411,203,TN,b_30,constant,7,c_01,H,2.3068936567164178,NA,1
20220411,203,TOC,b_01,constant,10,c_08,A,37.29,NA,1
20220411,203,TOC,b_02,constant,7,c_02,A,52.26527518656716,NA,1
20220411,203,TOC,b_03,constant,14,c_11,A,33.22055037313433,NA,1
20220411,203,TOC,b_04,constant,7,c_05,A,29.025825559701495,NA,1
20220411,203,TOC,b_05,decreasing,14,c_13,B,23.72,NA,1
20220411,203,TOC,b_06,decreasing,14,c_11,B,25.99885869565217,NA,1
20220411,203,TOC,b_07,decreasing,10,c_06,B,27.727717391304353,NA,1
20220411,203,TOC,b_08,decreasing,7,c_01,B,26.006576086956525,NA,1
20220411,203,TOC,b_09,decreasing,7,c_02,C,29.8154347826087,NA,1
20220411,203,TOC,b_10,decreasing,10,c_07,C,25.00429347826087,NA,1
20220411,203,TOC,b_11,decreasing,10,c_08,C,25.653152173913046,NA,1
20220411,203,TOC,b_12,decreasing,14,c_14,C,25.492010869565224,NA,1
20220411,203,TOC,b_13,constant,10,c_06,D,32.59330223880597,NA,1
20220411,203,TOC,b_14,constant,7,c_03,D,33.56857742537313,NA,1
20220411,203,TOC,b_15,constant,14,c_14,D,27.473852611940295,NA,1
20220411,203,TOC,b_16,constant,14,c_15,D,26.70912779850746,NA,1
20220411,203,TOC,b_17,decreasing,7,c_05,E,28.916304347826085,NA,1
20220411,203,TOC,b_18,decreasing,7,c_04,E,42.025163043478265,NA,1
20220411,203,TOC,b_19,decreasing,14,c_12,E,25.16402173913044,NA,1
20220411,203,TOC,b_20,decreasing,10,c_09,E,22.57288043478261,NA,1
20220411,203,TOC,b_21,constant,10,c_07,F,31.705503731343285,NA,1
20220411,203,TOC,b_22,constant,10,c_10,F,60.850778917910446,NA,1
20220411,203,TOC,b_23,constant,7,c_04,F,60.22605410447761,NA,1
20220411,203,TOC,b_24,constant,14,c_13,F,33.71132929104478,NA,1
20220411,203,TOC,b_25,decreasing,7,c_03,G,18.157173913043483,NA,1
20220411,203,TOC,b_26,decreasing,14,c_15,G,22.59603260869566,NA,1
20220411,203,TOC,b_27,decreasing,10,c_10,G,33.04489130434783,NA,1
20220411,203,TOC,b_28,constant,10,c_09,H,30.492430037313433,NA,1
20220411,203,TOC,b_29,constant,14,c_12,H,27.8577052238806,NA,1
20220411,203,TOC,b_30,constant,7,c_01,H,36.07298041044776,NA,1
20220413,205,IC,b_01,constant,10,c_08,A,2.32,NA,1
20220413,205,IC,b_02,constant,7,c_02,A,3.6198763992537315,NA,1
20220413,205,IC,b_03,constant,14,c_11,A,2.3797527985074627,NA,1
20220413,205,IC,b_04,constant,7,c_05,A,3.7496291977611937,NA,1
20220413,205,IC,b_05,decreasing,14,c_13,B,9.85,NA,1
20220413,205,IC,b_06,decreasing,14,c_11,B,8.76854933110368,NA,1
20220413,205,IC,b_07,decreasing,10,c_06,B,9.137098662207357,NA,1
20220413,205,IC,b_08,decreasing,7,c_01,B,10.635647993311037,NA,1
20220413,205,IC,b_09,decreasing,7,c_02,C,9.574197324414715,NA,1
20220413,205,IC,b_10,decreasing,10,c_07,C,9.602746655518395,NA,1
20220413,205,IC,b_11,decreasing,10,c_08,C,8.941295986622073,NA,1
20220413,205,IC,b_12,decreasing,14,c_14,C,9.169845317725752,NA,1
20220413,205,IC,b_13,constant,10,c_06,D,2.5385167910447763,NA,1
20220413,205,IC,b_14,constant,7,c_03,D,2.9883931902985075,NA,1
20220413,205,IC,b_15,constant,14,c_14,D,2.488269589552239,NA,1
20220413,205,IC,b_16,constant,14,c_15,D,2.4681459888059702,NA,1
20220413,205,IC,b_17,decreasing,7,c_05,E,7.382591973244146,NA,1
20220413,205,IC,b_18,decreasing,7,c_04,E,10.551141304347825,NA,1
20220413,205,IC,b_19,decreasing,14,c_12,E,9.539690635451505,NA,1
20220413,205,IC,b_20,decreasing,10,c_09,E,9.368239966555182,NA,1
20220413,205,IC,b_21,constant,10,c_07,F,3.4575279850746266,NA,1
20220413,205,IC,b_22,constant,10,c_10,F,3.007404384328358,NA,1
20220413,205,IC,b_23,constant,7,c_04,F,2.5772807835820895,NA,1
20220413,205,IC,b_24,constant,14,c_13,F,2.9571571828358203,NA,1
20220413,205,IC,b_25,decreasing,7,c_03,G,9.090986622073578,NA,1
20220413,205,IC,b_26,decreasing,14,c_15,G,8.159535953177256,NA,1
20220413,205,IC,b_27,decreasing,10,c_10,G,11.218085284280935,NA,1
20220413,205,IC,b_28,constant,10,c_09,H,2.526662779850746,NA,1
20220413,205,IC,b_29,constant,14,c_12,H,2.956539179104477,NA,1
20220413,205,IC,b_30,constant,7,c_01,H,3.2964155783582085,NA,1
20220413,205,TC,b_01,constant,10,c_08,A,39.68,NA,1
20220413,205,TC,b_02,constant,7,c_02,A,56.17968283582089,NA,1
20220413,205,TC,b_03,constant,14,c_11,A,35.31936567164179,NA,1
20220413,205,TC,b_04,constant,7,c_05,A,34.10904850746269,NA,1
20220413,205,TC,b_05,decreasing,14,c_13,B,32.14,NA,1
20220413,205,TC,b_06,decreasing,14,c_11,B,34.561521739130434,NA,1
20220413,205,TC,b_07,decreasing,10,c_06,B,36.203043478260874,NA,1
20220413,205,TC,b_08,decreasing,7,c_01,B,35.1545652173913,NA,1
20220413,205,TC,b_09,decreasing,7,c_02,C,40.20608695652174,NA,1
20220413,205,TC,b_10,decreasing,10,c_07,C,35.56760869565217,NA,1
20220413,205,TC,b_11,decreasing,10,c_08,C,35.45913043478261,NA,1
20220413,205,TC,b_12,decreasing,14,c_14,C,34.77065217391304,NA,1
20220413,205,TC,b_13,constant,10,c_06,D,34.06619402985075,NA,1
20220413,205,TC,b_14,constant,7,c_03,D,35.34587686567164,NA,1
20220413,205,TC,b_15,constant,14,c_14,D,30.19555970149254,NA,1
20220413,205,TC,b_16,constant,14,c_15,D,29.155242537313434,NA,1
20220413,205,TC,b_17,decreasing,7,c_05,E,34.55826086956521,NA,1
20220413,205,TC,b_18,decreasing,7,c_04,E,49.18978260869565,NA,1
20220413,205,TC,b_19,decreasing,14,c_12,E,33.98130434782608,NA,1
20220413,205,TC,b_20,decreasing,10,c_09,E,32.62282608695652,NA,1
20220413,205,TC,b_21,constant,10,c_07,F,37.113656716417914,NA,1
20220413,205,TC,b_22,constant,10,c_10,F,63.463339552238814,NA,1
20220413,205,TC,b_23,constant,7,c_04,F,61.65302238805972,NA,1
20220413,205,TC,b_24,constant,14,c_13,F,37.4327052238806,NA,1
20220413,205,TC,b_25,decreasing,7,c_03,G,28.220434782608688,NA,1
20220413,205,TC,b_26,decreasing,14,c_15,G,32.97195652173912,NA,1
20220413,205,TC,b_27,decreasing,10,c_10,G,41.153478260869555,NA,1
20220413,205,TC,b_28,constant,10,c_09,H,33.03143656716419,NA,1
20220413,205,TC,b_29,constant,14,c_12,H,31.311119402985085,NA,1
20220413,205,TC,b_30,constant,7,c_01,H,39.40080223880598,NA,1
20220413,205,TN,b_01,constant,10,c_08,A,2.13,NA,1
20220413,205,TN,b_02,constant,7,c_02,A,3.372525652985075,NA,1
20220413,205,TN,b_03,constant,14,c_11,A,2.055051305970149,NA,1
20220413,205,TN,b_04,constant,7,c_05,A,1.7875769589552237,NA,1
20220413,205,TN,b_05,decreasing,14,c_13,B,1.98,NA,1
20220413,205,TN,b_06,decreasing,14,c_11,B,1.8643770903010033,NA,1
20220413,205,TN,b_07,decreasing,10,c_06,B,1.9087541806020067,NA,1
20220413,205,TN,b_08,decreasing,7,c_01,B,2.2831312709030103,NA,1
20220413,205,TN,b_09,decreasing,7,c_02,C,2.3875083612040133,NA,1
20220413,205,TN,b_10,decreasing,10,c_07,C,2.1418854515050167,NA,1
20220413,205,TN,b_11,decreasing,10,c_08,C,1.7862625418060198,NA,1
20220413,205,TN,b_12,decreasing,14,c_14,C,1.7606396321070235,NA,1
20220413,205,TN,b_13,constant,10,c_06,D,1.8903078358208951,NA,1
20220413,205,TN,b_14,constant,7,c_03,D,2.10283348880597,NA,1
20220413,205,TN,b_15,constant,14,c_14,D,1.6853591417910443,NA,1
20220413,205,TN,b_16,constant,14,c_15,D,1.6178847947761192,NA,1
20220413,205,TN,b_17,decreasing,7,c_05,E,1.6125250836120404,NA,1
20220413,205,TN,b_18,decreasing,7,c_04,E,2.8369021739130433,NA,1
20220413,205,TN,b_19,decreasing,14,c_12,E,1.9112792642140466,NA,1
20220413,205,TN,b_20,decreasing,10,c_09,E,1.91565635451505,NA,1
20220413,205,TN,b_21,constant,10,c_07,F,2.110513059701492,NA,1
20220413,205,TN,b_22,constant,10,c_10,F,3.623038712686567,NA,1
20220413,205,TN,b_23,constant,7,c_04,F,3.2955643656716416,NA,1
20220413,205,TN,b_24,constant,14,c_13,F,2.1180900186567158,NA,1
20220413,205,TN,b_25,decreasing,7,c_03,G,1.587541806020067,NA,1
20220413,205,TN,b_26,decreasing,14,c_15,G,1.5819188963210704,NA,1
20220413,205,TN,b_27,decreasing,10,c_10,G,2.7462959866220737,NA,1
20220413,205,TN,b_28,constant,10,c_09,H,2.008192630597014,NA,1
20220413,205,TN,b_29,constant,14,c_12,H,1.750718283582089,NA,1
20220413,205,TN,b_30,constant,7,c_01,H,2.2132439365671632,NA,1
20220413,205,TOC,b_01,constant,10,c_08,A,37.36,NA,1
20220413,205,TOC,b_02,constant,7,c_02,A,52.559806436567165,NA,1
20220413,205,TOC,b_03,constant,14,c_11,A,32.93961287313433,NA,1
20220413,205,TOC,b_04,constant,7,c_05,A,30.359419309701494,NA,1
20220413,205,TOC,b_05,decreasing,14,c_13,B,22.29,NA,1
20220413,205,TOC,b_06,decreasing,14,c_11,B,25.792972408026756,NA,1
20220413,205,TOC,b_07,decreasing,10,c_06,B,27.065944816053516,NA,1
20220413,205,TOC,b_08,decreasing,7,c_01,B,24.51891722408027,NA,1
20220413,205,TOC,b_09,decreasing,7,c_02,C,30.631889632107026,NA,1
20220413,205,TOC,b_10,decreasing,10,c_07,C,25.964862040133777,NA,1
20220413,205,TOC,b_11,decreasing,10,c_08,C,26.517834448160535,NA,1
20220413,205,TOC,b_12,decreasing,14,c_14,C,25.60080685618729,NA,1
20220413,205,TOC,b_13,constant,10,c_06,D,31.527677238805964,NA,1
20220413,205,TOC,b_14,constant,7,c_03,D,32.357483675373125,NA,1
20220413,205,TOC,b_15,constant,14,c_14,D,27.707290111940296,NA,1
20220413,205,TOC,b_16,constant,14,c_15,D,26.687096548507455,NA,1
20220413,205,TOC,b_17,decreasing,7,c_05,E,27.175668896321067,NA,1
20220413,205,TOC,b_18,decreasing,7,c_04,E,38.63864130434783,NA,1
20220413,205,TOC,b_19,decreasing,14,c_12,E,24.44161371237458,NA,1
20220413,205,TOC,b_20,decreasing,10,c_09,E,23.25458612040134,NA,1
20220413,205,TOC,b_21,constant,10,c_07,F,33.65612873134327,NA,1
20220413,205,TOC,b_22,constant,10,c_10,F,60.45593516791044,NA,1
20220413,205,TOC,b_23,constant,7,c_04,F,59.07574160447761,NA,1
20220413,205,TOC,b_24,constant,14,c_13,F,34.47554804104477,NA,1
20220413,205,TOC,b_25,decreasing,7,c_03,G,19.129448160535112,NA,1
20220413,205,TOC,b_26,decreasing,14,c_15,G,24.81242056856187,NA,1
20220413,205,TOC,b_27,decreasing,10,c_10,G,29.935392976588627,NA,1
20220413,205,TOC,b_28,constant,10,c_09,H,30.504773787313425,NA,1
20220413,205,TOC,b_29,constant,14,c_12,H,28.35458022388059,NA,1
20220413,205,TOC,b_30,constant,7,c_01,H,36.10438666044775,NA,1
20220415,207,IC,b_01,constant,10,c_08,A,2.85,NA,1
20220415,207,IC,b_02,constant,7,c_02,A,3.552751677852349,NA,1
20220415,207,IC,b_03,constant,14,c_11,A,3.175503355704698,NA,1
20220415,207,IC,b_04,constant,7,c_05,A,2.908255033557047,NA,1
20220415,207,IC,b_05,decreasing,14,c_13,B,9.6,NA,1
20220415,207,IC,b_06,decreasing,14,c_11,B,8.658214285714285,NA,1
20220415,207,IC,b_07,decreasing,10,c_06,B,8.99642857142857,NA,1
20220415,207,IC,b_08,decreasing,7,c_01,B,10.944642857142858,NA,1
20220415,207,IC,b_09,decreasing,7,c_02,C,9.542857142857141,NA,1
20220415,207,IC,b_10,decreasing,10,c_07,C,10.381071428571428,NA,1
20220415,207,IC,b_11,decreasing,10,c_08,C,8.419285714285714,NA,1
20220415,207,IC,b_12,decreasing,14,c_14,C,9.3775,NA,1
20220415,207,IC,b_13,constant,10,c_06,D,2.9030201342281887,NA,1
20220415,207,IC,b_14,constant,7,c_03,D,3.5257718120805372,NA,1
20220415,207,IC,b_15,constant,14,c_14,D,2.9585234899328854,NA,1
20220415,207,IC,b_16,constant,14,c_15,D,3.111275167785235,NA,1
20220415,207,IC,b_18,decreasing,7,c_04,E,10.73,NA,1
20220415,207,IC,b_19,decreasing,14,c_12,E,9.601290322580645,NA,1
20220415,207,IC,b_20,decreasing,10,c_09,E,9.80258064516129,NA,1
20220415,207,IC,b_21,constant,10,c_07,F,5.75,NA,1
20220415,207,IC,b_22,constant,10,c_10,F,5.76431654676259,NA,1
20220415,207,IC,b_23,constant,7,c_04,F,5.048633093525179,NA,1
20220415,207,IC,b_24,constant,14,c_13,F,5.61294964028777,NA,1
20220415,207,IC,b_25,decreasing,7,c_03,G,9.079032258064517,NA,1
20220415,207,IC,b_26,decreasing,14,c_15,G,8.560322580645161,NA,1
20220415,207,IC,b_27,decreasing,10,c_10,G,11.941612903225806,NA,1
20220415,207,IC,b_28,constant,10,c_09,H,5.380215827338129,NA,1
20220415,207,IC,b_29,constant,14,c_12,H,5.504532374100719,NA,1
20220415,207,IC,b_30,constant,7,c_01,H,5.788848920863309,NA,1
20220415,207,TC,b_01,constant,10,c_08,A,43.07,NA,1
20220415,207,TC,b_02,constant,7,c_02,A,60.03993288590604,NA,1
20220415,207,TC,b_03,constant,14,c_11,A,39.819865771812076,NA,1
20220415,207,TC,b_04,constant,7,c_05,A,39.50979865771812,NA,1
20220415,207,TC,b_05,decreasing,14,c_13,B,34.1,NA,1
20220415,207,TC,b_06,decreasing,14,c_11,B,34.793263598326355,NA,1
20220415,207,TC,b_07,decreasing,10,c_06,B,36.176527196652714,NA,1
20220415,207,TC,b_08,decreasing,7,c_01,B,36.799790794979074,NA,1
20220415,207,TC,b_09,decreasing,7,c_02,C,41.15305439330543,NA,1
20220415,207,TC,b_10,decreasing,10,c_07,C,36.45631799163179,NA,1
20220415,207,TC,b_11,decreasing,10,c_08,C,33.34958158995815,NA,1
20220415,207,TC,b_12,decreasing,14,c_14,C,34.10284518828451,NA,1
20220415,207,TC,b_13,constant,10,c_06,D,47.349194630872475,NA,1
20220415,207,TC,b_14,constant,7,c_03,D,50.249127516778515,NA,1
20220415,207,TC,b_15,constant,14,c_14,D,44.28906040268456,NA,1
20220415,207,TC,b_16,constant,14,c_15,D,44.3689932885906,NA,1
20220415,207,TC,b_17,decreasing,7,c_05,E,35.99916317991631,NA,1
20220415,207,TC,b_18,decreasing,7,c_04,E,46.93,NA,1
20220415,207,TC,b_19,decreasing,14,c_12,E,34.69832258064516,NA,1
20220415,207,TC,b_20,decreasing,10,c_09,E,33.27664516129032,NA,1
20220415,207,TC,b_21,constant,10,c_07,F,48.85,NA,1
20220415,207,TC,b_22,constant,10,c_10,F,75.35714028776978,NA,1
20220415,207,TC,b_23,constant,7,c_04,F,75.89428057553957,NA,1
20220415,207,TC,b_24,constant,14,c_13,F,53.44142086330935,NA,1
20220415,207,TC,b_25,decreasing,7,c_03,G,32.29825806451613,NA,1
20220415,207,TC,b_26,decreasing,14,c_15,G,38.38658064516129,NA,1
20220415,207,TC,b_27,decreasing,10,c_10,G,44.604903225806446,NA,1
20220415,207,TC,b_28,constant,10,c_09,H,58.67998201438847,NA,1
20220415,207,TC,b_29,constant,14,c_12,H,58.287122302158245,NA,1
20220415,207,TC,b_30,constant,7,c_01,H,68.59426258992804,NA,1
20220415,207,TN,b_01,constant,10,c_08,A,2.25,NA,1
20220415,207,TN,b_02,constant,7,c_02,A,3.4801510067114094,NA,1
20220415,207,TN,b_03,constant,14,c_11,A,2.1303020134228188,NA,1
20220415,207,TN,b_04,constant,7,c_05,A,1.980453020134228,NA,1
20220415,207,TN,b_05,decreasing,14,c_13,B,2.12,NA,1
20220415,207,TN,b_06,decreasing,14,c_11,B,1.9538389121338908,NA,1
20220415,207,TN,b_07,decreasing,10,c_06,B,2.007677824267782,NA,1
20220415,207,TN,b_08,decreasing,7,c_01,B,2.4415167364016734,NA,1
20220415,207,TN,b_09,decreasing,7,c_02,C,2.575355648535565,NA,1
20220415,207,TN,b_10,decreasing,10,c_07,C,2.3691945606694556,NA,1
20220415,207,TN,b_11,decreasing,10,c_08,C,1.973033472803347,NA,1
20220415,207,TN,b_12,decreasing,14,c_14,C,2.0668723849372386,NA,1
20220415,207,TN,b_13,constant,10,c_06,D,2.5518120805369127,NA,1
20220415,207,TN,b_14,constant,7,c_03,D,2.781963087248322,NA,1
20220415,207,TN,b_15,constant,14,c_14,D,2.3921140939597314,NA,1
20220415,207,TN,b_16,constant,14,c_15,D,2.372265100671141,NA,1
20220415,207,TN,b_17,decreasing,7,c_05,E,2.126066945606694,NA,1
20220415,207,TN,b_18,decreasing,7,c_04,E,3.03,NA,1
20220415,207,TN,b_19,decreasing,14,c_12,E,2.2030967741935483,NA,1
20220415,207,TN,b_20,decreasing,10,c_09,E,2.1361935483870966,NA,1
20220415,207,TN,b_21,constant,10,c_07,F,2.82,NA,1
20220415,207,TN,b_22,constant,10,c_10,F,4.386618705035971,NA,1
20220415,207,TN,b_23,constant,7,c_04,F,4.183237410071942,NA,1
20220415,207,TN,b_24,constant,14,c_13,F,3.049856115107913,NA,1
20220415,207,TN,b_25,decreasing,7,c_03,G,1.9416774193548383,NA,1
20220415,207,TN,b_26,decreasing,14,c_15,G,2.0747741935483868,NA,1
20220415,207,TN,b_27,decreasing,10,c_10,G,3.2378709677419346,NA,1
20220415,207,TN,b_28,constant,10,c_09,H,3.4163309352517968,NA,1
20220415,207,TN,b_29,constant,14,c_12,H,3.2929496402877674,NA,1
20220415,207,TN,b_30,constant,7,c_01,H,3.9195683453237384,NA,1
20220415,207,TOC,b_01,constant,10,c_08,A,40.22,NA,1
20220415,207,TOC,b_02,constant,7,c_02,A,56.48718120805369,NA,1
20220415,207,TOC,b_03,constant,14,c_11,A,36.64436241610738,NA,1
20220415,207,TOC,b_04,constant,7,c_05,A,36.60154362416106,NA,1
20220415,207,TOC,b_05,decreasing,14,c_13,B,24.5,NA,1
20220415,207,TOC,b_06,decreasing,14,c_11,B,26.158928571428575,NA,1
20220415,207,TOC,b_07,decreasing,10,c_06,B,27.227857142857143,NA,1
20220415,207,TOC,b_08,decreasing,7,c_01,B,25.926785714285714,NA,1
20220415,207,TOC,b_09,decreasing,7,c_02,C,31.70571428571429,NA,1
20220415,207,TOC,b_10,decreasing,10,c_07,C,26.194642857142856,NA,1
20220415,207,TOC,b_11,decreasing,10,c_08,C,25.073571428571427,NA,1
20220415,207,TOC,b_12,decreasing,14,c_14,C,24.8925,NA,1
20220415,207,TOC,b_13,constant,10,c_06,D,44.446174496644275,NA,1
20220415,207,TOC,b_14,constant,7,c_03,D,46.723355704697966,NA,1
20220415,207,TOC,b_15,constant,14,c_14,D,41.330536912751654,NA,1
20220415,207,TOC,b_16,constant,14,c_15,D,41.25771812080535,NA,1
20220415,207,TOC,b_18,decreasing,7,c_04,E,36.2,NA,1
20220415,207,TOC,b_19,decreasing,14,c_12,E,25.097032258064516,NA,1
20220415,207,TOC,b_20,decreasing,10,c_09,E,23.474064516129033,NA,1
20220415,207,TOC,b_21,constant,10,c_07,F,43.1,NA,1
20220415,207,TOC,b_22,constant,10,c_10,F,69.5928237410072,NA,1
20220415,207,TOC,b_23,constant,7,c_04,F,70.84564748201439,NA,1
20220415,207,TOC,b_24,constant,14,c_13,F,47.82847122302157,NA,1
20220415,207,TOC,b_25,decreasing,7,c_03,G,23.21922580645161,NA,1
20220415,207,TOC,b_26,decreasing,14,c_15,G,29.82625806451613,NA,1
20220415,207,TOC,b_27,decreasing,10,c_10,G,32.663290322580636,NA,1
20220415,207,TOC,b_28,constant,10,c_09,H,53.29976618705033,NA,1
20220415,207,TOC,b_29,constant,14,c_12,H,52.78258992805752,NA,1
20220415,207,TOC,b_30,constant,7,c_01,H,62.805413669064706,NA,1
20220418,210,IC,b_01,constant,10,c_08,A,1.78,NA,1
20220418,210,IC,b_02,constant,7,c_02,A,3.0577192164179103,NA,1
20220418,210,IC,b_03,constant,14,c_11,A,1.5554384328358213,NA,1
20220418,210,IC,b_04,constant,7,c_05,A,2.233157649253731,NA,1
20220418,210,IC,b_05,decreasing,14,c_13,B,10.45,NA,1
20220418,210,IC,b_06,decreasing,14,c_11,B,9.53732441471572,NA,1
20220418,210,IC,b_07,decreasing,10,c_06,B,9.514648829431437,NA,1
20220418,210,IC,b_08,decreasing,7,c_01,B,11.501973244147155,NA,1
20220418,210,IC,b_09,decreasing,7,c_02,C,10.419297658862874,NA,1
20220418,210,IC,b_10,decreasing,10,c_07,C,10.416622073578596,NA,1
20220418,210,IC,b_11,decreasing,10,c_08,C,9.213946488294313,NA,1
20220418,210,IC,b_12,decreasing,14,c_14,C,9.381270903010032,NA,1
20220418,210,IC,b_13,constant,10,c_06,D,1.8226305970149252,NA,1
20220418,210,IC,b_14,constant,7,c_03,D,2.6503498134328365,NA,1
20220418,210,IC,b_15,constant,14,c_14,D,2.188069029850746,NA,1
20220418,210,IC,b_16,constant,14,c_15,D,1.735788246268657,NA,1
20220418,210,IC,b_17,decreasing,7,c_05,E,8.407892976588627,NA,1
20220418,210,IC,b_18,decreasing,7,c_04,E,11.045217391304346,NA,1
20220418,210,IC,b_19,decreasing,14,c_12,E,9.682541806020065,NA,1
20220418,210,IC,b_20,decreasing,10,c_09,E,10.009866220735786,NA,1
20220418,210,IC,b_21,constant,10,c_07,F,3.0743843283582097,NA,1
20220418,210,IC,b_22,constant,10,c_10,F,2.152103544776119,NA,1
20220418,210,IC,b_23,constant,7,c_04,F,2.329822761194029,NA,1
20220418,210,IC,b_24,constant,14,c_13,F,2.3675419776119404,NA,1
20220418,210,IC,b_25,decreasing,7,c_03,G,9.57648829431438,NA,1
20220418,210,IC,b_26,decreasing,14,c_15,G,8.563812709030099,NA,1
20220418,210,IC,b_27,decreasing,10,c_10,G,12.321137123745817,NA,1
20220418,210,IC,b_28,constant,10,c_09,H,1.998418843283583,NA,1
20220418,210,IC,b_29,constant,14,c_12,H,1.546138059701493,NA,1
20220418,210,IC,b_30,constant,7,c_01,H,2.3438572761194023,NA,1
20220418,210,TC,b_01,constant,10,c_08,A,37,NA,1
20220418,210,TC,b_02,constant,7,c_02,A,50.937658582089554,NA,1
20220418,210,TC,b_03,constant,14,c_11,A,30.905317164179102,NA,1
20220418,210,TC,b_04,constant,7,c_05,A,30.33297574626866,NA,1
20220418,210,TC,b_05,decreasing,14,c_13,B,28.88,NA,1
20220418,210,TC,b_06,decreasing,14,c_11,B,29.451270903010034,NA,1
20220418,210,TC,b_07,decreasing,10,c_06,B,30.962541806020067,NA,1
20220418,210,TC,b_08,decreasing,7,c_01,B,30.7138127090301,NA,1
20220418,210,TC,b_09,decreasing,7,c_02,C,36.09508361204013,NA,1
20220418,210,TC,b_10,decreasing,10,c_07,C,30.916354515050166,NA,1
20220418,210,TC,b_11,decreasing,10,c_08,C,30.1876254180602,NA,1
20220418,210,TC,b_12,decreasing,14,c_14,C,29.738896321070232,NA,1
20220418,210,TC,b_13,constant,10,c_06,D,29.881902985074632,NA,1
20220418,210,TC,b_14,constant,7,c_03,D,32.22956156716418,NA,1
20220418,210,TC,b_15,constant,14,c_14,D,25.747220149253735,NA,1
20220418,210,TC,b_16,constant,14,c_15,D,25.35487873134329,NA,1
20220418,210,TC,b_17,decreasing,7,c_05,E,29.8152508361204,NA,1
20220418,210,TC,b_18,decreasing,7,c_04,E,42.19652173913043,NA,1
20220418,210,TC,b_19,decreasing,14,c_12,E,29.237792642140466,NA,1
20220418,210,TC,b_20,decreasing,10,c_09,E,29.829063545150497,NA,1
20220418,210,TC,b_21,constant,10,c_07,F,33.17317164179105,NA,1
20220418,210,TC,b_22,constant,10,c_10,F,56.710830223880606,NA,1
20220418,210,TC,b_23,constant,7,c_04,F,55.87848880597015,NA,1
20220418,210,TC,b_24,constant,14,c_13,F,31.92614738805971,NA,1
20220418,210,TC,b_25,decreasing,7,c_03,G,25.955418060200664,NA,1
20220418,210,TC,b_26,decreasing,14,c_15,G,28.376688963210697,NA,1
20220418,210,TC,b_27,decreasing,10,c_10,G,34.82795986622074,NA,1
20220418,210,TC,b_28,constant,10,c_09,H,31.096781716417922,NA,1
20220418,210,TC,b_29,constant,14,c_12,H,28.164440298507472,NA,1
20220418,210,TC,b_30,constant,7,c_01,H,35.722098880597024,NA,1
20220418,210,TN,b_01,constant,10,c_08,A,2.13,NA,1
20220418,210,TN,b_02,constant,7,c_02,A,3.175587686567164,NA,1
20220418,210,TN,b_03,constant,14,c_11,A,1.971175373134328,NA,1
20220418,210,TN,b_04,constant,7,c_05,A,1.806763059701492,NA,1
20220418,210,TN,b_05,decreasing,14,c_13,B,1.92,NA,1
20220418,210,TN,b_06,decreasing,14,c_11,B,1.8403093645484951,NA,1
20220418,210,TN,b_07,decreasing,10,c_06,B,1.85061872909699,NA,1
20220418,210,TN,b_08,decreasing,7,c_01,B,2.060928093645485,NA,1
20220418,210,TN,b_09,decreasing,7,c_02,C,2.1512374581939797,NA,1
20220418,210,TN,b_10,decreasing,10,c_07,C,1.9415468227424748,NA,1
20220418,210,TN,b_11,decreasing,10,c_08,C,1.7718561872909697,NA,1
20220418,210,TN,b_12,decreasing,14,c_14,C,1.7721655518394648,NA,1
20220418,210,TN,b_13,constant,10,c_06,D,1.8470522388059694,NA,1
20220418,210,TN,b_14,constant,7,c_03,D,2.0126399253731337,NA,1
20220418,210,TN,b_15,constant,14,c_14,D,1.6482276119402979,NA,1
20220418,210,TN,b_16,constant,14,c_15,D,1.6238152985074623,NA,1
20220418,210,TN,b_17,decreasing,7,c_05,E,1.5637123745819397,NA,1
20220418,210,TN,b_18,decreasing,7,c_04,E,2.6040217391304346,NA,1
20220418,210,TN,b_19,decreasing,14,c_12,E,1.7243311036789297,NA,1
20220418,210,TN,b_20,decreasing,10,c_09,E,1.8046404682274249,NA,1
20220418,210,TN,b_21,constant,10,c_07,F,2.051753731343283,NA,1
20220418,210,TN,b_22,constant,10,c_10,F,3.4273414179104473,NA,1
20220418,210,TN,b_23,constant,7,c_04,F,3.202929104477611,NA,1
20220418,210,TN,b_24,constant,14,c_13,F,1.9285167910447756,NA,1
20220418,210,TN,b_25,decreasing,7,c_03,G,1.4661872909698996,NA,1
20220418,210,TN,b_26,decreasing,14,c_15,G,1.506496655518394,NA,1
20220418,210,TN,b_27,decreasing,10,c_10,G,2.696806020066889,NA,1
20220418,210,TN,b_28,constant,10,c_09,H,1.9708675373134321,NA,1
20220418,210,TN,b_29,constant,14,c_12,H,1.7564552238805966,NA,1
20220418,210,TN,b_30,constant,7,c_01,H,2.1920429104477606,NA,1
20220418,210,TOC,b_01,constant,10,c_08,A,35.22,NA,1
20220418,210,TOC,b_02,constant,7,c_02,A,47.87993936567164,NA,1
20220418,210,TOC,b_03,constant,14,c_11,A,29.34987873134328,NA,1
20220418,210,TOC,b_04,constant,7,c_05,A,28.099818097014925,NA,1
20220418,210,TOC,b_05,decreasing,14,c_13,B,18.43,NA,1
20220418,210,TOC,b_06,decreasing,14,c_11,B,19.913946488294314,NA,1
20220418,210,TOC,b_07,decreasing,10,c_06,B,21.44789297658863,NA,1
20220418,210,TOC,b_08,decreasing,7,c_01,B,19.211839464882942,NA,1
20220418,210,TOC,b_09,decreasing,7,c_02,C,25.675785953177254,NA,1
20220418,210,TOC,b_10,decreasing,10,c_07,C,20.499732441471572,NA,1
20220418,210,TOC,b_11,decreasing,10,c_08,C,20.973678929765885,NA,1
20220418,210,TOC,b_12,decreasing,14,c_14,C,20.357625418060195,NA,1
20220418,210,TOC,b_13,constant,10,c_06,D,28.059272388059696,NA,1
20220418,210,TOC,b_14,constant,7,c_03,D,29.579211753731343,NA,1
20220418,210,TOC,b_15,constant,14,c_14,D,23.559151119402983,NA,1
20220418,210,TOC,b_16,constant,14,c_15,D,23.619090485074622,NA,1
20220418,210,TOC,b_17,decreasing,7,c_05,E,21.407357859531768,NA,1
20220418,210,TOC,b_18,decreasing,7,c_04,E,31.151304347826088,NA,1
20220418,210,TOC,b_19,decreasing,14,c_12,E,19.555250836120397,NA,1
20220418,210,TOC,b_20,decreasing,10,c_09,E,19.819197324414713,NA,1
20220418,210,TOC,b_21,constant,10,c_07,F,30.09878731343283,NA,1
20220418,210,TOC,b_22,constant,10,c_10,F,54.55872667910447,NA,1
20220418,210,TOC,b_23,constant,7,c_04,F,53.54866604477611,NA,1
20220418,210,TOC,b_24,constant,14,c_13,F,29.558605410447754,NA,1
20220418,210,TOC,b_25,decreasing,7,c_03,G,16.37892976588628,NA,1
20220418,210,TOC,b_26,decreasing,14,c_15,G,19.812876254180598,NA,1
20220418,210,TOC,b_27,decreasing,10,c_10,G,22.506822742474913,NA,1
20220418,210,TOC,b_28,constant,10,c_09,H,29.09836287313432,NA,1
20220418,210,TOC,b_29,constant,14,c_12,H,26.618302238805967,NA,1
20220418,210,TOC,b_30,constant,7,c_01,H,33.3782416044776,NA,1
20220420,212,IC,b_01,constant,10,c_08,A,1.29,NA,1
20220420,212,IC,b_02,constant,7,c_02,A,2.6617350746268653,NA,1
20220420,212,IC,b_03,constant,14,c_11,A,1.9034701492537316,NA,1
20220420,212,IC,b_04,constant,7,c_05,A,2.135205223880597,NA,1
20220420,212,IC,b_05,decreasing,14,c_13,B,10.26,NA,1
20220420,212,IC,b_06,decreasing,14,c_11,B,8.660259197324415,NA,1
20220420,212,IC,b_07,decreasing,10,c_06,B,8.950518394648828,NA,1
20220420,212,IC,b_08,decreasing,7,c_01,B,11.200777591973242,NA,1
20220420,212,IC,b_09,decreasing,7,c_02,C,10.101036789297657,NA,1
20220420,212,IC,b_10,decreasing,10,c_07,C,10.691295986622073,NA,1
20220420,212,IC,b_11,decreasing,10,c_08,C,8.681555183946488,NA,1
20220420,212,IC,b_12,decreasing,14,c_14,C,8.961814381270901,NA,1
20220420,212,IC,b_13,constant,10,c_06,D,1.7608208955223885,NA,1
20220420,212,IC,b_14,constant,7,c_03,D,3.0925559701492538,NA,1
20220420,212,IC,b_15,constant,14,c_14,D,1.8242910447761194,NA,1
20220420,212,IC,b_16,constant,14,c_15,D,1.5160261194029858,NA,1
20220420,212,IC,b_17,decreasing,7,c_05,E,7.843110367892976,NA,1
20220420,212,IC,b_18,decreasing,7,c_04,E,10.54336956521739,NA,1
20220420,212,IC,b_19,decreasing,14,c_12,E,9.473628762541804,NA,1
20220420,212,IC,b_20,decreasing,10,c_09,E,9.793887959866218,NA,1
20220420,212,IC,b_21,constant,10,c_07,F,3.234701492537314,NA,1
20220420,212,IC,b_22,constant,10,c_10,F,2.0564365671641798,NA,1
20220420,212,IC,b_23,constant,7,c_04,F,2.168171641791045,NA,1
20220420,212,IC,b_24,constant,14,c_13,F,1.5899067164179104,NA,1
20220420,212,IC,b_25,decreasing,7,c_03,G,8.65518394648829,NA,1
20220420,212,IC,b_26,decreasing,14,c_15,G,7.885443143812706,NA,1
20220420,212,IC,b_27,decreasing,10,c_10,G,12.55570234113712,NA,1
20220420,212,IC,b_28,constant,10,c_09,H,2.1068470149253735,NA,1
20220420,212,IC,b_29,constant,14,c_12,H,1.48858208955224,NA,1
20220420,212,IC,b_30,constant,7,c_01,H,2.1103171641791056,NA,1
20220420,212,TC,b_01,constant,10,c_08,A,35.3,NA,1
20220420,212,TC,b_02,constant,7,c_02,A,49.99081389925373,NA,1
20220420,212,TC,b_03,constant,14,c_11,A,29.821627798507464,NA,1
20220420,212,TC,b_04,constant,7,c_05,A,28.17244169776119,NA,1
20220420,212,TC,b_05,decreasing,14,c_13,B,27.44,NA,1
20220420,212,TC,b_06,decreasing,14,c_11,B,26.07994565217391,NA,1
20220420,212,TC,b_07,decreasing,10,c_06,B,28.409891304347827,NA,1
20220420,212,TC,b_08,decreasing,7,c_01,B,29.71983695652174,NA,1
20220420,212,TC,b_09,decreasing,7,c_02,C,31.359782608695653,NA,1
20220420,212,TC,b_10,decreasing,10,c_07,C,28.799728260869568,NA,1
20220420,212,TC,b_11,decreasing,10,c_08,C,26.79967391304348,NA,1
20220420,212,TC,b_12,decreasing,14,c_14,C,26.499619565217394,NA,1
20220420,212,TC,b_13,constant,10,c_06,D,28.879766791044773,NA,1
20220420,212,TC,b_14,constant,7,c_03,D,31.140580690298506,NA,1
20220420,212,TC,b_15,constant,14,c_14,D,24.021394589552237,NA,1
20220420,212,TC,b_16,constant,14,c_15,D,23.302208488805967,NA,1
20220420,212,TC,b_17,decreasing,7,c_05,E,26.369347826086955,NA,1
20220420,212,TC,b_18,decreasing,7,c_04,E,39.70929347826087,NA,1
20220420,212,TC,b_19,decreasing,14,c_12,E,28.27923913043478,NA,1
20220420,212,TC,b_20,decreasing,10,c_09,E,27.589184782608694,NA,1
20220420,212,TC,b_21,constant,10,c_07,F,32.326277985074626,NA,1
20220420,212,TC,b_22,constant,10,c_10,F,55.55709188432836,NA,1
20220420,212,TC,b_23,constant,7,c_04,F,55.427905783582084,NA,1
20220420,212,TC,b_24,constant,14,c_13,F,32.09871968283582,NA,1
20220420,212,TC,b_25,decreasing,7,c_03,G,23.68891304347826,NA,1
20220420,212,TC,b_26,decreasing,14,c_15,G,25.668858695652172,NA,1
20220420,212,TC,b_27,decreasing,10,c_10,G,31.538804347826087,NA,1
20220420,212,TC,b_28,constant,10,c_09,H,28.69197527985075,NA,1
20220420,212,TC,b_29,constant,14,c_12,H,26.012789179104473,NA,1
20220420,212,TC,b_30,constant,7,c_01,H,34.103603078358205,NA,1
20220420,212,TN,b_01,constant,10,c_08,A,2.22,NA,1
20220420,212,TN,b_02,constant,7,c_02,A,3.244806436567164,NA,1
20220420,212,TN,b_03,constant,14,c_11,A,1.9996128731343283,NA,1
20220420,212,TN,b_04,constant,7,c_05,A,1.8044193097014924,NA,1
20220420,212,TN,b_05,decreasing,14,c_13,B,1.95,NA,1
20220420,212,TN,b_06,decreasing,14,c_11,B,1.7954891304347826,NA,1
20220420,212,TN,b_07,decreasing,10,c_06,B,1.8509782608695653,NA,1
20220420,212,TN,b_08,decreasing,7,c_01,B,2.126467391304348,NA,1
20220420,212,TN,b_09,decreasing,7,c_02,C,2.1319565217391307,NA,1
20220420,212,TN,b_10,decreasing,10,c_07,C,1.967445652173913,NA,1
20220420,212,TN,b_11,decreasing,10,c_08,C,1.7829347826086956,NA,1
20220420,212,TN,b_12,decreasing,14,c_14,C,1.7784239130434782,NA,1
20220420,212,TN,b_13,constant,10,c_06,D,1.9676772388059702,NA,1
20220420,212,TN,b_14,constant,7,c_03,D,2.0424836753731346,NA,1
20220420,212,TN,b_15,constant,14,c_14,D,1.6972901119402986,NA,1
20220420,212,TN,b_16,constant,14,c_15,D,1.702096548507463,NA,1
20220420,212,TN,b_17,decreasing,7,c_05,E,1.5158695652173917,NA,1
20220420,212,TN,b_18,decreasing,7,c_04,E,2.611358695652174,NA,1
20220420,212,TN,b_19,decreasing,14,c_12,E,1.7368478260869569,NA,1
20220420,212,TN,b_20,decreasing,10,c_09,E,1.7723369565217395,NA,1
20220420,212,TN,b_21,constant,10,c_07,F,2.1161287313432835,NA,1
20220420,212,TN,b_22,constant,10,c_10,F,3.520935167910448,NA,1
20220420,212,TN,b_23,constant,7,c_04,F,3.2957416044776124,NA,1
20220420,212,TN,b_24,constant,14,c_13,F,2.070548041044776,NA,1
20220420,212,TN,b_25,decreasing,7,c_03,G,1.4597826086956522,NA,1
20220420,212,TN,b_26,decreasing,14,c_15,G,1.4752717391304349,NA,1
20220420,212,TN,b_27,decreasing,10,c_10,G,2.780760869565217,NA,1
20220420,212,TN,b_28,constant,10,c_09,H,1.9897737873134331,NA,1
20220420,212,TN,b_29,constant,14,c_12,H,1.7145802238805974,NA,1
20220420,212,TN,b_30,constant,7,c_01,H,2.2693866604477613,NA,1
20220420,212,TOC,b_01,constant,10,c_08,A,34.01,NA,1
20220420,212,TOC,b_02,constant,7,c_02,A,47.32907882462687,NA,1
20220420,212,TOC,b_03,constant,14,c_11,A,27.918157649253736,NA,1
20220420,212,TOC,b_04,constant,7,c_05,A,26.037236473880597,NA,1
20220420,212,TOC,b_05,decreasing,14,c_13,B,17.18,NA,1
20220420,212,TOC,b_06,decreasing,14,c_11,B,17.419686454849497,NA,1
20220420,212,TOC,b_07,decreasing,10,c_06,B,19.459372909698995,NA,1
20220420,212,TOC,b_08,decreasing,7,c_01,B,18.519059364548493,NA,1
20220420,212,TOC,b_09,decreasing,7,c_02,C,21.25874581939799,NA,1
20220420,212,TOC,b_10,decreasing,10,c_07,C,18.10843227424749,NA,1
20220420,212,TOC,b_11,decreasing,10,c_08,C,18.118118729096988,NA,1
20220420,212,TOC,b_12,decreasing,14,c_14,C,17.53780518394649,NA,1
20220420,212,TOC,b_13,constant,10,c_06,D,27.118945895522387,NA,1
20220420,212,TOC,b_14,constant,7,c_03,D,28.048024720149257,NA,1
20220420,212,TOC,b_15,constant,14,c_14,D,22.197103544776123,NA,1
20220420,212,TOC,b_16,constant,14,c_15,D,21.786182369402987,NA,1
20220420,212,TOC,b_17,decreasing,7,c_05,E,18.526237458193975,NA,1
20220420,212,TOC,b_18,decreasing,7,c_04,E,29.165923913043475,NA,1
20220420,212,TOC,b_19,decreasing,14,c_12,E,18.805610367892974,NA,1
20220420,212,TOC,b_20,decreasing,10,c_09,E,17.795296822742472,NA,1
20220420,212,TOC,b_21,constant,10,c_07,F,29.091576492537314,NA,1
20220420,212,TOC,b_22,constant,10,c_10,F,53.50065531716418,NA,1
20220420,212,TOC,b_23,constant,7,c_04,F,53.25973414179104,NA,1
20220420,212,TOC,b_24,constant,14,c_13,F,30.508812966417906,NA,1
20220420,212,TOC,b_25,decreasing,7,c_03,G,15.033729096989962,NA,1
20220420,212,TOC,b_26,decreasing,14,c_15,G,17.783415551839457,NA,1
20220420,212,TOC,b_27,decreasing,10,c_10,G,18.98310200668896,NA,1
20220420,212,TOC,b_28,constant,10,c_09,H,26.58512826492538,NA,1
20220420,212,TOC,b_29,constant,14,c_12,H,24.52420708955224,NA,1
20220420,212,TOC,b_30,constant,7,c_01,H,31.99328591417911,NA,1
20220422,214,IC,b_01,constant,10,c_08,A,1.63,NA,1
20220422,214,IC,b_02,constant,7,c_02,A,2.8401585820895523,NA,1
20220422,214,IC,b_03,constant,14,c_11,A,1.9503171641791042,NA,1
20220422,214,IC,b_04,constant,7,c_05,A,2.2404757462686566,NA,1
20220422,214,IC,b_05,decreasing,14,c_13,B,10.95,NA,1
20220422,214,IC,b_06,decreasing,14,c_11,B,10.10627508361204,NA,1
20220422,214,IC,b_07,decreasing,10,c_06,B,10.26255016722408,NA,1
20220422,214,IC,b_08,decreasing,7,c_01,B,12.118825250836121,NA,1
20220422,214,IC,b_09,decreasing,7,c_02,C,10.95510033444816,NA,1
20220422,214,IC,b_10,decreasing,10,c_07,C,11.341375418060199,NA,1
20220422,214,IC,b_11,decreasing,10,c_08,C,9.78765050167224,NA,1
20220422,214,IC,b_12,decreasing,14,c_14,C,10.123925585284281,NA,1
20220422,214,IC,b_13,constant,10,c_06,D,2.091902985074627,NA,1
20220422,214,IC,b_14,constant,7,c_03,D,2.992061567164179,NA,1
20220422,214,IC,b_15,constant,14,c_14,D,1.962220149253731,NA,1
20220422,214,IC,b_16,constant,14,c_15,D,1.7623787313432837,NA,1
20220422,214,IC,b_17,decreasing,7,c_05,E,9.515301003344481,NA,1
20220422,214,IC,b_18,decreasing,7,c_04,E,11.941576086956522,NA,1
20220422,214,IC,b_19,decreasing,14,c_12,E,10.437851170568564,NA,1
20220422,214,IC,b_20,decreasing,10,c_09,E,10.854126254180603,NA,1
20220422,214,IC,b_21,constant,10,c_07,F,2.973171641791045,NA,1
20220422,214,IC,b_22,constant,10,c_10,F,2.4733302238805974,NA,1
20220422,214,IC,b_23,constant,7,c_04,F,2.343488805970149,NA,1
20220422,214,IC,b_24,constant,14,c_13,F,2.1336473880597016,NA,1
20220422,214,IC,b_25,decreasing,7,c_03,G,10.085501672240804,NA,1
20220422,214,IC,b_26,decreasing,14,c_15,G,9.381776755852844,NA,1
20220422,214,IC,b_27,decreasing,10,c_10,G,12.578051839464884,NA,1
20220422,214,IC,b_28,constant,10,c_09,H,2.2642817164179103,NA,1
20220422,214,IC,b_29,constant,14,c_12,H,1.5744402985074624,NA,1
20220422,214,IC,b_30,constant,7,c_01,H,2.2145988805970154,NA,1
20220422,214,TC,b_01,constant,10,c_08,A,39.26,NA,1
20220422,214,TC,b_02,constant,7,c_02,A,53.131378264925374,NA,1
20220422,214,TC,b_03,constant,14,c_11,A,33.17275652985075,NA,1
20220422,214,TC,b_04,constant,7,c_05,A,31.40413479477612,NA,1
20220422,214,TC,b_05,decreasing,14,c_13,B,31.75,NA,1
20220422,214,TC,b_06,decreasing,14,c_11,B,31.680367892976587,NA,1
20220422,214,TC,b_07,decreasing,10,c_06,B,32.88073578595317,NA,1
20220422,214,TC,b_08,decreasing,7,c_01,B,34.23110367892976,NA,1
20220422,214,TC,b_09,decreasing,7,c_02,C,36.49147157190635,NA,1
20220422,214,TC,b_10,decreasing,10,c_07,C,33.41183946488294,NA,1
20220422,214,TC,b_11,decreasing,10,c_08,C,33.17220735785953,NA,1
20220422,214,TC,b_12,decreasing,14,c_14,C,33.622575250836114,NA,1
20220422,214,TC,b_13,constant,10,c_06,D,33.636539179104474,NA,1
20220422,214,TC,b_14,constant,7,c_03,D,36.00791744402985,NA,1
20220422,214,TC,b_15,constant,14,c_14,D,28.339295708955227,NA,1
20220422,214,TC,b_16,constant,14,c_15,D,27.5506739738806,NA,1
20220422,214,TC,b_17,decreasing,7,c_05,E,30.264414715719056,NA,1
20220422,214,TC,b_18,decreasing,7,c_04,E,44.174782608695644,NA,1
20220422,214,TC,b_19,decreasing,14,c_12,E,33.50515050167223,NA,1
20220422,214,TC,b_20,decreasing,10,c_09,E,32.10551839464882,NA,1
20220422,214,TC,b_21,constant,10,c_07,F,35.227565298507464,NA,1
20220422,214,TC,b_22,constant,10,c_10,F,60.47894356343284,NA,1
20220422,214,TC,b_23,constant,7,c_04,F,60.730321828358214,NA,1
20220422,214,TC,b_24,constant,14,c_13,F,34.061700093283584,NA,1
20220422,214,TC,b_25,decreasing,7,c_03,G,28.667357859531766,NA,1
20220422,214,TC,b_26,decreasing,14,c_15,G,31.877725752508347,NA,1
20220422,214,TC,b_27,decreasing,10,c_10,G,35.998093645484936,NA,1
20220422,214,TC,b_28,constant,10,c_09,H,32.08721315298508,NA,1
20220422,214,TC,b_29,constant,14,c_12,H,28.898591417910453,NA,1
20220422,214,TC,b_30,constant,7,c_01,H,38.24996968283582,NA,1
20220422,214,TN,b_01,constant,10,c_08,A,2.33,NA,1
20220422,214,TN,b_02,constant,7,c_02,A,3.356714085820896,NA,1
20220422,214,TN,b_03,constant,14,c_11,A,2.1334281716417913,NA,1
20220422,214,TN,b_04,constant,7,c_05,A,1.9601422574626866,NA,1
20220422,214,TN,b_05,decreasing,14,c_13,B,2.1,NA,1
20220422,214,TN,b_06,decreasing,14,c_11,B,2.03253762541806,NA,1
20220422,214,TN,b_07,decreasing,10,c_06,B,2.0250752508361205,NA,1
20220422,214,TN,b_08,decreasing,7,c_01,B,2.3176128762541808,NA,1
20220422,214,TN,b_09,decreasing,7,c_02,C,2.3401505016722406,NA,1
20220422,214,TN,b_10,decreasing,10,c_07,C,2.1726881270903005,NA,1
20220422,214,TN,b_11,decreasing,10,c_08,C,2.015225752508361,NA,1
20220422,214,TN,b_12,decreasing,14,c_14,C,2.047763377926421,NA,1
20220422,214,TN,b_13,constant,10,c_06,D,2.0605690298507464,NA,1
20220422,214,TN,b_14,constant,7,c_03,D,2.277283115671642,NA,1
20220422,214,TN,b_15,constant,14,c_14,D,1.8739972014925375,NA,1
20220422,214,TN,b_16,constant,14,c_15,D,1.8607112873134328,NA,1
20220422,214,TN,b_17,decreasing,7,c_05,E,1.6504515050167223,NA,1
20220422,214,TN,b_18,decreasing,7,c_04,E,2.722989130434782,NA,1
20220422,214,TN,b_19,decreasing,14,c_12,E,1.9555267558528424,NA,1
20220422,214,TN,b_20,decreasing,10,c_09,E,1.9480643812709024,NA,1
20220422,214,TN,b_21,constant,10,c_07,F,2.2342817164179105,NA,1
20220422,214,TN,b_22,constant,10,c_10,F,3.5809958022388066,NA,1
20220422,214,TN,b_23,constant,7,c_04,F,3.4077098880597014,NA,1
20220422,214,TN,b_24,constant,14,c_13,F,2.1044239738805977,NA,1
20220422,214,TN,b_25,decreasing,7,c_03,G,1.6307525083612036,NA,1
20220422,214,TN,b_26,decreasing,14,c_15,G,1.7032901337792636,NA,1
20220422,214,TN,b_27,decreasing,10,c_10,G,3.015827759197324,NA,1
20220422,214,TN,b_28,constant,10,c_09,H,2.1412803171641794,NA,1
20220422,214,TN,b_29,constant,14,c_12,H,1.8679944029850746,NA,1
20220422,214,TN,b_30,constant,7,c_01,H,2.4547084888059705,NA,1
20220422,214,TOC,b_01,constant,10,c_08,A,37.629999999999995,NA,1
20220422,214,TOC,b_02,constant,7,c_02,A,50.291219682835816,NA,1
20220422,214,TOC,b_03,constant,14,c_11,A,31.22243936567164,NA,1
20220422,214,TOC,b_04,constant,7,c_05,A,29.163659048507466,NA,1
20220422,214,TOC,b_05,decreasing,14,c_13,B,20.8,NA,1
20220422,214,TOC,b_06,decreasing,14,c_11,B,21.57409280936455,NA,1
20220422,214,TOC,b_07,decreasing,10,c_06,B,22.618185618729097,NA,1
20220422,214,TOC,b_08,decreasing,7,c_01,B,22.112278428093646,NA,1
20220422,214,TOC,b_09,decreasing,7,c_02,C,25.536371237458198,NA,1
20220422,214,TOC,b_10,decreasing,10,c_07,C,22.070464046822746,NA,1
20220422,214,TOC,b_11,decreasing,10,c_08,C,23.384556856187288,NA,1
20220422,214,TOC,b_12,decreasing,14,c_14,C,23.498649665551838,NA,1
20220422,214,TOC,b_13,constant,10,c_06,D,31.54463619402985,NA,1
20220422,214,TOC,b_14,constant,7,c_03,D,33.01585587686567,NA,1
20220422,214,TOC,b_15,constant,14,c_14,D,26.37707555970149,NA,1
20220422,214,TOC,b_16,constant,14,c_15,D,25.78829524253731,NA,1
20220422,214,TOC,b_17,decreasing,7,c_05,E,20.74911371237458,NA,1
20220422,214,TOC,b_18,decreasing,7,c_04,E,32.233206521739135,NA,1
20220422,214,TOC,b_19,decreasing,14,c_12,E,23.067299331103673,NA,1
20220422,214,TOC,b_20,decreasing,10,c_09,E,21.251392140468223,NA,1
20220422,214,TOC,b_21,constant,10,c_07,F,32.25439365671642,NA,1
20220422,214,TOC,b_22,constant,10,c_10,F,58.005613339552234,NA,1
20220422,214,TOC,b_23,constant,7,c_04,F,58.38683302238805,NA,1
20220422,214,TOC,b_24,constant,14,c_13,F,31.928052705223884,NA,1
20220422,214,TOC,b_25,decreasing,7,c_03,G,18.581856187290967,NA,1
20220422,214,TOC,b_26,decreasing,14,c_15,G,22.49594899665551,NA,1
20220422,214,TOC,b_27,decreasing,10,c_10,G,23.420041806020063,NA,1
20220422,214,TOC,b_28,constant,10,c_09,H,29.822931436567167,NA,1
20220422,214,TOC,b_29,constant,14,c_12,H,27.324151119402984,NA,1
20220422,214,TOC,b_30,constant,7,c_01,H,36.0353708022388,NA,1
20220425,217,IC,b_01,constant,10,c_08,A,1.58,NA,1
20220425,217,IC,b_02,constant,7,c_02,A,1.7030643656716418,NA,1
20220425,217,IC,b_03,constant,14,c_11,A,1.3061287313432834,NA,1
20220425,217,IC,b_04,constant,7,c_05,A,1.3591930970149253,NA,1
20220425,217,IC,b_05,decreasing,14,c_13,B,8.51,NA,1
20220425,217,IC,b_06,decreasing,14,c_11,B,7.671634615384615,NA,1
20220425,217,IC,b_07,decreasing,10,c_06,B,7.923269230769231,NA,1
20220425,217,IC,b_08,decreasing,7,c_01,B,9.724903846153847,NA,1
20220425,217,IC,b_09,decreasing,7,c_02,C,8.436538461538461,NA,1
20220425,217,IC,b_10,decreasing,10,c_07,C,8.708173076923076,NA,1
20220425,217,IC,b_11,decreasing,10,c_08,C,6.989807692307693,NA,1
20220425,217,IC,b_12,decreasing,14,c_14,C,7.391442307692308,NA,1
20220425,217,IC,b_13,constant,10,c_06,D,1.296772388059701,NA,1
20220425,217,IC,b_14,constant,7,c_03,D,1.949836753731343,NA,1
20220425,217,IC,b_15,constant,14,c_14,D,1.6329011194029848,NA,1
20220425,217,IC,b_16,constant,14,c_15,D,1.2459654850746262,NA,1
20220425,217,IC,b_17,decreasing,7,c_05,E,7.139615384615384,NA,1
20220425,217,IC,b_18,decreasing,7,c_04,E,8.95125,NA,1
20220425,217,IC,b_19,decreasing,14,c_12,E,8.102884615384614,NA,1
20220425,217,IC,b_20,decreasing,10,c_09,E,8.094519230769231,NA,1
20220425,217,IC,b_21,constant,10,c_07,F,2.081287313432836,NA,1
20220425,217,IC,b_22,constant,10,c_10,F,1.7443516791044775,NA,1
20220425,217,IC,b_23,constant,7,c_04,F,1.5474160447761194,NA,1
20220425,217,IC,b_24,constant,14,c_13,F,1.6404804104477613,NA,1
20220425,217,IC,b_25,decreasing,7,c_03,G,7.932692307692307,NA,1
20220425,217,IC,b_26,decreasing,14,c_15,G,7.074326923076923,NA,1
20220425,217,IC,b_27,decreasing,10,c_10,G,9.825961538461536,NA,1
20220425,217,IC,b_28,constant,10,c_09,H,1.2327378731343281,NA,1
20220425,217,IC,b_29,constant,14,c_12,H,1.1958022388059697,NA,1
20220425,217,IC,b_30,constant,7,c_01,H,1.628866604477612,NA,1
20220425,217,TC,b_01,constant,10,c_08,A,38.59,NA,1
20220425,217,TC,b_02,constant,7,c_02,A,52.40507695895522,NA,1
20220425,217,TC,b_03,constant,14,c_11,A,33.390153917910446,NA,1
20220425,217,TC,b_04,constant,7,c_05,A,29.20523087686567,NA,1
20220425,217,TC,b_05,decreasing,14,c_13,B,28.94,NA,1
20220425,217,TC,b_06,decreasing,14,c_11,B,28.140108695652174,NA,1
20220425,217,TC,b_07,decreasing,10,c_06,B,30.760217391304344,NA,1
20220425,217,TC,b_08,decreasing,7,c_01,B,32.55032608695652,NA,1
20220425,217,TC,b_09,decreasing,7,c_02,C,33.420434782608694,NA,1
20220425,217,TC,b_10,decreasing,10,c_07,C,31.27054347826087,NA,1
20220425,217,TC,b_11,decreasing,10,c_08,C,28.72065217391304,NA,1
20220425,217,TC,b_12,decreasing,14,c_14,C,28.900760869565215,NA,1
20220425,217,TC,b_13,constant,10,c_06,D,30.53092350746269,NA,1
20220425,217,TC,b_14,constant,7,c_03,D,32.03600046641791,NA,1
20220425,217,TC,b_15,constant,14,c_14,D,26.061077425373135,NA,1
20220425,217,TC,b_16,constant,14,c_15,D,25.136154384328357,NA,1
20220425,217,TC,b_17,decreasing,7,c_05,E,27.321304347826086,NA,1
20220425,217,TC,b_18,decreasing,7,c_04,E,38.15141304347826,NA,1
20220425,217,TC,b_19,decreasing,14,c_12,E,29.63152173913043,NA,1
20220425,217,TC,b_20,decreasing,10,c_09,E,29.071630434782605,NA,1
20220425,217,TC,b_21,constant,10,c_07,F,33.811539179104486,NA,1
20220425,217,TC,b_22,constant,10,c_10,F,58.66661613805971,NA,1
20220425,217,TC,b_23,constant,7,c_04,F,58.271693097014925,NA,1
20220425,217,TC,b_24,constant,14,c_13,F,34.40677005597015,NA,1
20220425,217,TC,b_25,decreasing,7,c_03,G,27.122173913043472,NA,1
20220425,217,TC,b_26,decreasing,14,c_15,G,29.89228260869565,NA,1
20220425,217,TC,b_27,decreasing,10,c_10,G,32.49239130434782,NA,1
20220425,217,TC,b_28,constant,10,c_09,H,31.14707789179105,NA,1
20220425,217,TC,b_29,constant,14,c_12,H,28.762154850746278,NA,1
20220425,217,TC,b_30,constant,7,c_01,H,36.417231809701505,NA,1
20220425,217,TN,b_01,constant,10,c_08,A,2.25,NA,1
20220425,217,TN,b_02,constant,7,c_02,A,3.221142723880597,NA,1
20220425,217,TN,b_03,constant,14,c_11,A,2.122285447761194,NA,1
20220425,217,TN,b_04,constant,7,c_05,A,1.7634281716417912,NA,1
20220425,217,TN,b_05,decreasing,14,c_13,B,1.96,NA,1
20220425,217,TN,b_06,decreasing,14,c_11,B,1.8320025083612042,NA,1
20220425,217,TN,b_07,decreasing,10,c_06,B,1.884005016722408,NA,1
20220425,217,TN,b_08,decreasing,7,c_01,B,2.186007525083612,NA,1
20220425,217,TN,b_09,decreasing,7,c_02,C,2.1280100334448164,NA,1
20220425,217,TN,b_10,decreasing,10,c_07,C,1.97001254180602,NA,1
20220425,217,TN,b_11,decreasing,10,c_08,C,1.8520150501672241,NA,1
20220425,217,TN,b_12,decreasing,14,c_14,C,1.774017558528428,NA,1
20220425,217,TN,b_13,constant,10,c_06,D,1.9037126865671645,NA,1
20220425,217,TN,b_14,constant,7,c_03,D,2.0548554104477614,NA,1
20220425,217,TN,b_15,constant,14,c_14,D,1.6759981343283585,NA,1
20220425,217,TN,b_16,constant,14,c_15,D,1.6471408582089557,NA,1
20220425,217,TN,b_17,decreasing,7,c_05,E,1.474030100334448,NA,1
20220425,217,TN,b_18,decreasing,7,c_04,E,2.436032608695652,NA,1
20220425,217,TN,b_19,decreasing,14,c_12,E,1.7080351170568562,NA,1
20220425,217,TN,b_20,decreasing,10,c_09,E,1.73003762541806,NA,1
20220425,217,TN,b_21,constant,10,c_07,F,2.0928544776119407,NA,1
20220425,217,TN,b_22,constant,10,c_10,F,3.543997201492538,NA,1
20220425,217,TN,b_23,constant,7,c_04,F,3.3251399253731346,NA,1
20220425,217,TN,b_24,constant,14,c_13,F,2.076282649253732,NA,1
20220425,217,TN,b_25,decreasing,7,c_03,G,1.52005016722408,NA,1
20220425,217,TN,b_26,decreasing,14,c_15,G,1.622052675585284,NA,1
20220425,217,TN,b_27,decreasing,10,c_10,G,2.7840551839464887,NA,1
20220425,217,TN,b_28,constant,10,c_09,H,2.0608535447761196,NA,1
20220425,217,TN,b_29,constant,14,c_12,H,1.8019962686567168,NA,1
20220425,217,TN,b_30,constant,7,c_01,H,2.183138992537314,NA,1
20220425,217,TOC,b_01,constant,10,c_08,A,37.010000000000005,NA,1
20220425,217,TOC,b_02,constant,7,c_02,A,50.702012593283584,NA,1
20220425,217,TOC,b_03,constant,14,c_11,A,32.08402518656717,NA,1
20220425,217,TOC,b_04,constant,7,c_05,A,27.84603777985075,NA,1
20220425,217,TOC,b_05,decreasing,14,c_13,B,20.43,NA,1
20220425,217,TOC,b_06,decreasing,14,c_11,B,20.46847408026756,NA,1
20220425,217,TOC,b_07,decreasing,10,c_06,B,22.83694816053512,NA,1
20220425,217,TOC,b_08,decreasing,7,c_01,B,22.82542224080268,NA,1
20220425,217,TOC,b_09,decreasing,7,c_02,C,24.98389632107023,NA,1
20220425,217,TOC,b_10,decreasing,10,c_07,C,22.562370401337795,NA,1
20220425,217,TOC,b_11,decreasing,10,c_08,C,21.730844481605352,NA,1
20220425,217,TOC,b_12,decreasing,14,c_14,C,21.50931856187291,NA,1
20220425,217,TOC,b_13,constant,10,c_06,D,29.23415111940298,NA,1
20220425,217,TOC,b_14,constant,7,c_03,D,30.08616371268657,NA,1
20220425,217,TOC,b_15,constant,14,c_14,D,24.428176305970148,NA,1
20220425,217,TOC,b_16,constant,14,c_15,D,23.890188899253733,NA,1
20220425,217,TOC,b_17,decreasing,7,c_05,E,20.181688963210703,NA,1
20220425,217,TOC,b_18,decreasing,7,c_04,E,29.20016304347826,NA,1
20220425,217,TOC,b_19,decreasing,14,c_12,E,21.52863712374582,NA,1
20220425,217,TOC,b_20,decreasing,10,c_09,E,20.977111204013376,NA,1
20220425,217,TOC,b_21,constant,10,c_07,F,31.730251865671647,NA,1
20220425,217,TOC,b_22,constant,10,c_10,F,56.92226445895523,NA,1
20220425,217,TOC,b_23,constant,7,c_04,F,56.724277052238804,NA,1
20220425,217,TOC,b_24,constant,14,c_13,F,32.766289645522384,NA,1
20220425,217,TOC,b_25,decreasing,7,c_03,G,19.189481605351173,NA,1
20220425,217,TOC,b_26,decreasing,14,c_15,G,22.81795568561873,NA,1
20220425,217,TOC,b_27,decreasing,10,c_10,G,22.66642976588629,NA,1
20220425,217,TOC,b_28,constant,10,c_09,H,29.914340018656716,NA,1
20220425,217,TOC,b_29,constant,14,c_12,H,27.566352611940296,NA,1
20220425,217,TOC,b_30,constant,7,c_01,H,34.78836520522388,NA,1
20220427,219,IC,b_01,constant,10,c_08,A,1.95,NA,1
20220427,219,IC,b_02,constant,7,c_02,A,2.9690904850746267,NA,1
20220427,219,IC,b_03,constant,14,c_11,A,1.3181809701492537,NA,1
20220427,219,IC,b_04,constant,7,c_05,A,2.1472714552238803,NA,1
20220427,219,IC,b_05,decreasing,14,c_13,B,10.94,NA,1
20220427,219,IC,b_06,decreasing,14,c_11,B,9.531835284280938,NA,1
20220427,219,IC,b_07,decreasing,10,c_06,B,9.503670568561875,NA,1
20220427,219,IC,b_08,decreasing,7,c_01,B,12.43550585284281,NA,1
20220427,219,IC,b_09,decreasing,7,c_02,C,11.057341137123748,NA,1
20220427,219,IC,b_10,decreasing,10,c_07,C,11.729176421404683,NA,1
20220427,219,IC,b_11,decreasing,10,c_08,C,9.68101170568562,NA,1
20220427,219,IC,b_12,decreasing,14,c_14,C,9.892846989966557,NA,1
20220427,219,IC,b_13,constant,10,c_06,D,1.299085820895523,NA,1
20220427,219,IC,b_14,constant,7,c_03,D,3.1781763059701493,NA,1
20220427,219,IC,b_15,constant,14,c_14,D,1.6572667910447763,NA,1
20220427,219,IC,b_16,constant,14,c_15,D,1.206357276119403,NA,1
20220427,219,IC,b_17,decreasing,7,c_05,E,8.85202341137124,NA,1
20220427,219,IC,b_18,decreasing,7,c_04,E,11.683858695652177,NA,1
20220427,219,IC,b_19,decreasing,14,c_12,E,10.675693979933113,NA,1
20220427,219,IC,b_20,decreasing,10,c_09,E,10.787529264214049,NA,1
20220427,219,IC,b_21,constant,10,c_07,F,3.281809701492538,NA,1
20220427,219,IC,b_22,constant,10,c_10,F,1.8709001865671642,NA,1
20220427,219,IC,b_23,constant,7,c_04,F,1.6599906716417916,NA,1
20220427,219,IC,b_24,constant,14,c_13,F,0.8590811567164183,NA,1
20220427,219,IC,b_25,decreasing,7,c_03,G,10.116705685618731,NA,1
20220427,219,IC,b_26,decreasing,14,c_15,G,8.94854096989967,NA,1
20220427,219,IC,b_27,decreasing,10,c_10,G,12.490376254180605,NA,1
20220427,219,IC,b_28,constant,10,c_09,H,2.2954430970149264,NA,1
20220427,219,IC,b_29,constant,14,c_12,H,1.2245335820895527,NA,1
20220427,219,IC,b_30,constant,7,c_01,H,3.2936240671641803,NA,1
20220427,219,TC,b_01,constant,10,c_08,A,39.29,NA,1
20220427,219,TC,b_02,constant,7,c_02,A,51.751515858208954,NA,1
20220427,219,TC,b_03,constant,14,c_11,A,30.943031716417913,NA,1
20220427,219,TC,b_04,constant,7,c_05,A,30.624547574626867,NA,1
20220427,219,TC,b_05,decreasing,14,c_13,B,28.12,NA,1
20220427,219,TC,b_06,decreasing,14,c_11,B,29.572136287625415,NA,1
20220427,219,TC,b_07,decreasing,10,c_06,B,31.434272575250834,NA,1
20220427,219,TC,b_08,decreasing,7,c_01,B,31.516408862876254,NA,1
20220427,219,TC,b_09,decreasing,7,c_02,C,34.57854515050167,NA,1
20220427,219,TC,b_10,decreasing,10,c_07,C,31.66068143812709,NA,1
20220427,219,TC,b_11,decreasing,10,c_08,C,31.972817725752503,NA,1
20220427,219,TC,b_12,decreasing,14,c_14,C,31.774954013377926,NA,1
20220427,219,TC,b_13,constant,10,c_06,D,31.898190298507465,NA,1
20220427,219,TC,b_14,constant,7,c_03,D,33.88970615671642,NA,1
20220427,219,TC,b_15,constant,14,c_14,D,27.871222014925372,NA,1
20220427,219,TC,b_16,constant,14,c_15,D,27.68273787313433,NA,1
20220427,219,TC,b_17,decreasing,7,c_05,E,28.73563545150501,NA,1
20220427,219,TC,b_18,decreasing,7,c_04,E,38.397771739130434,NA,1
20220427,219,TC,b_19,decreasing,14,c_12,E,32.31990802675585,NA,1
20220427,219,TC,b_20,decreasing,10,c_09,E,30.392044314381266,NA,1
20220427,219,TC,b_21,constant,10,c_07,F,33.71031716417911,NA,1
20220427,219,TC,b_22,constant,10,c_10,F,57.26183302238807,NA,1
20220427,219,TC,b_23,constant,7,c_04,F,57.403348880597015,NA,1
20220427,219,TC,b_24,constant,14,c_13,F,33.12486473880597,NA,1
20220427,219,TC,b_25,decreasing,7,c_03,G,28.312725752508353,NA,1
20220427,219,TC,b_26,decreasing,14,c_15,G,31.03486204013377,NA,1
20220427,219,TC,b_27,decreasing,10,c_10,G,31.08699832775919,NA,1
20220427,219,TC,b_28,constant,10,c_09,H,31.7709281716418,NA,1
20220427,219,TC,b_29,constant,14,c_12,H,27.912444029850747,NA,1
20220427,219,TC,b_30,constant,7,c_01,H,38.313959888059706,NA,1
20220427,219,TN,b_01,constant,10,c_08,A,2.39,NA,1
20220427,219,TN,b_02,constant,7,c_02,A,3.417084888059702,NA,1
20220427,219,TN,b_03,constant,14,c_11,A,2.0341697761194033,NA,1
20220427,219,TN,b_04,constant,7,c_05,A,1.8612546641791048,NA,1
20220427,219,TN,b_05,decreasing,14,c_13,B,2.05,NA,1
20220427,219,TN,b_06,decreasing,14,c_11,B,1.875982441471572,NA,1
20220427,219,TN,b_07,decreasing,10,c_06,B,1.9519648829431437,NA,1
20220427,219,TN,b_08,decreasing,7,c_01,B,2.307947324414716,NA,1
20220427,219,TN,b_09,decreasing,7,c_02,C,2.3639297658862874,NA,1
20220427,219,TN,b_10,decreasing,10,c_07,C,2.0899122073578598,NA,1
20220427,219,TN,b_11,decreasing,10,c_08,C,1.9158946488294313,NA,1
20220427,219,TN,b_12,decreasing,14,c_14,C,1.7918770903010033,NA,1
20220427,219,TN,b_13,constant,10,c_06,D,1.955018656716418,NA,1
20220427,219,TN,b_14,constant,7,c_03,D,2.1921035447761197,NA,1
20220427,219,TN,b_15,constant,14,c_14,D,1.7391884328358214,NA,1
20220427,219,TN,b_16,constant,14,c_15,D,1.7762733208955224,NA,1
20220427,219,TN,b_17,decreasing,7,c_05,E,1.561789297658863,NA,1
20220427,219,TN,b_18,decreasing,7,c_04,E,2.5377717391304353,NA,1
20220427,219,TN,b_19,decreasing,14,c_12,E,1.9537541806020067,NA,1
20220427,219,TN,b_20,decreasing,10,c_09,E,1.8797366220735787,NA,1
20220427,219,TN,b_21,constant,10,c_07,F,2.1416977611940298,NA,1
20220427,219,TN,b_22,constant,10,c_10,F,3.618782649253731,NA,1
20220427,219,TN,b_23,constant,7,c_04,F,3.285867537313433,NA,1
20220427,219,TN,b_24,constant,14,c_13,F,2.1229524253731342,NA,1
20220427,219,TN,b_25,decreasing,7,c_03,G,1.649648829431438,NA,1
20220427,219,TN,b_26,decreasing,14,c_15,G,1.60563127090301,NA,1
20220427,219,TN,b_27,decreasing,10,c_10,G,2.881613712374582,NA,1
20220427,219,TN,b_28,constant,10,c_09,H,2.1112919776119408,NA,1
20220427,219,TN,b_29,constant,14,c_12,H,1.888376865671642,NA,1
20220427,219,TN,b_30,constant,7,c_01,H,2.4154617537313436,NA,1
20220427,219,TOC,b_01,constant,10,c_08,A,37.339999999999996,NA,1
20220427,219,TOC,b_02,constant,7,c_02,A,48.78242537313433,NA,1
20220427,219,TOC,b_03,constant,14,c_11,A,29.624850746268656,NA,1
20220427,219,TOC,b_04,constant,7,c_05,A,28.47727611940298,NA,1
20220427,219,TOC,b_05,decreasing,14,c_13,B,17.18,NA,1
20220427,219,TOC,b_06,decreasing,14,c_11,B,20.040301003344478,NA,1
20220427,219,TOC,b_07,decreasing,10,c_06,B,21.93060200668896,NA,1
20220427,219,TOC,b_08,decreasing,7,c_01,B,19.080903010033442,NA,1
20220427,219,TOC,b_09,decreasing,7,c_02,C,23.521204013377925,NA,1
20220427,219,TOC,b_10,decreasing,10,c_07,C,19.931505016722408,NA,1
20220427,219,TOC,b_11,decreasing,10,c_08,C,22.291806020066886,NA,1
20220427,219,TOC,b_12,decreasing,14,c_14,C,21.88210702341137,NA,1
20220427,219,TOC,b_13,constant,10,c_06,D,30.599104477611938,NA,1
20220427,219,TOC,b_14,constant,7,c_03,D,30.711529850746274,NA,1
20220427,219,TOC,b_15,constant,14,c_14,D,26.21395522388059,NA,1
20220427,219,TOC,b_16,constant,14,c_15,D,26.476380597014924,NA,1
20220427,219,TOC,b_17,decreasing,7,c_05,E,19.883612040133773,NA,1
20220427,219,TOC,b_18,decreasing,7,c_04,E,26.713913043478257,NA,1
20220427,219,TOC,b_19,decreasing,14,c_12,E,21.64421404682274,NA,1
20220427,219,TOC,b_20,decreasing,10,c_09,E,19.60451505016722,NA,1
20220427,219,TOC,b_21,constant,10,c_07,F,30.42850746268656,NA,1
20220427,219,TOC,b_22,constant,10,c_10,F,55.3909328358209,NA,1
20220427,219,TOC,b_23,constant,7,c_04,F,55.743358208955215,NA,1
20220427,219,TOC,b_24,constant,14,c_13,F,32.26578358208955,NA,1
20220427,219,TOC,b_25,decreasing,7,c_03,G,18.196020066889623,NA,1
20220427,219,TOC,b_26,decreasing,14,c_15,G,22.08632107023411,NA,1
20220427,219,TOC,b_27,decreasing,10,c_10,G,18.596622073578587,NA,1
20220427,219,TOC,b_28,constant,10,c_09,H,29.475485074626867,NA,1
20220427,219,TOC,b_29,constant,14,c_12,H,26.687910447761183,NA,1
20220427,219,TOC,b_30,constant,7,c_01,H,35.02033582089552,NA,1
20220429,221,IC,b_01,constant,10,c_08,A,2.35,NA,1
20220429,221,IC,b_02,constant,7,c_02,A,2.6425862873134327,NA,1
20220429,221,IC,b_03,constant,14,c_11,A,2.1051725746268652,NA,1
20220429,221,IC,b_04,constant,7,c_05,A,2.167758861940298,NA,1
20220429,221,IC,b_05,decreasing,14,c_13,B,11.49,NA,1
20220429,221,IC,b_06,decreasing,14,c_11,B,10.100179765886287,NA,1
20220429,221,IC,b_07,decreasing,10,c_06,B,9.790359531772575,NA,1
20220429,221,IC,b_08,decreasing,7,c_01,B,12.400539297658863,NA,1
20220429,221,IC,b_09,decreasing,7,c_02,C,11.52071906354515,NA,1
20220429,221,IC,b_10,decreasing,10,c_07,C,11.580898829431439,NA,1
20220429,221,IC,b_11,decreasing,10,c_08,C,9.671078595317725,NA,1
20220429,221,IC,b_12,decreasing,14,c_14,C,10.251258361204012,NA,1
20220429,221,IC,b_13,constant,10,c_06,D,2.0010354477611934,NA,1
20220429,221,IC,b_14,constant,7,c_03,D,2.8036217350746266,NA,1
20220429,221,IC,b_15,constant,14,c_14,D,2.2562080223880594,NA,1
20220429,221,IC,b_16,constant,14,c_15,D,2.168794309701492,NA,1
20220429,221,IC,b_17,decreasing,7,c_05,E,9.99215719063545,NA,1
20220429,221,IC,b_18,decreasing,7,c_04,E,12.002336956521736,NA,1
20220429,221,IC,b_19,decreasing,14,c_12,E,11.022516722408024,NA,1
20220429,221,IC,b_20,decreasing,10,c_09,E,11.042696488294311,NA,1
20220429,221,IC,b_21,constant,10,c_07,F,2.961725746268656,NA,1
20220429,221,IC,b_22,constant,10,c_10,F,2.5043120335820888,NA,1
20220429,221,IC,b_23,constant,7,c_04,F,2.7568983208955213,NA,1
20220429,221,IC,b_24,constant,14,c_13,F,2.1094846082089544,NA,1
20220429,221,IC,b_25,decreasing,7,c_03,G,10.70359531772575,NA,1
20220429,221,IC,b_26,decreasing,14,c_15,G,9.483775083612036,NA,1
20220429,221,IC,b_27,decreasing,10,c_10,G,12.193954849498324,NA,1
20220429,221,IC,b_28,constant,10,c_09,H,2.1198297574626856,NA,1
20220429,221,IC,b_29,constant,14,c_12,H,1.8724160447761191,NA,1
20220429,221,IC,b_30,constant,7,c_01,H,2.535002332089552,NA,1
20220429,221,TC,b_01,constant,10,c_08,A,37.31,NA,1
20220429,221,TC,b_02,constant,7,c_02,A,51.02644822761194,NA,1
20220429,221,TC,b_03,constant,14,c_11,A,31.192896455223874,NA,1
20220429,221,TC,b_04,constant,7,c_05,A,30.219344682835814,NA,1
20220429,221,TC,b_05,decreasing,14,c_13,B,28.15,NA,1
20220429,221,TC,b_06,decreasing,14,c_11,B,27.1888127090301,NA,1
20220429,221,TC,b_07,decreasing,10,c_06,B,29.6376254180602,NA,1
20220429,221,TC,b_08,decreasing,7,c_01,B,30.4364381270903,NA,1
20220429,221,TC,b_09,decreasing,7,c_02,C,31.7852508361204,NA,1
20220429,221,TC,b_10,decreasing,10,c_07,C,29.7740635451505,NA,1
20220429,221,TC,b_11,decreasing,10,c_08,C,30.1228762541806,NA,1
20220429,221,TC,b_12,decreasing,14,c_14,C,30.5016889632107,NA,1
20220429,221,TC,b_13,constant,10,c_06,D,31.377378731343278,NA,1
20220429,221,TC,b_14,constant,7,c_03,D,31.91382695895522,NA,1
20220429,221,TC,b_15,constant,14,c_14,D,26.830275186567157,NA,1
20220429,221,TC,b_16,constant,14,c_15,D,26.086723414179097,NA,1
20220429,221,TC,b_17,decreasing,7,c_05,E,28.815752508361204,NA,1
20220429,221,TC,b_18,decreasing,7,c_04,E,35.2445652173913,NA,1
20220429,221,TC,b_19,decreasing,14,c_12,E,29.783377926421405,NA,1
20220429,221,TC,b_20,decreasing,10,c_09,E,28.932190635451505,NA,1
20220429,221,TC,b_21,constant,10,c_07,F,34.3489645522388,NA,1
20220429,221,TC,b_22,constant,10,c_10,F,57.685412779850736,NA,1
20220429,221,TC,b_23,constant,7,c_04,F,54.671861007462674,NA,1
20220429,221,TC,b_24,constant,14,c_13,F,33.22830923507462,NA,1
20220429,221,TC,b_25,decreasing,7,c_03,G,26.486254180602003,NA,1
20220429,221,TC,b_26,decreasing,14,c_15,G,30.685066889632104,NA,1
20220429,221,TC,b_27,decreasing,10,c_10,G,29.123879598662203,NA,1
20220429,221,TC,b_28,constant,10,c_09,H,30.76410214552238,NA,1
20220429,221,TC,b_29,constant,14,c_12,H,28.180550373134317,NA,1
20220429,221,TC,b_30,constant,7,c_01,H,36.096998600746254,NA,1
20220429,221,TN,b_01,constant,10,c_08,A,2.18,NA,1
20220429,221,TN,b_02,constant,7,c_02,A,3.3499463619402983,NA,1
20220429,221,TN,b_03,constant,14,c_11,A,1.9598927238805968,NA,1
20220429,221,TN,b_04,constant,7,c_05,A,1.8098390858208955,NA,1
20220429,221,TN,b_05,decreasing,14,c_13,B,1.96,NA,1
20220429,221,TN,b_06,decreasing,14,c_11,B,1.6844816053511706,NA,1
20220429,221,TN,b_07,decreasing,10,c_06,B,1.8389632107023413,NA,1
20220429,221,TN,b_08,decreasing,7,c_01,B,2.213444816053512,NA,1
20220429,221,TN,b_09,decreasing,7,c_02,C,2.1079264214046822,NA,1
20220429,221,TN,b_10,decreasing,10,c_07,C,1.982408026755853,NA,1
20220429,221,TN,b_11,decreasing,10,c_08,C,1.7968896321070233,NA,1
20220429,221,TN,b_12,decreasing,14,c_14,C,1.761371237458194,NA,1
20220429,221,TN,b_13,constant,10,c_06,D,1.9293563432835823,NA,1
20220429,221,TN,b_14,constant,7,c_03,D,2.079302705223881,NA,1
20220429,221,TN,b_15,constant,14,c_14,D,1.659249067164179,NA,1
20220429,221,TN,b_16,constant,14,c_15,D,1.6491954291044775,NA,1
20220429,221,TN,b_17,decreasing,7,c_05,E,1.5237792642140469,NA,1
20220429,221,TN,b_18,decreasing,7,c_04,E,2.3482608695652174,NA,1
20220429,221,TN,b_19,decreasing,14,c_12,E,1.7627424749163882,NA,1
20220429,221,TN,b_20,decreasing,10,c_09,E,1.7272240802675585,NA,1
20220429,221,TN,b_21,constant,10,c_07,F,2.1389272388059704,NA,1
20220429,221,TN,b_22,constant,10,c_10,F,3.4988736007462684,NA,1
20220429,221,TN,b_23,constant,7,c_04,F,3.1588199626865667,NA,1
20220429,221,TN,b_24,constant,14,c_13,F,2.0187663246268657,NA,1
20220429,221,TN,b_25,decreasing,7,c_03,G,1.4796321070234115,NA,1
20220429,221,TN,b_26,decreasing,14,c_15,G,1.584113712374582,NA,1
20220429,221,TN,b_27,decreasing,10,c_10,G,2.7085953177257527,NA,1
20220429,221,TN,b_28,constant,10,c_09,H,2.0285517723880595,NA,1
20220429,221,TN,b_29,constant,14,c_12,H,1.788498134328358,NA,1
20220429,221,TN,b_30,constant,7,c_01,H,2.2884444962686565,NA,1
20220429,221,TOC,b_01,constant,10,c_08,A,34.96,NA,1
20220429,221,TOC,b_02,constant,7,c_02,A,48.3838619402985,NA,1
20220429,221,TOC,b_03,constant,14,c_11,A,29.08772388059701,NA,1
20220429,221,TOC,b_04,constant,7,c_05,A,28.051585820895518,NA,1
20220429,221,TOC,b_05,decreasing,14,c_13,B,16.659999999999997,NA,1
20220429,221,TOC,b_06,decreasing,14,c_11,B,17.088632943143814,NA,1
20220429,221,TOC,b_07,decreasing,10,c_06,B,19.847265886287627,NA,1
20220429,221,TOC,b_08,decreasing,7,c_01,B,18.035898829431442,NA,1
20220429,221,TOC,b_09,decreasing,7,c_02,C,20.264531772575253,NA,1
20220429,221,TOC,b_10,decreasing,10,c_07,C,18.193164715719064,NA,1
20220429,221,TOC,b_11,decreasing,10,c_08,C,20.451797658862876,NA,1
20220429,221,TOC,b_12,decreasing,14,c_14,C,20.25043060200669,NA,1
20220429,221,TOC,b_13,constant,10,c_06,D,29.376343283582088,NA,1
20220429,221,TOC,b_14,constant,7,c_03,D,29.11020522388059,NA,1
20220429,221,TOC,b_15,constant,14,c_14,D,24.574067164179098,NA,1
20220429,221,TOC,b_16,constant,14,c_15,D,23.917929104477608,NA,1
20220429,221,TOC,b_17,decreasing,7,c_05,E,18.823595317725754,NA,1
20220429,221,TOC,b_18,decreasing,7,c_04,E,23.242228260869563,NA,1
20220429,221,TOC,b_19,decreasing,14,c_12,E,18.76086120401338,NA,1
20220429,221,TOC,b_20,decreasing,10,c_09,E,17.889494147157194,NA,1
20220429,221,TOC,b_21,constant,10,c_07,F,31.38723880597015,NA,1
20220429,221,TOC,b_22,constant,10,c_10,F,55.18110074626865,NA,1
20220429,221,TOC,b_23,constant,7,c_04,F,51.91496268656715,NA,1
20220429,221,TOC,b_24,constant,14,c_13,F,31.118824626865667,NA,1
20220429,221,TOC,b_25,decreasing,7,c_03,G,15.782658862876254,NA,1
20220429,221,TOC,b_26,decreasing,14,c_15,G,21.201291806020066,NA,1
20220429,221,TOC,b_27,decreasing,10,c_10,G,16.92992474916388,NA,1
20220429,221,TOC,b_28,constant,10,c_09,H,28.64427238805969,NA,1
20220429,221,TOC,b_29,constant,14,c_12,H,26.308134328358207,NA,1
20220429,221,TOC,b_30,constant,7,c_01,H,33.561996268656706,NA,1
20220502,224,IC,b_01,constant,10,c_08,A,1.6,NA,1
20220502,224,IC,b_02,constant,7,c_02,A,2.8542420708955225,NA,1
20220502,224,IC,b_03,constant,14,c_11,A,1.7984841417910444,NA,1
20220502,224,IC,b_04,constant,7,c_05,A,1.902726212686567,NA,1
20220502,224,IC,b_05,decreasing,14,c_13,B,11.23,NA,1
20220502,224,IC,b_06,decreasing,14,c_11,B,9.284071906354516,NA,1
20220502,224,IC,b_07,decreasing,10,c_06,B,8.83814381270903,NA,1
20220502,224,IC,b_08,decreasing,7,c_01,B,12.792215719063545,NA,1
20220502,224,IC,b_09,decreasing,7,c_02,C,11.11628762541806,NA,1
20220502,224,IC,b_10,decreasing,10,c_07,C,11.660359531772576,NA,1
20220502,224,IC,b_11,decreasing,10,c_08,C,8.61443143812709,NA,1
20220502,224,IC,b_12,decreasing,14,c_14,C,9.778503344481605,NA,1
20220502,224,IC,b_13,constant,10,c_06,D,1.8409048507462686,NA,1
20220502,224,IC,b_14,constant,7,c_03,D,1.9251469216417907,NA,1
20220502,224,IC,b_15,constant,14,c_14,D,2.439388992537313,NA,1
20220502,224,IC,b_16,constant,14,c_15,D,1.6236310634328355,NA,1
20220502,224,IC,b_17,decreasing,7,c_05,E,8.29886287625418,NA,1
20220502,224,IC,b_18,decreasing,7,c_04,E,12.092934782608696,NA,1
20220502,224,IC,b_19,decreasing,14,c_12,E,10.717006688963211,NA,1
20220502,224,IC,b_20,decreasing,10,c_09,E,11.171078595317725,NA,1
20220502,224,IC,b_21,constant,10,c_07,F,2.7148414179104465,NA,1
20220502,224,IC,b_22,constant,10,c_10,F,3.149083488805969,NA,1
20220502,224,IC,b_23,constant,7,c_04,F,2.7133255597014916,NA,1
20220502,224,IC,b_24,constant,14,c_13,F,1.5975676305970135,NA,1
20220502,224,IC,b_25,decreasing,7,c_03,G,10.1914381270903,NA,1
20220502,224,IC,b_26,decreasing,14,c_15,G,8.745510033444816,NA,1
20220502,224,IC,b_27,decreasing,10,c_10,G,11.91958193979933,NA,1
20220502,224,IC,b_28,constant,10,c_09,H,1.494535914179104,NA,1
20220502,224,IC,b_29,constant,14,c_12,H,1.4287779850746265,NA,1
20220502,224,IC,b_30,constant,7,c_01,H,2.2630200559701485,NA,1
20220502,224,TC,b_01,constant,10,c_08,A,37.58,NA,1
20220502,224,TC,b_02,constant,7,c_02,A,51.17395055970149,NA,1
20220502,224,TC,b_03,constant,14,c_11,A,31.207901119402983,NA,1
20220502,224,TC,b_04,constant,7,c_05,A,30.821851679104476,NA,1
20220502,224,TC,b_05,decreasing,14,c_13,B,28.98,NA,1
20220502,224,TC,b_06,decreasing,14,c_11,B,29.329903846153847,NA,1
20220502,224,TC,b_07,decreasing,10,c_06,B,30.939807692307692,NA,1
20220502,224,TC,b_08,decreasing,7,c_01,B,32.479711538461544,NA,1
20220502,224,TC,b_09,decreasing,7,c_02,C,33.70961538461539,NA,1
20220502,224,TC,b_10,decreasing,10,c_07,C,32.20951923076923,NA,1
20220502,224,TC,b_11,decreasing,10,c_08,C,31.15942307692308,NA,1
20220502,224,TC,b_12,decreasing,14,c_14,C,31.769326923076925,NA,1
20220502,224,TC,b_13,constant,10,c_06,D,31.737406716417908,NA,1
20220502,224,TC,b_14,constant,7,c_03,D,32.8113572761194,NA,1
20220502,224,TC,b_15,constant,14,c_14,D,27.34530783582089,NA,1
20220502,224,TC,b_16,constant,14,c_15,D,25.839258395522386,NA,1
20220502,224,TC,b_17,decreasing,7,c_05,E,29.078846153846158,NA,1
20220502,224,TC,b_18,decreasing,7,c_04,E,35.78875000000001,NA,1
20220502,224,TC,b_19,decreasing,14,c_12,E,32.24865384615384,NA,1
20220502,224,TC,b_20,decreasing,10,c_09,E,30.438557692307697,NA,1
20220502,224,TC,b_21,constant,10,c_07,F,35.05901119402984,NA,1
20220502,224,TC,b_22,constant,10,c_10,F,60.702961753731344,NA,1
20220502,224,TC,b_23,constant,7,c_04,F,59.74691231343283,NA,1
20220502,224,TC,b_24,constant,14,c_13,F,32.750862873134324,NA,1
20220502,224,TC,b_25,decreasing,7,c_03,G,28.638076923076923,NA,1
20220502,224,TC,b_26,decreasing,14,c_15,G,32.00798076923077,NA,1
20220502,224,TC,b_27,decreasing,10,c_10,G,30.84788461538462,NA,1
20220502,224,TC,b_28,constant,10,c_09,H,29.056665111940305,NA,1
20220502,224,TC,b_29,constant,14,c_12,H,27.50061567164179,NA,1
20220502,224,TC,b_30,constant,7,c_01,H,35.784566231343284,NA,1
20220502,224,TN,b_01,constant,10,c_08,A,2.26,NA,1
20220502,224,TN,b_02,constant,7,c_02,A,3.2354850746268653,NA,1
20220502,224,TN,b_03,constant,14,c_11,A,1.970970149253731,NA,1
20220502,224,TN,b_04,constant,7,c_05,A,1.8664552238805967,NA,1
20220502,224,TN,b_05,decreasing,14,c_13,B,2.02,NA,1
20220502,224,TN,b_06,decreasing,14,c_11,B,1.8169481605351172,NA,1
20220502,224,TN,b_07,decreasing,10,c_06,B,1.9338963210702338,NA,1
20220502,224,TN,b_08,decreasing,7,c_01,B,2.340844481605351,NA,1
20220502,224,TN,b_09,decreasing,7,c_02,C,2.287792642140468,NA,1
20220502,224,TN,b_10,decreasing,10,c_07,C,2.064740802675585,NA,1
20220502,224,TN,b_11,decreasing,10,c_08,C,1.8716889632107023,NA,1
20220502,224,TN,b_12,decreasing,14,c_14,C,1.7986371237458194,NA,1
20220502,224,TN,b_13,constant,10,c_06,D,1.935820895522388,NA,1
20220502,224,TN,b_14,constant,7,c_03,D,2.2013059701492534,NA,1
20220502,224,TN,b_15,constant,14,c_14,D,1.6767910447761194,NA,1
20220502,224,TN,b_16,constant,14,c_15,D,1.6822761194029852,NA,1
20220502,224,TN,b_17,decreasing,7,c_05,E,1.5833779264214047,NA,1
20220502,224,TN,b_18,decreasing,7,c_04,E,2.3803260869565217,NA,1
20220502,224,TN,b_19,decreasing,14,c_12,E,1.9072742474916384,NA,1
20220502,224,TN,b_20,decreasing,10,c_09,E,1.8142224080267555,NA,1
20220502,224,TN,b_21,constant,10,c_07,F,2.1797014925373133,NA,1
20220502,224,TN,b_22,constant,10,c_10,F,3.595186567164179,NA,1
20220502,224,TN,b_23,constant,7,c_04,F,3.350671641791045,NA,1
20220502,224,TN,b_24,constant,14,c_13,F,2.04615671641791,NA,1
20220502,224,TN,b_25,decreasing,7,c_03,G,1.6689632107023409,NA,1
20220502,224,TN,b_26,decreasing,14,c_15,G,1.5959113712374582,NA,1
20220502,224,TN,b_27,decreasing,10,c_10,G,2.842859531772575,NA,1
20220502,224,TN,b_28,constant,10,c_09,H,1.958097014925373,NA,1
20220502,224,TN,b_29,constant,14,c_12,H,1.8135820895522383,NA,1
20220502,224,TN,b_30,constant,7,c_01,H,2.2190671641791044,NA,1
20220502,224,TOC,b_01,constant,10,c_08,A,35.98,NA,1
20220502,224,TOC,b_02,constant,7,c_02,A,48.31970848880597,NA,1
20220502,224,TOC,b_03,constant,14,c_11,A,29.40941697761194,NA,1
20220502,224,TOC,b_04,constant,7,c_05,A,28.919125466417913,NA,1
20220502,224,TOC,b_05,decreasing,14,c_13,B,17.75,NA,1
20220502,224,TOC,b_06,decreasing,14,c_11,B,20.04583193979933,NA,1
20220502,224,TOC,b_07,decreasing,10,c_06,B,22.10166387959866,NA,1
20220502,224,TOC,b_08,decreasing,7,c_01,B,19.687495819398,NA,1
20220502,224,TOC,b_09,decreasing,7,c_02,C,22.593327759197326,NA,1
20220502,224,TOC,b_10,decreasing,10,c_07,C,20.549159698996654,NA,1
20220502,224,TOC,b_11,decreasing,10,c_08,C,22.544991638795988,NA,1
20220502,224,TOC,b_12,decreasing,14,c_14,C,21.990823578595315,NA,1
20220502,224,TOC,b_13,constant,10,c_06,D,29.896501865671638,NA,1
20220502,224,TOC,b_14,constant,7,c_03,D,30.886210354477612,NA,1
20220502,224,TOC,b_15,constant,14,c_14,D,24.905918843283587,NA,1
20220502,224,TOC,b_16,constant,14,c_15,D,24.21562733208956,NA,1
20220502,224,TOC,b_17,decreasing,7,c_05,E,20.77998327759197,NA,1
20220502,224,TOC,b_18,decreasing,7,c_04,E,23.695815217391303,NA,1
20220502,224,TOC,b_19,decreasing,14,c_12,E,21.53164715719063,NA,1
20220502,224,TOC,b_20,decreasing,10,c_09,E,19.267479096989963,NA,1
20220502,224,TOC,b_21,constant,10,c_07,F,32.3441697761194,NA,1
20220502,224,TOC,b_22,constant,10,c_10,F,57.55387826492538,NA,1
20220502,224,TOC,b_23,constant,7,c_04,F,57.033586753731335,NA,1
20220502,224,TOC,b_24,constant,14,c_13,F,31.15329524253731,NA,1
20220502,224,TOC,b_25,decreasing,7,c_03,G,18.446638795986615,NA,1
20220502,224,TOC,b_26,decreasing,14,c_15,G,23.262470735785946,NA,1
20220502,224,TOC,b_27,decreasing,10,c_10,G,18.928302675585282,NA,1
20220502,224,TOC,b_28,constant,10,c_09,H,27.5621291977612,NA,1
20220502,224,TOC,b_29,constant,14,c_12,H,26.071837686567157,NA,1
20220502,224,TOC,b_30,constant,7,c_01,H,33.52154617537313,NA,1
20220504,226,IC,b_01,constant,10,c_08,A,2.71,NA,1
20220504,226,IC,b_02,constant,7,c_02,A,4.181681436567164,NA,1
20220504,226,IC,b_03,constant,14,c_11,A,3.393362873134328,NA,1
20220504,226,IC,b_04,constant,7,c_05,A,3.0750443097014926,NA,1
20220504,226,IC,b_05,decreasing,14,c_13,B,11.09,NA,1
20220504,226,IC,b_06,decreasing,14,c_11,B,9.85815635451505,NA,1
20220504,226,IC,b_07,decreasing,10,c_06,B,9.6763127090301,NA,1
20220504,226,IC,b_08,decreasing,7,c_01,B,11.83446906354515,NA,1
20220504,226,IC,b_09,decreasing,7,c_02,C,11.1926254180602,NA,1
20220504,226,IC,b_10,decreasing,10,c_07,C,10.89078177257525,NA,1
20220504,226,IC,b_11,decreasing,10,c_08,C,9.3389381270903,NA,1
20220504,226,IC,b_12,decreasing,14,c_14,C,9.967094481605349,NA,1
20220504,226,IC,b_13,constant,10,c_06,D,3.39017723880597,NA,1
20220504,226,IC,b_14,constant,7,c_03,D,3.8018586753731345,NA,1
20220504,226,IC,b_15,constant,14,c_14,D,3.1835401119402986,NA,1
20220504,226,IC,b_16,constant,14,c_15,D,3.305221548507463,NA,1
20220504,226,IC,b_17,decreasing,7,c_05,E,9.3978762541806,NA,1
20220504,226,IC,b_18,decreasing,7,c_04,E,11.45603260869565,NA,1
20220504,226,IC,b_19,decreasing,14,c_12,E,10.7241889632107,NA,1
20220504,226,IC,b_20,decreasing,10,c_09,E,10.55234531772575,NA,1
20220504,226,IC,b_21,constant,10,c_07,F,4.393628731343283,NA,1
20220504,226,IC,b_22,constant,10,c_10,F,3.3253101679104473,NA,1
20220504,226,IC,b_23,constant,7,c_04,F,3.6169916044776116,NA,1
20220504,226,IC,b_24,constant,14,c_13,F,3.2086730410447757,NA,1
20220504,226,IC,b_25,decreasing,7,c_03,G,10.633127090301,NA,1
20220504,226,IC,b_26,decreasing,14,c_15,G,9.601283444816051,NA,1
20220504,226,IC,b_27,decreasing,10,c_10,G,11.289439799331102,NA,1
20220504,226,IC,b_28,constant,10,c_09,H,3.0553987873134325,NA,1
20220504,226,IC,b_29,constant,14,c_12,H,2.9870802238805965,NA,1
20220504,226,IC,b_30,constant,7,c_01,H,3.558761660447761,NA,1
20220504,226,TC,b_01,constant,10,c_08,A,37.91,NA,1
20220504,226,TC,b_02,constant,7,c_02,A,51.481357276119404,NA,1
20220504,226,TC,b_03,constant,14,c_11,A,32.762714552238805,NA,1
20220504,226,TC,b_04,constant,7,c_05,A,29.544071828358213,NA,1
20220504,226,TC,b_05,decreasing,14,c_13,B,26.81,NA,1
20220504,226,TC,b_06,decreasing,14,c_11,B,27.069761705685618,NA,1
20220504,226,TC,b_07,decreasing,10,c_06,B,28.669523411371237,NA,1
20220504,226,TC,b_08,decreasing,7,c_01,B,29.509285117056855,NA,1
20220504,226,TC,b_09,decreasing,7,c_02,C,29.919046822742473,NA,1
20220504,226,TC,b_10,decreasing,10,c_07,C,29.018808528428092,NA,1
20220504,226,TC,b_11,decreasing,10,c_08,C,29.278570234113708,NA,1
20220504,226,TC,b_12,decreasing,14,c_14,C,27.868331939799326,NA,1
20220504,226,TC,b_13,constant,10,c_06,D,30.07628731343283,NA,1
20220504,226,TC,b_14,constant,7,c_03,D,31.317644589552238,NA,1
20220504,226,TC,b_15,constant,14,c_14,D,26.509001865671635,NA,1
20220504,226,TC,b_16,constant,14,c_15,D,26.56035914179104,NA,1
20220504,226,TC,b_17,decreasing,7,c_05,E,27.85714046822742,NA,1
20220504,226,TC,b_18,decreasing,7,c_04,E,32.146902173913034,NA,1
20220504,226,TC,b_19,decreasing,14,c_12,E,29.036663879598656,NA,1
20220504,226,TC,b_20,decreasing,10,c_09,E,27.706425585284276,NA,1
20220504,226,TC,b_21,constant,10,c_07,F,33.26714552238805,NA,1
20220504,226,TC,b_22,constant,10,c_10,F,55.88850279850745,NA,1
20220504,226,TC,b_23,constant,7,c_04,F,54.79986007462685,NA,1
20220504,226,TC,b_24,constant,14,c_13,F,33.37121735074626,NA,1
20220504,226,TC,b_25,decreasing,7,c_03,G,26.135234113712364,NA,1
20220504,226,TC,b_26,decreasing,14,c_15,G,29.40499581939799,NA,1
20220504,226,TC,b_27,decreasing,10,c_10,G,28.204757525083608,NA,1
20220504,226,TC,b_28,constant,10,c_09,H,31.09664645522387,NA,1
20220504,226,TC,b_29,constant,14,c_12,H,28.568003731343275,NA,1
20220504,226,TC,b_30,constant,7,c_01,H,38.05936100746267,NA,1
20220504,226,TN,b_01,constant,10,c_08,A,2.16,NA,1
20220504,226,TN,b_02,constant,7,c_02,A,3.140137593283582,NA,1
20220504,226,TN,b_03,constant,14,c_11,A,1.9802751865671646,NA,1
20220504,226,TN,b_04,constant,7,c_05,A,1.7704127798507467,NA,1
20220504,226,TN,b_05,decreasing,14,c_13,B,1.88,NA,1
20220504,226,TN,b_06,decreasing,14,c_11,B,1.8051254180602008,NA,1
20220504,226,TN,b_07,decreasing,10,c_06,B,1.8202508361204015,NA,1
20220504,226,TN,b_08,decreasing,7,c_01,B,2.0953762541806022,NA,1
20220504,226,TN,b_09,decreasing,7,c_02,C,1.9905016722408027,NA,1
20220504,226,TN,b_10,decreasing,10,c_07,C,1.8856270903010033,NA,1
20220504,226,TN,b_11,decreasing,10,c_08,C,1.830752508361204,NA,1
20220504,226,TN,b_12,decreasing,14,c_14,C,1.7258779264214048,NA,1
20220504,226,TN,b_13,constant,10,c_06,D,1.8116511194029852,NA,1
20220504,226,TN,b_14,constant,7,c_03,D,1.9817887126865679,NA,1
20220504,226,TN,b_15,constant,14,c_14,D,1.66192630597015,NA,1
20220504,226,TN,b_16,constant,14,c_15,D,1.652063899253732,NA,1
20220504,226,TN,b_17,decreasing,7,c_05,E,1.601505016722408,NA,1
20220504,226,TN,b_18,decreasing,7,c_04,E,2.2066304347826087,NA,1
20220504,226,TN,b_19,decreasing,14,c_12,E,1.7317558528428094,NA,1
20220504,226,TN,b_20,decreasing,10,c_09,E,1.6768812709030096,NA,1
20220504,226,TN,b_21,constant,10,c_07,F,1.9827518656716423,NA,1
20220504,226,TN,b_22,constant,10,c_10,F,3.2428894589552244,NA,1
20220504,226,TN,b_23,constant,7,c_04,F,3.0530270522388068,NA,1
20220504,226,TN,b_24,constant,14,c_13,F,1.993164645522389,NA,1
20220504,226,TN,b_25,decreasing,7,c_03,G,1.4525083612040133,NA,1
20220504,226,TN,b_26,decreasing,14,c_15,G,1.587633779264214,NA,1
20220504,226,TN,b_27,decreasing,10,c_10,G,2.642759197324415,NA,1
20220504,226,TN,b_28,constant,10,c_09,H,2.013715018656717,NA,1
20220504,226,TN,b_29,constant,14,c_12,H,1.733852611940299,NA,1
20220504,226,TN,b_30,constant,7,c_01,H,2.2739902052238814,NA,1
20220504,226,TOC,b_01,constant,10,c_08,A,35.199999999999996,NA,1
20220504,226,TOC,b_02,constant,7,c_02,A,47.29967583955224,NA,1
20220504,226,TOC,b_03,constant,14,c_11,A,29.369351679104472,NA,1
20220504,226,TOC,b_04,constant,7,c_05,A,26.46902751865672,NA,1
20220504,226,TOC,b_05,decreasing,14,c_13,B,15.719999999999999,NA,1
20220504,226,TOC,b_06,decreasing,14,c_11,B,17.211605351170565,NA,1
20220504,226,TOC,b_07,decreasing,10,c_06,B,18.993210702341134,NA,1
20220504,226,TOC,b_08,decreasing,7,c_01,B,17.674816053511705,NA,1
20220504,226,TOC,b_09,decreasing,7,c_02,C,18.726421404682274,NA,1
20220504,226,TOC,b_10,decreasing,10,c_07,C,18.128026755852844,NA,1
20220504,226,TOC,b_11,decreasing,10,c_08,C,19.93963210702341,NA,1
20220504,226,TOC,b_12,decreasing,14,c_14,C,17.901237458193975,NA,1
20220504,226,TOC,b_13,constant,10,c_06,D,26.68611007462686,NA,1
20220504,226,TOC,b_14,constant,7,c_03,D,27.515785914179105,NA,1
20220504,226,TOC,b_15,constant,14,c_14,D,23.32546175373134,NA,1
20220504,226,TOC,b_16,constant,14,c_15,D,23.25513759328358,NA,1
20220504,226,TOC,b_17,decreasing,7,c_05,E,18.459264214046822,NA,1
20220504,226,TOC,b_18,decreasing,7,c_04,E,20.690869565217387,NA,1
20220504,226,TOC,b_19,decreasing,14,c_12,E,18.31247491638796,NA,1
20220504,226,TOC,b_20,decreasing,10,c_09,E,17.154080267558527,NA,1
20220504,226,TOC,b_21,constant,10,c_07,F,28.873516791044764,NA,1
20220504,226,TOC,b_22,constant,10,c_10,F,52.56319263059701,NA,1
20220504,226,TOC,b_23,constant,7,c_04,F,51.18286847014924,NA,1
20220504,226,TOC,b_24,constant,14,c_13,F,30.16254430970148,NA,1
20220504,226,TOC,b_25,decreasing,7,c_03,G,15.50210702341137,NA,1
20220504,226,TOC,b_26,decreasing,14,c_15,G,19.80371237458194,NA,1
20220504,226,TOC,b_27,decreasing,10,c_10,G,16.91531772575251,NA,1
20220504,226,TOC,b_28,constant,10,c_09,H,28.04124766791044,NA,1
20220504,226,TOC,b_29,constant,14,c_12,H,25.58092350746268,NA,1
20220504,226,TOC,b_30,constant,7,c_01,H,34.50059934701492,NA,1
20220506,228,IC,b_01,constant,10,c_08,A,2.64,NA,1
20220506,228,IC,b_02,constant,7,c_02,A,3.8555200559701492,NA,1
20220506,228,IC,b_03,constant,14,c_11,A,3.3810401119402984,NA,1
20220506,228,IC,b_04,constant,7,c_05,A,2.936560167910448,NA,1
20220506,228,IC,b_05,decreasing,14,c_13,B,11.65,NA,1
20220506,228,IC,b_06,decreasing,14,c_11,B,10.240497491638797,NA,1
20220506,228,IC,b_07,decreasing,10,c_06,B,10.090994983277593,NA,1
20220506,228,IC,b_08,decreasing,7,c_01,B,12.52149247491639,NA,1
20220506,228,IC,b_09,decreasing,7,c_02,C,11.961989966555185,NA,1
20220506,228,IC,b_10,decreasing,10,c_07,C,11.55248745819398,NA,1
20220506,228,IC,b_11,decreasing,10,c_08,C,10.122984949832778,NA,1
20220506,228,IC,b_12,decreasing,14,c_14,C,10.363482441471573,NA,1
20220506,228,IC,b_13,constant,10,c_06,D,2.8262406716417905,NA,1
20220506,228,IC,b_14,constant,7,c_03,D,3.87176072761194,NA,1
20220506,228,IC,b_15,constant,14,c_14,D,2.9872807835820896,NA,1
20220506,228,IC,b_16,constant,14,c_15,D,2.7128008395522385,NA,1
20220506,228,IC,b_17,decreasing,7,c_05,E,10.095969899665553,NA,1
20220506,228,IC,b_18,decreasing,7,c_04,E,12.52646739130435,NA,1
20220506,228,IC,b_19,decreasing,14,c_12,E,11.456964882943144,NA,1
20220506,228,IC,b_20,decreasing,10,c_09,E,11.527462374581942,NA,1
20220506,228,IC,b_21,constant,10,c_07,F,3.620401119402985,NA,1
20220506,228,IC,b_22,constant,10,c_10,F,3.185921175373134,NA,1
20220506,228,IC,b_23,constant,7,c_04,F,3.021441231343283,NA,1
20220506,228,IC,b_24,constant,14,c_13,F,2.8769612873134327,NA,1
20220506,228,IC,b_25,decreasing,7,c_03,G,11.309949832775922,NA,1
20220506,228,IC,b_26,decreasing,14,c_15,G,10.080447324414717,NA,1
20220506,228,IC,b_27,decreasing,10,c_10,G,11.440944816053513,NA,1
20220506,228,IC,b_28,constant,10,c_09,H,3.499041511194029,NA,1
20220506,228,IC,b_29,constant,14,c_12,H,3.204561567164179,NA,1
20220506,228,IC,b_30,constant,7,c_01,H,3.060081623134327,NA,1
20220506,228,TC,b_01,constant,10,c_08,A,38.64,NA,1
20220506,228,TC,b_02,constant,7,c_02,A,53.17570195895522,NA,1
20220506,228,TC,b_03,constant,14,c_11,A,33.72140391791045,NA,1
20220506,228,TC,b_04,constant,7,c_05,A,32.15710587686567,NA,1
20220506,228,TC,b_05,decreasing,14,c_13,B,27.79,NA,1
20220506,228,TC,b_06,decreasing,14,c_11,B,28.860413879598664,NA,1
20220506,228,TC,b_07,decreasing,10,c_06,B,30.950827759197324,NA,1
20220506,228,TC,b_08,decreasing,7,c_01,B,30.391241638795986,NA,1
20220506,228,TC,b_09,decreasing,7,c_02,C,31.63165551839465,NA,1
20220506,228,TC,b_10,decreasing,10,c_07,C,30.75206939799331,NA,1
20220506,228,TC,b_11,decreasing,10,c_08,C,31.272483277591974,NA,1
20220506,228,TC,b_12,decreasing,14,c_14,C,31.792897157190634,NA,1
20220506,228,TC,b_13,constant,10,c_06,D,32.22842350746268,NA,1
20220506,228,TC,b_14,constant,7,c_03,D,32.48412546641791,NA,1
20220506,228,TC,b_15,constant,14,c_14,D,27.98982742537313,NA,1
20220506,228,TC,b_16,constant,14,c_15,D,26.825529384328355,NA,1
20220506,228,TC,b_17,decreasing,7,c_05,E,29.454966555183944,NA,1
20220506,228,TC,b_18,decreasing,7,c_04,E,32.8553804347826,NA,1
20220506,228,TC,b_19,decreasing,14,c_12,E,31.08579431438127,NA,1
20220506,228,TC,b_20,decreasing,10,c_09,E,29.486208193979934,NA,1
20220506,228,TC,b_21,constant,10,c_07,F,35.54403917910447,NA,1
20220506,228,TC,b_22,constant,10,c_10,F,59.059741138059685,NA,1
20220506,228,TC,b_23,constant,7,c_04,F,56.81544309701493,NA,1
20220506,228,TC,b_24,constant,14,c_13,F,34.36114505597014,NA,1
20220506,228,TC,b_25,decreasing,7,c_03,G,28.348277591973243,NA,1
20220506,228,TC,b_26,decreasing,14,c_15,G,31.6286914715719,NA,1
20220506,228,TC,b_27,decreasing,10,c_10,G,29.12910535117057,NA,1
20220506,228,TC,b_28,constant,10,c_09,H,31.693952891791035,NA,1
20220506,228,TC,b_29,constant,14,c_12,H,30.39965485074626,NA,1
20220506,228,TC,b_30,constant,7,c_01,H,38.985356809701486,NA,1
20220506,228,TN,b_01,constant,10,c_08,A,2.24,NA,1
20220506,228,TN,b_02,constant,7,c_02,A,3.317173507462687,NA,1
20220506,228,TN,b_03,constant,14,c_11,A,2.064347014925373,NA,1
20220506,228,TN,b_04,constant,7,c_05,A,1.88152052238806,NA,1
20220506,228,TN,b_05,decreasing,14,c_13,B,1.98,NA,1
20220506,228,TN,b_06,decreasing,14,c_11,B,1.8122031772575253,NA,1
20220506,228,TN,b_07,decreasing,10,c_06,B,1.8744063545150502,NA,1
20220506,228,TN,b_08,decreasing,7,c_01,B,2.2966095317725754,NA,1
20220506,228,TN,b_09,decreasing,7,c_02,C,2.1988127090301006,NA,1
20220506,228,TN,b_10,decreasing,10,c_07,C,2.1210158862876254,NA,1
20220506,228,TN,b_11,decreasing,10,c_08,C,1.8332190635451504,NA,1
20220506,228,TN,b_12,decreasing,14,c_14,C,1.8154222408026757,NA,1
20220506,228,TN,b_13,constant,10,c_06,D,1.9060820895522386,NA,1
20220506,228,TN,b_14,constant,7,c_03,D,2.0532555970149255,NA,1
20220506,228,TN,b_15,constant,14,c_14,D,1.6604291044776125,NA,1
20220506,228,TN,b_16,constant,14,c_15,D,1.6376026119402987,NA,1
20220506,228,TN,b_17,decreasing,7,c_05,E,1.5664381270903012,NA,1
20220506,228,TN,b_18,decreasing,7,c_04,E,2.218641304347826,NA,1
20220506,228,TN,b_19,decreasing,14,c_12,E,1.8508444816053513,NA,1
20220506,228,TN,b_20,decreasing,10,c_09,E,1.8130476588628763,NA,1
20220506,228,TN,b_21,constant,10,c_07,F,2.1734701492537316,NA,1
20220506,228,TN,b_22,constant,10,c_10,F,3.5506436567164186,NA,1
20220506,228,TN,b_23,constant,7,c_04,F,3.2178171641791047,NA,1
20220506,228,TN,b_24,constant,14,c_13,F,2.054990671641791,NA,1
20220506,228,TN,b_25,decreasing,7,c_03,G,1.6440635451505021,NA,1
20220506,228,TN,b_26,decreasing,14,c_15,G,1.6062667224080271,NA,1
20220506,228,TN,b_27,decreasing,10,c_10,G,2.7984698996655526,NA,1
20220506,228,TN,b_28,constant,10,c_09,H,2.0036847014925376,NA,1
20220506,228,TN,b_29,constant,14,c_12,H,1.8408582089552241,NA,1
20220506,228,TN,b_30,constant,7,c_01,H,2.3680317164179105,NA,1
20220506,228,TOC,b_01,constant,10,c_08,A,36,NA,1
20220506,228,TOC,b_02,constant,7,c_02,A,49.32018190298507,NA,1
20220506,228,TOC,b_03,constant,14,c_11,A,30.34036380597015,NA,1
20220506,228,TOC,b_04,constant,7,c_05,A,29.220545708955225,NA,1
20220506,228,TOC,b_05,decreasing,14,c_13,B,16.14,NA,1
20220506,228,TOC,b_06,decreasing,14,c_11,B,18.619916387959865,NA,1
20220506,228,TOC,b_07,decreasing,10,c_06,B,20.85983277591973,NA,1
20220506,228,TOC,b_08,decreasing,7,c_01,B,17.8697491638796,NA,1
20220506,228,TOC,b_09,decreasing,7,c_02,C,19.66966555183947,NA,1
20220506,228,TOC,b_10,decreasing,10,c_07,C,19.19958193979933,NA,1
20220506,228,TOC,b_11,decreasing,10,c_08,C,21.149498327759197,NA,1
20220506,228,TOC,b_12,decreasing,14,c_14,C,21.429414715719062,NA,1
20220506,228,TOC,b_13,constant,10,c_06,D,29.402182835820895,NA,1
20220506,228,TOC,b_14,constant,7,c_03,D,28.612364738805972,NA,1
20220506,228,TOC,b_15,constant,14,c_14,D,25.00254664179105,NA,1
20220506,228,TOC,b_16,constant,14,c_15,D,24.112728544776125,NA,1
20220506,228,TOC,b_17,decreasing,7,c_05,E,19.358996655518393,NA,1
20220506,228,TOC,b_18,decreasing,7,c_04,E,20.32891304347826,NA,1
20220506,228,TOC,b_19,decreasing,14,c_12,E,19.628829431438128,NA,1
20220506,228,TOC,b_20,decreasing,10,c_09,E,17.95874581939799,NA,1
20220506,228,TOC,b_21,constant,10,c_07,F,31.923638059701496,NA,1
20220506,228,TOC,b_22,constant,10,c_10,F,55.87381996268657,NA,1
20220506,228,TOC,b_23,constant,7,c_04,F,53.79400186567165,NA,1
20220506,228,TOC,b_24,constant,14,c_13,F,31.484183768656727,NA,1
20220506,228,TOC,b_25,decreasing,7,c_03,G,17.038327759197323,NA,1
20220506,228,TOC,b_26,decreasing,14,c_15,G,21.548244147157188,NA,1
20220506,228,TOC,b_27,decreasing,10,c_10,G,17.688160535117056,NA,1
20220506,228,TOC,b_28,constant,10,c_09,H,28.19491138059702,NA,1
20220506,228,TOC,b_29,constant,14,c_12,H,27.195093283582096,NA,1
20220506,228,TOC,b_30,constant,7,c_01,H,35.92527518656718,NA,1
20220509,231,IC,b_01,constant,10,c_08,A,2.82,NA,1
20220509,231,IC,b_02,constant,7,c_02,A,3.338659048507463,NA,1
20220509,231,IC,b_03,constant,14,c_11,A,2.5273180970149256,NA,1
20220509,231,IC,b_04,constant,7,c_05,A,2.875977145522388,NA,1
20220509,231,IC,b_05,decreasing,14,c_13,B,11.71,NA,1
20220509,231,IC,b_06,decreasing,14,c_11,B,10.071250000000001,NA,1
20220509,231,IC,b_07,decreasing,10,c_06,B,9.7425,NA,1
20220509,231,IC,b_08,decreasing,7,c_01,B,12.533750000000001,NA,1
20220509,231,IC,b_09,decreasing,7,c_02,C,11.885,NA,1
20220509,231,IC,b_10,decreasing,10,c_07,C,11.49625,NA,1
20220509,231,IC,b_11,decreasing,10,c_08,C,10.1375,NA,1
20220509,231,IC,b_12,decreasing,14,c_14,C,10.35875,NA,1
20220509,231,IC,b_13,constant,10,c_06,D,3.443908582089552,NA,1
20220509,231,IC,b_14,constant,7,c_03,D,3.3925676305970143,NA,1
20220509,231,IC,b_15,constant,14,c_14,D,2.901226679104477,NA,1
20220509,231,IC,b_16,constant,14,c_15,D,3.9098857276119405,NA,1
20220509,231,IC,b_17,decreasing,7,c_05,E,10.004999999999999,NA,1
20220509,231,IC,b_18,decreasing,7,c_04,E,12.42625,NA,1
20220509,231,IC,b_19,decreasing,14,c_12,E,11.417499999999999,NA,1
20220509,231,IC,b_20,decreasing,10,c_09,E,11.43875,NA,1
20220509,231,IC,b_21,constant,10,c_07,F,3.8031809701492536,NA,1
20220509,231,IC,b_22,constant,10,c_10,F,3.111840018656716,NA,1
20220509,231,IC,b_23,constant,7,c_04,F,2.7704990671641783,NA,1
20220509,231,IC,b_24,constant,14,c_13,F,2.6791581156716413,NA,1
20220509,231,IC,b_25,decreasing,7,c_03,G,11.174999999999999,NA,1
20220509,231,IC,b_26,decreasing,14,c_15,G,10.05625,NA,1
20220509,231,IC,b_27,decreasing,10,c_10,G,11.337499999999999,NA,1
20220509,231,IC,b_28,constant,10,c_09,H,2.6037943097014917,NA,1
20220509,231,IC,b_29,constant,14,c_12,H,2.672453358208955,NA,1
20220509,231,IC,b_30,constant,7,c_01,H,3.3811124067164178,NA,1
20220509,231,TC,b_01,constant,10,c_08,A,35.86,NA,1
20220509,231,TC,b_02,constant,7,c_02,A,49.94869169776119,NA,1
20220509,231,TC,b_03,constant,14,c_11,A,31.077383395522386,NA,1
20220509,231,TC,b_04,constant,7,c_05,A,29.83607509328358,NA,1
20220509,231,TC,b_05,decreasing,14,c_13,B,25.38,NA,1
20220509,231,TC,b_06,decreasing,14,c_11,B,27.32776337792642,NA,1
20220509,231,TC,b_07,decreasing,10,c_06,B,27.905526755852843,NA,1
20220509,231,TC,b_08,decreasing,7,c_01,B,28.723290133779265,NA,1
20220509,231,TC,b_09,decreasing,7,c_02,C,28.821053511705685,NA,1
20220509,231,TC,b_10,decreasing,10,c_07,C,28.258816889632108,NA,1
20220509,231,TC,b_11,decreasing,10,c_08,C,28.77658026755853,NA,1
20220509,231,TC,b_12,decreasing,14,c_14,C,30.94434364548495,NA,1
20220509,231,TC,b_13,constant,10,c_06,D,30.684300373134327,NA,1
20220509,231,TC,b_14,constant,7,c_03,D,30.91299207089552,NA,1
20220509,231,TC,b_15,constant,14,c_14,D,26.18168376865671,NA,1
20220509,231,TC,b_16,constant,14,c_15,D,27.590375466417903,NA,1
20220509,231,TC,b_17,decreasing,7,c_05,E,27.293160535117053,NA,1
20220509,231,TC,b_18,decreasing,7,c_04,E,29.70092391304348,NA,1
20220509,231,TC,b_19,decreasing,14,c_12,E,30.688687290969895,NA,1
20220509,231,TC,b_20,decreasing,10,c_09,E,27.866450668896317,NA,1
20220509,231,TC,b_21,constant,10,c_07,F,34.433833955223875,NA,1
20220509,231,TC,b_22,constant,10,c_10,F,56.17252565298508,NA,1
20220509,231,TC,b_23,constant,7,c_04,F,55.45121735074626,NA,1
20220509,231,TC,b_24,constant,14,c_13,F,32.38990904850746,NA,1
20220509,231,TC,b_25,decreasing,7,c_03,G,27.175267558528425,NA,1
20220509,231,TC,b_26,decreasing,14,c_15,G,28.823030936454845,NA,1
20220509,231,TC,b_27,decreasing,10,c_10,G,25.870794314381268,NA,1
20220509,231,TC,b_28,constant,10,c_09,H,28.69467583955224,NA,1
20220509,231,TC,b_29,constant,14,c_12,H,27.29336753731343,NA,1
20220509,231,TC,b_30,constant,7,c_01,H,35.792059235074625,NA,1
20220509,231,TN,b_01,constant,10,c_08,A,2.17,NA,1
20220509,231,TN,b_02,constant,7,c_02,A,3.3072551305970146,NA,1
20220509,231,TN,b_03,constant,14,c_11,A,2.06451026119403,NA,1
20220509,231,TN,b_04,constant,7,c_05,A,1.8617653917910446,NA,1
20220509,231,TN,b_05,decreasing,14,c_13,B,1.95,NA,1
20220509,231,TN,b_06,decreasing,14,c_11,B,1.8415133779264217,NA,1
20220509,231,TN,b_07,decreasing,10,c_06,B,1.853026755852843,NA,1
20220509,231,TN,b_08,decreasing,7,c_01,B,2.3445401337792644,NA,1
20220509,231,TN,b_09,decreasing,7,c_02,C,2.1760535117056854,NA,1
20220509,231,TN,b_10,decreasing,10,c_07,C,2.107566889632107,NA,1
20220509,231,TN,b_11,decreasing,10,c_08,C,1.8190802675585285,NA,1
20220509,231,TN,b_12,decreasing,14,c_14,C,1.90059364548495,NA,1
20220509,231,TN,b_13,constant,10,c_06,D,1.857061567164179,NA,1
20220509,231,TN,b_14,constant,7,c_03,D,2.094316697761194,NA,1
20220509,231,TN,b_15,constant,14,c_14,D,1.681571828358209,NA,1
20220509,231,TN,b_16,constant,14,c_15,D,1.7088269589552239,NA,1
20220509,231,TN,b_17,decreasing,7,c_05,E,1.618160535117057,NA,1
20220509,231,TN,b_18,decreasing,7,c_04,E,2.199673913043479,NA,1
20220509,231,TN,b_19,decreasing,14,c_12,E,2.0211872909699,NA,1
20220509,231,TN,b_20,decreasing,10,c_09,E,1.8327006688963212,NA,1
20220509,231,TN,b_21,constant,10,c_07,F,2.2351026119402984,NA,1
20220509,231,TN,b_22,constant,10,c_10,F,3.592357742537313,NA,1
20220509,231,TN,b_23,constant,7,c_04,F,3.389612873134328,NA,1
20220509,231,TN,b_24,constant,14,c_13,F,2.036868003731343,NA,1
20220509,231,TN,b_25,decreasing,7,c_03,G,1.7002675585284284,NA,1
20220509,231,TN,b_26,decreasing,14,c_15,G,1.6317809364548495,NA,1
20220509,231,TN,b_27,decreasing,10,c_10,G,2.663294314381271,NA,1
20220509,231,TN,b_28,constant,10,c_09,H,1.9558885261194021,NA,1
20220509,231,TN,b_29,constant,14,c_12,H,1.753143656716417,NA,1
20220509,231,TN,b_30,constant,7,c_01,H,2.2703987873134324,NA,1
20220509,231,TOC,b_01,constant,10,c_08,A,33.04,NA,1
20220509,231,TOC,b_02,constant,7,c_02,A,46.61003264925373,NA,1
20220509,231,TOC,b_03,constant,14,c_11,A,28.550065298507466,NA,1
20220509,231,TOC,b_04,constant,7,c_05,A,26.960097947761195,NA,1
20220509,231,TOC,b_05,decreasing,14,c_13,B,13.669999999999998,NA,1
20220509,231,TOC,b_06,decreasing,14,c_11,B,17.25651337792642,NA,1
20220509,231,TOC,b_07,decreasing,10,c_06,B,18.16302675585284,NA,1
20220509,231,TOC,b_08,decreasing,7,c_01,B,16.18954013377926,NA,1
20220509,231,TOC,b_09,decreasing,7,c_02,C,16.93605351170568,NA,1
20220509,231,TOC,b_10,decreasing,10,c_07,C,16.762566889632108,NA,1
20220509,231,TOC,b_11,decreasing,10,c_08,C,18.63908026755853,NA,1
20220509,231,TOC,b_12,decreasing,14,c_14,C,20.58559364548495,NA,1
20220509,231,TOC,b_13,constant,10,c_06,D,27.24039179104478,NA,1
20220509,231,TOC,b_14,constant,7,c_03,D,27.520424440298505,NA,1
20220509,231,TOC,b_15,constant,14,c_14,D,23.280457089552236,NA,1
20220509,231,TOC,b_16,constant,14,c_15,D,23.680489738805967,NA,1
20220509,231,TOC,b_17,decreasing,7,c_05,E,17.288160535117054,NA,1
20220509,231,TOC,b_18,decreasing,7,c_04,E,17.27467391304348,NA,1
20220509,231,TOC,b_19,decreasing,14,c_12,E,19.2711872909699,NA,1
20220509,231,TOC,b_20,decreasing,10,c_09,E,16.427700668896318,NA,1
20220509,231,TOC,b_21,constant,10,c_07,F,30.630652985074626,NA,1
20220509,231,TOC,b_22,constant,10,c_10,F,53.06068563432836,NA,1
20220509,231,TOC,b_23,constant,7,c_04,F,52.68071828358208,NA,1
20220509,231,TOC,b_24,constant,14,c_13,F,29.710750932835822,NA,1
20220509,231,TOC,b_25,decreasing,7,c_03,G,16.000267558528428,NA,1
20220509,231,TOC,b_26,decreasing,14,c_15,G,18.766780936454843,NA,1
20220509,231,TOC,b_27,decreasing,10,c_10,G,14.53329431438127,NA,1
20220509,231,TOC,b_28,constant,10,c_09,H,26.09088152985074,NA,1
20220509,231,TOC,b_29,constant,14,c_12,H,24.620914179104474,NA,1
20220509,231,TOC,b_30,constant,7,c_01,H,32.410946828358206,NA,1
20220511,233,IC,b_01,constant,10,c_08,A,2.25,NA,1
20220511,233,IC,b_02,constant,7,c_02,A,2.6817000932835824,NA,1
20220511,233,IC,b_03,constant,14,c_11,A,2.313400186567164,NA,1
20220511,233,IC,b_04,constant,7,c_05,A,2.8351002798507468,NA,1
20220511,233,IC,b_05,decreasing,14,c_13,B,11.82,NA,1
20220511,233,IC,b_06,decreasing,14,c_11,B,10.555898829431438,NA,1
20220511,233,IC,b_07,decreasing,10,c_06,B,10.051797658862876,NA,1
20220511,233,IC,b_08,decreasing,7,c_01,B,12.657696488294315,NA,1
20220511,233,IC,b_09,decreasing,7,c_02,C,11.723595317725753,NA,1
20220511,233,IC,b_10,decreasing,10,c_07,C,11.599494147157191,NA,1
20220511,233,IC,b_11,decreasing,10,c_08,C,9.965392976588628,NA,1
20220511,233,IC,b_12,decreasing,14,c_14,C,10.631291806020068,NA,1
20220511,233,IC,b_13,constant,10,c_06,D,3.3404011194029843,NA,1
20220511,233,IC,b_14,constant,7,c_03,D,4.032101212686568,NA,1
20220511,233,IC,b_15,constant,14,c_14,D,2.7638013059701496,NA,1
20220511,233,IC,b_16,constant,14,c_15,D,2.4855013992537316,NA,1
20220511,233,IC,b_17,decreasing,7,c_05,E,10.050785953177256,NA,1
20220511,233,IC,b_18,decreasing,7,c_04,E,12.046684782608693,NA,1
20220511,233,IC,b_19,decreasing,14,c_12,E,11.552583612040133,NA,1
20220511,233,IC,b_20,decreasing,10,c_09,E,11.49848244147157,NA,1
20220511,233,IC,b_21,constant,10,c_07,F,3.444001865671642,NA,1
20220511,233,IC,b_22,constant,10,c_10,F,2.915701958955224,NA,1
20220511,233,IC,b_23,constant,7,c_04,F,2.6974020522388056,NA,1
20220511,233,IC,b_24,constant,14,c_13,F,2.529102145522388,NA,1
20220511,233,IC,b_25,decreasing,7,c_03,G,11.597976588628761,NA,1
20220511,233,IC,b_26,decreasing,14,c_15,G,10.363875418060198,NA,1
20220511,233,IC,b_27,decreasing,10,c_10,G,11.379774247491637,NA,1
20220511,233,IC,b_28,constant,10,c_09,H,2.2959025186567166,NA,1
20220511,233,IC,b_29,constant,14,c_12,H,2.0576026119402986,NA,1
20220511,233,IC,b_30,constant,7,c_01,H,2.9993027052238803,NA,1
20220511,233,TC,b_01,constant,10,c_08,A,38.19,NA,1
20220511,233,TC,b_02,constant,7,c_02,A,50.11190531716417,NA,1
20220511,233,TC,b_03,constant,14,c_11,A,32.22381063432836,NA,1
20220511,233,TC,b_04,constant,7,c_05,A,31.95571595149253,NA,1
20220511,233,TC,b_05,decreasing,14,c_13,B,27.18,NA,1
20220511,233,TC,b_06,decreasing,14,c_11,B,27.815246655518397,NA,1
20220511,233,TC,b_07,decreasing,10,c_06,B,30.150493311036787,NA,1
20220511,233,TC,b_08,decreasing,7,c_01,B,31.275739966555182,NA,1
20220511,233,TC,b_09,decreasing,7,c_02,C,32.220986622073575,NA,1
20220511,233,TC,b_10,decreasing,10,c_07,C,30.02623327759197,NA,1
20220511,233,TC,b_11,decreasing,10,c_08,C,30.531479933110365,NA,1
20220511,233,TC,b_12,decreasing,14,c_14,C,30.08672658862876,NA,1
20220511,233,TC,b_13,constant,10,c_06,D,32.79286380597014,NA,1
20220511,233,TC,b_14,constant,7,c_03,D,32.56476912313432,NA,1
20220511,233,TC,b_15,constant,14,c_14,D,27.576674440298504,NA,1
20220511,233,TC,b_16,constant,14,c_15,D,27.578579757462684,NA,1
20220511,233,TC,b_17,decreasing,7,c_05,E,28.70295986622073,NA,1
20220511,233,TC,b_18,decreasing,7,c_04,E,31.698206521739124,NA,1
20220511,233,TC,b_19,decreasing,14,c_12,E,30.79345317725752,NA,1
20220511,233,TC,b_20,decreasing,10,c_09,E,28.928699832775912,NA,1
20220511,233,TC,b_21,constant,10,c_07,F,34.96810634328357,NA,1
20220511,233,TC,b_22,constant,10,c_10,F,57.86001166044775,NA,1
20220511,233,TC,b_23,constant,7,c_04,F,55.79191697761194,NA,1
20220511,233,TC,b_24,constant,14,c_13,F,34.50382229477611,NA,1
20220511,233,TC,b_25,decreasing,7,c_03,G,28.284933110367884,NA,1
20220511,233,TC,b_26,decreasing,14,c_15,G,31.27017976588628,NA,1
20220511,233,TC,b_27,decreasing,10,c_10,G,28.48542642140467,NA,1
20220511,233,TC,b_28,constant,10,c_09,H,30.421443563432824,NA,1
20220511,233,TC,b_29,constant,14,c_12,H,28.013348880597007,NA,1
20220511,233,TC,b_30,constant,7,c_01,H,38.165254197761186,NA,1
20220511,233,TN,b_01,constant,10,c_08,A,2.17,NA,1
20220511,233,TN,b_02,constant,7,c_02,A,3.0966091417910446,NA,1
20220511,233,TN,b_03,constant,14,c_11,A,1.97321828358209,NA,1
20220511,233,TN,b_04,constant,7,c_05,A,1.7998274253731346,NA,1
20220511,233,TN,b_05,decreasing,14,c_13,B,1.91,NA,1
20220511,233,TN,b_06,decreasing,14,c_11,B,1.6985827759197325,NA,1
20220511,233,TN,b_07,decreasing,10,c_06,B,1.837165551839465,NA,1
20220511,233,TN,b_08,decreasing,7,c_01,B,2.3157483277591977,NA,1
20220511,233,TN,b_09,decreasing,7,c_02,C,2.2143311036789295,NA,1
20220511,233,TN,b_10,decreasing,10,c_07,C,2.032913879598662,NA,1
20220511,233,TN,b_11,decreasing,10,c_08,C,1.8014966555183947,NA,1
20220511,233,TN,b_12,decreasing,14,c_14,C,1.7300794314381271,NA,1
20220511,233,TN,b_13,constant,10,c_06,D,1.859309701492537,NA,1
20220511,233,TN,b_14,constant,7,c_03,D,2.035918843283582,NA,1
20220511,233,TN,b_15,constant,14,c_14,D,1.6325279850746268,NA,1
20220511,233,TN,b_16,constant,14,c_15,D,1.659137126865672,NA,1
20220511,233,TN,b_17,decreasing,7,c_05,E,1.5729933110367893,NA,1
20220511,233,TN,b_18,decreasing,7,c_04,E,2.131576086956522,NA,1
20220511,233,TN,b_19,decreasing,14,c_12,E,1.8401588628762544,NA,1
20220511,233,TN,b_20,decreasing,10,c_09,E,1.7287416387959864,NA,1
20220511,233,TN,b_21,constant,10,c_07,F,2.1121828358208954,NA,1
20220511,233,TN,b_22,constant,10,c_10,F,3.38879197761194,NA,1
20220511,233,TN,b_23,constant,7,c_04,F,3.075401119402985,NA,1
20220511,233,TN,b_24,constant,14,c_13,F,2.05201026119403,NA,1
20220511,233,TN,b_25,decreasing,7,c_03,G,1.5816555183946488,NA,1
20220511,233,TN,b_26,decreasing,14,c_15,G,1.6202382943143814,NA,1
20220511,233,TN,b_27,decreasing,10,c_10,G,2.698821070234114,NA,1
20220511,233,TN,b_28,constant,10,c_09,H,1.898446828358209,NA,1
20220511,233,TN,b_29,constant,14,c_12,H,1.6750559701492538,NA,1
20220511,233,TN,b_30,constant,7,c_01,H,2.2816651119402986,NA,1
20220511,233,TOC,b_01,constant,10,c_08,A,35.94,NA,1
20220511,233,TOC,b_02,constant,7,c_02,A,47.43020522388059,NA,1
20220511,233,TOC,b_03,constant,14,c_11,A,29.910410447761194,NA,1
20220511,233,TOC,b_04,constant,7,c_05,A,29.120615671641783,NA,1
20220511,233,TOC,b_05,decreasing,14,c_13,B,15.36,NA,1
20220511,233,TOC,b_06,decreasing,14,c_11,B,17.259347826086955,NA,1
20220511,233,TOC,b_07,decreasing,10,c_06,B,20.09869565217391,NA,1
20220511,233,TOC,b_08,decreasing,7,c_01,B,18.618043478260866,NA,1
20220511,233,TOC,b_09,decreasing,7,c_02,C,20.497391304347822,NA,1
20220511,233,TOC,b_10,decreasing,10,c_07,C,18.42673913043478,NA,1
20220511,233,TOC,b_11,decreasing,10,c_08,C,20.566086956521737,NA,1
20220511,233,TOC,b_12,decreasing,14,c_14,C,19.455434782608695,NA,1
20220511,233,TOC,b_13,constant,10,c_06,D,29.45246268656716,NA,1
20220511,233,TOC,b_14,constant,7,c_03,D,28.532667910447756,NA,1
20220511,233,TOC,b_15,constant,14,c_14,D,24.812873134328356,NA,1
20220511,233,TOC,b_16,constant,14,c_15,D,25.093078358208956,NA,1
20220511,233,TOC,b_17,decreasing,7,c_05,E,18.652173913043473,NA,1
20220511,233,TOC,b_18,decreasing,7,c_04,E,19.65152173913043,NA,1
20220511,233,TOC,b_19,decreasing,14,c_12,E,19.240869565217384,NA,1
20220511,233,TOC,b_20,decreasing,10,c_09,E,17.430217391304343,NA,1
20220511,233,TOC,b_21,constant,10,c_07,F,31.524104477611942,NA,1
20220511,233,TOC,b_22,constant,10,c_10,F,54.944309701492536,NA,1
20220511,233,TOC,b_23,constant,7,c_04,F,53.09451492537314,NA,1
20220511,233,TOC,b_24,constant,14,c_13,F,31.974720149253727,NA,1
20220511,233,TOC,b_25,decreasing,7,c_03,G,16.686956521739127,NA,1
20220511,233,TOC,b_26,decreasing,14,c_15,G,20.906304347826083,NA,1
20220511,233,TOC,b_27,decreasing,10,c_10,G,17.105652173913036,NA,1
20220511,233,TOC,b_28,constant,10,c_09,H,28.125541044776114,NA,1
20220511,233,TOC,b_29,constant,14,c_12,H,25.95574626865671,NA,1
20220511,233,TOC,b_30,constant,7,c_01,H,35.16595149253731,NA,1
20220513,235,IC,b_01,constant,10,c_08,A,1.99,NA,1
20220513,235,IC,b_02,constant,7,c_02,A,3.3681716417910446,NA,1
20220513,235,IC,b_03,constant,14,c_11,A,2.7263432835820898,NA,1
20220513,235,IC,b_04,constant,7,c_05,A,2.454514925373134,NA,1
20220513,235,IC,b_05,decreasing,14,c_13,B,12.14,NA,1
20220513,235,IC,b_06,decreasing,14,c_11,B,10.74208193979933,NA,1
20220513,235,IC,b_07,decreasing,10,c_06,B,10.314163879598661,NA,1
20220513,235,IC,b_08,decreasing,7,c_01,B,13.046245819397994,NA,1
20220513,235,IC,b_09,decreasing,7,c_02,C,12.278327759197325,NA,1
20220513,235,IC,b_10,decreasing,10,c_07,C,12.080409698996656,NA,1
20220513,235,IC,b_11,decreasing,10,c_08,C,10.542491638795987,NA,1
20220513,235,IC,b_12,decreasing,14,c_14,C,10.954573578595317,NA,1
20220513,235,IC,b_13,constant,10,c_06,D,2.978059701492537,NA,1
20220513,235,IC,b_14,constant,7,c_03,D,3.686231343283582,NA,1
20220513,235,IC,b_15,constant,14,c_14,D,2.6444029850746267,NA,1
20220513,235,IC,b_16,constant,14,c_15,D,2.2625746268656712,NA,1
20220513,235,IC,b_17,decreasing,7,c_05,E,10.464983277591974,NA,1
20220513,235,IC,b_18,decreasing,7,c_04,E,12.967065217391305,NA,1
20220513,235,IC,b_19,decreasing,14,c_12,E,12.349147157190636,NA,1
20220513,235,IC,b_20,decreasing,10,c_09,E,12.201229096989966,NA,1
20220513,235,IC,b_21,constant,10,c_07,F,3.753432835820895,NA,1
20220513,235,IC,b_22,constant,10,c_10,F,2.43160447761194,NA,1
20220513,235,IC,b_23,constant,7,c_04,F,2.8797761194029845,NA,1
20220513,235,IC,b_24,constant,14,c_13,F,2.827947761194029,NA,1
20220513,235,IC,b_25,decreasing,7,c_03,G,11.851638795986622,NA,1
20220513,235,IC,b_26,decreasing,14,c_15,G,10.563720735785953,NA,1
20220513,235,IC,b_27,decreasing,10,c_10,G,11.505802675585283,NA,1
20220513,235,IC,b_28,constant,10,c_09,H,2.470634328358208,NA,1
20220513,235,IC,b_29,constant,14,c_12,H,2.4188059701492537,NA,1
20220513,235,IC,b_30,constant,7,c_01,H,2.676977611940298,NA,1
20220513,235,TC,b_01,constant,10,c_08,A,35.62,NA,1
20220513,235,TC,b_02,constant,7,c_02,A,49.601506529850745,NA,1
20220513,235,TC,b_03,constant,14,c_11,A,31.73301305970149,NA,1
20220513,235,TC,b_04,constant,7,c_05,A,30.16451958955224,NA,1
20220513,235,TC,b_05,decreasing,14,c_13,B,26.93,NA,1
20220513,235,TC,b_06,decreasing,14,c_11,B,27.6984364548495,NA,1
20220513,235,TC,b_07,decreasing,10,c_06,B,29.106872909698996,NA,1
20220513,235,TC,b_08,decreasing,7,c_01,B,29.775309364548495,NA,1
20220513,235,TC,b_09,decreasing,7,c_02,C,29.91374581939799,NA,1
20220513,235,TC,b_10,decreasing,10,c_07,C,28.78218227424749,NA,1
20220513,235,TC,b_11,decreasing,10,c_08,C,30.770618729096988,NA,1
20220513,235,TC,b_12,decreasing,14,c_14,C,30.489055183946487,NA,1
20220513,235,TC,b_13,constant,10,c_06,D,31.508078358208955,NA,1
20220513,235,TC,b_14,constant,7,c_03,D,32.159584888059705,NA,1
20220513,235,TC,b_15,constant,14,c_14,D,27.73109141791045,NA,1
20220513,235,TC,b_16,constant,14,c_15,D,27.9425979477612,NA,1
20220513,235,TC,b_17,decreasing,7,c_05,E,27.191237458193978,NA,1
20220513,235,TC,b_18,decreasing,7,c_04,E,29.629673913043476,NA,1
20220513,235,TC,b_19,decreasing,14,c_12,E,31.078110367892975,NA,1
20220513,235,TC,b_20,decreasing,10,c_09,E,28.04654682274247,NA,1
20220513,235,TC,b_21,constant,10,c_07,F,34.420130597014925,NA,1
20220513,235,TC,b_22,constant,10,c_10,F,54.72163712686567,NA,1
20220513,235,TC,b_23,constant,7,c_04,F,55.03314365671642,NA,1
20220513,235,TC,b_24,constant,14,c_13,F,33.734650186567166,NA,1
20220513,235,TC,b_25,decreasing,7,c_03,G,27.51872909698996,NA,1
20220513,235,TC,b_26,decreasing,14,c_15,G,30.02716555183946,NA,1
20220513,235,TC,b_27,decreasing,10,c_10,G,28.285602006688958,NA,1
20220513,235,TC,b_28,constant,10,c_09,H,30.560676305970155,NA,1
20220513,235,TC,b_29,constant,14,c_12,H,26.4921828358209,NA,1
20220513,235,TC,b_30,constant,7,c_01,H,35.87368936567164,NA,1
20220513,235,TN,b_01,constant,10,c_08,A,2.14,NA,1
20220513,235,TN,b_02,constant,7,c_02,A,3.1110984141791045,NA,1
20220513,235,TN,b_03,constant,14,c_11,A,2.002196828358209,NA,1
20220513,235,TN,b_04,constant,7,c_05,A,1.7932952425373134,NA,1
20220513,235,TN,b_05,decreasing,14,c_13,B,1.93,NA,1
20220513,235,TN,b_06,decreasing,14,c_11,B,1.7462959866220735,NA,1
20220513,235,TN,b_07,decreasing,10,c_06,B,1.792591973244147,NA,1
20220513,235,TN,b_08,decreasing,7,c_01,B,2.2288879598662206,NA,1
20220513,235,TN,b_09,decreasing,7,c_02,C,2.1451839464882942,NA,1
20220513,235,TN,b_10,decreasing,10,c_07,C,2.001479933110368,NA,1
20220513,235,TN,b_11,decreasing,10,c_08,C,1.8177759197324415,NA,1
20220513,235,TN,b_12,decreasing,14,c_14,C,1.754071906354515,NA,1
20220513,235,TN,b_13,constant,10,c_06,D,1.8531809701492539,NA,1
20220513,235,TN,b_14,constant,7,c_03,D,2.064279384328358,NA,1
20220513,235,TN,b_15,constant,14,c_14,D,1.6853777985074623,NA,1
20220513,235,TN,b_16,constant,14,c_15,D,1.6964762126865671,NA,1
20220513,235,TN,b_17,decreasing,7,c_05,E,1.4955518394648828,NA,1
20220513,235,TN,b_18,decreasing,7,c_04,E,2.0218478260869563,NA,1
20220513,235,TN,b_19,decreasing,14,c_12,E,1.87814381270903,NA,1
20220513,235,TN,b_20,decreasing,10,c_09,E,1.7044397993311036,NA,1
20220513,235,TN,b_21,constant,10,c_07,F,2.0919682835820894,NA,1
20220513,235,TN,b_22,constant,10,c_10,F,3.313066697761194,NA,1
20220513,235,TN,b_23,constant,7,c_04,F,3.1141651119402987,NA,1
20220513,235,TN,b_24,constant,14,c_13,F,2.015263526119403,NA,1
20220513,235,TN,b_25,decreasing,7,c_03,G,1.5859197324414713,NA,1
20220513,235,TN,b_26,decreasing,14,c_15,G,1.532215719063545,NA,1
20220513,235,TN,b_27,decreasing,10,c_10,G,2.7585117056856183,NA,1
20220513,235,TN,b_28,constant,10,c_09,H,1.949657182835821,NA,1
20220513,235,TN,b_29,constant,14,c_12,H,1.7607555970149251,NA,1
20220513,235,TN,b_30,constant,7,c_01,H,2.2118540111940295,NA,1
20220513,235,TOC,b_01,constant,10,c_08,A,33.629999999999995,NA,1
20220513,235,TOC,b_02,constant,7,c_02,A,46.2333348880597,NA,1
20220513,235,TOC,b_03,constant,14,c_11,A,29.0066697761194,NA,1
20220513,235,TOC,b_04,constant,7,c_05,A,27.710004664179102,NA,1
20220513,235,TOC,b_05,decreasing,14,c_13,B,14.79,NA,1
20220513,235,TOC,b_06,decreasing,14,c_11,B,16.95635451505017,NA,1
20220513,235,TOC,b_07,decreasing,10,c_06,B,18.792709030100333,NA,1
20220513,235,TOC,b_08,decreasing,7,c_01,B,16.729063545150503,NA,1
20220513,235,TOC,b_09,decreasing,7,c_02,C,17.635418060200667,NA,1
20220513,235,TOC,b_10,decreasing,10,c_07,C,16.701772575250835,NA,1
20220513,235,TOC,b_11,decreasing,10,c_08,C,20.228127090301005,NA,1
20220513,235,TOC,b_12,decreasing,14,c_14,C,19.534481605351175,NA,1
20220513,235,TOC,b_13,constant,10,c_06,D,28.530018656716422,NA,1
20220513,235,TOC,b_14,constant,7,c_03,D,28.473353544776117,NA,1
20220513,235,TOC,b_15,constant,14,c_14,D,25.08668843283582,NA,1
20220513,235,TOC,b_16,constant,14,c_15,D,25.680023320895522,NA,1
20220513,235,TOC,b_17,decreasing,7,c_05,E,16.726254180602005,NA,1
20220513,235,TOC,b_18,decreasing,7,c_04,E,16.662608695652175,NA,1
20220513,235,TOC,b_19,decreasing,14,c_12,E,18.72896321070234,NA,1
20220513,235,TOC,b_20,decreasing,10,c_09,E,15.845317725752507,NA,1
20220513,235,TOC,b_21,constant,10,c_07,F,30.66669776119403,NA,1
20220513,235,TOC,b_22,constant,10,c_10,F,52.29003264925373,NA,1
20220513,235,TOC,b_23,constant,7,c_04,F,52.153367537313436,NA,1
20220513,235,TOC,b_24,constant,14,c_13,F,30.90670242537314,NA,1
20220513,235,TOC,b_25,decreasing,7,c_03,G,15.667090301003341,NA,1
20220513,235,TOC,b_26,decreasing,14,c_15,G,19.46344481605351,NA,1
20220513,235,TOC,b_27,decreasing,10,c_10,G,16.779799331103675,NA,1
20220513,235,TOC,b_28,constant,10,c_09,H,28.09004197761194,NA,1
20220513,235,TOC,b_29,constant,14,c_12,H,24.07337686567164,NA,1
20220513,235,TOC,b_30,constant,7,c_01,H,33.196711753731336,NA,1
20220516,238,IC,b_01,constant,10,c_08,A,2.69,NA,1
20220516,238,IC,b_02,constant,7,c_02,A,3.056767723880597,NA,1
20220516,238,IC,b_03,constant,14,c_11,A,3.043535447761194,NA,1
20220516,238,IC,b_04,constant,7,c_05,A,2.710303171641791,NA,1
20220516,238,IC,b_05,decreasing,14,c_13,B,10.4,NA,1
20220516,238,IC,b_06,decreasing,14,c_11,B,8.999841137123745,NA,1
20220516,238,IC,b_07,decreasing,10,c_06,B,9.009682274247492,NA,1
20220516,238,IC,b_08,decreasing,7,c_01,B,11.409523411371238,NA,1
20220516,238,IC,b_09,decreasing,7,c_02,C,10.399364548494983,NA,1
20220516,238,IC,b_10,decreasing,10,c_07,C,10.30920568561873,NA,1
20220516,238,IC,b_11,decreasing,10,c_08,C,9.169046822742475,NA,1
20220516,238,IC,b_12,decreasing,14,c_14,C,9.96888795986622,NA,1
20220516,238,IC,b_13,constant,10,c_06,D,2.4812126865671646,NA,1
20220516,238,IC,b_14,constant,7,c_03,D,3.0879804104477615,NA,1
20220516,238,IC,b_15,constant,14,c_14,D,3.5947481343283583,NA,1
20220516,238,IC,b_16,constant,14,c_15,D,2.2815158582089556,NA,1
20220516,238,IC,b_17,decreasing,7,c_05,E,8.888093645484949,NA,1
20220516,238,IC,b_18,decreasing,7,c_04,E,10.957934782608694,NA,1
20220516,238,IC,b_19,decreasing,14,c_12,E,10.24777591973244,NA,1
20220516,238,IC,b_20,decreasing,10,c_09,E,10.617617056856187,NA,1
20220516,238,IC,b_21,constant,10,c_07,F,3.2253544776119405,NA,1
20220516,238,IC,b_22,constant,10,c_10,F,2.712122201492538,NA,1
20220516,238,IC,b_23,constant,7,c_04,F,2.8388899253731354,NA,1
20220516,238,IC,b_24,constant,14,c_13,F,2.8556576492537316,NA,1
20220516,238,IC,b_25,decreasing,7,c_03,G,10.216822742474916,NA,1
20220516,238,IC,b_26,decreasing,14,c_15,G,9.306663879598661,NA,1
20220516,238,IC,b_27,decreasing,10,c_10,G,9.856505016722407,NA,1
20220516,238,IC,b_28,constant,10,c_09,H,2.6427285447761193,NA,1
20220516,238,IC,b_29,constant,14,c_12,H,2.5494962686567177,NA,1
20220516,238,IC,b_30,constant,7,c_01,H,3.346263992537314,NA,1
20220516,238,TC,b_01,constant,10,c_08,A,34.66,NA,1
20220516,238,TC,b_02,constant,7,c_02,A,47.717348414179106,NA,1
20220516,238,TC,b_03,constant,14,c_11,A,30.784696828358207,NA,1
20220516,238,TC,b_04,constant,7,c_05,A,27.402045242537312,NA,1
20220516,238,TC,b_05,decreasing,14,c_13,B,25.11,NA,1
20220516,238,TC,b_06,decreasing,14,c_11,B,25.550108695652177,NA,1
20220516,238,TC,b_07,decreasing,10,c_06,B,26.23021739130435,NA,1
20220516,238,TC,b_08,decreasing,7,c_01,B,28.130326086956522,NA,1
20220516,238,TC,b_09,decreasing,7,c_02,C,28.520434782608696,NA,1
20220516,238,TC,b_10,decreasing,10,c_07,C,27.78054347826087,NA,1
20220516,238,TC,b_11,decreasing,10,c_08,C,28.470652173913045,NA,1
20220516,238,TC,b_12,decreasing,14,c_14,C,34.520760869565216,NA,1
20220516,238,TC,b_13,constant,10,c_06,D,28.338180970149246,NA,1
20220516,238,TC,b_14,constant,7,c_03,D,29.515529384328353,NA,1
20220516,238,TC,b_15,constant,14,c_14,D,25.592877798507452,NA,1
20220516,238,TC,b_16,constant,14,c_15,D,23.98022621268656,NA,1
20220516,238,TC,b_17,decreasing,7,c_05,E,26.381304347826084,NA,1
20220516,238,TC,b_18,decreasing,7,c_04,E,29.511413043478257,NA,1
20220516,238,TC,b_19,decreasing,14,c_12,E,29.28152173913043,NA,1
20220516,238,TC,b_20,decreasing,10,c_09,E,27.081630434782603,NA,1
20220516,238,TC,b_21,constant,10,c_07,F,31.856968283582084,NA,1
20220516,238,TC,b_22,constant,10,c_10,F,53.464316697761184,NA,1
20220516,238,TC,b_23,constant,7,c_04,F,53.201665111940294,NA,1
20220516,238,TC,b_24,constant,14,c_13,F,29.809013526119394,NA,1
20220516,238,TC,b_25,decreasing,7,c_03,G,26.022173913043474,NA,1
20220516,238,TC,b_26,decreasing,14,c_15,G,28.412282608695648,NA,1
20220516,238,TC,b_27,decreasing,10,c_10,G,25.81239130434782,NA,1
20220516,238,TC,b_28,constant,10,c_09,H,27.928407182835805,NA,1
20220516,238,TC,b_29,constant,14,c_12,H,27.105755597014912,NA,1
20220516,238,TC,b_30,constant,7,c_01,H,34.04310401119402,NA,1
20220516,238,TN,b_01,constant,10,c_08,A,2.08,NA,1
20220516,238,TN,b_02,constant,7,c_02,A,3.1378031716417913,NA,1
20220516,238,TN,b_03,constant,14,c_11,A,2.0456063432835823,NA,1
20220516,238,TN,b_04,constant,7,c_05,A,1.7634095149253735,NA,1
20220516,238,TN,b_05,decreasing,14,c_13,B,1.94,NA,1
20220516,238,TN,b_06,decreasing,14,c_11,B,1.7934197324414716,NA,1
20220516,238,TN,b_07,decreasing,10,c_06,B,1.8068394648829431,NA,1
20220516,238,TN,b_08,decreasing,7,c_01,B,2.300259197324414,NA,1
20220516,238,TN,b_09,decreasing,7,c_02,C,2.143678929765886,NA,1
20220516,238,TN,b_10,decreasing,10,c_07,C,2.0170986622073577,NA,1
20220516,238,TN,b_11,decreasing,10,c_08,C,1.8305183946488297,NA,1
20220516,238,TN,b_12,decreasing,14,c_14,C,2.2939381270903008,NA,1
20220516,238,TN,b_13,constant,10,c_06,D,1.8336380597014927,NA,1
20220516,238,TN,b_14,constant,7,c_03,D,2.0514412313432837,NA,1
20220516,238,TN,b_15,constant,14,c_14,D,1.629244402985075,NA,1
20220516,238,TN,b_16,constant,14,c_15,D,1.597047574626866,NA,1
20220516,238,TN,b_17,decreasing,7,c_05,E,1.6210367892976587,NA,1
20220516,238,TN,b_18,decreasing,7,c_04,E,2.1444565217391305,NA,1
20220516,238,TN,b_19,decreasing,14,c_12,E,1.9178762541806016,NA,1
20220516,238,TN,b_20,decreasing,10,c_09,E,1.8012959866220735,NA,1
20220516,238,TN,b_21,constant,10,c_07,F,2.0860634328358207,NA,1
20220516,238,TN,b_22,constant,10,c_10,F,3.4438666044776123,NA,1
20220516,238,TN,b_23,constant,7,c_04,F,3.191669776119403,NA,1
20220516,238,TN,b_24,constant,14,c_13,F,1.8994729477611942,NA,1
20220516,238,TN,b_25,decreasing,7,c_03,G,1.6283946488294314,NA,1
20220516,238,TN,b_26,decreasing,14,c_15,G,1.6618143812709032,NA,1
20220516,238,TN,b_27,decreasing,10,c_10,G,2.7052341137123745,NA,1
20220516,238,TN,b_28,constant,10,c_09,H,1.9106856343283583,NA,1
20220516,238,TN,b_29,constant,14,c_12,H,1.7984888059701496,NA,1
20220516,238,TN,b_30,constant,7,c_01,H,2.1462919776119405,NA,1
20220516,238,TOC,b_01,constant,10,c_08,A,31.969999999999995,NA,1
20220516,238,TOC,b_02,constant,7,c_02,A,44.6605806902985,NA,1
20220516,238,TOC,b_03,constant,14,c_11,A,27.74116138059701,NA,1
20220516,238,TOC,b_04,constant,7,c_05,A,24.691742070895522,NA,1
20220516,238,TOC,b_05,decreasing,14,c_13,B,14.709999999999999,NA,1
20220516,238,TOC,b_06,decreasing,14,c_11,B,16.55026755852843,NA,1
20220516,238,TOC,b_07,decreasing,10,c_06,B,17.22053511705686,NA,1
20220516,238,TOC,b_08,decreasing,7,c_01,B,16.720802675585283,NA,1
20220516,238,TOC,b_09,decreasing,7,c_02,C,18.121070234113713,NA,1
20220516,238,TOC,b_10,decreasing,10,c_07,C,17.47133779264214,NA,1
20220516,238,TOC,b_11,decreasing,10,c_08,C,19.301605351170572,NA,1
20220516,238,TOC,b_12,decreasing,14,c_14,C,24.551872909698996,NA,1
20220516,238,TOC,b_13,constant,10,c_06,D,25.856968283582088,NA,1
20220516,238,TOC,b_14,constant,7,c_03,D,26.427548973880597,NA,1
20220516,238,TOC,b_15,constant,14,c_14,D,21.998129664179096,NA,1
20220516,238,TOC,b_16,constant,14,c_15,D,21.698710354477605,NA,1
20220516,238,TOC,b_17,decreasing,7,c_05,E,17.493210702341138,NA,1
20220516,238,TOC,b_18,decreasing,7,c_04,E,18.55347826086956,NA,1
20220516,238,TOC,b_19,decreasing,14,c_12,E,19.03374581939799,NA,1
20220516,238,TOC,b_20,decreasing,10,c_09,E,16.46401337792642,NA,1
20220516,238,TOC,b_21,constant,10,c_07,F,28.631613805970147,NA,1
20220516,238,TOC,b_22,constant,10,c_10,F,50.75219449626865,NA,1
20220516,238,TOC,b_23,constant,7,c_04,F,50.36277518656716,NA,1
20220516,238,TOC,b_24,constant,14,c_13,F,26.953355876865672,NA,1
20220516,238,TOC,b_25,decreasing,7,c_03,G,15.80535117056856,NA,1
20220516,238,TOC,b_26,decreasing,14,c_15,G,19.10561872909699,NA,1
20220516,238,TOC,b_27,decreasing,10,c_10,G,15.955886287625415,NA,1
20220516,238,TOC,b_28,constant,10,c_09,H,25.2856786380597,NA,1
20220516,238,TOC,b_29,constant,14,c_12,H,24.556259328358202,NA,1
20220516,238,TOC,b_30,constant,7,c_01,H,30.696840018656715,NA,1
20220518,240,IC,b_01,constant,10,c_08,A,2.24,NA,1
20220518,240,IC,b_02,constant,7,c_02,A,2.2912150186567164,NA,1
20220518,240,IC,b_03,constant,14,c_11,A,2.452430037313433,NA,1
20220518,240,IC,b_04,constant,7,c_05,A,2.3036450559701493,NA,1
20220518,240,IC,b_05,decreasing,14,c_13,B,10.57,NA,1
20220518,240,IC,b_06,decreasing,14,c_11,B,9.129749163879598,NA,1
20220518,240,IC,b_07,decreasing,10,c_06,B,9.189498327759198,NA,1
20220518,240,IC,b_08,decreasing,7,c_01,B,11.709247491638795,NA,1
20220518,240,IC,b_09,decreasing,7,c_02,C,10.638996655518394,NA,1
20220518,240,IC,b_10,decreasing,10,c_07,C,10.738745819397993,NA,1
20220518,240,IC,b_11,decreasing,10,c_08,C,9.15849498327759,NA,1
20220518,240,IC,b_12,decreasing,14,c_14,C,9.488244147157191,NA,1
20220518,240,IC,b_13,constant,10,c_06,D,2.9645802238805974,NA,1
20220518,240,IC,b_14,constant,7,c_03,D,2.4857952425373138,NA,1
20220518,240,IC,b_15,constant,14,c_14,D,1.9770102611940303,NA,1
20220518,240,IC,b_16,constant,14,c_15,D,2.3382252798507466,NA,1
20220518,240,IC,b_17,decreasing,7,c_05,E,8.936989966555181,NA,1
20220518,240,IC,b_18,decreasing,7,c_04,E,11.166739130434781,NA,1
20220518,240,IC,b_19,decreasing,14,c_12,E,10.646488294314379,NA,1
20220518,240,IC,b_20,decreasing,10,c_09,E,10.606237458193979,NA,1
20220518,240,IC,b_21,constant,10,c_07,F,3.354300373134328,NA,1
20220518,240,IC,b_22,constant,10,c_10,F,2.3455153917910456,NA,1
20220518,240,IC,b_23,constant,7,c_04,F,2.2367304104477617,NA,1
20220518,240,IC,b_24,constant,14,c_13,F,2.357945429104478,NA,1
20220518,240,IC,b_25,decreasing,7,c_03,G,10.474983277591972,NA,1
20220518,240,IC,b_26,decreasing,14,c_15,G,9.54473244147157,NA,1
20220518,240,IC,b_27,decreasing,10,c_10,G,9.884481605351167,NA,1
20220518,240,IC,b_28,constant,10,c_09,H,2.182805503731343,NA,1
20220518,240,IC,b_29,constant,14,c_12,H,1.90402052238806,NA,1
20220518,240,IC,b_30,constant,7,c_01,H,2.625235541044776,NA,1
20220518,240,TC,b_01,constant,10,c_08,A,35.32,NA,1
20220518,240,TC,b_02,constant,7,c_02,A,48.51729944029851,NA,1
20220518,240,TC,b_03,constant,14,c_11,A,31.504598880597015,NA,1
20220518,240,TC,b_04,constant,7,c_05,A,27.64189832089552,NA,1
20220518,240,TC,b_05,decreasing,14,c_13,B,25.24,NA,1
20220518,240,TC,b_06,decreasing,14,c_11,B,24.573528428093642,NA,1
20220518,240,TC,b_07,decreasing,10,c_06,B,25.94705685618729,NA,1
20220518,240,TC,b_08,decreasing,7,c_01,B,27.290585284280933,NA,1
20220518,240,TC,b_09,decreasing,7,c_02,C,28.62411371237458,NA,1
20220518,240,TC,b_10,decreasing,10,c_07,C,26.997642140468223,NA,1
20220518,240,TC,b_11,decreasing,10,c_08,C,27.36117056856187,NA,1
20220518,240,TC,b_12,decreasing,14,c_14,C,25.134698996655512,NA,1
20220518,240,TC,b_13,constant,10,c_06,D,28.49759328358209,NA,1
20220518,240,TC,b_14,constant,7,c_03,D,27.354892723880596,NA,1
20220518,240,TC,b_15,constant,14,c_14,D,23.612192164179106,NA,1
20220518,240,TC,b_16,constant,14,c_15,D,24.61949160447761,NA,1
20220518,240,TC,b_17,decreasing,7,c_05,E,25.38234113712374,NA,1
20220518,240,TC,b_18,decreasing,7,c_04,E,28.685869565217388,NA,1
20220518,240,TC,b_19,decreasing,14,c_12,E,28.46939799331103,NA,1
20220518,240,TC,b_20,decreasing,10,c_09,E,26.232926421404677,NA,1
20220518,240,TC,b_21,constant,10,c_07,F,30.85598880597015,NA,1
20220518,240,TC,b_22,constant,10,c_10,F,54.16328824626866,NA,1
20220518,240,TC,b_23,constant,7,c_04,F,53.96058768656715,NA,1
20220518,240,TC,b_24,constant,14,c_13,F,31.047887126865668,NA,1
20220518,240,TC,b_25,decreasing,7,c_03,G,25.7505685618729,NA,1
20220518,240,TC,b_26,decreasing,14,c_15,G,28.624096989966546,NA,1
20220518,240,TC,b_27,decreasing,10,c_10,G,23.08762541806019,NA,1
20220518,240,TC,b_28,constant,10,c_09,H,28.137084888059697,NA,1
20220518,240,TC,b_29,constant,14,c_12,H,25.984384328358203,NA,1
20220518,240,TC,b_30,constant,7,c_01,H,35.881683768656714,NA,1
20220518,240,TN,b_01,constant,10,c_08,A,2.24,NA,1
20220518,240,TN,b_02,constant,7,c_02,A,3.2762523320895522,NA,1
20220518,240,TN,b_03,constant,14,c_11,A,2.1525046641791046,NA,1
20220518,240,TN,b_04,constant,7,c_05,A,1.788756996268657,NA,1
20220518,240,TN,b_05,decreasing,14,c_13,B,1.99,NA,1
20220518,240,TN,b_06,decreasing,14,c_11,B,1.7643269230769232,NA,1
20220518,240,TN,b_07,decreasing,10,c_06,B,1.8086538461538462,NA,1
20220518,240,TN,b_08,decreasing,7,c_01,B,2.202980769230769,NA,1
20220518,240,TN,b_09,decreasing,7,c_02,C,2.217307692307692,NA,1
20220518,240,TN,b_10,decreasing,10,c_07,C,1.9716346153846156,NA,1
20220518,240,TN,b_11,decreasing,10,c_08,C,1.7559615384615384,NA,1
20220518,240,TN,b_12,decreasing,14,c_14,C,1.6202884615384614,NA,1
20220518,240,TN,b_13,constant,10,c_06,D,1.8550279850746265,NA,1
20220518,240,TN,b_14,constant,7,c_03,D,1.9612803171641788,NA,1
20220518,240,TN,b_15,constant,14,c_14,D,1.6675326492537312,NA,1
20220518,240,TN,b_16,constant,14,c_15,D,1.6737849813432835,NA,1
20220518,240,TN,b_17,decreasing,7,c_05,E,1.6219230769230768,NA,1
20220518,240,TN,b_18,decreasing,7,c_04,E,2.24625,NA,1
20220518,240,TN,b_19,decreasing,14,c_12,E,1.8905769230769227,NA,1
20220518,240,TN,b_20,decreasing,10,c_09,E,1.7949038461538458,NA,1
20220518,240,TN,b_21,constant,10,c_07,F,2.025046641791045,NA,1
20220518,240,TN,b_22,constant,10,c_10,F,3.541298973880597,NA,1
20220518,240,TN,b_23,constant,7,c_04,F,3.297551305970149,NA,1
20220518,240,TN,b_24,constant,14,c_13,F,2.0338036380597013,NA,1
20220518,240,TN,b_25,decreasing,7,c_03,G,1.6065384615384612,NA,1
20220518,240,TN,b_26,decreasing,14,c_15,G,1.6608653846153842,NA,1
20220518,240,TN,b_27,decreasing,10,c_10,G,2.525192307692307,NA,1
20220518,240,TN,b_28,constant,10,c_09,H,1.9988129664179106,NA,1
20220518,240,TN,b_29,constant,14,c_12,H,1.7450652985074626,NA,1
20220518,240,TN,b_30,constant,7,c_01,H,2.4213176305970148,NA,1
20220518,240,TOC,b_01,constant,10,c_08,A,33.08,NA,1
20220518,240,TOC,b_02,constant,7,c_02,A,46.22608442164179,NA,1
20220518,240,TOC,b_03,constant,14,c_11,A,29.05216884328358,NA,1
20220518,240,TOC,b_04,constant,7,c_05,A,25.338253264925374,NA,1
20220518,240,TOC,b_05,decreasing,14,c_13,B,14.669999999999998,NA,1
20220518,240,TOC,b_06,decreasing,14,c_11,B,15.443779264214045,NA,1
20220518,240,TOC,b_07,decreasing,10,c_06,B,16.757558528428095,NA,1
20220518,240,TOC,b_08,decreasing,7,c_01,B,15.581337792642142,NA,1
20220518,240,TOC,b_09,decreasing,7,c_02,C,17.98511705685619,NA,1
20220518,240,TOC,b_10,decreasing,10,c_07,C,16.258896321070235,NA,1
20220518,240,TOC,b_11,decreasing,10,c_08,C,18.202675585284283,NA,1
20220518,240,TOC,b_12,decreasing,14,c_14,C,15.646454849498328,NA,1
20220518,240,TOC,b_13,constant,10,c_06,D,25.533013059701492,NA,1
20220518,240,TOC,b_14,constant,7,c_03,D,24.869097481343278,NA,1
20220518,240,TOC,b_15,constant,14,c_14,D,21.635181902985078,NA,1
20220518,240,TOC,b_16,constant,14,c_15,D,22.281266324626866,NA,1
20220518,240,TOC,b_17,decreasing,7,c_05,E,16.445351170568564,NA,1
20220518,240,TOC,b_18,decreasing,7,c_04,E,17.51913043478261,NA,1
20220518,240,TOC,b_19,decreasing,14,c_12,E,17.82290969899666,NA,1
20220518,240,TOC,b_20,decreasing,10,c_09,E,15.626688963210704,NA,1
20220518,240,TOC,b_21,constant,10,c_07,F,27.501688432835817,NA,1
20220518,240,TOC,b_22,constant,10,c_10,F,51.81777285447761,NA,1
20220518,240,TOC,b_23,constant,7,c_04,F,51.723857276119404,NA,1
20220518,240,TOC,b_24,constant,14,c_13,F,28.689941697761196,NA,1
20220518,240,TOC,b_25,decreasing,7,c_03,G,15.275585284280938,NA,1
20220518,240,TOC,b_26,decreasing,14,c_15,G,19.07936454849498,NA,1
20220518,240,TOC,b_27,decreasing,10,c_10,G,13.20314381270903,NA,1
20220518,240,TOC,b_28,constant,10,c_09,H,25.954279384328363,NA,1
20220518,240,TOC,b_29,constant,14,c_12,H,24.080363805970148,NA,1
20220518,240,TOC,b_30,constant,7,c_01,H,33.25644822761194,NA,1
20220520,242,IC,b_01,constant,10,c_08,A,1.49,NA,1
20220520,242,IC,b_02,constant,7,c_02,A,2.2265228544776123,NA,1
20220520,242,IC,b_03,constant,14,c_11,A,2.423045708955224,NA,1
20220520,242,IC,b_04,constant,7,c_05,A,2.629568563432836,NA,1
20220520,242,IC,b_05,decreasing,14,c_13,B,10.52,NA,1
20220520,242,IC,b_06,decreasing,14,c_11,B,8.892809364548494,NA,1
20220520,242,IC,b_07,decreasing,10,c_06,B,8.35561872909699,NA,1
20220520,242,IC,b_08,decreasing,7,c_01,B,11.748428093645485,NA,1
20220520,242,IC,b_09,decreasing,7,c_02,C,10.96123745819398,NA,1
20220520,242,IC,b_10,decreasing,10,c_07,C,10.934046822742474,NA,1
20220520,242,IC,b_11,decreasing,10,c_08,C,9.186856187290969,NA,1
20220520,242,IC,b_12,decreasing,14,c_14,C,9.529665551839464,NA,1
20220520,242,IC,b_13,constant,10,c_06,D,1.788274253731343,NA,1
20220520,242,IC,b_14,constant,7,c_03,D,2.4947971082089553,NA,1
20220520,242,IC,b_15,constant,14,c_14,D,1.4513199626865676,NA,1
20220520,242,IC,b_16,constant,14,c_15,D,1.467842817164179,NA,1
20220520,242,IC,b_17,decreasing,7,c_05,E,8.533712374581938,NA,1
20220520,242,IC,b_18,decreasing,7,c_04,E,11.436521739130434,NA,1
20220520,242,IC,b_19,decreasing,14,c_12,E,10.729331103678929,NA,1
20220520,242,IC,b_20,decreasing,10,c_09,E,10.702140468227425,NA,1
20220520,242,IC,b_21,constant,10,c_07,F,3.370457089552239,NA,1
20220520,242,IC,b_22,constant,10,c_10,F,2.1769799440298505,NA,1
20220520,242,IC,b_23,constant,7,c_04,F,2.143502798507463,NA,1
20220520,242,IC,b_24,constant,14,c_13,F,1.6000256529850745,NA,1
20220520,242,IC,b_25,decreasing,7,c_03,G,9.826187290969898,NA,1
20220520,242,IC,b_26,decreasing,14,c_15,G,9.528996655518393,NA,1
20220520,242,IC,b_27,decreasing,10,c_10,G,9.911806020066887,NA,1
20220520,242,IC,b_28,constant,10,c_09,H,1.646117070895523,NA,1
20220520,242,IC,b_29,constant,14,c_12,H,1.3726399253731345,NA,1
20220520,242,IC,b_30,constant,7,c_01,H,3.1091627798507466,NA,1
20220520,242,TC,b_01,constant,10,c_08,A,34.57,NA,1
20220520,242,TC,b_02,constant,7,c_02,A,47.68351912313433,NA,1
20220520,242,TC,b_03,constant,14,c_11,A,32.02703824626866,NA,1
20220520,242,TC,b_04,constant,7,c_05,A,30.34055736940299,NA,1
20220520,242,TC,b_05,decreasing,14,c_13,B,24.7,NA,1
20220520,242,TC,b_06,decreasing,14,c_11,B,26.11821906354515,NA,1
20220520,242,TC,b_07,decreasing,10,c_06,B,26.6864381270903,NA,1
20220520,242,TC,b_08,decreasing,7,c_01,B,28.24465719063545,NA,1
20220520,242,TC,b_09,decreasing,7,c_02,C,29.7528762541806,NA,1
20220520,242,TC,b_10,decreasing,10,c_07,C,26.88109531772575,NA,1
20220520,242,TC,b_11,decreasing,10,c_08,C,28.5093143812709,NA,1
20220520,242,TC,b_12,decreasing,14,c_14,C,27.967533444816052,NA,1
20220520,242,TC,b_13,constant,10,c_06,D,29.68222947761194,NA,1
20220520,242,TC,b_14,constant,7,c_03,D,30.175748600746275,NA,1
20220520,242,TC,b_15,constant,14,c_14,D,25.6792677238806,NA,1
20220520,242,TC,b_16,constant,14,c_15,D,25.702786847014927,NA,1
20220520,242,TC,b_17,decreasing,7,c_05,E,25.648628762541804,NA,1
20220520,242,TC,b_18,decreasing,7,c_04,E,27.216847826086955,NA,1
20220520,242,TC,b_19,decreasing,14,c_12,E,28.015066889632106,NA,1
20220520,242,TC,b_20,decreasing,10,c_09,E,26.073285953177255,NA,1
20220520,242,TC,b_21,constant,10,c_07,F,30.380382462686576,NA,1
20220520,242,TC,b_22,constant,10,c_10,F,53.4839015858209,NA,1
20220520,242,TC,b_23,constant,7,c_04,F,53.67742070895523,NA,1
20220520,242,TC,b_24,constant,14,c_13,F,31.210939832089558,NA,1
20220520,242,TC,b_25,decreasing,7,c_03,G,26.06438127090301,NA,1
20220520,242,TC,b_26,decreasing,14,c_15,G,29.65260033444816,NA,1
20220520,242,TC,b_27,decreasing,10,c_10,G,25.520819397993307,NA,1
20220520,242,TC,b_28,constant,10,c_09,H,28.25501632462688,NA,1
20220520,242,TC,b_29,constant,14,c_12,H,26.3485354477612,NA,1
20220520,242,TC,b_30,constant,7,c_01,H,38.16205457089553,NA,1
20220520,242,TN,b_01,constant,10,c_08,A,2.18,NA,1
20220520,242,TN,b_02,constant,7,c_02,A,3.1767537313432834,NA,1
20220520,242,TN,b_03,constant,14,c_11,A,2.123507462686567,NA,1
20220520,242,TN,b_04,constant,7,c_05,A,1.8602611940298508,NA,1
20220520,242,TN,b_05,decreasing,14,c_13,B,1.94,NA,1
20220520,242,TN,b_06,decreasing,14,c_11,B,1.7694272575250836,NA,1
20220520,242,TN,b_07,decreasing,10,c_06,B,1.8388545150501672,NA,1
20220520,242,TN,b_08,decreasing,7,c_01,B,2.298281772575251,NA,1
20220520,242,TN,b_09,decreasing,7,c_02,C,2.337709030100334,NA,1
20220520,242,TN,b_10,decreasing,10,c_07,C,2.0171362876254175,NA,1
20220520,242,TN,b_11,decreasing,10,c_08,C,1.7765635451505015,NA,1
20220520,242,TN,b_12,decreasing,14,c_14,C,1.7159908026755852,NA,1
20220520,242,TN,b_13,constant,10,c_06,D,1.911044776119403,NA,1
20220520,242,TN,b_14,constant,7,c_03,D,2.137798507462686,NA,1
20220520,242,TN,b_15,constant,14,c_14,D,1.71455223880597,NA,1
20220520,242,TN,b_16,constant,14,c_15,D,1.721305970149254,NA,1
20220520,242,TN,b_17,decreasing,7,c_05,E,1.563127090301003,NA,1
20220520,242,TN,b_18,decreasing,7,c_04,E,1.9825543478260867,NA,1
20220520,242,TN,b_19,decreasing,14,c_12,E,1.7819816053511701,NA,1
20220520,242,TN,b_20,decreasing,10,c_09,E,1.7214088628762536,NA,1
20220520,242,TN,b_21,constant,10,c_07,F,1.9750746268656716,NA,1
20220520,242,TN,b_22,constant,10,c_10,F,3.4018283582089546,NA,1
20220520,242,TN,b_23,constant,7,c_04,F,3.238582089552239,NA,1
20220520,242,TN,b_24,constant,14,c_13,F,2.0453358208955223,NA,1
20220520,242,TN,b_25,decreasing,7,c_03,G,1.658545150501672,NA,1
20220520,242,TN,b_26,decreasing,14,c_15,G,1.6179724080267555,NA,1
20220520,242,TN,b_27,decreasing,10,c_10,G,2.8073996655518387,NA,1
20220520,242,TN,b_28,constant,10,c_09,H,1.9923507462686567,NA,1
20220520,242,TN,b_29,constant,14,c_12,H,1.7691044776119402,NA,1
20220520,242,TN,b_30,constant,7,c_01,H,2.4158582089552234,NA,1
20220520,242,TOC,b_01,constant,10,c_08,A,33.08,NA,1
20220520,242,TOC,b_02,constant,7,c_02,A,45.45699626865672,NA,1
20220520,242,TOC,b_03,constant,14,c_11,A,29.603992537313434,NA,1
20220520,242,TOC,b_04,constant,7,c_05,A,27.710988805970146,NA,1
20220520,242,TOC,b_05,decreasing,14,c_13,B,14.18,NA,1
20220520,242,TOC,b_06,decreasing,14,c_11,B,17.225409698996653,NA,1
20220520,242,TOC,b_07,decreasing,10,c_06,B,18.33081939799331,NA,1
20220520,242,TOC,b_08,decreasing,7,c_01,B,16.496229096989968,NA,1
20220520,242,TOC,b_09,decreasing,7,c_02,C,18.791638795986625,NA,1
20220520,242,TOC,b_10,decreasing,10,c_07,C,15.947048494983278,NA,1
20220520,242,TOC,b_11,decreasing,10,c_08,C,19.322458193979934,NA,1
20220520,242,TOC,b_12,decreasing,14,c_14,C,18.43786789297659,NA,1
20220520,242,TOC,b_13,constant,10,c_06,D,27.89395522388059,NA,1
20220520,242,TOC,b_14,constant,7,c_03,D,27.68095149253731,NA,1
20220520,242,TOC,b_15,constant,14,c_14,D,24.227947761194024,NA,1
20220520,242,TOC,b_16,constant,14,c_15,D,24.23494402985074,NA,1
20220520,242,TOC,b_17,decreasing,7,c_05,E,17.114916387959866,NA,1
20220520,242,TOC,b_18,decreasing,7,c_04,E,15.78032608695652,NA,1
20220520,242,TOC,b_19,decreasing,14,c_12,E,17.28573578595317,NA,1
20220520,242,TOC,b_20,decreasing,10,c_09,E,15.371145484949828,NA,1
20220520,242,TOC,b_21,constant,10,c_07,F,27.009925373134323,NA,1
20220520,242,TOC,b_22,constant,10,c_10,F,51.306921641791035,NA,1
20220520,242,TOC,b_23,constant,7,c_04,F,51.533917910447755,NA,1
20220520,242,TOC,b_24,constant,14,c_13,F,29.61091417910447,NA,1
20220520,242,TOC,b_25,decreasing,7,c_03,G,16.238193979933108,NA,1
20220520,242,TOC,b_26,decreasing,14,c_15,G,20.12360367892976,NA,1
20220520,242,TOC,b_27,decreasing,10,c_10,G,15.609013377926418,NA,1
20220520,242,TOC,b_28,constant,10,c_09,H,26.608899253731337,NA,1
20220520,242,TOC,b_29,constant,14,c_12,H,24.975895522388043,NA,1
20220520,242,TOC,b_30,constant,7,c_01,H,35.052891791044765,NA,1
20220523,245,IC,b_01,constant,10,c_08,A,1.91,NA,1
20220523,245,IC,b_02,constant,7,c_02,A,2.7483652052238807,NA,1
20220523,245,IC,b_03,constant,14,c_11,A,2.136730410447761,NA,1
20220523,245,IC,b_04,constant,7,c_05,A,1.965095615671642,NA,1
20220523,245,IC,b_05,decreasing,14,c_13,B,9.74,NA,1
20220523,245,IC,b_06,decreasing,14,c_11,B,9.486450668896321,NA,1
20220523,245,IC,b_07,decreasing,10,c_06,B,9.582901337792642,NA,1
20220523,245,IC,b_08,decreasing,7,c_01,B,11.849352006688964,NA,1
20220523,245,IC,b_09,decreasing,7,c_02,C,10.685802675585284,NA,1
20220523,245,IC,b_10,decreasing,10,c_07,C,10.992253344481606,NA,1
20220523,245,IC,b_11,decreasing,10,c_08,C,9.628704013377925,NA,1
20220523,245,IC,b_12,decreasing,14,c_14,C,9.945154682274248,NA,1
20220523,245,IC,b_13,constant,10,c_06,D,1.8403824626865677,NA,1
20220523,245,IC,b_14,constant,7,c_03,D,2.4187476679104485,NA,1
20220523,245,IC,b_15,constant,14,c_14,D,1.6471128731343287,NA,1
20220523,245,IC,b_16,constant,14,c_15,D,1.8254780783582092,NA,1
20220523,245,IC,b_17,decreasing,7,c_05,E,8.937408026755852,NA,1
20220523,245,IC,b_18,decreasing,7,c_04,E,11.633858695652174,NA,1
20220523,245,IC,b_19,decreasing,14,c_12,E,10.740309364548494,NA,1
20220523,245,IC,b_20,decreasing,10,c_09,E,11.036760033444816,NA,1
20220523,245,IC,b_21,constant,10,c_07,F,2.5973041044776126,NA,1
20220523,245,IC,b_22,constant,10,c_10,F,1.9956693097014933,NA,1
20220523,245,IC,b_23,constant,7,c_04,F,2.5840345149253743,NA,1
20220523,245,IC,b_24,constant,14,c_13,F,1.9923997201492538,NA,1
20220523,245,IC,b_25,decreasing,7,c_03,G,10.99901337792642,NA,1
20220523,245,IC,b_26,decreasing,14,c_15,G,9.37546404682274,NA,1
20220523,245,IC,b_27,decreasing,10,c_10,G,9.531914715719063,NA,1
20220523,245,IC,b_28,constant,10,c_09,H,2.135860541044777,NA,1
20220523,245,IC,b_29,constant,14,c_12,H,1.9442257462686579,NA,1
20220523,245,IC,b_30,constant,7,c_01,H,2.232590951492538,NA,1
20220523,245,TC,b_01,constant,10,c_08,A,44.24,NA,1
20220523,245,TC,b_02,constant,7,c_02,A,54.93254197761194,NA,1
20220523,245,TC,b_03,constant,14,c_11,A,34.33508395522389,NA,1
20220523,245,TC,b_04,constant,7,c_05,A,31.61762593283582,NA,1
20220523,245,TC,b_05,decreasing,14,c_13,B,24.48,NA,1
20220523,245,TC,b_06,decreasing,14,c_11,B,28.921860367892975,NA,1
20220523,245,TC,b_07,decreasing,10,c_06,B,30.31372073578595,NA,1
20220523,245,TC,b_08,decreasing,7,c_01,B,31.145581103678925,NA,1
20220523,245,TC,b_09,decreasing,7,c_02,C,32.59744147157191,NA,1
20220523,245,TC,b_10,decreasing,10,c_07,C,28.939301839464882,NA,1
20220523,245,TC,b_11,decreasing,10,c_08,C,32.31116220735785,NA,1
20220523,245,TC,b_12,decreasing,14,c_14,C,31.173022575250833,NA,1
20220523,245,TC,b_13,constant,10,c_06,D,34.120503731343284,NA,1
20220523,245,TC,b_14,constant,7,c_03,D,34.193045708955225,NA,1
20220523,245,TC,b_15,constant,14,c_14,D,26.18558768656716,NA,1
20220523,245,TC,b_16,constant,14,c_15,D,28.1881296641791,NA,1
20220523,245,TC,b_17,decreasing,7,c_05,E,29.272324414715715,NA,1
20220523,245,TC,b_18,decreasing,7,c_04,E,31.164184782608693,NA,1
20220523,245,TC,b_19,decreasing,14,c_12,E,31.526045150501666,NA,1
20220523,245,TC,b_20,decreasing,10,c_09,E,29.207905518394643,NA,1
20220523,245,TC,b_21,constant,10,c_07,F,35.560839552238804,NA,1
20220523,245,TC,b_22,constant,10,c_10,F,62.46338152985075,NA,1
20220523,245,TC,b_23,constant,7,c_04,F,61.93592350746269,NA,1
20220523,245,TC,b_24,constant,14,c_13,F,35.26846548507462,NA,1
20220523,245,TC,b_25,decreasing,7,c_03,G,28.207207357859527,NA,1
20220523,245,TC,b_26,decreasing,14,c_15,G,31.9190677257525,NA,1
20220523,245,TC,b_27,decreasing,10,c_10,G,26.83092809364548,NA,1
20220523,245,TC,b_28,constant,10,c_09,H,32.79863339552239,NA,1
20220523,245,TC,b_29,constant,14,c_12,H,31.341175373134327,NA,1
20220523,245,TC,b_30,constant,7,c_01,H,41.59371735074627,NA,1
20220523,245,TN,b_01,constant,10,c_08,A,2.55,NA,1
20220523,245,TN,b_02,constant,7,c_02,A,3.3057882462686563,NA,1
20220523,245,TN,b_03,constant,14,c_11,A,2.1115764925373135,NA,1
20220523,245,TN,b_04,constant,7,c_05,A,1.8473647388059702,NA,1
20220523,245,TN,b_05,decreasing,14,c_13,B,1.8,NA,1
20220523,245,TN,b_06,decreasing,14,c_11,B,1.8345568561872911,NA,1
20220523,245,TN,b_07,decreasing,10,c_06,B,1.8791137123745818,NA,1
20220523,245,TN,b_08,decreasing,7,c_01,B,2.2736705685618728,NA,1
20220523,245,TN,b_09,decreasing,7,c_02,C,2.268227424749164,NA,1
20220523,245,TN,b_10,decreasing,10,c_07,C,1.9627842809364546,NA,1
20220523,245,TN,b_11,decreasing,10,c_08,C,1.8573411371237458,NA,1
20220523,245,TN,b_12,decreasing,14,c_14,C,1.7918979933110366,NA,1
20220523,245,TN,b_13,constant,10,c_06,D,1.9894589552238804,NA,1
20220523,245,TN,b_14,constant,7,c_03,D,2.2252472014925373,NA,1
20220523,245,TN,b_15,constant,14,c_14,D,1.641035447761194,NA,1
20220523,245,TN,b_16,constant,14,c_15,D,1.7168236940298507,NA,1
20220523,245,TN,b_17,decreasing,7,c_05,E,1.6446822742474914,NA,1
20220523,245,TN,b_18,decreasing,7,c_04,E,2.1392391304347824,NA,1
20220523,245,TN,b_19,decreasing,14,c_12,E,1.8637959866220735,NA,1
20220523,245,TN,b_20,decreasing,10,c_09,E,1.7483528428093642,NA,1
20220523,245,TN,b_21,constant,10,c_07,F,2.155764925373134,NA,1
20220523,245,TN,b_22,constant,10,c_10,F,3.651553171641791,NA,1
20220523,245,TN,b_23,constant,7,c_04,F,3.3673414179104477,NA,1
20220523,245,TN,b_24,constant,14,c_13,F,2.0931296641791044,NA,1
20220523,245,TN,b_25,decreasing,7,c_03,G,1.5811371237458192,NA,1
20220523,245,TN,b_26,decreasing,14,c_15,G,1.59569397993311,NA,1
20220523,245,TN,b_27,decreasing,10,c_10,G,2.7302508361204008,NA,1
20220523,245,TN,b_28,constant,10,c_09,H,2.0662826492537314,NA,1
20220523,245,TN,b_29,constant,14,c_12,H,1.8920708955223882,NA,1
20220523,245,TN,b_30,constant,7,c_01,H,2.5378591417910448,NA,1
20220523,245,TOC,b_01,constant,10,c_08,A,42.330000000000005,NA,1
20220523,245,TOC,b_02,constant,7,c_02,A,52.18417677238806,NA,1
20220523,245,TOC,b_03,constant,14,c_11,A,32.198353544776126,NA,1
20220523,245,TOC,b_04,constant,7,c_05,A,29.65253031716418,NA,1
20220523,245,TOC,b_05,decreasing,14,c_13,B,14.74,NA,1
20220523,245,TOC,b_06,decreasing,14,c_11,B,19.435409698996654,NA,1
20220523,245,TOC,b_07,decreasing,10,c_06,B,20.73081939799331,NA,1
20220523,245,TOC,b_08,decreasing,7,c_01,B,19.296229096989965,NA,1
20220523,245,TOC,b_09,decreasing,7,c_02,C,21.911638795986626,NA,1
20220523,245,TOC,b_10,decreasing,10,c_07,C,17.947048494983278,NA,1
20220523,245,TOC,b_11,decreasing,10,c_08,C,22.682458193979933,NA,1
20220523,245,TOC,b_12,decreasing,14,c_14,C,21.227867892976587,NA,1
20220523,245,TOC,b_13,constant,10,c_06,D,32.280121268656714,NA,1
20220523,245,TOC,b_14,constant,7,c_03,D,31.77429804104478,NA,1
20220523,245,TOC,b_15,constant,14,c_14,D,24.538474813432835,NA,1
20220523,245,TOC,b_16,constant,14,c_15,D,26.362651585820892,NA,1
20220523,245,TOC,b_17,decreasing,7,c_05,E,20.334916387959865,NA,1
20220523,245,TOC,b_18,decreasing,7,c_04,E,19.53032608695652,NA,1
20220523,245,TOC,b_19,decreasing,14,c_12,E,20.785735785953175,NA,1
20220523,245,TOC,b_20,decreasing,10,c_09,E,18.17114548494983,NA,1
20220523,245,TOC,b_21,constant,10,c_07,F,32.963535447761195,NA,1
20220523,245,TOC,b_22,constant,10,c_10,F,60.46771222014925,NA,1
20220523,245,TOC,b_23,constant,7,c_04,F,59.35188899253732,NA,1
20220523,245,TOC,b_24,constant,14,c_13,F,33.27606576492537,NA,1
20220523,245,TOC,b_25,decreasing,7,c_03,G,17.208193979933107,NA,1
20220523,245,TOC,b_26,decreasing,14,c_15,G,22.54360367892976,NA,1
20220523,245,TOC,b_27,decreasing,10,c_10,G,17.299013377926418,NA,1
20220523,245,TOC,b_28,constant,10,c_09,H,30.662772854477616,NA,1
20220523,245,TOC,b_29,constant,14,c_12,H,29.39694962686567,NA,1
20220523,245,TOC,b_30,constant,7,c_01,H,39.361126399253735,NA,1
20220525,247,IC,b_01,constant,10,c_08,A,3.35,NA,1
20220525,247,IC,b_02,constant,7,c_02,A,2.7209375,NA,1
20220525,247,IC,b_03,constant,14,c_11,A,2.681875,NA,1
20220525,247,IC,b_04,constant,7,c_05,A,2.9328125,NA,1
20220525,247,IC,b_05,decreasing,14,c_13,B,11.09,NA,1
20220525,247,IC,b_06,decreasing,14,c_11,B,9.379623745819398,NA,1
20220525,247,IC,b_07,decreasing,10,c_06,B,9.739247491638796,NA,1
20220525,247,IC,b_08,decreasing,7,c_01,B,11.508871237458193,NA,1
20220525,247,IC,b_09,decreasing,7,c_02,C,10.808494983277592,NA,1
20220525,247,IC,b_10,decreasing,10,c_07,C,10.67811872909699,NA,1
20220525,247,IC,b_11,decreasing,10,c_08,C,9.24774247491639,NA,1
20220525,247,IC,b_12,decreasing,14,c_14,C,10.147366220735785,NA,1
20220525,247,IC,b_13,constant,10,c_06,D,2.72125,NA,1
20220525,247,IC,b_14,constant,7,c_03,D,3.0421875,NA,1
20220525,247,IC,b_15,constant,14,c_14,D,2.3831249999999997,NA,1
20220525,247,IC,b_16,constant,14,c_15,D,2.4040625,NA,1
20220525,247,IC,b_17,decreasing,7,c_05,E,9.485484949832776,NA,1
20220525,247,IC,b_18,decreasing,7,c_04,E,11.885108695652175,NA,1
20220525,247,IC,b_19,decreasing,14,c_12,E,11.074732441471573,NA,1
20220525,247,IC,b_20,decreasing,10,c_09,E,11.154356187290968,NA,1
20220525,247,IC,b_21,constant,10,c_07,F,3.21875,NA,1
20220525,247,IC,b_22,constant,10,c_10,F,3.189687499999999,NA,1
20220525,247,IC,b_23,constant,7,c_04,F,3.0706250000000006,NA,1
20220525,247,IC,b_24,constant,14,c_13,F,2.5915624999999993,NA,1
20220525,247,IC,b_25,decreasing,7,c_03,G,10.092474916387959,NA,1
20220525,247,IC,b_26,decreasing,14,c_15,G,10.272098662207357,NA,1
20220525,247,IC,b_27,decreasing,10,c_10,G,9.891722408026757,NA,1
20220525,247,IC,b_28,constant,10,c_09,H,2.5453125000000005,NA,1
20220525,247,IC,b_29,constant,14,c_12,H,3.0062499999999996,NA,1
20220525,247,IC,b_30,constant,7,c_01,H,3.0171874999999995,NA,1
20220525,247,TC,b_01,constant,10,c_08,A,38.54,NA,1
20220525,247,TC,b_02,constant,7,c_02,A,67.14867770522389,NA,1
20220525,247,TC,b_03,constant,14,c_11,A,31.937355410447765,NA,1
20220525,247,TC,b_04,constant,7,c_05,A,31.22603311567164,NA,1
20220525,247,TC,b_05,decreasing,14,c_13,B,27.3,NA,1
20220525,247,TC,b_06,decreasing,14,c_11,B,26.556927257525086,NA,1
20220525,247,TC,b_07,decreasing,10,c_06,B,28.743854515050167,NA,1
20220525,247,TC,b_08,decreasing,7,c_01,B,30.240781772575254,NA,1
20220525,247,TC,b_09,decreasing,7,c_02,C,30.247709030100335,NA,1
20220525,247,TC,b_10,decreasing,10,c_07,C,29.054636287625417,NA,1
20220525,247,TC,b_11,decreasing,10,c_08,C,28.431563545150503,NA,1
20220525,247,TC,b_12,decreasing,14,c_14,C,29.268490802675586,NA,1
20220525,247,TC,b_13,constant,10,c_06,D,33.13413246268657,NA,1
20220525,247,TC,b_14,constant,7,c_03,D,34.05281016791045,NA,1
20220525,247,TC,b_15,constant,14,c_14,D,30.051487873134334,NA,1
20220525,247,TC,b_16,constant,14,c_15,D,29.090165578358217,NA,1
20220525,247,TC,b_17,decreasing,7,c_05,E,27.753127090301003,NA,1
20220525,247,TC,b_18,decreasing,7,c_04,E,30.340054347826086,NA,1
20220525,247,TC,b_19,decreasing,14,c_12,E,30.52698160535117,NA,1
20220525,247,TC,b_20,decreasing,10,c_09,E,28.593908862876255,NA,1
20220525,247,TC,b_21,constant,10,c_07,F,36.39355410447762,NA,1
20220525,247,TC,b_22,constant,10,c_10,F,60.7122318097015,NA,1
20220525,247,TC,b_23,constant,7,c_04,F,59.36090951492538,NA,1
20220525,247,TC,b_24,constant,14,c_13,F,36.79958722014926,NA,1
20220525,247,TC,b_25,decreasing,7,c_03,G,25.448545150501673,NA,1
20220525,247,TC,b_26,decreasing,14,c_15,G,31.025472408026754,NA,1
20220525,247,TC,b_27,decreasing,10,c_10,G,27.57239966555184,NA,1
20220525,247,TC,b_28,constant,10,c_09,H,34.58429804104479,NA,1
20220525,247,TC,b_29,constant,14,c_12,H,33.20297574626867,NA,1
20220525,247,TC,b_30,constant,7,c_01,H,43.04165345149255,NA,1
20220525,247,TN,b_01,constant,10,c_08,A,2.28,NA,1
20220525,247,TN,b_02,constant,7,c_02,A,3.9841884328358206,NA,1
20220525,247,TN,b_03,constant,14,c_11,A,2.0483768656716417,NA,1
20220525,247,TN,b_04,constant,7,c_05,A,1.9025652985074628,NA,1
20220525,247,TN,b_05,decreasing,14,c_13,B,2.07,NA,1
20220525,247,TN,b_06,decreasing,14,c_11,B,1.8727299331103677,NA,1
20220525,247,TN,b_07,decreasing,10,c_06,B,1.9054598662207356,NA,1
20220525,247,TN,b_08,decreasing,7,c_01,B,2.4081897993311037,NA,1
20220525,247,TN,b_09,decreasing,7,c_02,C,2.3009197324414714,NA,1
20220525,247,TN,b_10,decreasing,10,c_07,C,2.133649665551839,NA,1
20220525,247,TN,b_11,decreasing,10,c_08,C,1.8263795986622076,NA,1
20220525,247,TN,b_12,decreasing,14,c_14,C,1.8791095317725752,NA,1
20220525,247,TN,b_13,constant,10,c_06,D,2.020261194029851,NA,1
20220525,247,TN,b_14,constant,7,c_03,D,2.2044496268656717,NA,1
20220525,247,TN,b_15,constant,14,c_14,D,1.858638059701493,NA,1
20220525,247,TN,b_16,constant,14,c_15,D,1.8028264925373136,NA,1
20220525,247,TN,b_17,decreasing,7,c_05,E,1.722759197324415,NA,1
20220525,247,TN,b_18,decreasing,7,c_04,E,2.1954891304347828,NA,1
20220525,247,TN,b_19,decreasing,14,c_12,E,1.9782190635451506,NA,1
20220525,247,TN,b_20,decreasing,10,c_09,E,1.8309489966555184,NA,1
20220525,247,TN,b_21,constant,10,c_07,F,2.193768656716418,NA,1
20220525,247,TN,b_22,constant,10,c_10,F,3.617957089552239,NA,1
20220525,247,TN,b_23,constant,7,c_04,F,3.35214552238806,NA,1
20220525,247,TN,b_24,constant,14,c_13,F,2.246333955223881,NA,1
20220525,247,TN,b_25,decreasing,7,c_03,G,1.534598662207358,NA,1
20220525,247,TN,b_26,decreasing,14,c_15,G,1.7373285953177258,NA,1
20220525,247,TN,b_27,decreasing,10,c_10,G,2.9500585284280936,NA,1
20220525,247,TN,b_28,constant,10,c_09,H,2.2230876865671645,NA,1
20220525,247,TN,b_29,constant,14,c_12,H,1.977276119402986,NA,1
20220525,247,TN,b_30,constant,7,c_01,H,2.6714645522388065,NA,1
20220525,247,TOC,b_01,constant,10,c_08,A,35.19,NA,1
20220525,247,TOC,b_02,constant,7,c_02,A,64.42774020522387,NA,1
20220525,247,TOC,b_03,constant,14,c_11,A,29.25548041044776,NA,1
20220525,247,TOC,b_04,constant,7,c_05,A,28.29322061567164,NA,1
20220525,247,TOC,b_05,decreasing,14,c_13,B,16.21,NA,1
20220525,247,TOC,b_06,decreasing,14,c_11,B,17.177303511705684,NA,1
20220525,247,TOC,b_07,decreasing,10,c_06,B,19.00460702341137,NA,1
20220525,247,TOC,b_08,decreasing,7,c_01,B,18.731910535117056,NA,1
20220525,247,TOC,b_09,decreasing,7,c_02,C,19.43921404682274,NA,1
20220525,247,TOC,b_10,decreasing,10,c_07,C,18.376517558528427,NA,1
20220525,247,TOC,b_11,decreasing,10,c_08,C,19.183821070234114,NA,1
20220525,247,TOC,b_12,decreasing,14,c_14,C,19.1211245819398,NA,1
20220525,247,TOC,b_13,constant,10,c_06,D,30.41288246268656,NA,1
20220525,247,TOC,b_14,constant,7,c_03,D,31.01062266791044,NA,1
20220525,247,TOC,b_15,constant,14,c_14,D,27.668362873134324,NA,1
20220525,247,TOC,b_16,constant,14,c_15,D,26.6861030783582,NA,1
20220525,247,TOC,b_17,decreasing,7,c_05,E,18.267642140468226,NA,1
20220525,247,TOC,b_18,decreasing,7,c_04,E,18.45494565217391,NA,1
20220525,247,TOC,b_19,decreasing,14,c_12,E,19.452249163879596,NA,1
20220525,247,TOC,b_20,decreasing,10,c_09,E,17.439552675585283,NA,1
20220525,247,TOC,b_21,constant,10,c_07,F,33.17480410447761,NA,1
20220525,247,TOC,b_22,constant,10,c_10,F,57.52254430970148,NA,1
20220525,247,TOC,b_23,constant,7,c_04,F,56.29028451492536,NA,1
20220525,247,TOC,b_24,constant,14,c_13,F,34.20802472014925,NA,1
20220525,247,TOC,b_25,decreasing,7,c_03,G,15.356070234113712,NA,1
20220525,247,TOC,b_26,decreasing,14,c_15,G,20.753373745819395,NA,1
20220525,247,TOC,b_27,decreasing,10,c_10,G,17.680677257525083,NA,1
20220525,247,TOC,b_28,constant,10,c_09,H,32.03898554104477,NA,1
20220525,247,TOC,b_29,constant,14,c_12,H,30.196725746268648,NA,1
20220525,247,TOC,b_30,constant,7,c_01,H,40.02446595149252,NA,1
20220527,249,IC,b_01,constant,10,c_08,A,1.54,NA,1
20220527,249,IC,b_02,constant,7,c_02,A,2.213516791044776,NA,1
20220527,249,IC,b_03,constant,14,c_11,A,1.6870335820895523,NA,1
20220527,249,IC,b_04,constant,7,c_05,A,2.430550373134329,NA,1
20220527,249,IC,b_05,decreasing,14,c_13,B,8.94,NA,1
20220527,249,IC,b_06,decreasing,14,c_11,B,7.997667224080267,NA,1
20220527,249,IC,b_07,decreasing,10,c_06,B,8.355334448160537,NA,1
20220527,249,IC,b_08,decreasing,7,c_01,B,10.003001672240805,NA,1
20220527,249,IC,b_09,decreasing,7,c_02,C,9.240668896321072,NA,1
20220527,249,IC,b_10,decreasing,10,c_07,C,9.13833612040134,NA,1
20220527,249,IC,b_11,decreasing,10,c_08,C,8.476003344481606,NA,1
20220527,249,IC,b_12,decreasing,14,c_14,C,8.613670568561874,NA,1
20220527,249,IC,b_13,constant,10,c_06,D,1.4822014925373137,NA,1
20220527,249,IC,b_14,constant,7,c_03,D,1.9257182835820899,NA,1
20220527,249,IC,b_15,constant,14,c_14,D,1.5692350746268657,NA,1
20220527,249,IC,b_16,constant,14,c_15,D,1.5127518656716419,NA,1
20220527,249,IC,b_17,decreasing,7,c_05,E,7.862006688963213,NA,1
20220527,249,IC,b_18,decreasing,7,c_04,E,10.249673913043479,NA,1
20220527,249,IC,b_19,decreasing,14,c_12,E,9.537341137123747,NA,1
20220527,249,IC,b_20,decreasing,10,c_09,E,9.475008361204015,NA,1
20220527,249,IC,b_21,constant,10,c_07,F,2.340335820895522,NA,1
20220527,249,IC,b_22,constant,10,c_10,F,2.023852611940298,NA,1
20220527,249,IC,b_23,constant,7,c_04,F,1.8173694029850744,NA,1
20220527,249,IC,b_24,constant,14,c_13,F,1.8508861940298509,NA,1
20220527,249,IC,b_25,decreasing,7,c_03,G,9.333344481605353,NA,1
20220527,249,IC,b_26,decreasing,14,c_15,G,8.531011705685621,NA,1
20220527,249,IC,b_27,decreasing,10,c_10,G,7.948678929765888,NA,1
20220527,249,IC,b_28,constant,10,c_09,H,1.984953358208955,NA,1
20220527,249,IC,b_29,constant,14,c_12,H,1.6284701492537312,NA,1
20220527,249,IC,b_30,constant,7,c_01,H,2.001986940298507,NA,1
20220527,249,TC,b_01,constant,10,c_08,A,33.68,NA,1
20220527,249,TC,b_02,constant,7,c_02,A,46.53221082089552,NA,1
20220527,249,TC,b_03,constant,14,c_11,A,29.59442164179104,NA,1
20220527,249,TC,b_04,constant,7,c_05,A,27.61663246268656,NA,1
20220527,249,TC,b_05,decreasing,14,c_13,B,23.91,NA,1
20220527,249,TC,b_06,decreasing,14,c_11,B,24.193290133779264,NA,1
20220527,249,TC,b_07,decreasing,10,c_06,B,25.44658026755853,NA,1
20220527,249,TC,b_08,decreasing,7,c_01,B,27.949870401337794,NA,1
20220527,249,TC,b_09,decreasing,7,c_02,C,27.883160535117057,NA,1
20220527,249,TC,b_10,decreasing,10,c_07,C,25.936450668896324,NA,1
20220527,249,TC,b_11,decreasing,10,c_08,C,27.059740802675584,NA,1
20220527,249,TC,b_12,decreasing,14,c_14,C,26.48303093645485,NA,1
20220527,249,TC,b_13,constant,10,c_06,D,28.30652985074626,NA,1
20220527,249,TC,b_14,constant,7,c_03,D,28.708740671641785,NA,1
20220527,249,TC,b_15,constant,14,c_14,D,24.980951492537304,NA,1
20220527,249,TC,b_16,constant,14,c_15,D,24.353162313432826,NA,1
20220527,249,TC,b_17,decreasing,7,c_05,E,24.489481605351173,NA,1
20220527,249,TC,b_18,decreasing,7,c_04,E,27.292771739130437,NA,1
20220527,249,TC,b_19,decreasing,14,c_12,E,27.3360618729097,NA,1
20220527,249,TC,b_20,decreasing,10,c_09,E,25.249352006688962,NA,1
20220527,249,TC,b_21,constant,10,c_07,F,29.124216417910432,NA,1
20220527,249,TC,b_22,constant,10,c_10,F,51.02642723880596,NA,1
20220527,249,TC,b_23,constant,7,c_04,F,51.33863805970148,NA,1
20220527,249,TC,b_24,constant,14,c_13,F,30.110848880597004,NA,1
20220527,249,TC,b_25,decreasing,7,c_03,G,25.545802675585286,NA,1
20220527,249,TC,b_26,decreasing,14,c_15,G,27.929092809364548,NA,1
20220527,249,TC,b_27,decreasing,10,c_10,G,23.462382943143812,NA,1
20220527,249,TC,b_28,constant,10,c_09,H,27.30969216417909,NA,1
20220527,249,TC,b_29,constant,14,c_12,H,25.761902985074613,NA,1
20220527,249,TC,b_30,constant,7,c_01,H,34.99411380597013,NA,1
20220527,249,TN,b_01,constant,10,c_08,A,2.23,NA,1
20220527,249,TN,b_02,constant,7,c_02,A,3.151746735074627,NA,1
20220527,249,TN,b_03,constant,14,c_11,A,2.103493470149254,NA,1
20220527,249,TN,b_04,constant,7,c_05,A,1.8552402052238808,NA,1
20220527,249,TN,b_05,decreasing,14,c_13,B,2.02,NA,1
20220527,249,TN,b_06,decreasing,14,c_11,B,1.8455727424749164,NA,1
20220527,249,TN,b_07,decreasing,10,c_06,B,1.8811454849498326,NA,1
20220527,249,TN,b_08,decreasing,7,c_01,B,2.4467182274247494,NA,1
20220527,249,TN,b_09,decreasing,7,c_02,C,2.312290969899666,NA,1
20220527,249,TN,b_10,decreasing,10,c_07,C,2.087863712374582,NA,1
20220527,249,TN,b_11,decreasing,10,c_08,C,1.8834364548494984,NA,1
20220527,249,TN,b_12,decreasing,14,c_14,C,1.8690091973244147,NA,1
20220527,249,TN,b_13,constant,10,c_06,D,1.9509608208955225,NA,1
20220527,249,TN,b_14,constant,7,c_03,D,2.0527075559701493,NA,1
20220527,249,TN,b_15,constant,14,c_14,D,1.7844542910447765,NA,1
20220527,249,TN,b_16,constant,14,c_15,D,1.7262010261194032,NA,1
20220527,249,TN,b_17,decreasing,7,c_05,E,1.6768729096989965,NA,1
20220527,249,TN,b_18,decreasing,7,c_04,E,2.1224456521739135,NA,1
20220527,249,TN,b_19,decreasing,14,c_12,E,1.9080183946488296,NA,1
20220527,249,TN,b_20,decreasing,10,c_09,E,1.8235911371237459,NA,1
20220527,249,TN,b_21,constant,10,c_07,F,2.0249347014925374,NA,1
20220527,249,TN,b_22,constant,10,c_10,F,3.4066814365671645,NA,1
20220527,249,TN,b_23,constant,7,c_04,F,3.228428171641791,NA,1
20220527,249,TN,b_24,constant,14,c_13,F,2.030174906716418,NA,1
20220527,249,TN,b_25,decreasing,7,c_03,G,1.7414548494983277,NA,1
20220527,249,TN,b_26,decreasing,14,c_15,G,1.727027591973244,NA,1
20220527,249,TN,b_27,decreasing,10,c_10,G,2.7926003344481605,NA,1
20220527,249,TN,b_28,constant,10,c_09,H,1.9571618470149255,NA,1
20220527,249,TN,b_29,constant,14,c_12,H,1.7989085820895525,NA,1
20220527,249,TN,b_30,constant,7,c_01,H,2.4206553171641794,NA,1
20220527,249,TOC,b_01,constant,10,c_08,A,32.14,NA,1
20220527,249,TOC,b_02,constant,7,c_02,A,44.31869402985075,NA,1
20220527,249,TOC,b_03,constant,14,c_11,A,27.907388059701493,NA,1
20220527,249,TOC,b_04,constant,7,c_05,A,25.18608208955224,NA,1
20220527,249,TOC,b_05,decreasing,14,c_13,B,14.97,NA,1
20220527,249,TOC,b_06,decreasing,14,c_11,B,16.195622909698997,NA,1
20220527,249,TOC,b_07,decreasing,10,c_06,B,17.09124581939799,NA,1
20220527,249,TOC,b_08,decreasing,7,c_01,B,17.94686872909699,NA,1
20220527,249,TOC,b_09,decreasing,7,c_02,C,18.642491638795985,NA,1
20220527,249,TOC,b_10,decreasing,10,c_07,C,16.798114548494983,NA,1
20220527,249,TOC,b_11,decreasing,10,c_08,C,18.58373745819398,NA,1
20220527,249,TOC,b_12,decreasing,14,c_14,C,17.869360367892977,NA,1
20220527,249,TOC,b_13,constant,10,c_06,D,26.82432835820895,NA,1
20220527,249,TOC,b_14,constant,7,c_03,D,26.783022388059695,NA,1
20220527,249,TOC,b_15,constant,14,c_14,D,23.411716417910444,NA,1
20220527,249,TOC,b_16,constant,14,c_15,D,22.84041044776119,NA,1
20220527,249,TOC,b_17,decreasing,7,c_05,E,16.62747491638796,NA,1
20220527,249,TOC,b_18,decreasing,7,c_04,E,17.043097826086957,NA,1
20220527,249,TOC,b_19,decreasing,14,c_12,E,17.798720735785956,NA,1
20220527,249,TOC,b_20,decreasing,10,c_09,E,15.774343645484949,NA,1
20220527,249,TOC,b_21,constant,10,c_07,F,26.783880597014917,NA,1
20220527,249,TOC,b_22,constant,10,c_10,F,49.002574626865666,NA,1
20220527,249,TOC,b_23,constant,7,c_04,F,49.521268656716416,NA,1
20220527,249,TOC,b_24,constant,14,c_13,F,28.259962686567153,NA,1
20220527,249,TOC,b_25,decreasing,7,c_03,G,16.212458193979934,NA,1
20220527,249,TOC,b_26,decreasing,14,c_15,G,19.39808110367893,NA,1
20220527,249,TOC,b_27,decreasing,10,c_10,G,15.513704013377927,NA,1
20220527,249,TOC,b_28,constant,10,c_09,H,25.32473880597013,NA,1
20220527,249,TOC,b_29,constant,14,c_12,H,24.133432835820887,NA,1
20220527,249,TOC,b_30,constant,7,c_01,H,32.992126865671636,NA,1
20220530,252,IC,b_01,constant,10,c_08,A,2.23,NA,1
20220530,252,IC,b_02,constant,7,c_02,A,3.240186567164179,NA,1
20220530,252,IC,b_03,constant,14,c_11,A,2.3103731343283584,NA,1
20220530,252,IC,b_04,constant,7,c_05,A,3.280559701492537,NA,1
20220530,252,IC,b_05,decreasing,14,c_13,B,10.12,NA,1
20220530,252,IC,b_06,decreasing,14,c_11,B,8.78454431438127,NA,1
20220530,252,IC,b_07,decreasing,10,c_06,B,9.119088628762542,NA,1
20220530,252,IC,b_08,decreasing,7,c_01,B,10.833632943143812,NA,1
20220530,252,IC,b_09,decreasing,7,c_02,C,10.238177257525082,NA,1
20220530,252,IC,b_10,decreasing,10,c_07,C,10.132721571906353,NA,1
20220530,252,IC,b_11,decreasing,10,c_08,C,9.387265886287624,NA,1
20220530,252,IC,b_12,decreasing,14,c_14,C,9.871810200668895,NA,1
20220530,252,IC,b_13,constant,10,c_06,D,2.5222388059701495,NA,1
20220530,252,IC,b_14,constant,7,c_03,D,2.6524253731343284,NA,1
20220530,252,IC,b_15,constant,14,c_14,D,2.6026119402985075,NA,1
20220530,252,IC,b_16,constant,14,c_15,D,2.7527985074626864,NA,1
20220530,252,IC,b_17,decreasing,7,c_05,E,9.12453177257525,NA,1
20220530,252,IC,b_18,decreasing,7,c_04,E,11.53907608695652,NA,1
20220530,252,IC,b_19,decreasing,14,c_12,E,10.52362040133779,NA,1
20220530,252,IC,b_20,decreasing,10,c_09,E,10.718164715719062,NA,1
20220530,252,IC,b_21,constant,10,c_07,F,3.353731343283582,NA,1
20220530,252,IC,b_22,constant,10,c_10,F,2.6939179104477615,NA,1
20220530,252,IC,b_23,constant,7,c_04,F,2.67410447761194,NA,1
20220530,252,IC,b_24,constant,14,c_13,F,2.7242910447761197,NA,1
20220530,252,IC,b_25,decreasing,7,c_03,G,9.570886287625417,NA,1
20220530,252,IC,b_26,decreasing,14,c_15,G,9.975430602006687,NA,1
20220530,252,IC,b_27,decreasing,10,c_10,G,8.729974916387958,NA,1
20220530,252,IC,b_28,constant,10,c_09,H,2.4750373134328365,NA,1
20220530,252,IC,b_29,constant,14,c_12,H,2.3852238805970147,NA,1
20220530,252,IC,b_30,constant,7,c_01,H,3.0854104477611948,NA,1
20220530,252,TC,b_01,constant,10,c_08,A,34.62,NA,1
20220530,252,TC,b_02,constant,7,c_02,A,47.49790345149253,NA,1
20220530,252,TC,b_03,constant,14,c_11,A,31.385806902985067,NA,1
20220530,252,TC,b_04,constant,7,c_05,A,28.70371035447761,NA,1
20220530,252,TC,b_05,decreasing,14,c_13,B,25.02,NA,1
20220530,252,TC,b_06,decreasing,14,c_11,B,25.526191471571906,NA,1
20220530,252,TC,b_07,decreasing,10,c_06,B,26.942382943143812,NA,1
20220530,252,TC,b_08,decreasing,7,c_01,B,28.688574414715717,NA,1
20220530,252,TC,b_09,decreasing,7,c_02,C,28.124765886287623,NA,1
20220530,252,TC,b_10,decreasing,10,c_07,C,27.00095735785953,NA,1
20220530,252,TC,b_11,decreasing,10,c_08,C,29.307148829431434,NA,1
20220530,252,TC,b_12,decreasing,14,c_14,C,28.07334030100334,NA,1
20220530,252,TC,b_13,constant,10,c_06,D,30.024841417910437,NA,1
20220530,252,TC,b_14,constant,7,c_03,D,28.602744869402976,NA,1
20220530,252,TC,b_15,constant,14,c_14,D,26.05064832089552,NA,1
20220530,252,TC,b_16,constant,14,c_15,D,25.718551772388054,NA,1
20220530,252,TC,b_17,decreasing,7,c_05,E,26.284297658862872,NA,1
20220530,252,TC,b_18,decreasing,7,c_04,E,28.37048913043478,NA,1
20220530,252,TC,b_19,decreasing,14,c_12,E,28.686680602006685,NA,1
20220530,252,TC,b_20,decreasing,10,c_09,E,27.412872073578594,NA,1
20220530,252,TC,b_21,constant,10,c_07,F,30.96806902985073,NA,1
20220530,252,TC,b_22,constant,10,c_10,F,54.22597248134328,NA,1
20220530,252,TC,b_23,constant,7,c_04,F,55.00387593283581,NA,1
20220530,252,TC,b_24,constant,14,c_13,F,30.491779384328346,NA,1
20220530,252,TC,b_25,decreasing,7,c_03,G,24.643829431438125,NA,1
20220530,252,TC,b_26,decreasing,14,c_15,G,29.39002090301003,NA,1
20220530,252,TC,b_27,decreasing,10,c_10,G,25.496212374581937,NA,1
20220530,252,TC,b_28,constant,10,c_09,H,28.00339319029849,NA,1
20220530,252,TC,b_29,constant,14,c_12,H,25.621296641791027,NA,1
20220530,252,TC,b_30,constant,7,c_01,H,35.909200093283566,NA,1
20220530,252,TN,b_01,constant,10,c_08,A,2.22,NA,1
20220530,252,TN,b_02,constant,7,c_02,A,3.1007672574626866,NA,1
20220530,252,TN,b_03,constant,14,c_11,A,2.1215345149253735,NA,1
20220530,252,TN,b_04,constant,7,c_05,A,1.84230177238806,NA,1
20220530,252,TN,b_05,decreasing,14,c_13,B,1.98,NA,1
20220530,252,TN,b_06,decreasing,14,c_11,B,1.8546488294314383,NA,1
20220530,252,TN,b_07,decreasing,10,c_06,B,1.929297658862876,NA,1
20220530,252,TN,b_08,decreasing,7,c_01,B,2.3239464882943146,NA,1
20220530,252,TN,b_09,decreasing,7,c_02,C,2.258595317725752,NA,1
20220530,252,TN,b_10,decreasing,10,c_07,C,2.04324414715719,NA,1
20220530,252,TN,b_11,decreasing,10,c_08,C,1.9578929765886288,NA,1
20220530,252,TN,b_12,decreasing,14,c_14,C,1.9025418060200667,NA,1
20220530,252,TN,b_13,constant,10,c_06,D,1.9592070895522387,NA,1
20220530,252,TN,b_14,constant,7,c_03,D,2.039974347014925,NA,1
20220530,252,TN,b_15,constant,14,c_14,D,1.790741604477612,NA,1
20220530,252,TN,b_16,constant,14,c_15,D,1.7415088619402987,NA,1
20220530,252,TN,b_17,decreasing,7,c_05,E,1.755785953177257,NA,1
20220530,252,TN,b_18,decreasing,7,c_04,E,2.0904347826086953,NA,1
20220530,252,TN,b_19,decreasing,14,c_12,E,1.8750836120401333,NA,1
20220530,252,TN,b_20,decreasing,10,c_09,E,1.8797324414715713,NA,1
20220530,252,TN,b_21,constant,10,c_07,F,2.045345149253731,NA,1
20220530,252,TN,b_22,constant,10,c_10,F,3.386112406716418,NA,1
20220530,252,TN,b_23,constant,7,c_04,F,3.2368796641791042,NA,1
20220530,252,TN,b_24,constant,14,c_13,F,1.9876469216417911,NA,1
20220530,252,TN,b_25,decreasing,7,c_03,G,1.602976588628762,NA,1
20220530,252,TN,b_26,decreasing,14,c_15,G,1.6876254180602,NA,1
20220530,252,TN,b_27,decreasing,10,c_10,G,2.8522742474916383,NA,1
20220530,252,TN,b_28,constant,10,c_09,H,2.010715951492537,NA,1
20220530,252,TN,b_29,constant,14,c_12,H,1.7514832089552237,NA,1
20220530,252,TN,b_30,constant,7,c_01,H,2.3822504664179105,NA,1
20220530,252,TOC,b_01,constant,10,c_08,A,32.39,NA,1
20220530,252,TOC,b_02,constant,7,c_02,A,44.25771688432836,NA,1
20220530,252,TOC,b_03,constant,14,c_11,A,29.07543376865671,NA,1
20220530,252,TOC,b_04,constant,7,c_05,A,25.423150652985072,NA,1
20220530,252,TOC,b_05,decreasing,14,c_13,B,14.9,NA,1
20220530,252,TOC,b_06,decreasing,14,c_11,B,16.741647157190638,NA,1
20220530,252,TOC,b_07,decreasing,10,c_06,B,17.82329431438127,NA,1
20220530,252,TOC,b_08,decreasing,7,c_01,B,17.85494147157191,NA,1
20220530,252,TOC,b_09,decreasing,7,c_02,C,17.886588628762546,NA,1
20220530,252,TOC,b_10,decreasing,10,c_07,C,16.86823578595318,NA,1
20220530,252,TOC,b_11,decreasing,10,c_08,C,19.91988294314381,NA,1
20220530,252,TOC,b_12,decreasing,14,c_14,C,18.20153010033445,NA,1
20220530,252,TOC,b_13,constant,10,c_06,D,27.502602611940297,NA,1
20220530,252,TOC,b_14,constant,7,c_03,D,25.950319496268655,NA,1
20220530,252,TOC,b_15,constant,14,c_14,D,23.448036380597017,NA,1
20220530,252,TOC,b_16,constant,14,c_15,D,22.965753264925375,NA,1
20220530,252,TOC,b_17,decreasing,7,c_05,E,17.159765886287623,NA,1
20220530,252,TOC,b_18,decreasing,7,c_04,E,16.83141304347826,NA,1
20220530,252,TOC,b_19,decreasing,14,c_12,E,18.163060200668895,NA,1
20220530,252,TOC,b_20,decreasing,10,c_09,E,16.694707357859528,NA,1
20220530,252,TOC,b_21,constant,10,c_07,F,27.61433768656716,NA,1
20220530,252,TOC,b_22,constant,10,c_10,F,51.532054570895525,NA,1
20220530,252,TOC,b_23,constant,7,c_04,F,52.32977145522388,NA,1
20220530,252,TOC,b_24,constant,14,c_13,F,27.767488339552237,NA,1
20220530,252,TOC,b_25,decreasing,7,c_03,G,15.072943143812704,NA,1
20220530,252,TOC,b_26,decreasing,14,c_15,G,19.414590301003336,NA,1
20220530,252,TOC,b_27,decreasing,10,c_10,G,16.766237458193977,NA,1
20220530,252,TOC,b_28,constant,10,c_09,H,25.528355876865668,NA,1
20220530,252,TOC,b_29,constant,14,c_12,H,23.23607276119403,NA,1
20220530,252,TOC,b_30,constant,7,c_01,H,32.82378964552238,NA,1
20220601,254,IC,b_01,constant,10,c_08,A,3.9,NA,1
20220601,254,IC,b_02,constant,7,c_02,A,3.8186263992537315,NA,1
20220601,254,IC,b_03,constant,14,c_11,A,2.7172527985074626,NA,1
20220601,254,IC,b_04,constant,7,c_05,A,3.105879197761194,NA,1
20220601,254,IC,b_05,decreasing,14,c_13,B,9.65,NA,1
20220601,254,IC,b_06,decreasing,14,c_11,B,9.244385451505016,NA,1
20220601,254,IC,b_07,decreasing,10,c_06,B,9.058770903010034,NA,1
20220601,254,IC,b_08,decreasing,7,c_01,B,10.353156354515049,NA,1
20220601,254,IC,b_09,decreasing,7,c_02,C,9.397541806020067,NA,1
20220601,254,IC,b_10,decreasing,10,c_07,C,9.971927257525083,NA,1
20220601,254,IC,b_11,decreasing,10,c_08,C,9.0763127090301,NA,1
20220601,254,IC,b_12,decreasing,14,c_14,C,9.660698160535116,NA,1
20220601,254,IC,b_13,constant,10,c_06,D,3.0235167910447753,NA,1
20220601,254,IC,b_14,constant,7,c_03,D,3.7321431902985074,NA,1
20220601,254,IC,b_15,constant,14,c_14,D,3.6807695895522388,NA,1
20220601,254,IC,b_16,constant,14,c_15,D,2.86939598880597,NA,1
20220601,254,IC,b_17,decreasing,7,c_05,E,8.6626254180602,NA,1
20220601,254,IC,b_18,decreasing,7,c_04,E,11.177010869565217,NA,1
20220601,254,IC,b_19,decreasing,14,c_12,E,10.071396321070234,NA,1
20220601,254,IC,b_20,decreasing,10,c_09,E,10.345781772575249,NA,1
20220601,254,IC,b_21,constant,10,c_07,F,3.4025279850746264,NA,1
20220601,254,IC,b_22,constant,10,c_10,F,3.501154384328358,NA,1
20220601,254,IC,b_23,constant,7,c_04,F,3.7797807835820887,NA,1
20220601,254,IC,b_24,constant,14,c_13,F,3.558407182835821,NA,1
20220601,254,IC,b_25,decreasing,7,c_03,G,10.117709030100334,NA,1
20220601,254,IC,b_26,decreasing,14,c_15,G,9.65209448160535,NA,1
20220601,254,IC,b_27,decreasing,10,c_10,G,8.146479933110365,NA,1
20220601,254,IC,b_28,constant,10,c_09,H,3.2329127798507455,NA,1
20220601,254,IC,b_29,constant,14,c_12,H,3.101539179104477,NA,1
20220601,254,IC,b_30,constant,7,c_01,H,3.550165578358209,NA,1
20220601,254,TC,b_01,constant,10,c_08,A,36.56,NA,1
20220601,254,TC,b_02,constant,7,c_02,A,49.473775652985076,NA,1
20220601,254,TC,b_03,constant,14,c_11,A,31.87755130597015,NA,1
20220601,254,TC,b_04,constant,7,c_05,A,29.66132695895523,NA,1
20220601,254,TC,b_05,decreasing,14,c_13,B,24.65,NA,1
20220601,254,TC,b_06,decreasing,14,c_11,B,25.061153846153847,NA,1
20220601,254,TC,b_07,decreasing,10,c_06,B,25.502307692307692,NA,1
20220601,254,TC,b_08,decreasing,7,c_01,B,27.693461538461538,NA,1
20220601,254,TC,b_09,decreasing,7,c_02,C,27.584615384615383,NA,1
20220601,254,TC,b_10,decreasing,10,c_07,C,26.475769230769227,NA,1
20220601,254,TC,b_11,decreasing,10,c_08,C,27.126923076923074,NA,1
20220601,254,TC,b_12,decreasing,14,c_14,C,26.918076923076924,NA,1
20220601,254,TC,b_13,constant,10,c_06,D,31.025307835820897,NA,1
20220601,254,TC,b_14,constant,7,c_03,D,32.339083488805976,NA,1
20220601,254,TC,b_15,constant,14,c_14,D,27.28285914179105,NA,1
20220601,254,TC,b_16,constant,14,c_15,D,26.686634794776126,NA,1
20220601,254,TC,b_17,decreasing,7,c_05,E,24.95384615384615,NA,1
20220601,254,TC,b_18,decreasing,7,c_04,E,27.804999999999996,NA,1
20220601,254,TC,b_19,decreasing,14,c_12,E,27.296153846153842,NA,1
20220601,254,TC,b_20,decreasing,10,c_09,E,25.757307692307688,NA,1
20220601,254,TC,b_21,constant,10,c_07,F,25.655513059701498,NA,1
20220601,254,TC,b_22,constant,10,c_10,F,53.619288712686576,NA,1
20220601,254,TC,b_23,constant,7,c_04,F,54.80306436567165,NA,1
20220601,254,TC,b_24,constant,14,c_13,F,32.61684001865672,NA,1
20220601,254,TC,b_25,decreasing,7,c_03,G,25.08307692307692,NA,1
20220601,254,TC,b_26,decreasing,14,c_15,G,28.984230769230766,NA,1
20220601,254,TC,b_27,decreasing,10,c_10,G,23.71538461538461,NA,1
20220601,254,TC,b_28,constant,10,c_09,H,28.861942630597014,NA,1
20220601,254,TC,b_29,constant,14,c_12,H,29.00571828358209,NA,1
20220601,254,TC,b_30,constant,7,c_01,H,39.629493936567165,NA,1
20220601,254,TN,b_01,constant,10,c_08,A,2.15,NA,1
20220601,254,TN,b_02,constant,7,c_02,A,3.0329827425373135,NA,1
20220601,254,TN,b_03,constant,14,c_11,A,2.085965485074627,NA,1
20220601,254,TN,b_04,constant,7,c_05,A,1.8589482276119402,NA,1
20220601,254,TN,b_05,decreasing,14,c_13,B,1.91,NA,1
20220601,254,TN,b_06,decreasing,14,c_11,B,1.776195652173913,NA,1
20220601,254,TN,b_07,decreasing,10,c_06,B,1.772391304347826,NA,1
20220601,254,TN,b_08,decreasing,7,c_01,B,2.218586956521739,NA,1
20220601,254,TN,b_09,decreasing,7,c_02,C,2.1647826086956523,NA,1
20220601,254,TN,b_10,decreasing,10,c_07,C,1.9109782608695651,NA,1
20220601,254,TN,b_11,decreasing,10,c_08,C,1.7771739130434783,NA,1
20220601,254,TN,b_12,decreasing,14,c_14,C,1.7633695652173913,NA,1
20220601,254,TN,b_13,constant,10,c_06,D,1.9457929104477611,NA,1
20220601,254,TN,b_14,constant,7,c_03,D,2.1187756529850748,NA,1
20220601,254,TN,b_15,constant,14,c_14,D,1.681758395522388,NA,1
20220601,254,TN,b_16,constant,14,c_15,D,1.7147411380597015,NA,1
20220601,254,TN,b_17,decreasing,7,c_05,E,1.6243478260869564,NA,1
20220601,254,TN,b_18,decreasing,7,c_04,E,2.0305434782608693,NA,1
20220601,254,TN,b_19,decreasing,14,c_12,E,1.7567391304347824,NA,1
20220601,254,TN,b_20,decreasing,10,c_09,E,1.7029347826086954,NA,1
20220601,254,TN,b_21,constant,10,c_07,F,1.6596548507462692,NA,1
20220601,254,TN,b_22,constant,10,c_10,F,3.2126375932835822,NA,1
20220601,254,TN,b_23,constant,7,c_04,F,3.135620335820896,NA,1
20220601,254,TN,b_24,constant,14,c_13,F,2.0386030783582094,NA,1
20220601,254,TN,b_25,decreasing,7,c_03,G,1.5539130434782606,NA,1
20220601,254,TN,b_26,decreasing,14,c_15,G,1.6601086956521736,NA,1
20220601,254,TN,b_27,decreasing,10,c_10,G,2.636304347826087,NA,1
20220601,254,TN,b_28,constant,10,c_09,H,1.920534048507463,NA,1
20220601,254,TN,b_29,constant,14,c_12,H,1.8235167910447765,NA,1
20220601,254,TN,b_30,constant,7,c_01,H,2.44649953358209,NA,1
20220601,254,TOC,b_01,constant,10,c_08,A,32.660000000000004,NA,1
20220601,254,TOC,b_02,constant,7,c_02,A,45.655149253731345,NA,1
20220601,254,TOC,b_03,constant,14,c_11,A,29.160298507462684,NA,1
20220601,254,TOC,b_04,constant,7,c_05,A,26.55544776119403,NA,1
20220601,254,TOC,b_05,decreasing,14,c_13,B,14.999999999999998,NA,1
20220601,254,TOC,b_06,decreasing,14,c_11,B,15.816768394648829,NA,1
20220601,254,TOC,b_07,decreasing,10,c_06,B,16.44353678929766,NA,1
20220601,254,TOC,b_08,decreasing,7,c_01,B,17.34030518394649,NA,1
20220601,254,TOC,b_09,decreasing,7,c_02,C,18.187073578595317,NA,1
20220601,254,TOC,b_10,decreasing,10,c_07,C,16.503841973244146,NA,1
20220601,254,TOC,b_11,decreasing,10,c_08,C,18.050610367892975,NA,1
20220601,254,TOC,b_12,decreasing,14,c_14,C,17.25737876254181,NA,1
20220601,254,TOC,b_13,constant,10,c_06,D,28.00179104477612,NA,1
20220601,254,TOC,b_14,constant,7,c_03,D,28.60694029850746,NA,1
20220601,254,TOC,b_15,constant,14,c_14,D,23.60208955223881,NA,1
20220601,254,TOC,b_16,constant,14,c_15,D,23.817238805970153,NA,1
20220601,254,TOC,b_17,decreasing,7,c_05,E,16.291220735785952,NA,1
20220601,254,TOC,b_18,decreasing,7,c_04,E,16.627989130434784,NA,1
20220601,254,TOC,b_19,decreasing,14,c_12,E,17.22475752508361,NA,1
20220601,254,TOC,b_20,decreasing,10,c_09,E,15.41152591973244,NA,1
20220601,254,TOC,b_21,constant,10,c_07,F,22.25298507462687,NA,1
20220601,254,TOC,b_22,constant,10,c_10,F,50.11813432835822,NA,1
20220601,254,TOC,b_23,constant,7,c_04,F,51.02328358208956,NA,1
20220601,254,TOC,b_24,constant,14,c_13,F,29.058432835820895,NA,1
20220601,254,TOC,b_25,decreasing,7,c_03,G,14.965367892976587,NA,1
20220601,254,TOC,b_26,decreasing,14,c_15,G,19.33213628762542,NA,1
20220601,254,TOC,b_27,decreasing,10,c_10,G,15.568904682274248,NA,1
20220601,254,TOC,b_28,constant,10,c_09,H,25.62902985074627,NA,1
20220601,254,TOC,b_29,constant,14,c_12,H,25.904179104477613,NA,1
20220601,254,TOC,b_30,constant,7,c_01,H,36.07932835820896,NA,1
20220603,256,IC,b_01,constant,10,c_08,A,2.36,NA,1
20220603,256,IC,b_02,constant,7,c_02,A,5.985909514925373,NA,1
20220603,256,IC,b_03,constant,14,c_11,A,4.281819029850746,NA,1
20220603,256,IC,b_04,constant,7,c_05,A,3.787728544776119,NA,1
20220603,256,IC,b_05,decreasing,14,c_13,B,9.24,NA,1
20220603,256,IC,b_06,decreasing,14,c_11,B,8.373578595317726,NA,1
20220603,256,IC,b_07,decreasing,10,c_06,B,7.8971571906354505,NA,1
20220603,256,IC,b_08,decreasing,7,c_01,B,10.590735785953177,NA,1
20220603,256,IC,b_09,decreasing,7,c_02,C,9.544314381270903,NA,1
20220603,256,IC,b_10,decreasing,10,c_07,C,10.337892976588629,NA,1
20220603,256,IC,b_11,decreasing,10,c_08,C,9.641471571906354,NA,1
20220603,256,IC,b_12,decreasing,14,c_14,C,10.155050167224081,NA,1
20220603,256,IC,b_13,constant,10,c_06,D,3.280914179104477,NA,1
20220603,256,IC,b_14,constant,7,c_03,D,5.06682369402985,NA,1
20220603,256,IC,b_15,constant,14,c_14,D,3.382733208955224,NA,1
20220603,256,IC,b_16,constant,14,c_15,D,3.4586427238805975,NA,1
20220603,256,IC,b_17,decreasing,7,c_05,E,6.562943143812708,NA,1
20220603,256,IC,b_18,decreasing,7,c_04,E,12.316521739130433,NA,1
20220603,256,IC,b_19,decreasing,14,c_12,E,11.250100334448161,NA,1
20220603,256,IC,b_20,decreasing,10,c_09,E,11.423678929765886,NA,1
20220603,256,IC,b_21,constant,10,c_07,F,5.938190298507463,NA,1
20220603,256,IC,b_22,constant,10,c_10,F,5.744099813432835,NA,1
20220603,256,IC,b_23,constant,7,c_04,F,4.330009328358209,NA,1
20220603,256,IC,b_24,constant,14,c_13,F,4.355918843283582,NA,1
20220603,256,IC,b_25,decreasing,7,c_03,G,7.191571906354514,NA,1
20220603,256,IC,b_26,decreasing,14,c_15,G,7.935150501672241,NA,1
20220603,256,IC,b_27,decreasing,10,c_10,G,10.338729096989967,NA,1
20220603,256,IC,b_28,constant,10,c_09,H,2.4495569029850746,NA,1
20220603,256,IC,b_29,constant,14,c_12,H,3.035466417910447,NA,1
20220603,256,IC,b_30,constant,7,c_01,H,4.731375932835821,NA,1
20220603,256,TC,b_01,constant,10,c_08,A,32.29,NA,1
20220603,256,TC,b_02,constant,7,c_02,A,46.70315065298507,NA,1
20220603,256,TC,b_03,constant,14,c_11,A,30.006301305970155,NA,1
20220603,256,TC,b_04,constant,7,c_05,A,26.799451958955228,NA,1
20220603,256,TC,b_05,decreasing,14,c_13,B,22.67,NA,1
20220603,256,TC,b_06,decreasing,14,c_11,B,23.480622909698994,NA,1
20220603,256,TC,b_07,decreasing,10,c_06,B,23.60124581939799,NA,1
20220603,256,TC,b_08,decreasing,7,c_01,B,26.251868729096987,NA,1
20220603,256,TC,b_09,decreasing,7,c_02,C,26.942491638795985,NA,1
20220603,256,TC,b_10,decreasing,10,c_07,C,25.35311454849498,NA,1
20220603,256,TC,b_11,decreasing,10,c_08,C,26.413737458193978,NA,1
20220603,256,TC,b_12,decreasing,14,c_14,C,26.43436036789297,NA,1
20220603,256,TC,b_13,constant,10,c_06,D,28.977807835820897,NA,1
20220603,256,TC,b_14,constant,7,c_03,D,29.560958488805966,NA,1
20220603,256,TC,b_15,constant,14,c_14,D,26.634109141791043,NA,1
20220603,256,TC,b_16,constant,14,c_15,D,26.537259794776112,NA,1
20220603,256,TC,b_17,decreasing,7,c_05,E,21.677474916387954,NA,1
20220603,256,TC,b_18,decreasing,7,c_04,E,27.688097826086953,NA,1
20220603,256,TC,b_19,decreasing,14,c_12,E,27.52872073578595,NA,1
20220603,256,TC,b_20,decreasing,10,c_09,E,26.619343645484943,NA,1
20220603,256,TC,b_21,constant,10,c_07,F,32.163013059701484,NA,1
20220603,256,TC,b_22,constant,10,c_10,F,51.56616371268656,NA,1
20220603,256,TC,b_23,constant,7,c_04,F,52.009314365671635,NA,1
20220603,256,TC,b_24,constant,14,c_13,F,30.822465018656708,NA,1
20220603,256,TC,b_25,decreasing,7,c_03,G,21.222458193979925,NA,1
20220603,256,TC,b_26,decreasing,14,c_15,G,26.46308110367892,NA,1
20220603,256,TC,b_27,decreasing,10,c_10,G,23.80370401337792,NA,1
20220603,256,TC,b_28,constant,10,c_09,H,20.985067630597,NA,1
20220603,256,TC,b_29,constant,14,c_12,H,27.598218283582085,NA,1
20220603,256,TC,b_30,constant,7,c_01,H,35.51136893656715,NA,1
20220603,256,TN,b_01,constant,10,c_08,A,2.06,NA,1
20220603,256,TN,b_02,constant,7,c_02,A,2.9785307835820896,NA,1
20220603,256,TN,b_03,constant,14,c_11,A,2.027061567164179,NA,1
20220603,256,TN,b_04,constant,7,c_05,A,1.7455923507462687,NA,1
20220603,256,TN,b_05,decreasing,14,c_13,B,1.88,NA,1
20220603,256,TN,b_06,decreasing,14,c_11,B,1.763386287625418,NA,1
20220603,256,TN,b_07,decreasing,10,c_06,B,1.756772575250836,NA,1
20220603,256,TN,b_08,decreasing,7,c_01,B,2.1801588628762545,NA,1
20220603,256,TN,b_09,decreasing,7,c_02,C,2.183545150501672,NA,1
20220603,256,TN,b_10,decreasing,10,c_07,C,1.9369314381270901,NA,1
20220603,256,TN,b_11,decreasing,10,c_08,C,1.7603177257525082,NA,1
20220603,256,TN,b_12,decreasing,14,c_14,C,1.7737040133779265,NA,1
20220603,256,TN,b_13,constant,10,c_06,D,1.9123694029850746,NA,1
20220603,256,TN,b_14,constant,7,c_03,D,1.9909001865671638,NA,1
20220603,256,TN,b_15,constant,14,c_14,D,1.819430970149254,NA,1
20220603,256,TN,b_16,constant,14,c_15,D,1.7879617537313428,NA,1
20220603,256,TN,b_17,decreasing,7,c_05,E,1.5306354515050167,NA,1
20220603,256,TN,b_18,decreasing,7,c_04,E,2.0940217391304348,NA,1
20220603,256,TN,b_19,decreasing,14,c_12,E,1.8574080267558526,NA,1
20220603,256,TN,b_20,decreasing,10,c_09,E,1.8307943143812706,NA,1
20220603,256,TN,b_21,constant,10,c_07,F,1.9706156716417906,NA,1
20220603,256,TN,b_22,constant,10,c_10,F,3.0691464552238803,NA,1
20220603,256,TN,b_23,constant,7,c_04,F,3.06767723880597,NA,1
20220603,256,TN,b_24,constant,14,c_13,F,2.036208022388059,NA,1
20220603,256,TN,b_25,decreasing,7,c_03,G,1.4577257525083611,NA,1
20220603,256,TN,b_26,decreasing,14,c_15,G,1.6111120401337793,NA,1
20220603,256,TN,b_27,decreasing,10,c_10,G,2.624498327759197,NA,1
20220603,256,TN,b_28,constant,10,c_09,H,1.6303311567164176,NA,1
20220603,256,TN,b_29,constant,14,c_12,H,1.8688619402985074,NA,1
20220603,256,TN,b_30,constant,7,c_01,H,2.307392723880597,NA,1
20220603,256,TOC,b_01,constant,10,c_08,A,29.93,NA,1
20220603,256,TOC,b_02,constant,7,c_02,A,40.7172411380597,NA,1
20220603,256,TOC,b_03,constant,14,c_11,A,25.7244822761194,NA,1
20220603,256,TOC,b_04,constant,7,c_05,A,23.0117234141791,NA,1
20220603,256,TOC,b_05,decreasing,14,c_13,B,13.430000000000001,NA,1
20220603,256,TOC,b_06,decreasing,14,c_11,B,15.10704431438127,NA,1
20220603,256,TOC,b_07,decreasing,10,c_06,B,15.704088628762543,NA,1
20220603,256,TOC,b_08,decreasing,7,c_01,B,15.661132943143812,NA,1
20220603,256,TOC,b_09,decreasing,7,c_02,C,17.398177257525084,NA,1
20220603,256,TOC,b_10,decreasing,10,c_07,C,15.015221571906354,NA,1
20220603,256,TOC,b_11,decreasing,10,c_08,C,16.772265886287627,NA,1
20220603,256,TOC,b_12,decreasing,14,c_14,C,16.279310200668895,NA,1
20220603,256,TOC,b_13,constant,10,c_06,D,25.696893656716416,NA,1
20220603,256,TOC,b_14,constant,7,c_03,D,24.49413479477611,NA,1
20220603,256,TOC,b_15,constant,14,c_14,D,23.251375932835817,NA,1
20220603,256,TOC,b_16,constant,14,c_15,D,23.07861707089551,NA,1
20220603,256,TOC,b_17,decreasing,7,c_05,E,15.11453177257525,NA,1
20220603,256,TOC,b_18,decreasing,7,c_04,E,15.371576086956521,NA,1
20220603,256,TOC,b_19,decreasing,14,c_12,E,16.278620401337793,NA,1
20220603,256,TOC,b_20,decreasing,10,c_09,E,15.195664715719062,NA,1
20220603,256,TOC,b_21,constant,10,c_07,F,26.22482276119402,NA,1
20220603,256,TOC,b_22,constant,10,c_10,F,45.82206389925371,NA,1
20220603,256,TOC,b_23,constant,7,c_04,F,47.67930503731342,NA,1
20220603,256,TOC,b_24,constant,14,c_13,F,26.466546175373125,NA,1
20220603,256,TOC,b_25,decreasing,7,c_03,G,14.030886287625417,NA,1
20220603,256,TOC,b_26,decreasing,14,c_15,G,18.527930602006688,NA,1
20220603,256,TOC,b_27,decreasing,10,c_10,G,13.464974916387959,NA,1
20220603,256,TOC,b_28,constant,10,c_09,H,18.535510727611925,NA,1
20220603,256,TOC,b_29,constant,14,c_12,H,24.562751865671636,NA,1
20220603,256,TOC,b_30,constant,7,c_01,H,30.779993003731335,NA,1
20220606,259,IC,b_01,constant,10,c_08,A,2.69,NA,1
20220606,259,IC,b_02,constant,7,c_02,A,2.8151026119402984,NA,1
20220606,259,IC,b_03,constant,14,c_11,A,2.570205223880597,NA,1
20220606,259,IC,b_04,constant,7,c_05,A,3.1653078358208955,NA,1
20220606,259,IC,b_05,decreasing,14,c_13,B,9.95,NA,1
20220606,259,IC,b_06,decreasing,14,c_11,B,9.09685618729097,NA,1
20220606,259,IC,b_07,decreasing,10,c_06,B,9.193712374581938,NA,1
20220606,259,IC,b_08,decreasing,7,c_01,B,10.70056856187291,NA,1
20220606,259,IC,b_09,decreasing,7,c_02,C,10.247424749163878,NA,1
20220606,259,IC,b_10,decreasing,10,c_07,C,10.464280936454848,NA,1
20220606,259,IC,b_11,decreasing,10,c_08,C,9.411137123745817,NA,1
20220606,259,IC,b_12,decreasing,14,c_14,C,9.897993311036789,NA,1
20220606,259,IC,b_13,constant,10,c_06,D,2.631231343283582,NA,1
20220606,259,IC,b_14,constant,7,c_03,D,3.4163339552238803,NA,1
20220606,259,IC,b_15,constant,14,c_14,D,2.7514365671641787,NA,1
20220606,259,IC,b_16,constant,14,c_15,D,2.4265391791044775,NA,1
20220606,259,IC,b_17,decreasing,7,c_05,E,8.652274247491636,NA,1
20220606,259,IC,b_18,decreasing,7,c_04,E,11.369130434782607,NA,1
20220606,259,IC,b_19,decreasing,14,c_12,E,10.705986622073576,NA,1
20220606,259,IC,b_20,decreasing,10,c_09,E,10.412842809364546,NA,1
20220606,259,IC,b_21,constant,10,c_07,F,3.112052238805971,NA,1
20220606,259,IC,b_22,constant,10,c_10,F,2.667154850746269,NA,1
20220606,259,IC,b_23,constant,7,c_04,F,2.972257462686567,NA,1
20220606,259,IC,b_24,constant,14,c_13,F,2.7673600746268656,NA,1
20220606,259,IC,b_25,decreasing,7,c_03,G,10.747123745819396,NA,1
20220606,259,IC,b_26,decreasing,14,c_15,G,9.833979933110365,NA,1
20220606,259,IC,b_27,decreasing,10,c_10,G,8.280836120401334,NA,1
20220606,259,IC,b_28,constant,10,c_09,H,2.73777052238806,NA,1
20220606,259,IC,b_29,constant,14,c_12,H,2.4828731343283588,NA,1
20220606,259,IC,b_30,constant,7,c_01,H,3.077975746268657,NA,1
20220606,259,TC,b_01,constant,10,c_08,A,37.06,NA,1
20220606,259,TC,b_02,constant,7,c_02,A,49.91025419776119,NA,1
20220606,259,TC,b_03,constant,14,c_11,A,32.93050839552239,NA,1
20220606,259,TC,b_04,constant,7,c_05,A,30.890762593283583,NA,1
20220606,259,TC,b_05,decreasing,14,c_13,B,26.02,NA,1
20220606,259,TC,b_06,decreasing,14,c_11,B,25.980848662207357,NA,1
20220606,259,TC,b_07,decreasing,10,c_06,B,26.681697324414717,NA,1
20220606,259,TC,b_08,decreasing,7,c_01,B,33.712545986622075,NA,1
20220606,259,TC,b_09,decreasing,7,c_02,C,29.02339464882943,NA,1
20220606,259,TC,b_10,decreasing,10,c_07,C,27.11424331103679,NA,1
20220606,259,TC,b_11,decreasing,10,c_08,C,28.895091973244146,NA,1
20220606,259,TC,b_12,decreasing,14,c_14,C,28.495940635451504,NA,1
20220606,259,TC,b_13,constant,10,c_06,D,30.523050373134325,NA,1
20220606,259,TC,b_14,constant,7,c_03,D,32.59330457089552,NA,1
20220606,259,TC,b_15,constant,14,c_14,D,28.063558768656712,NA,1
20220606,259,TC,b_16,constant,14,c_15,D,27.363812966417903,NA,1
20220606,259,TC,b_17,decreasing,7,c_05,E,26.660183946488292,NA,1
20220606,259,TC,b_18,decreasing,7,c_04,E,28.76103260869565,NA,1
20220606,259,TC,b_19,decreasing,14,c_12,E,28.641881270903006,NA,1
20220606,259,TC,b_20,decreasing,10,c_09,E,26.942729933110364,NA,1
20220606,259,TC,b_21,constant,10,c_07,F,33.27508395522388,NA,1
20220606,259,TC,b_22,constant,10,c_10,F,55.86533815298506,NA,1
20220606,259,TC,b_23,constant,7,c_04,F,54.94559235074627,NA,1
20220606,259,TC,b_24,constant,14,c_13,F,30.275846548507452,NA,1
20220606,259,TC,b_25,decreasing,7,c_03,G,27.74697324414715,NA,1
20220606,259,TC,b_26,decreasing,14,c_15,G,30.577821906354508,NA,1
20220606,259,TC,b_27,decreasing,10,c_10,G,25.92867056856187,NA,1
20220606,259,TC,b_28,constant,10,c_09,H,30.536863339552234,NA,1
20220606,259,TC,b_29,constant,14,c_12,H,29.407117537313425,NA,1
20220606,259,TC,b_30,constant,7,c_01,H,38.70737173507462,NA,1
20220606,259,TN,b_01,constant,10,c_08,A,2.26,NA,1
20220606,259,TN,b_02,constant,7,c_02,A,3.113024720149254,NA,1
20220606,259,TN,b_03,constant,14,c_11,A,2.1260494402985075,NA,1
20220606,259,TN,b_04,constant,7,c_05,A,1.8490741604477614,NA,1
20220606,259,TN,b_05,decreasing,14,c_13,B,2.04,NA,1
20220606,259,TN,b_06,decreasing,14,c_11,B,1.8223244147157192,NA,1
20220606,259,TN,b_07,decreasing,10,c_06,B,1.864648829431438,NA,1
20220606,259,TN,b_08,decreasing,7,c_01,B,2.6369732441471574,NA,1
20220606,259,TN,b_09,decreasing,7,c_02,C,2.2092976588628765,NA,1
20220606,259,TN,b_10,decreasing,10,c_07,C,1.9516220735785954,NA,1
20220606,259,TN,b_11,decreasing,10,c_08,C,1.8839464882943144,NA,1
20220606,259,TN,b_12,decreasing,14,c_14,C,1.8362709030100335,NA,1
20220606,259,TN,b_13,constant,10,c_06,D,1.8662966417910445,NA,1
20220606,259,TN,b_14,constant,7,c_03,D,2.1493213619402987,NA,1
20220606,259,TN,b_15,constant,14,c_14,D,1.7823460820895525,NA,1
20220606,259,TN,b_16,constant,14,c_15,D,1.785370802238806,NA,1
20220606,259,TN,b_17,decreasing,7,c_05,E,1.727892976588629,NA,1
20220606,259,TN,b_18,decreasing,7,c_04,E,2.150217391304348,NA,1
20220606,259,TN,b_19,decreasing,14,c_12,E,1.8725418060200671,NA,1
20220606,259,TN,b_20,decreasing,10,c_09,E,1.8148662207357862,NA,1
20220606,259,TN,b_21,constant,10,c_07,F,2.1004944029850745,NA,1
20220606,259,TN,b_22,constant,10,c_10,F,3.4035191231343283,NA,1
20220606,259,TN,b_23,constant,7,c_04,F,3.146543843283582,NA,1
20220606,259,TN,b_24,constant,14,c_13,F,1.8895685634328352,NA,1
20220606,259,TN,b_25,decreasing,7,c_03,G,1.7364882943143816,NA,1
20220606,259,TN,b_26,decreasing,14,c_15,G,1.7388127090301007,NA,1
20220606,259,TN,b_27,decreasing,10,c_10,G,2.7711371237458198,NA,1
20220606,259,TN,b_28,constant,10,c_09,H,2.0416674440298506,NA,1
20220606,259,TN,b_29,constant,14,c_12,H,1.854692164179104,NA,1
20220606,259,TN,b_30,constant,7,c_01,H,2.397716884328358,NA,1
20220606,259,TOC,b_01,constant,10,c_08,A,34.370000000000005,NA,1
20220606,259,TOC,b_02,constant,7,c_02,A,47.095151585820894,NA,1
20220606,259,TOC,b_03,constant,14,c_11,A,30.360303171641796,NA,1
20220606,259,TOC,b_04,constant,7,c_05,A,27.725454757462693,NA,1
20220606,259,TOC,b_05,decreasing,14,c_13,B,16.07,NA,1
20220606,259,TOC,b_06,decreasing,14,c_11,B,16.88399247491639,NA,1
20220606,259,TOC,b_07,decreasing,10,c_06,B,17.48798494983278,NA,1
20220606,259,TOC,b_08,decreasing,7,c_01,B,23.011977424749166,NA,1
20220606,259,TOC,b_09,decreasing,7,c_02,C,18.77596989966555,NA,1
20220606,259,TOC,b_10,decreasing,10,c_07,C,16.649962374581943,NA,1
20220606,259,TOC,b_11,decreasing,10,c_08,C,19.483954849498332,NA,1
20220606,259,TOC,b_12,decreasing,14,c_14,C,18.59794732441472,NA,1
20220606,259,TOC,b_13,constant,10,c_06,D,27.891819029850744,NA,1
20220606,259,TOC,b_14,constant,7,c_03,D,29.176970615671642,NA,1
20220606,259,TOC,b_15,constant,14,c_14,D,25.31212220149254,NA,1
20220606,259,TOC,b_16,constant,14,c_15,D,24.937273787313433,NA,1
20220606,259,TOC,b_17,decreasing,7,c_05,E,18.007909698996656,NA,1
20220606,259,TOC,b_18,decreasing,7,c_04,E,17.391902173913046,NA,1
20220606,259,TOC,b_19,decreasing,14,c_12,E,17.935894648829432,NA,1
20220606,259,TOC,b_20,decreasing,10,c_09,E,16.52988712374582,NA,1
20220606,259,TOC,b_21,constant,10,c_07,F,30.163031716417912,NA,1
20220606,259,TOC,b_22,constant,10,c_10,F,53.1981833022388,NA,1
20220606,259,TOC,b_23,constant,7,c_04,F,51.97333488805971,NA,1
20220606,259,TOC,b_24,constant,14,c_13,F,27.508486473880595,NA,1
20220606,259,TOC,b_25,decreasing,7,c_03,G,16.999849498327762,NA,1
20220606,259,TOC,b_26,decreasing,14,c_15,G,20.743841973244145,NA,1
20220606,259,TOC,b_27,decreasing,10,c_10,G,17.647834448160538,NA,1
20220606,259,TOC,b_28,constant,10,c_09,H,27.799092817164187,NA,1
20220606,259,TOC,b_29,constant,14,c_12,H,26.92424440298508,NA,1
20220606,259,TOC,b_30,constant,7,c_01,H,35.629395988805975,NA,1
20220608,261,IC,b_01,constant,10,c_08,A,2.42,NA,1
20220608,261,IC,b_02,constant,7,c_02,A,3.6312756529850745,NA,1
20220608,261,IC,b_03,constant,14,c_11,A,3.152551305970149,NA,1
20220608,261,IC,b_04,constant,7,c_05,A,2.4838269589552238,NA,1
20220608,261,IC,b_05,decreasing,14,c_13,B,8.93,NA,1
20220608,261,IC,b_06,decreasing,14,c_11,B,8.242608695652175,NA,1
20220608,261,IC,b_07,decreasing,10,c_06,B,8.125217391304348,NA,1
20220608,261,IC,b_08,decreasing,7,c_01,B,9.597826086956522,NA,1
20220608,261,IC,b_09,decreasing,7,c_02,C,7.400434782608696,NA,1
20220608,261,IC,b_10,decreasing,10,c_07,C,9.063043478260871,NA,1
20220608,261,IC,b_11,decreasing,10,c_08,C,8.365652173913043,NA,1
20220608,261,IC,b_12,decreasing,14,c_14,C,8.448260869565217,NA,1
20220608,261,IC,b_13,constant,10,c_06,D,2.3853078358208952,NA,1
20220608,261,IC,b_14,constant,7,c_03,D,2.63658348880597,NA,1
20220608,261,IC,b_15,constant,14,c_14,D,2.8778591417910446,NA,1
20220608,261,IC,b_16,constant,14,c_15,D,2.2391347947761195,NA,1
20220608,261,IC,b_17,decreasing,7,c_05,E,8.031304347826087,NA,1
20220608,261,IC,b_18,decreasing,7,c_04,E,8.423913043478262,NA,1
20220608,261,IC,b_19,decreasing,14,c_12,E,9.346521739130434,NA,1
20220608,261,IC,b_20,decreasing,10,c_09,E,9.319130434782608,NA,1
20220608,261,IC,b_21,constant,10,c_07,F,3.345513059701492,NA,1
20220608,261,IC,b_22,constant,10,c_10,F,2.8067887126865667,NA,1
20220608,261,IC,b_23,constant,7,c_04,F,2.9980643656716417,NA,1
20220608,261,IC,b_24,constant,14,c_13,F,2.8293400186567155,NA,1
20220608,261,IC,b_25,decreasing,7,c_03,G,9.242173913043477,NA,1
20220608,261,IC,b_26,decreasing,14,c_15,G,8.784782608695652,NA,1
20220608,261,IC,b_27,decreasing,10,c_10,G,7.247391304347825,NA,1
20220608,261,IC,b_28,constant,10,c_09,H,2.384442630597015,NA,1
20220608,261,IC,b_29,constant,14,c_12,H,2.815718283582089,NA,1
20220608,261,IC,b_30,constant,7,c_01,H,3.206993936567164,NA,1
20220608,261,TC,b_01,constant,10,c_08,A,37.34,NA,1
20220608,261,TC,b_02,constant,7,c_02,A,51.18771455223881,NA,1
20220608,261,TC,b_03,constant,14,c_11,A,33.245429104477616,NA,1
20220608,261,TC,b_04,constant,7,c_05,A,30.49314365671642,NA,1
20220608,261,TC,b_05,decreasing,14,c_13,B,25.94,NA,1
20220608,261,TC,b_06,decreasing,14,c_11,B,26.27949414715719,NA,1
20220608,261,TC,b_07,decreasing,10,c_06,B,26.95898829431438,NA,1
20220608,261,TC,b_08,decreasing,7,c_01,B,34.36848244147157,NA,1
20220608,261,TC,b_09,decreasing,7,c_02,C,24.677976588628763,NA,1
20220608,261,TC,b_10,decreasing,10,c_07,C,27.70747073578595,NA,1
20220608,261,TC,b_11,decreasing,10,c_08,C,29.696964882943142,NA,1
20220608,261,TC,b_12,decreasing,14,c_14,C,29.386459030100333,NA,1
20220608,261,TC,b_13,constant,10,c_06,D,31.33257462686567,NA,1
20220608,261,TC,b_14,constant,7,c_03,D,32.88028917910447,NA,1
20220608,261,TC,b_15,constant,14,c_14,D,28.318003731343282,NA,1
20220608,261,TC,b_16,constant,14,c_15,D,27.51571828358209,NA,1
20220608,261,TC,b_17,decreasing,7,c_05,E,27.553929765886288,NA,1
20220608,261,TC,b_18,decreasing,7,c_04,E,25.133423913043476,NA,1
20220608,261,TC,b_19,decreasing,14,c_12,E,29.192918060200668,NA,1
20220608,261,TC,b_20,decreasing,10,c_09,E,28.522412207357856,NA,1
20220608,261,TC,b_21,constant,10,c_07,F,34.61429104477611,NA,1
20220608,261,TC,b_22,constant,10,c_10,F,57.69200559701492,NA,1
20220608,261,TC,b_23,constant,7,c_04,F,57.70972014925373,NA,1
20220608,261,TC,b_24,constant,14,c_13,F,31.41743470149253,NA,1
20220608,261,TC,b_25,decreasing,7,c_03,G,27.27988294314381,NA,1
20220608,261,TC,b_26,decreasing,14,c_15,G,30.119377090301,NA,1
20220608,261,TC,b_27,decreasing,10,c_10,G,26.00887123745819,NA,1
20220608,261,TC,b_28,constant,10,c_09,H,25.838292910447755,NA,1
20220608,261,TC,b_29,constant,14,c_12,H,30.916007462686565,NA,1
20220608,261,TC,b_30,constant,7,c_01,H,39.99372201492537,NA,1
20220608,261,TN,b_01,constant,10,c_08,A,2.21,NA,1
20220608,261,TN,b_02,constant,7,c_02,A,3.1000443097014925,NA,1
20220608,261,TN,b_03,constant,14,c_11,A,2.0700886194029846,NA,1
20220608,261,TN,b_04,constant,7,c_05,A,1.8501329291044772,NA,1
20220608,261,TN,b_05,decreasing,14,c_13,B,2.06,NA,1
20220608,261,TN,b_06,decreasing,14,c_11,B,1.8671028428093646,NA,1
20220608,261,TN,b_07,decreasing,10,c_06,B,1.844205685618729,NA,1
20220608,261,TN,b_08,decreasing,7,c_01,B,2.811308528428093,NA,1
20220608,261,TN,b_09,decreasing,7,c_02,C,2.048411371237458,NA,1
20220608,261,TN,b_10,decreasing,10,c_07,C,2.0555142140468226,NA,1
20220608,261,TN,b_11,decreasing,10,c_08,C,1.9726170568561872,NA,1
20220608,261,TN,b_12,decreasing,14,c_14,C,1.8797198996655515,NA,1
20220608,261,TN,b_13,constant,10,c_06,D,1.8705317164179105,NA,1
20220608,261,TN,b_14,constant,7,c_03,D,2.130576026119403,NA,1
20220608,261,TN,b_15,constant,14,c_14,D,1.7406203358208958,NA,1
20220608,261,TN,b_16,constant,14,c_15,D,1.730664645522388,NA,1
20220608,261,TN,b_17,decreasing,7,c_05,E,1.7452341137123744,NA,1
20220608,261,TN,b_18,decreasing,7,c_04,E,1.9623369565217392,NA,1
20220608,261,TN,b_19,decreasing,14,c_12,E,1.9294397993311037,NA,1
20220608,261,TN,b_20,decreasing,10,c_09,E,1.9565426421404681,NA,1
20220608,261,TN,b_21,constant,10,c_07,F,2.0908861940298507,NA,1
20220608,261,TN,b_22,constant,10,c_10,F,3.460930503731343,NA,1
20220608,261,TN,b_23,constant,7,c_04,F,3.270974813432836,NA,1
20220608,261,TN,b_24,constant,14,c_13,F,1.941019123134328,NA,1
20220608,261,TN,b_25,decreasing,7,c_03,G,1.742056856187291,NA,1
20220608,261,TN,b_26,decreasing,14,c_15,G,1.7891596989966554,NA,1
20220608,261,TN,b_27,decreasing,10,c_10,G,2.81626254180602,NA,1
20220608,261,TN,b_28,constant,10,c_09,H,1.7211963619402981,NA,1
20220608,261,TN,b_29,constant,14,c_12,H,1.821240671641791,NA,1
20220608,261,TN,b_30,constant,7,c_01,H,2.4612849813432836,NA,1
20220608,261,TOC,b_01,constant,10,c_08,A,34.92,NA,1
20220608,261,TOC,b_02,constant,7,c_02,A,47.556438899253735,NA,1
20220608,261,TOC,b_03,constant,14,c_11,A,30.092877798507462,NA,1
20220608,261,TOC,b_04,constant,7,c_05,A,28.009316697761196,NA,1
20220608,261,TOC,b_05,decreasing,14,c_13,B,17.01,NA,1
20220608,261,TOC,b_06,decreasing,14,c_11,B,18.036885451505018,NA,1
20220608,261,TOC,b_07,decreasing,10,c_06,B,18.833770903010038,NA,1
20220608,261,TOC,b_08,decreasing,7,c_01,B,24.77065635451505,NA,1
20220608,261,TOC,b_09,decreasing,7,c_02,C,17.277541806020068,NA,1
20220608,261,TOC,b_10,decreasing,10,c_07,C,18.644427257525084,NA,1
20220608,261,TOC,b_11,decreasing,10,c_08,C,21.3313127090301,NA,1
20220608,261,TOC,b_12,decreasing,14,c_14,C,20.93819816053512,NA,1
20220608,261,TOC,b_13,constant,10,c_06,D,28.947266791044783,NA,1
20220608,261,TOC,b_14,constant,7,c_03,D,30.243705690298505,NA,1
20220608,261,TOC,b_15,constant,14,c_14,D,25.44014458955223,NA,1
20220608,261,TOC,b_16,constant,14,c_15,D,25.276583488805965,NA,1
20220608,261,TOC,b_17,decreasing,7,c_05,E,19.522625418060205,NA,1
20220608,261,TOC,b_18,decreasing,7,c_04,E,16.709510869565218,NA,1
20220608,261,TOC,b_19,decreasing,14,c_12,E,19.846396321070237,NA,1
20220608,261,TOC,b_20,decreasing,10,c_09,E,19.203281772575252,NA,1
20220608,261,TOC,b_21,constant,10,c_07,F,31.268777985074614,NA,1
20220608,261,TOC,b_22,constant,10,c_10,F,54.88521688432835,NA,1
20220608,261,TOC,b_23,constant,7,c_04,F,54.71165578358208,NA,1
20220608,261,TOC,b_24,constant,14,c_13,F,28.58809468283581,NA,1
20220608,261,TOC,b_25,decreasing,7,c_03,G,18.037709030100338,NA,1
20220608,261,TOC,b_26,decreasing,14,c_15,G,21.334594481605354,NA,1
20220608,261,TOC,b_27,decreasing,10,c_10,G,18.761479933110373,NA,1
20220608,261,TOC,b_28,constant,10,c_09,H,23.453850279850734,NA,1
20220608,261,TOC,b_29,constant,14,c_12,H,28.100289179104465,NA,1
20220608,261,TOC,b_30,constant,7,c_01,H,36.7867280783582,NA,1
20220610,263,IC,b_01,constant,10,c_08,A,3.53,NA,1
20220610,263,IC,b_02,constant,7,c_02,A,2.588094682835821,NA,1
20220610,263,IC,b_03,constant,14,c_11,A,2.556189365671642,NA,1
20220610,263,IC,b_04,constant,7,c_05,A,2.574284048507463,NA,1
20220610,263,IC,b_05,decreasing,14,c_13,B,7.63,NA,1
20220610,263,IC,b_06,decreasing,14,c_11,B,7.687755016722407,NA,1
20220610,263,IC,b_07,decreasing,10,c_06,B,7.635510033444815,NA,1
20220610,263,IC,b_08,decreasing,7,c_01,B,10.523265050167224,NA,1
20220610,263,IC,b_09,decreasing,7,c_02,C,8.521020066889632,NA,1
20220610,263,IC,b_10,decreasing,10,c_07,C,8.558775083612039,NA,1
20220610,263,IC,b_11,decreasing,10,c_08,C,8.396530100334447,NA,1
20220610,263,IC,b_12,decreasing,14,c_14,C,8.604285117056856,NA,1
20220610,263,IC,b_13,constant,10,c_06,D,2.587136194029851,NA,1
20220610,263,IC,b_14,constant,7,c_03,D,3.545230876865672,NA,1
20220610,263,IC,b_15,constant,14,c_14,D,2.8733255597014926,NA,1
20220610,263,IC,b_16,constant,14,c_15,D,2.6914202425373137,NA,1
20220610,263,IC,b_17,decreasing,7,c_05,E,8.133060200668895,NA,1
20220610,263,IC,b_18,decreasing,7,c_04,E,10.070815217391303,NA,1
20220610,263,IC,b_19,decreasing,14,c_12,E,9.48857023411371,NA,1
20220610,263,IC,b_20,decreasing,10,c_09,E,9.30632525083612,NA,1
20220610,263,IC,b_21,constant,10,c_07,F,3.391893656716418,NA,1
20220610,263,IC,b_22,constant,10,c_10,F,2.4299883395522386,NA,1
20220610,263,IC,b_23,constant,7,c_04,F,2.78808302238806,NA,1
20220610,263,IC,b_24,constant,14,c_13,F,2.8861777052238806,NA,1
20220610,263,IC,b_25,decreasing,7,c_03,G,9.14510033444816,NA,1
20220610,263,IC,b_26,decreasing,14,c_15,G,8.472855351170566,NA,1
20220610,263,IC,b_27,decreasing,10,c_10,G,6.2606103678929745,NA,1
20220610,263,IC,b_28,constant,10,c_09,H,2.618556436567164,NA,1
20220610,263,IC,b_29,constant,14,c_12,H,3.246651119402985,NA,1
20220610,263,IC,b_30,constant,7,c_01,H,2.684745802238805,NA,1
20220610,263,TC,b_01,constant,10,c_08,A,35.74,NA,1
20220610,263,TC,b_02,constant,7,c_02,A,47.5515041977612,NA,1
20220610,263,TC,b_03,constant,14,c_11,A,31.693008395522384,NA,1
20220610,263,TC,b_04,constant,7,c_05,A,30.92451259328358,NA,1
20220610,263,TC,b_05,decreasing,14,c_13,B,19.43,NA,1
20220610,263,TC,b_06,decreasing,14,c_11,B,21.951408862876253,NA,1
20220610,263,TC,b_07,decreasing,10,c_06,B,22.812817725752506,NA,1
20220610,263,TC,b_08,decreasing,7,c_01,B,29.794226588628764,NA,1
20220610,263,TC,b_09,decreasing,7,c_02,C,22.91563545150502,NA,1
20220610,263,TC,b_10,decreasing,10,c_07,C,22.897044314381272,NA,1
20220610,263,TC,b_11,decreasing,10,c_08,C,27.288453177257527,NA,1
20220610,263,TC,b_12,decreasing,14,c_14,C,27.139862040133778,NA,1
20220610,263,TC,b_13,constant,10,c_06,D,29.928050373134333,NA,1
20220610,263,TC,b_14,constant,7,c_03,D,31.249554570895526,NA,1
20220610,263,TC,b_15,constant,14,c_14,D,27.401058768656725,NA,1
20220610,263,TC,b_16,constant,14,c_15,D,26.212562966417913,NA,1
20220610,263,TC,b_17,decreasing,7,c_05,E,24.61690635451505,NA,1
20220610,263,TC,b_18,decreasing,7,c_04,E,25.1683152173913,NA,1
20220610,263,TC,b_19,decreasing,14,c_12,E,24.359724080267554,NA,1
20220610,263,TC,b_20,decreasing,10,c_09,E,23.39113294314381,NA,1
20220610,263,TC,b_21,constant,10,c_07,F,30.990083955223888,NA,1
20220610,263,TC,b_22,constant,10,c_10,F,55.20158815298508,NA,1
20220610,263,TC,b_23,constant,7,c_04,F,54.18309235074627,NA,1
20220610,263,TC,b_24,constant,14,c_13,F,30.314596548507474,NA,1
20220610,263,TC,b_25,decreasing,7,c_03,G,23.738177257525077,NA,1
20220610,263,TC,b_26,decreasing,14,c_15,G,26.25958612040133,NA,1
20220610,263,TC,b_27,decreasing,10,c_10,G,19.960994983277583,NA,1
20220610,263,TC,b_28,constant,10,c_09,H,28.470613339552244,NA,1
20220610,263,TC,b_29,constant,14,c_12,H,28.32211753731344,NA,1
20220610,263,TC,b_30,constant,7,c_01,H,37.28362173507464,NA,1
20220610,263,TN,b_01,constant,10,c_08,A,2.13,NA,1
20220610,263,TN,b_02,constant,7,c_02,A,3.0764015858208955,NA,1
20220610,263,TN,b_03,constant,14,c_11,A,2.0728031716417914,NA,1
20220610,263,TN,b_04,constant,7,c_05,A,1.9292047574626867,NA,1
20220610,263,TN,b_05,decreasing,14,c_13,B,1.62,NA,1
20220610,263,TN,b_06,decreasing,14,c_11,B,1.5657943143812711,NA,1
20220610,263,TN,b_07,decreasing,10,c_06,B,1.6015886287625418,NA,1
20220610,263,TN,b_08,decreasing,7,c_01,B,2.577382943143813,NA,1
20220610,263,TN,b_09,decreasing,7,c_02,C,1.8931772575250838,NA,1
20220610,263,TN,b_10,decreasing,10,c_07,C,1.7789715719063548,NA,1
20220610,263,TN,b_11,decreasing,10,c_08,C,1.7447658862876256,NA,1
20220610,263,TN,b_12,decreasing,14,c_14,C,1.8005602006688963,NA,1
20220610,263,TN,b_13,constant,10,c_06,D,1.8568190298507465,NA,1
20220610,263,TN,b_14,constant,7,c_03,D,2.083220615671642,NA,1
20220610,263,TN,b_15,constant,14,c_14,D,1.7096222014925377,NA,1
20220610,263,TN,b_16,constant,14,c_15,D,1.6460237873134331,NA,1
20220610,263,TN,b_17,decreasing,7,c_05,E,1.6095317725752512,NA,1
20220610,263,TN,b_18,decreasing,7,c_04,E,1.965326086956522,NA,1
20220610,263,TN,b_19,decreasing,14,c_12,E,1.651120401337793,NA,1
20220610,263,TN,b_20,decreasing,10,c_09,E,1.646914715719064,NA,1
20220610,263,TN,b_21,constant,10,c_07,F,1.948031716417911,NA,1
20220610,263,TN,b_22,constant,10,c_10,F,3.334433302238806,NA,1
20220610,263,TN,b_23,constant,7,c_04,F,3.170834888059702,NA,1
20220610,263,TN,b_24,constant,14,c_13,F,1.9672364738805976,NA,1
20220610,263,TN,b_25,decreasing,7,c_03,G,1.5458862876254185,NA,1
20220610,263,TN,b_26,decreasing,14,c_15,G,1.5116806020066895,NA,1
20220610,263,TN,b_27,decreasing,10,c_10,G,2.3974749163879605,NA,1
20220610,263,TN,b_28,constant,10,c_09,H,1.9328428171641794,NA,1
20220610,263,TN,b_29,constant,14,c_12,H,1.749244402985075,NA,1
20220610,263,TN,b_30,constant,7,c_01,H,2.4256459888059703,NA,1
20220610,263,TOC,b_01,constant,10,c_08,A,32.21,NA,1
20220610,263,TOC,b_02,constant,7,c_02,A,44.963409514925374,NA,1
20220610,263,TOC,b_03,constant,14,c_11,A,29.136819029850745,NA,1
20220610,263,TOC,b_04,constant,7,c_05,A,28.350228544776115,NA,1
20220610,263,TOC,b_05,decreasing,14,c_13,B,11.8,NA,1
20220610,263,TOC,b_06,decreasing,14,c_11,B,14.263653846153844,NA,1
20220610,263,TOC,b_07,decreasing,10,c_06,B,15.177307692307691,NA,1
20220610,263,TOC,b_08,decreasing,7,c_01,B,19.270961538461535,NA,1
20220610,263,TOC,b_09,decreasing,7,c_02,C,14.394615384615385,NA,1
20220610,263,TOC,b_10,decreasing,10,c_07,C,14.33826923076923,NA,1
20220610,263,TOC,b_11,decreasing,10,c_08,C,18.891923076923078,NA,1
20220610,263,TOC,b_12,decreasing,14,c_14,C,18.535576923076917,NA,1
20220610,263,TOC,b_13,constant,10,c_06,D,27.340914179104473,NA,1
20220610,263,TOC,b_14,constant,7,c_03,D,27.704323694029853,NA,1
20220610,263,TOC,b_15,constant,14,c_14,D,24.527733208955222,NA,1
20220610,263,TOC,b_16,constant,14,c_15,D,23.52114272388059,NA,1
20220610,263,TOC,b_17,decreasing,7,c_05,E,16.483846153846155,NA,1
20220610,263,TOC,b_18,decreasing,7,c_04,E,15.097499999999997,NA,1
20220610,263,TOC,b_19,decreasing,14,c_12,E,14.871153846153844,NA,1
20220610,263,TOC,b_20,decreasing,10,c_09,E,14.08480769230769,NA,1
20220610,263,TOC,b_21,constant,10,c_07,F,27.598190298507454,NA,1
20220610,263,TOC,b_22,constant,10,c_10,F,52.771599813432836,NA,1
20220610,263,TOC,b_23,constant,7,c_04,F,51.395009328358206,NA,1
20220610,263,TOC,b_24,constant,14,c_13,F,27.42841884328358,NA,1
20220610,263,TOC,b_25,decreasing,7,c_03,G,14.593076923076922,NA,1
20220610,263,TOC,b_26,decreasing,14,c_15,G,17.786730769230765,NA,1
20220610,263,TOC,b_27,decreasing,10,c_10,G,13.700384615384612,NA,1
20220610,263,TOC,b_28,constant,10,c_09,H,25.85205690298507,NA,1
20220610,263,TOC,b_29,constant,14,c_12,H,25.07546641791044,NA,1
20220610,263,TOC,b_30,constant,7,c_01,H,34.59887593283581,NA,1
20220613,266,IC,b_01,constant,10,c_08,A,1.35,NA,1
20220613,266,IC,b_02,constant,7,c_02,A,1.6449253731343283,NA,1
20220613,266,IC,b_03,constant,14,c_11,A,1.1198507462686567,NA,1
20220613,266,IC,b_04,constant,7,c_05,A,1.514776119402985,NA,1
20220613,266,IC,b_05,decreasing,14,c_13,B,8.17,NA,1
20220613,266,IC,b_06,decreasing,14,c_11,B,7.393967391304348,NA,1
20220613,266,IC,b_07,decreasing,10,c_06,B,6.447934782608696,NA,1
20220613,266,IC,b_08,decreasing,7,c_01,B,9.331902173913043,NA,1
20220613,266,IC,b_09,decreasing,7,c_02,C,8.30586956521739,NA,1
20220613,266,IC,b_10,decreasing,10,c_07,C,8.62983695652174,NA,1
20220613,266,IC,b_11,decreasing,10,c_08,C,6.943804347826087,NA,1
20220613,266,IC,b_12,decreasing,14,c_14,C,7.307771739130434,NA,1
20220613,266,IC,b_13,constant,10,c_06,D,1.13910447761194,NA,1
20220613,266,IC,b_14,constant,7,c_03,D,1.4740298507462684,NA,1
20220613,266,IC,b_15,constant,14,c_14,D,2.1689552238805967,NA,1
20220613,266,IC,b_16,constant,14,c_15,D,0.9538805970149249,NA,1
20220613,266,IC,b_17,decreasing,7,c_05,E,7.337608695652174,NA,1
20220613,266,IC,b_18,decreasing,7,c_04,E,9.691576086956522,NA,1
20220613,266,IC,b_19,decreasing,14,c_12,E,8.69554347826087,NA,1
20220613,266,IC,b_20,decreasing,10,c_09,E,8.749510869565217,NA,1
20220613,266,IC,b_21,constant,10,c_07,F,1.8785074626865668,NA,1
20220613,266,IC,b_22,constant,10,c_10,F,2.2434328358208955,NA,1
20220613,266,IC,b_23,constant,7,c_04,F,1.1783582089552236,NA,1
20220613,266,IC,b_24,constant,14,c_13,F,1.033283582089552,NA,1
20220613,266,IC,b_25,decreasing,7,c_03,G,8.219347826086954,NA,1
20220613,266,IC,b_26,decreasing,14,c_15,G,7.963315217391305,NA,1
20220613,266,IC,b_27,decreasing,10,c_10,G,6.327282608695651,NA,1
20220613,266,IC,b_28,constant,10,c_09,H,1.252985074626865,NA,1
20220613,266,IC,b_29,constant,14,c_12,H,1.2679104477611935,NA,1
20220613,266,IC,b_30,constant,7,c_01,H,1.4928358208955217,NA,1
20220613,266,TC,b_01,constant,10,c_08,A,40.72,NA,1
20220613,266,TC,b_02,constant,7,c_02,A,57.50939365671641,NA,1
20220613,266,TC,b_03,constant,14,c_11,A,36.48878731343284,NA,1
20220613,266,TC,b_04,constant,7,c_05,A,33.09818097014925,NA,1
20220613,266,TC,b_05,decreasing,14,c_13,B,28.74,NA,1
20220613,266,TC,b_06,decreasing,14,c_11,B,29.740409698996654,NA,1
20220613,266,TC,b_07,decreasing,10,c_06,B,28.91081939799331,NA,1
20220613,266,TC,b_08,decreasing,7,c_01,B,38.191229096989964,NA,1
20220613,266,TC,b_09,decreasing,7,c_02,C,32.71163879598662,NA,1
20220613,266,TC,b_10,decreasing,10,c_07,C,30.722048494983277,NA,1
20220613,266,TC,b_11,decreasing,10,c_08,C,32.63245819397993,NA,1
20220613,266,TC,b_12,decreasing,14,c_14,C,31.01286789297659,NA,1
20220613,266,TC,b_13,constant,10,c_06,D,33.68272388059701,NA,1
20220613,266,TC,b_14,constant,7,c_03,D,35.302117537313435,NA,1
20220613,266,TC,b_15,constant,14,c_14,D,31.391511194029846,NA,1
20220613,266,TC,b_16,constant,14,c_15,D,28.99090485074626,NA,1
20220613,266,TC,b_17,decreasing,7,c_05,E,30.574916387959867,NA,1
20220613,266,TC,b_18,decreasing,7,c_04,E,31.855326086956524,NA,1
20220613,266,TC,b_19,decreasing,14,c_12,E,32.415735785953174,NA,1
20220613,266,TC,b_20,decreasing,10,c_09,E,30.776145484949833,NA,1
20220613,266,TC,b_21,constant,10,c_07,F,36.20787313432835,NA,1
20220613,266,TC,b_22,constant,10,c_10,F,63.06726679104477,NA,1
20220613,266,TC,b_23,constant,7,c_04,F,61.48666044776119,NA,1
20220613,266,TC,b_24,constant,14,c_13,F,35.73605410447761,NA,1
20220613,266,TC,b_25,decreasing,7,c_03,G,30.698193979933112,NA,1
20220613,266,TC,b_26,decreasing,14,c_15,G,34.38860367892977,NA,1
20220613,266,TC,b_27,decreasing,10,c_10,G,28.689013377926422,NA,1
20220613,266,TC,b_28,constant,10,c_09,H,33.55362873134328,NA,1
20220613,266,TC,b_29,constant,14,c_12,H,32.693022388059696,NA,1
20220613,266,TC,b_30,constant,7,c_01,H,41.982416044776116,NA,1
20220613,266,TN,b_01,constant,10,c_08,A,2.28,NA,1
20220613,266,TN,b_02,constant,7,c_02,A,3.2353474813432834,NA,1
20220613,266,TN,b_03,constant,14,c_11,A,2.1706949626865675,NA,1
20220613,266,TN,b_04,constant,7,c_05,A,1.8860424440298509,NA,1
20220613,266,TN,b_05,decreasing,14,c_13,B,2.05,NA,1
20220613,266,TN,b_06,decreasing,14,c_11,B,1.8084155518394653,NA,1
20220613,266,TN,b_07,decreasing,10,c_06,B,1.7968311036789302,NA,1
20220613,266,TN,b_08,decreasing,7,c_01,B,2.745246655518395,NA,1
20220613,266,TN,b_09,decreasing,7,c_02,C,2.34366220735786,NA,1
20220613,266,TN,b_10,decreasing,10,c_07,C,2.0420777591973245,NA,1
20220613,266,TN,b_11,decreasing,10,c_08,C,1.8404933110367896,NA,1
20220613,266,TN,b_12,decreasing,14,c_14,C,1.7589088628762544,NA,1
20220613,266,TN,b_13,constant,10,c_06,D,1.904169776119403,NA,1
20220613,266,TN,b_14,constant,7,c_03,D,2.1795172574626864,NA,1
20220613,266,TN,b_15,constant,14,c_14,D,1.78486473880597,NA,1
20220613,266,TN,b_16,constant,14,c_15,D,1.7402122201492536,NA,1
20220613,266,TN,b_17,decreasing,7,c_05,E,1.7509866220735786,NA,1
20220613,266,TN,b_18,decreasing,7,c_04,E,2.1694021739130434,NA,1
20220613,266,TN,b_19,decreasing,14,c_12,E,1.9178177257525082,NA,1
20220613,266,TN,b_20,decreasing,10,c_09,E,1.866233277591973,NA,1
20220613,266,TN,b_21,constant,10,c_07,F,2.0869496268656715,NA,1
20220613,266,TN,b_22,constant,10,c_10,F,3.4622971082089546,NA,1
20220613,266,TN,b_23,constant,7,c_04,F,3.317644589552238,NA,1
20220613,266,TN,b_24,constant,14,c_13,F,2.122992070895522,NA,1
20220613,266,TN,b_25,decreasing,7,c_03,G,1.7783110367892978,NA,1
20220613,266,TN,b_26,decreasing,14,c_15,G,1.7867265886287627,NA,1
20220613,266,TN,b_27,decreasing,10,c_10,G,2.7251421404682272,NA,1
20220613,266,TN,b_28,constant,10,c_09,H,2.0843819962686565,NA,1
20220613,266,TN,b_29,constant,14,c_12,H,1.8797294776119395,NA,1
20220613,266,TN,b_30,constant,7,c_01,H,2.3450769589552234,NA,1
20220613,266,TOC,b_01,constant,10,c_08,A,39.37,NA,1
20220613,266,TOC,b_02,constant,7,c_02,A,55.864468283582084,NA,1
20220613,266,TOC,b_03,constant,14,c_11,A,35.368936567164184,NA,1
20220613,266,TOC,b_04,constant,7,c_05,A,31.583404850746277,NA,1
20220613,266,TOC,b_05,decreasing,14,c_13,B,20.57,NA,1
20220613,266,TOC,b_06,decreasing,14,c_11,B,22.346442307692303,NA,1
20220613,266,TOC,b_07,decreasing,10,c_06,B,22.462884615384613,NA,1
20220613,266,TOC,b_08,decreasing,7,c_01,B,28.859326923076917,NA,1
20220613,266,TOC,b_09,decreasing,7,c_02,C,24.40576923076923,NA,1
20220613,266,TOC,b_10,decreasing,10,c_07,C,22.092211538461534,NA,1
20220613,266,TOC,b_11,decreasing,10,c_08,C,25.68865384615384,NA,1
20220613,266,TOC,b_12,decreasing,14,c_14,C,23.705096153846153,NA,1
20220613,266,TOC,b_13,constant,10,c_06,D,32.54361940298507,NA,1
20220613,266,TOC,b_14,constant,7,c_03,D,33.828087686567166,NA,1
20220613,266,TOC,b_15,constant,14,c_14,D,29.22255597014925,NA,1
20220613,266,TOC,b_16,constant,14,c_15,D,28.03702425373134,NA,1
20220613,266,TOC,b_17,decreasing,7,c_05,E,23.237307692307684,NA,1
20220613,266,TOC,b_18,decreasing,7,c_04,E,22.163749999999997,NA,1
20220613,266,TOC,b_19,decreasing,14,c_12,E,23.720192307692304,NA,1
20220613,266,TOC,b_20,decreasing,10,c_09,E,22.026634615384612,NA,1
20220613,266,TOC,b_21,constant,10,c_07,F,34.32936567164179,NA,1
20220613,266,TOC,b_22,constant,10,c_10,F,60.82383395522388,NA,1
20220613,266,TOC,b_23,constant,7,c_04,F,60.30830223880597,NA,1
20220613,266,TOC,b_24,constant,14,c_13,F,34.70277052238806,NA,1
20220613,266,TOC,b_25,decreasing,7,c_03,G,22.47884615384615,NA,1
20220613,266,TOC,b_26,decreasing,14,c_15,G,26.425288461538454,NA,1
20220613,266,TOC,b_27,decreasing,10,c_10,G,22.36173076923076,NA,1
20220613,266,TOC,b_28,constant,10,c_09,H,32.30064365671641,NA,1
20220613,266,TOC,b_29,constant,14,c_12,H,31.425111940298507,NA,1
20220613,266,TOC,b_30,constant,7,c_01,H,40.489580223880594,NA,1
20220615,268,IC,b_01,constant,10,c_08,A,1.82,NA,1
20220615,268,IC,b_02,constant,7,c_02,A,2.5274720149253733,NA,1
20220615,268,IC,b_03,constant,14,c_11,A,2.7649440298507466,NA,1
20220615,268,IC,b_04,constant,7,c_05,A,1.852416044776119,NA,1
20220615,268,IC,b_05,decreasing,14,c_13,B,7.78,NA,1
20220615,268,IC,b_06,decreasing,14,c_11,B,7.8818520066889635,NA,1
20220615,268,IC,b_07,decreasing,10,c_06,B,7.343704013377928,NA,1
20220615,268,IC,b_08,decreasing,7,c_01,B,9.04555602006689,NA,1
20220615,268,IC,b_09,decreasing,7,c_02,C,8.637408026755853,NA,1
20220615,268,IC,b_10,decreasing,10,c_07,C,8.7392600334448165,NA,1
20220615,268,IC,b_11,decreasing,10,c_08,C,7.861112040133779,NA,1
20220615,268,IC,b_12,decreasing,14,c_14,C,7.862964046822743,NA,1
20220615,268,IC,b_13,constant,10,c_06,D,2.2196641791044773,NA,1
20220615,268,IC,b_14,constant,7,c_03,D,2.3871361940298508,NA,1
20220615,268,IC,b_15,constant,14,c_14,D,2.1046082089552236,NA,1
20220615,268,IC,b_16,constant,14,c_15,D,1.7420802238805968,NA,1
20220615,268,IC,b_17,decreasing,7,c_05,E,7.962224080267559,NA,1
20220615,268,IC,b_18,decreasing,7,c_04,E,9.354076086956523,NA,1
20220615,268,IC,b_19,decreasing,14,c_12,E,8.735928093645484,NA,1
20220615,268,IC,b_20,decreasing,10,c_09,E,8.707780100334448,NA,1
20220615,268,IC,b_21,constant,10,c_07,F,2.409440298507462,NA,1
20220615,268,IC,b_22,constant,10,c_10,F,2.896912313432835,NA,1
20220615,268,IC,b_23,constant,7,c_04,F,1.9243843283582085,NA,1
20220615,268,IC,b_24,constant,14,c_13,F,2.3218563432835815,NA,1
20220615,268,IC,b_25,decreasing,7,c_03,G,8.737040133779264,NA,1
20220615,268,IC,b_26,decreasing,14,c_15,G,8.458892140468228,NA,1
20220615,268,IC,b_27,decreasing,10,c_10,G,6.440744147157189,NA,1
20220615,268,IC,b_28,constant,10,c_09,H,2.0717444029850745,NA,1
20220615,268,IC,b_29,constant,14,c_12,H,1.7892164179104468,NA,1
20220615,268,IC,b_30,constant,7,c_01,H,2.5666884328358206,NA,1
20220615,268,TC,b_01,constant,10,c_08,A,37.58,NA,1
20220615,268,TC,b_02,constant,7,c_02,A,52.74433069029851,NA,1
20220615,268,TC,b_03,constant,14,c_11,A,34.15866138059702,NA,1
20220615,268,TC,b_04,constant,7,c_05,A,29.462992070895528,NA,1
20220615,268,TC,b_05,decreasing,14,c_13,B,26.15,NA,1
20220615,268,TC,b_06,decreasing,14,c_11,B,26.004577759197325,NA,1
20220615,268,TC,b_07,decreasing,10,c_06,B,26.93915551839465,NA,1
20220615,268,TC,b_08,decreasing,7,c_01,B,33.34373327759198,NA,1
20220615,268,TC,b_09,decreasing,7,c_02,C,28.418311036789298,NA,1
20220615,268,TC,b_10,decreasing,10,c_07,C,28.732888795986625,NA,1
20220615,268,TC,b_11,decreasing,10,c_08,C,28.95746655518395,NA,1
20220615,268,TC,b_12,decreasing,14,c_14,C,28.63204431438127,NA,1
20220615,268,TC,b_13,constant,10,c_06,D,32.31196828358209,NA,1
20220615,268,TC,b_14,constant,7,c_03,D,33.81629897388059,NA,1
20220615,268,TC,b_15,constant,14,c_14,D,27.9006296641791,NA,1
20220615,268,TC,b_16,constant,14,c_15,D,27.344960354477614,NA,1
20220615,268,TC,b_17,decreasing,7,c_05,E,28.804933110367894,NA,1
20220615,268,TC,b_18,decreasing,7,c_04,E,30.129510869565216,NA,1
20220615,268,TC,b_19,decreasing,14,c_12,E,29.04408862876254,NA,1
20220615,268,TC,b_20,decreasing,10,c_09,E,28.038666387959868,NA,1
20220615,268,TC,b_21,constant,10,c_07,F,32.63661380597015,NA,1
20220615,268,TC,b_22,constant,10,c_10,F,57.630944496268654,NA,1
20220615,268,TC,b_23,constant,7,c_04,F,58.025275186567164,NA,1
20220615,268,TC,b_24,constant,14,c_13,F,32.79960587686567,NA,1
20220615,268,TC,b_25,decreasing,7,c_03,G,27.60155518394649,NA,1
20220615,268,TC,b_26,decreasing,14,c_15,G,30.056132943143815,NA,1
20220615,268,TC,b_27,decreasing,10,c_10,G,25.60071070234114,NA,1
20220615,268,TC,b_28,constant,10,c_09,H,30.686928638059698,NA,1
20220615,268,TC,b_29,constant,14,c_12,H,28.701259328358205,NA,1
20220615,268,TC,b_30,constant,7,c_01,H,39.895590018656705,NA,1
20220615,268,TN,b_01,constant,10,c_08,A,2.18,NA,1
20220615,268,TN,b_02,constant,7,c_02,A,3.0419193097014925,NA,1
20220615,268,TN,b_03,constant,14,c_11,A,2.0538386194029847,NA,1
20220615,268,TN,b_04,constant,7,c_05,A,1.7857579291044776,NA,1
20220615,268,TN,b_05,decreasing,14,c_13,B,1.86,NA,1
20220615,268,TN,b_06,decreasing,14,c_11,B,1.7308904682274249,NA,1
20220615,268,TN,b_07,decreasing,10,c_06,B,1.7917809364548496,NA,1
20220615,268,TN,b_08,decreasing,7,c_01,B,2.5126714046822745,NA,1
20220615,268,TN,b_09,decreasing,7,c_02,C,2.013561872909699,NA,1
20220615,268,TN,b_10,decreasing,10,c_07,C,1.9244523411371237,NA,1
20220615,268,TN,b_11,decreasing,10,c_08,C,1.7553428093645487,NA,1
20220615,268,TN,b_12,decreasing,14,c_14,C,1.7862332775919736,NA,1
20220615,268,TN,b_13,constant,10,c_06,D,1.8730317164179104,NA,1
20220615,268,TN,b_14,constant,7,c_03,D,2.064951026119403,NA,1
20220615,268,TN,b_15,constant,14,c_14,D,1.7068703358208954,NA,1
20220615,268,TN,b_16,constant,14,c_15,D,1.678789645522388,NA,1
20220615,268,TN,b_17,decreasing,7,c_05,E,1.7606856187290973,NA,1
20220615,268,TN,b_18,decreasing,7,c_04,E,2.081576086956522,NA,1
20220615,268,TN,b_19,decreasing,14,c_12,E,1.7424665551839467,NA,1
20220615,268,TN,b_20,decreasing,10,c_09,E,1.7433570234113716,NA,1
20220615,268,TN,b_21,constant,10,c_07,F,1.9183861940298503,NA,1
20220615,268,TN,b_22,constant,10,c_10,F,3.150305503731343,NA,1
20220615,268,TN,b_23,constant,7,c_04,F,3.072224813432835,NA,1
20220615,268,TN,b_24,constant,14,c_13,F,1.954144123134328,NA,1
20220615,268,TN,b_25,decreasing,7,c_03,G,1.5978093645484954,NA,1
20220615,268,TN,b_26,decreasing,14,c_15,G,1.6186998327759201,NA,1
20220615,268,TN,b_27,decreasing,10,c_10,G,2.6195903010033446,NA,1
20220615,268,TN,b_28,constant,10,c_09,H,1.9818213619402982,NA,1
20220615,268,TN,b_29,constant,14,c_12,H,1.7637406716417905,NA,1
20220615,268,TN,b_30,constant,7,c_01,H,2.385659981343283,NA,1
20220615,268,TOC,b_01,constant,10,c_08,A,35.76,NA,1
20220615,268,TOC,b_02,constant,7,c_02,A,50.21685867537314,NA,1
20220615,268,TOC,b_03,constant,14,c_11,A,31.393717350746265,NA,1
20220615,268,TOC,b_04,constant,7,c_05,A,27.610576026119407,NA,1
20220615,268,TOC,b_05,decreasing,14,c_13,B,18.369999999999997,NA,1
20220615,268,TOC,b_06,decreasing,14,c_11,B,18.12272575250836,NA,1
20220615,268,TOC,b_07,decreasing,10,c_06,B,19.595451505016722,NA,1
20220615,268,TOC,b_08,decreasing,7,c_01,B,24.298177257525083,NA,1
20220615,268,TOC,b_09,decreasing,7,c_02,C,19.78090301003344,NA,1
20220615,268,TOC,b_10,decreasing,10,c_07,C,19.993628762541807,NA,1
20220615,268,TOC,b_11,decreasing,10,c_08,C,21.096354515050166,NA,1
20220615,268,TOC,b_12,decreasing,14,c_14,C,20.769080267558525,NA,1
20220615,268,TOC,b_13,constant,10,c_06,D,30.092304104477606,NA,1
20220615,268,TOC,b_14,constant,7,c_03,D,31.42916277985075,NA,1
20220615,268,TOC,b_15,constant,14,c_14,D,25.79602145522388,NA,1
20220615,268,TOC,b_16,constant,14,c_15,D,25.602880130597022,NA,1
20220615,268,TOC,b_17,decreasing,7,c_05,E,20.84270903010033,NA,1
20220615,268,TOC,b_18,decreasing,7,c_04,E,20.77543478260869,NA,1
20220615,268,TOC,b_19,decreasing,14,c_12,E,20.30816053511705,NA,1
20220615,268,TOC,b_20,decreasing,10,c_09,E,19.330886287625415,NA,1
20220615,268,TOC,b_21,constant,10,c_07,F,30.227173507462687,NA,1
20220615,268,TOC,b_22,constant,10,c_10,F,54.73403218283582,NA,1
20220615,268,TOC,b_23,constant,7,c_04,F,56.10089085820896,NA,1
20220615,268,TOC,b_24,constant,14,c_13,F,30.47774953358209,NA,1
20220615,268,TOC,b_25,decreasing,7,c_03,G,18.864515050167224,NA,1
20220615,268,TOC,b_26,decreasing,14,c_15,G,21.59724080267558,NA,1
20220615,268,TOC,b_27,decreasing,10,c_10,G,19.159966555183942,NA,1
20220615,268,TOC,b_28,constant,10,c_09,H,28.61518423507463,NA,1
20220615,268,TOC,b_29,constant,14,c_12,H,26.91204291044776,NA,1
20220615,268,TOC,b_30,constant,7,c_01,H,37.32890158582089,NA,1
20220617,270,IC,b_01,constant,10,c_08,A,1.98,NA,1
20220617,270,IC,b_02,constant,7,c_02,A,2.3690881529850745,NA,1
20220617,270,IC,b_03,constant,14,c_11,A,2.1581763059701493,NA,1
20220617,270,IC,b_04,constant,7,c_05,A,2.2872644589552236,NA,1
20220617,270,IC,b_05,decreasing,14,c_13,B,12.87,NA,1
20220617,270,IC,b_06,decreasing,14,c_11,B,11.878478260869565,NA,1
20220617,270,IC,b_07,decreasing,10,c_06,B,11.61695652173913,NA,1
20220617,270,IC,b_08,decreasing,7,c_01,B,13.075434782608696,NA,1
20220617,270,IC,b_09,decreasing,7,c_02,C,12.89391304347826,NA,1
20220617,270,IC,b_10,decreasing,10,c_07,C,12.802391304347825,NA,1
20220617,270,IC,b_11,decreasing,10,c_08,C,11.59086956521739,NA,1
20220617,270,IC,b_12,decreasing,14,c_14,C,11.609347826086955,NA,1
20220617,270,IC,b_13,constant,10,c_06,D,2.4790578358208952,NA,1
20220617,270,IC,b_14,constant,7,c_03,D,2.51814598880597,NA,1
20220617,270,IC,b_15,constant,14,c_14,D,2.3772341417910443,NA,1
20220617,270,IC,b_16,constant,14,c_15,D,1.816322294776119,NA,1
20220617,270,IC,b_17,decreasing,7,c_05,E,12.00173913043478,NA,1
20220617,270,IC,b_18,decreasing,7,c_04,E,13.970217391304345,NA,1
20220617,270,IC,b_19,decreasing,14,c_12,E,13.46869565217391,NA,1
20220617,270,IC,b_20,decreasing,10,c_09,E,13.627173913043475,NA,1
20220617,270,IC,b_21,constant,10,c_07,F,2.791763059701493,NA,1
20220617,270,IC,b_22,constant,10,c_10,F,2.0708512126865672,NA,1
20220617,270,IC,b_23,constant,7,c_04,F,2.2299393656716413,NA,1
20220617,270,IC,b_24,constant,14,c_13,F,2.069027518656716,NA,1
20220617,270,IC,b_25,decreasing,7,c_03,G,13.3595652173913,NA,1
20220617,270,IC,b_26,decreasing,14,c_15,G,12.718043478260865,NA,1
20220617,270,IC,b_27,decreasing,10,c_10,G,9.89652173913043,NA,1
20220617,270,IC,b_28,constant,10,c_09,H,1.9253801305970155,NA,1
20220617,270,IC,b_29,constant,14,c_12,H,2.1244682835820896,NA,1
20220617,270,IC,b_30,constant,7,c_01,H,2.513556436567164,NA,1
20220617,270,TC,b_01,constant,10,c_08,A,36.9,NA,1
20220617,270,TC,b_02,constant,7,c_02,A,50.18288712686567,NA,1
20220617,270,TC,b_03,constant,14,c_11,A,32.21577425373135,NA,1
20220617,270,TC,b_04,constant,7,c_05,A,30.548661380597018,NA,1
20220617,270,TC,b_05,decreasing,14,c_13,B,24.93,NA,1
20220617,270,TC,b_06,decreasing,14,c_11,B,25.827140468227423,NA,1
20220617,270,TC,b_07,decreasing,10,c_06,B,25.15428093645485,NA,1
20220617,270,TC,b_08,decreasing,7,c_01,B,30.871421404682273,NA,1
20220617,270,TC,b_09,decreasing,7,c_02,C,27.0885618729097,NA,1
20220617,270,TC,b_10,decreasing,10,c_07,C,25.885702341137126,NA,1
20220617,270,TC,b_11,decreasing,10,c_08,C,27.30284280936455,NA,1
20220617,270,TC,b_12,decreasing,14,c_14,C,27.139983277591973,NA,1
20220617,270,TC,b_13,constant,10,c_06,D,31.524645522388056,NA,1
20220617,270,TC,b_14,constant,7,c_03,D,31.567532649253728,NA,1
20220617,270,TC,b_15,constant,14,c_14,D,27.2904197761194,NA,1
20220617,270,TC,b_16,constant,14,c_15,D,27.06330690298507,NA,1
20220617,270,TC,b_17,decreasing,7,c_05,E,26.665685618729096,NA,1
20220617,270,TC,b_18,decreasing,7,c_04,E,27.492826086956523,NA,1
20220617,270,TC,b_19,decreasing,14,c_12,E,28.349966555183947,NA,1
20220617,270,TC,b_20,decreasing,10,c_09,E,26.74710702341137,NA,1
20220617,270,TC,b_21,constant,10,c_07,F,31.797742537313425,NA,1
20220617,270,TC,b_22,constant,10,c_10,F,55.320629664179094,NA,1
20220617,270,TC,b_23,constant,7,c_04,F,55.66351679104477,NA,1
20220617,270,TC,b_24,constant,14,c_13,F,32.39640391791044,NA,1
20220617,270,TC,b_25,decreasing,7,c_03,G,25.602809364548495,NA,1
20220617,270,TC,b_26,decreasing,14,c_15,G,28.88994983277592,NA,1
20220617,270,TC,b_27,decreasing,10,c_10,G,24.23709030100334,NA,1
20220617,270,TC,b_28,constant,10,c_09,H,30.537952425373128,NA,1
20220617,270,TC,b_29,constant,14,c_12,H,28.910839552238798,NA,1
20220617,270,TC,b_30,constant,7,c_01,H,37.443726679104465,NA,1
20220617,270,TN,b_01,constant,10,c_08,A,2.26,NA,1
20220617,270,TN,b_02,constant,7,c_02,A,3.1246385261194027,NA,1
20220617,270,TN,b_03,constant,14,c_11,A,2.1992770522388057,NA,1
20220617,270,TN,b_04,constant,7,c_05,A,1.923915578358209,NA,1
20220617,270,TN,b_05,decreasing,14,c_13,B,1.95,NA,1
20220617,270,TN,b_06,decreasing,14,c_11,B,1.901613712374582,NA,1
20220617,270,TN,b_07,decreasing,10,c_06,B,1.813227424749164,NA,1
20220617,270,TN,b_08,decreasing,7,c_01,B,2.5048411371237456,NA,1
20220617,270,TN,b_09,decreasing,7,c_02,C,2.1364548494983278,NA,1
20220617,270,TN,b_10,decreasing,10,c_07,C,1.9680685618729097,NA,1
20220617,270,TN,b_11,decreasing,10,c_08,C,1.8496822742474914,NA,1
20220617,270,TN,b_12,decreasing,14,c_14,C,1.8412959866220735,NA,1
20220617,270,TN,b_13,constant,10,c_06,D,2.0356623134328355,NA,1
20220617,270,TN,b_14,constant,7,c_03,D,2.1403008395522387,NA,1
20220617,270,TN,b_15,constant,14,c_14,D,1.8349393656716413,NA,1
20220617,270,TN,b_16,constant,14,c_15,D,1.8395778917910448,NA,1
20220617,270,TN,b_17,decreasing,7,c_05,E,1.7493645484949836,NA,1
20220617,270,TN,b_18,decreasing,7,c_04,E,2.210978260869565,NA,1
20220617,270,TN,b_19,decreasing,14,c_12,E,1.892591973244147,NA,1
20220617,270,TN,b_20,decreasing,10,c_09,E,1.8642056856187292,NA,1
20220617,270,TN,b_21,constant,10,c_07,F,2.0927705223880593,NA,1
20220617,270,TN,b_22,constant,10,c_10,F,3.307409048507462,NA,1
20220617,270,TN,b_23,constant,7,c_04,F,3.202047574626865,NA,1
20220617,270,TN,b_24,constant,14,c_13,F,2.086686100746268,NA,1
20220617,270,TN,b_25,decreasing,7,c_03,G,1.6322742474916387,NA,1
20220617,270,TN,b_26,decreasing,14,c_15,G,1.6838879598662209,NA,1
20220617,270,TN,b_27,decreasing,10,c_10,G,2.705501672240803,NA,1
20220617,270,TN,b_28,constant,10,c_09,H,2.1152402052238797,NA,1
20220617,270,TN,b_29,constant,14,c_12,H,1.8898787313432832,NA,1
20220617,270,TN,b_30,constant,7,c_01,H,2.404517257462686,NA,1
20220617,270,TOC,b_01,constant,10,c_08,A,34.92,NA,1
20220617,270,TOC,b_02,constant,7,c_02,A,47.8137989738806,NA,1
20220617,270,TOC,b_03,constant,14,c_11,A,30.0575979477612,NA,1
20220617,270,TOC,b_04,constant,7,c_05,A,28.261396921641797,NA,1
20220617,270,TOC,b_05,decreasing,14,c_13,B,12.06,NA,1
20220617,270,TOC,b_06,decreasing,14,c_11,B,13.948662207357858,NA,1
20220617,270,TOC,b_07,decreasing,10,c_06,B,13.537324414715721,NA,1
20220617,270,TOC,b_08,decreasing,7,c_01,B,17.795986622073578,NA,1
20220617,270,TOC,b_09,decreasing,7,c_02,C,14.194648829431438,NA,1
20220617,270,TOC,b_10,decreasing,10,c_07,C,13.083311036789299,NA,1
20220617,270,TOC,b_11,decreasing,10,c_08,C,15.711973244147156,NA,1
20220617,270,TOC,b_12,decreasing,14,c_14,C,15.530635451505017,NA,1
20220617,270,TOC,b_13,constant,10,c_06,D,29.04558768656716,NA,1
20220617,270,TOC,b_14,constant,7,c_03,D,29.04938666044776,NA,1
20220617,270,TOC,b_15,constant,14,c_14,D,24.913185634328357,NA,1
20220617,270,TOC,b_16,constant,14,c_15,D,25.246984608208955,NA,1
20220617,270,TOC,b_17,decreasing,7,c_05,E,14.663946488294314,NA,1
20220617,270,TOC,b_18,decreasing,7,c_04,E,13.522608695652176,NA,1
20220617,270,TOC,b_19,decreasing,14,c_12,E,14.881270903010035,NA,1
20220617,270,TOC,b_20,decreasing,10,c_09,E,13.119933110367894,NA,1
20220617,270,TOC,b_21,constant,10,c_07,F,29.005979477611938,NA,1
20220617,270,TOC,b_22,constant,10,c_10,F,53.24977845149253,NA,1
20220617,270,TOC,b_23,constant,7,c_04,F,53.43357742537314,NA,1
20220617,270,TOC,b_24,constant,14,c_13,F,30.32737639925373,NA,1
20220617,270,TOC,b_25,decreasing,7,c_03,G,12.243244147157192,NA,1
20220617,270,TOC,b_26,decreasing,14,c_15,G,16.171906354515052,NA,1
20220617,270,TOC,b_27,decreasing,10,c_10,G,14.340568561872908,NA,1
20220617,270,TOC,b_28,constant,10,c_09,H,28.612572294776115,NA,1
20220617,270,TOC,b_29,constant,14,c_12,H,26.78637126865671,NA,1
20220617,270,TOC,b_30,constant,7,c_01,H,34.9301702425373,NA,1
20220620,273,IC,b_01,constant,10,c_08,A,2.49,NA,1
20220620,273,IC,b_02,constant,7,c_02,A,3.143,NA,1
20220620,273,IC,b_03,constant,14,c_11,A,1.9759999999999995,NA,1
20220620,273,IC,b_04,constant,7,c_05,A,2.879,NA,1
20220620,273,IC,b_05,decreasing,14,c_13,B,12.67,NA,1
20220620,273,IC,b_06,decreasing,14,c_11,B,11.612571428571428,NA,1
20220620,273,IC,b_07,decreasing,10,c_06,B,11.265142857142857,NA,1
20220620,273,IC,b_08,decreasing,7,c_01,B,12.987714285714286,NA,1
20220620,273,IC,b_09,decreasing,7,c_02,C,11.800285714285716,NA,1
20220620,273,IC,b_10,decreasing,10,c_07,C,12.841428571428573,NA,2
20220620,273,IC,b_11,decreasing,10,c_08,C,11.88116883116883,NA,1
20220620,273,IC,b_12,decreasing,14,c_14,C,12.042337662337662,NA,1
20220620,273,IC,b_13,constant,10,c_06,D,4.45,NA,1
20220620,273,IC,b_14,constant,7,c_03,D,5.704927536231883,NA,1
20220620,273,IC,b_15,constant,14,c_14,D,4.299855072463767,NA,1
20220620,273,IC,b_16,constant,14,c_15,D,4.0147826086956515,NA,1
20220620,273,IC,b_17,decreasing,7,c_05,E,12.67818181818182,NA,1
20220620,273,IC,b_18,decreasing,7,c_04,E,14.389350649350648,NA,1
20220620,273,IC,b_19,decreasing,14,c_12,E,13.86051948051948,NA,1
20220620,273,IC,b_20,decreasing,10,c_09,E,13.901688311688313,NA,1
20220620,273,IC,b_21,constant,10,c_07,F,5.26942028985507,NA,1
20220620,273,IC,b_22,constant,10,c_10,F,4.684347826086954,NA,1
20220620,273,IC,b_23,constant,7,c_04,F,4.679275362318838,NA,1
20220620,273,IC,b_24,constant,14,c_13,F,4.474202898550723,NA,1
20220620,273,IC,b_25,decreasing,7,c_03,G,14.187532467532469,NA,1
20220620,273,IC,b_26,decreasing,14,c_15,G,13.3487012987013,NA,1
20220620,273,IC,b_27,decreasing,10,c_10,G,10.349870129870132,NA,1
20220620,273,IC,b_28,constant,10,c_09,H,7.55,NA,1
20220620,273,IC,b_29,constant,14,c_12,H,7.05,NA,1
20220620,273,IC,b_30,constant,7,c_01,H,8.06,NA,1
20220620,273,TC,b_01,constant,10,c_08,A,37.08,NA,1
20220620,273,TC,b_02,constant,7,c_02,A,56.349000000000004,NA,1
20220620,273,TC,b_03,constant,14,c_11,A,40.428,NA,1
20220620,273,TC,b_04,constant,7,c_05,A,42.387,NA,1
20220620,273,TC,b_05,decreasing,14,c_13,B,25.44,NA,1
20220620,273,TC,b_06,decreasing,14,c_11,B,26.401142857142858,NA,1
20220620,273,TC,b_07,decreasing,10,c_06,B,26.69228571428572,NA,1
20220620,273,TC,b_08,decreasing,7,c_01,B,32.16342857142858,NA,1
20220620,273,TC,b_09,decreasing,7,c_02,C,26.18457142857144,NA,1
20220620,273,TC,b_10,decreasing,10,c_07,C,25.89285714285715,NA,2
20220620,273,TC,b_11,decreasing,10,c_08,C,28.3307215007215,NA,1
20220620,273,TC,b_12,decreasing,14,c_14,C,29.351443001443,NA,1
20220620,273,TC,b_13,constant,10,c_06,D,39.16,NA,1
20220620,273,TC,b_14,constant,7,c_03,D,39.43760869565217,NA,1
20220620,273,TC,b_15,constant,14,c_14,D,31.80521739130434,NA,1
20220620,273,TC,b_16,constant,14,c_15,D,30.412826086956514,NA,1
20220620,273,TC,b_17,decreasing,7,c_05,E,27.625050505050503,NA,1
20220620,273,TC,b_18,decreasing,7,c_04,E,28.675772005772004,NA,1
20220620,273,TC,b_19,decreasing,14,c_12,E,29.226493506493505,NA,1
20220620,273,TC,b_20,decreasing,10,c_09,E,27.847215007215002,NA,1
20220620,273,TC,b_21,constant,10,c_07,F,26.910869565217375,NA,1
20220620,273,TC,b_22,constant,10,c_10,F,48.75847826086955,NA,1
20220620,273,TC,b_23,constant,7,c_04,F,49.05608695652172,NA,1
20220620,273,TC,b_24,constant,14,c_13,F,22.0936956521739,NA,1
20220620,273,TC,b_25,decreasing,7,c_03,G,27.630822510822505,NA,1
20220620,273,TC,b_26,decreasing,14,c_15,G,31.891544011544006,NA,1
20220620,273,TC,b_27,decreasing,10,c_10,G,25.412265512265506,NA,1
20220620,273,TC,b_28,constant,10,c_09,H,48.79,NA,1
20220620,273,TC,b_29,constant,14,c_12,H,47.01,NA,1
20220620,273,TC,b_30,constant,7,c_01,H,57.59,NA,1
20220620,273,TN,b_01,constant,10,c_08,A,2.28,NA,1
20220620,273,TN,b_02,constant,7,c_02,A,3.4509999999999996,NA,1
20220620,273,TN,b_03,constant,14,c_11,A,2.602,NA,1
20220620,273,TN,b_04,constant,7,c_05,A,2.5629999999999997,NA,1
20220620,273,TN,b_05,decreasing,14,c_13,B,1.98,NA,1
20220620,273,TN,b_06,decreasing,14,c_11,B,1.7522857142857144,NA,1
20220620,273,TN,b_07,decreasing,10,c_06,B,1.7545714285714287,NA,1
20220620,273,TN,b_08,decreasing,7,c_01,B,2.476857142857143,NA,1
20220620,273,TN,b_09,decreasing,7,c_02,C,1.959142857142857,NA,1
20220620,273,TN,b_10,decreasing,10,c_07,C,1.9107142857142856,NA,2
20220620,273,TN,b_11,decreasing,10,c_08,C,1.9050125208681132,NA,1
20220620,273,TN,b_12,decreasing,14,c_14,C,2.000025041736227,NA,1
20220620,273,TN,b_13,constant,10,c_06,D,2.33,NA,1
20220620,273,TN,b_14,constant,7,c_03,D,2.45768115942029,NA,1
20220620,273,TN,b_15,constant,14,c_14,D,1.9353623188405797,NA,1
20220620,273,TN,b_16,constant,14,c_15,D,1.8930434782608692,NA,1
20220620,273,TN,b_17,decreasing,7,c_05,E,1.7650876460767944,NA,1
20220620,273,TN,b_18,decreasing,7,c_04,E,2.390100166944908,NA,1
20220620,273,TN,b_19,decreasing,14,c_12,E,2.0851126878130213,NA,1
20220620,273,TN,b_20,decreasing,10,c_09,E,2.0201252086811348,NA,1
20220620,273,TN,b_21,constant,10,c_07,F,1.7214492753623185,NA,1
20220620,273,TN,b_22,constant,10,c_10,F,2.9991304347826078,NA,1
20220620,273,TN,b_23,constant,7,c_04,F,2.7468115942028986,NA,1
20220620,273,TN,b_24,constant,14,c_13,F,1.494492753623188,NA,1
20220620,273,TN,b_25,decreasing,7,c_03,G,1.975187813021702,NA,1
20220620,273,TN,b_26,decreasing,14,c_15,G,1.9902003338898155,NA,1
20220620,273,TOC,b_01,constant,10,c_08,A,34.589999999999996,NA,1
20220620,273,TOC,b_02,constant,7,c_02,A,53.206,NA,1
20220620,273,TOC,b_03,constant,14,c_11,A,38.452,NA,1
20220620,273,TOC,b_04,constant,7,c_05,A,39.508,NA,1
20220620,273,TOC,b_05,decreasing,14,c_13,B,12.770000000000001,NA,1
20220620,273,TOC,b_06,decreasing,14,c_11,B,14.788571428571432,NA,1
20220620,273,TOC,b_07,decreasing,10,c_06,B,15.427142857142865,NA,1
20220620,273,TOC,b_08,decreasing,7,c_01,B,19.175714285714292,NA,1
20220620,273,TOC,b_09,decreasing,7,c_02,C,14.38428571428572,NA,1
20220620,273,TOC,b_10,decreasing,10,c_07,C,13.051428571428577,NA,2
20220620,273,TOC,b_11,decreasing,10,c_08,C,16.44044240400668,NA,1
20220620,273,TOC,b_12,decreasing,14,c_14,C,17.29088480801336,NA,1
20220620,273,TOC,b_13,constant,10,c_06,D,34.709999999999994,NA,1
20220620,273,TOC,b_14,constant,7,c_03,D,33.73268115942029,NA,1
20220620,273,TOC,b_15,constant,14,c_14,D,27.50536231884057,NA,1
20220620,273,TOC,b_16,constant,14,c_15,D,26.39804347826086,NA,1
20220620,273,TOC,b_17,decreasing,7,c_05,E,14.883096828046744,NA,1
20220620,273,TOC,b_18,decreasing,7,c_04,E,14.213539232053424,NA,1
20220620,273,TOC,b_19,decreasing,14,c_12,E,15.2839816360601,NA,1
20220620,273,TOC,b_20,decreasing,10,c_09,E,13.854424040066778,NA,1
20220620,273,TOC,b_21,constant,10,c_07,F,21.641449275362312,NA,1
20220620,273,TOC,b_22,constant,10,c_10,F,44.0741304347826,NA,1
20220620,273,TOC,b_23,constant,7,c_04,F,44.37681159420289,NA,1
20220620,273,TOC,b_24,constant,14,c_13,F,17.619492753623177,NA,1
20220620,273,TOC,b_25,decreasing,7,c_03,G,13.306636060100164,NA,1
20220620,273,TOC,b_26,decreasing,14,c_15,G,18.397078464106844,NA,1
20220620,273,TOC,b_28,constant,10,c_09,H,41.24,NA,1
20220620,273,TOC,b_29,constant,14,c_12,H,39.96,NA,1
20220620,273,TOC,b_30,constant,7,c_01,H,49.53,NA,1
20220622,275,IC,b_01,constant,10,c_08,A,6.32,NA,1
20220622,275,IC,b_02,constant,7,c_02,A,4.883673041044776,NA,1
20220622,275,IC,b_03,constant,14,c_11,A,5.187346082089553,NA,1
20220622,275,IC,b_04,constant,7,c_05,A,4.661019123134329,NA,1
20220622,275,IC,b_05,decreasing,14,c_13,B,14.11,NA,1
20220622,275,IC,b_06,decreasing,14,c_11,B,13.003306856187292,NA,1
20220622,275,IC,b_07,decreasing,10,c_06,B,13.006613712374582,NA,1
20220622,275,IC,b_08,decreasing,7,c_01,B,15.209920568561872,NA,1
20220622,275,IC,b_09,decreasing,7,c_02,C,14.483227424749163,NA,1
20220622,275,IC,b_10,decreasing,10,c_07,C,14.726534280936454,NA,1
20220622,275,IC,b_11,decreasing,10,c_08,C,13.389841137123746,NA,1
20220622,275,IC,b_12,decreasing,14,c_14,C,13.293147993311036,NA,1
20220622,275,IC,b_13,constant,10,c_06,D,5.234076492537314,NA,1
20220622,275,IC,b_14,constant,7,c_03,D,6.74774953358209,NA,1
20220622,275,IC,b_15,constant,14,c_14,D,5.191422574626866,NA,1
20220622,275,IC,b_16,constant,14,c_15,D,4.635095615671642,NA,1
20220622,275,IC,b_17,decreasing,7,c_05,E,13.39968227424749,NA,1
20220622,275,IC,b_18,decreasing,7,c_04,E,15.192989130434782,NA,1
20220622,275,IC,b_19,decreasing,14,c_12,E,15.076295986622073,NA,1
20220622,275,IC,b_20,decreasing,10,c_09,E,14.969602842809362,NA,1
20220622,275,IC,b_21,constant,10,c_07,F,5.783460820895523,NA,1
20220622,275,IC,b_22,constant,10,c_10,F,5.087133861940298,NA,1
20220622,275,IC,b_23,constant,7,c_04,F,5.130806902985075,NA,1
20220622,275,IC,b_24,constant,14,c_13,F,5.2144799440298515,NA,1
20220622,275,IC,b_25,decreasing,7,c_03,G,15.156137123745815,NA,1
20220622,275,IC,b_26,decreasing,14,c_15,G,14.149443979933107,NA,1
20220622,275,IC,b_27,decreasing,10,c_10,G,11.472750836120397,NA,1
20220622,275,IC,b_28,constant,10,c_09,H,5.809172108208956,NA,1
20220622,275,IC,b_29,constant,14,c_12,H,4.6828451492537315,NA,1
20220622,275,IC,b_30,constant,7,c_01,H,5.716518190298507,NA,1
20220622,275,TC,b_01,constant,10,c_08,A,40.09,NA,1
20220622,275,TC,b_02,constant,7,c_02,A,51.574799440298506,NA,1
20220622,275,TC,b_03,constant,14,c_11,A,34.42959888059701,NA,1
20220622,275,TC,b_04,constant,7,c_05,A,31.95439832089552,NA,1
20220622,275,TC,b_05,decreasing,14,c_13,B,24.83,NA,1
20220622,275,TC,b_06,decreasing,14,c_11,B,24.17685618729097,NA,1
20220622,275,TC,b_07,decreasing,10,c_06,B,25.66371237458194,NA,1
20220622,275,TC,b_08,decreasing,7,c_01,B,29.440568561872908,NA,1
20220622,275,TC,b_09,decreasing,7,c_02,C,27.53742474916388,NA,1
20220622,275,TC,b_10,decreasing,10,c_07,C,26.85428093645485,NA,1
20220622,275,TC,b_11,decreasing,10,c_08,C,27.83113712374582,NA,1
20220622,275,TC,b_12,decreasing,14,c_14,C,26.837993311036787,NA,1
20220622,275,TC,b_13,constant,10,c_06,D,33.49759328358209,NA,1
20220622,275,TC,b_14,constant,7,c_03,D,34.0923927238806,NA,1
20220622,275,TC,b_15,constant,14,c_14,D,29.337192164179108,NA,1
20220622,275,TC,b_16,constant,14,c_15,D,29.00199160447761,NA,1
20220622,275,TC,b_17,decreasing,7,c_05,E,26.452274247491637,NA,1
20220622,275,TC,b_18,decreasing,7,c_04,E,26.809130434782606,NA,1
20220622,275,TC,b_19,decreasing,14,c_12,E,27.825986622073575,NA,1
20220622,275,TC,b_20,decreasing,10,c_09,E,26.472842809364543,NA,1
20220622,275,TC,b_21,constant,10,c_07,F,33.04598880597015,NA,1
20220622,275,TC,b_22,constant,10,c_10,F,58.85078824626866,NA,1
20220622,275,TC,b_23,constant,7,c_04,F,57.17558768656716,NA,1
20220622,275,TC,b_24,constant,14,c_13,F,33.470387126865674,NA,1
20220622,275,TC,b_25,decreasing,7,c_03,G,26.047123745819395,NA,1
20220622,275,TC,b_26,decreasing,14,c_15,G,29.04397993311036,NA,1
20220622,275,TC,b_27,decreasing,10,c_10,G,23.22083612040133,NA,1
20220622,275,TC,b_28,constant,10,c_09,H,32.4195848880597,NA,1
20220622,275,TC,b_29,constant,14,c_12,H,30.94438432835821,NA,1
20220622,275,TC,b_30,constant,7,c_01,H,40.34918376865672,NA,1
20220622,275,TN,b_01,constant,10,c_08,A,2.18,NA,1
20220622,275,TN,b_02,constant,7,c_02,A,3.098577425373134,NA,1
20220622,275,TN,b_03,constant,14,c_11,A,2.0571548507462687,NA,1
20220622,275,TN,b_04,constant,7,c_05,A,1.8457322761194028,NA,1
20220622,275,TN,b_05,decreasing,14,c_13,B,1.9,NA,1
20220622,275,TN,b_06,decreasing,14,c_11,B,1.588173076923077,NA,1
20220622,275,TN,b_07,decreasing,10,c_06,B,1.6263461538461539,NA,1
20220622,275,TN,b_08,decreasing,7,c_01,B,2.354519230769231,NA,1
20220622,275,TN,b_09,decreasing,7,c_02,C,2.122692307692308,NA,1
20220622,275,TN,b_10,decreasing,10,c_07,C,2.0208653846153846,NA,1
20220622,275,TN,b_11,decreasing,10,c_08,C,1.6890384615384615,NA,1
20220622,275,TN,b_12,decreasing,14,c_14,C,1.6572115384615385,NA,1
20220622,275,TN,b_13,constant,10,c_06,D,1.872929104477612,NA,1
20220622,275,TN,b_14,constant,7,c_03,D,2.1115065298507463,NA,1
20220622,275,TN,b_15,constant,14,c_14,D,1.7100839552238805,NA,1
20220622,275,TN,b_16,constant,14,c_15,D,1.708661380597015,NA,1
20220622,275,TN,b_17,decreasing,7,c_05,E,1.508076923076923,NA,1
20220622,275,TN,b_18,decreasing,7,c_04,E,2.1062499999999997,NA,1
20220622,275,TN,b_19,decreasing,14,c_12,E,1.834423076923077,NA,1
20220622,275,TN,b_20,decreasing,10,c_09,E,1.7525961538461539,NA,1
20220622,275,TN,b_21,constant,10,c_07,F,1.9315485074626868,NA,1
20220622,275,TN,b_22,constant,10,c_10,F,3.4601259328358207,NA,1
20220622,275,TN,b_23,constant,7,c_04,F,3.168703358208955,NA,1
20220622,275,TN,b_24,constant,14,c_13,F,1.9572807835820893,NA,1
20220622,275,TN,b_25,decreasing,7,c_03,G,1.5834615384615385,NA,1
20220622,275,TN,b_26,decreasing,14,c_15,G,1.5516346153846154,NA,1
20220622,275,TN,b_27,decreasing,10,c_10,G,2.4798076923076926,NA,1
20220622,275,TN,b_28,constant,10,c_09,H,1.9515904850746266,NA,1
20220622,275,TN,b_29,constant,14,c_12,H,1.7601679104477612,NA,1
20220622,275,TN,b_30,constant,7,c_01,H,2.3587453358208954,NA,1
20220622,275,TOC,b_01,constant,10,c_08,A,33.77,NA,1
20220622,275,TOC,b_02,constant,7,c_02,A,46.69112639925373,NA,1
20220622,275,TOC,b_03,constant,14,c_11,A,29.24225279850746,NA,1
20220622,275,TOC,b_04,constant,7,c_05,A,27.293379197761197,NA,1
20220622,275,TOC,b_05,decreasing,14,c_13,B,10.719999999999999,NA,1
20220622,275,TOC,b_06,decreasing,14,c_11,B,11.173549331103677,NA,1
20220622,275,TOC,b_07,decreasing,10,c_06,B,12.657098662207357,NA,1
20220622,275,TOC,b_08,decreasing,7,c_01,B,14.230647993311036,NA,1
20220622,275,TOC,b_09,decreasing,7,c_02,C,13.054197324414716,NA,1
20220622,275,TOC,b_10,decreasing,10,c_07,C,12.127746655518393,NA,1
20220622,275,TOC,b_11,decreasing,10,c_08,C,14.441295986622071,NA,1
20220622,275,TOC,b_12,decreasing,14,c_14,C,13.54484531772575,NA,1
20220622,275,TOC,b_13,constant,10,c_06,D,28.26351679104478,NA,1
20220622,275,TOC,b_14,constant,7,c_03,D,27.344643190298513,NA,1
20220622,275,TOC,b_15,constant,14,c_14,D,24.14576958955224,NA,1
20220622,275,TOC,b_16,constant,14,c_15,D,24.366895988805975,NA,1
20220622,275,TOC,b_17,decreasing,7,c_05,E,13.052591973244146,NA,1
20220622,275,TOC,b_18,decreasing,7,c_04,E,11.616141304347822,NA,1
20220622,275,TOC,b_19,decreasing,14,c_12,E,12.749690635451504,NA,1
20220622,275,TOC,b_20,decreasing,10,c_09,E,11.503239966555181,NA,1
20220622,275,TOC,b_21,constant,10,c_07,F,27.262527985074627,NA,1
20220622,275,TOC,b_22,constant,10,c_10,F,53.76365438432836,NA,1
20220622,275,TOC,b_23,constant,7,c_04,F,52.04478078358209,NA,1
20220622,275,TOC,b_24,constant,14,c_13,F,28.255907182835827,NA,1
20220622,275,TOC,b_25,decreasing,7,c_03,G,10.890986622073578,NA,1
20220622,275,TOC,b_26,decreasing,14,c_15,G,14.894535953177256,NA,1
20220622,275,TOC,b_27,decreasing,10,c_10,G,11.748085284280933,NA,1
20220622,275,TOC,b_28,constant,10,c_09,H,26.610412779850748,NA,1
20220622,275,TOC,b_29,constant,14,c_12,H,26.26153917910448,NA,1
20220622,275,TOC,b_30,constant,7,c_01,H,34.632665578358214,NA,1
20220624,277,IC,b_01,constant,10,c_08,A,3.75,NA,1
20220624,277,IC,b_02,constant,7,c_02,A,4.701567164179105,NA,1
20220624,277,IC,b_03,constant,14,c_11,A,3.4931343283582086,NA,1
20220624,277,IC,b_04,constant,7,c_05,A,3.7747014925373135,NA,1
20220624,277,IC,b_05,decreasing,14,c_13,B,13.34,NA,1
20220624,277,IC,b_06,decreasing,14,c_11,B,12.355384615384615,NA,1
20220624,277,IC,b_07,decreasing,10,c_06,B,12.04076923076923,NA,1
20220624,277,IC,b_08,decreasing,7,c_01,B,14.576153846153845,NA,1
20220624,277,IC,b_09,decreasing,7,c_02,C,14.031538461538462,NA,1
20220624,277,IC,b_10,decreasing,10,c_07,C,13.506923076923076,NA,1
20220624,277,IC,b_11,decreasing,10,c_08,C,12.362307692307692,NA,1
20220624,277,IC,b_12,decreasing,14,c_14,C,12.507692307692306,NA,1
20220624,277,IC,b_13,constant,10,c_06,D,4.098805970149254,NA,1
20220624,277,IC,b_14,constant,7,c_03,D,5.320373134328359,NA,1
20220624,277,IC,b_15,constant,14,c_14,D,3.311940298507464,NA,1
20220624,277,IC,b_16,constant,14,c_15,D,4.003507462686568,NA,1
20220624,277,IC,b_17,decreasing,7,c_05,E,13.044615384615382,NA,1
20220624,277,IC,b_18,decreasing,7,c_04,E,14.229999999999997,NA,1
20220624,277,IC,b_19,decreasing,14,c_12,E,14.105384615384612,NA,1
20220624,277,IC,b_20,decreasing,10,c_09,E,13.930769230769227,NA,1
20220624,277,IC,b_21,constant,10,c_07,F,5.081343283582091,NA,1
20220624,277,IC,b_22,constant,10,c_10,F,3.9529104477611954,NA,1
20220624,277,IC,b_23,constant,7,c_04,F,4.2144776119403,NA,1
20220624,277,IC,b_24,constant,14,c_13,F,4.186044776119404,NA,1
20220624,277,IC,b_25,decreasing,7,c_03,G,14.387692307692303,NA,1
20220624,277,IC,b_26,decreasing,14,c_15,G,13.33307692307692,NA,1
20220624,277,IC,b_27,decreasing,10,c_10,G,10.838461538461535,NA,1
20220624,277,IC,b_28,constant,10,c_09,H,3.732313432835822,NA,1
20220624,277,IC,b_29,constant,14,c_12,H,3.583880597014926,NA,1
20220624,277,IC,b_30,constant,7,c_01,H,3.995447761194031,NA,1
20220624,277,TC,b_01,constant,10,c_08,A,36.52,NA,1
20220624,277,TC,b_02,constant,7,c_02,A,49.56260960820895,NA,1
20220624,277,TC,b_03,constant,14,c_11,A,32.21521921641791,NA,1
20220624,277,TC,b_04,constant,7,c_05,A,30.557828824626863,NA,1
20220624,277,TC,b_05,decreasing,14,c_13,B,22.89,NA,1
20220624,277,TC,b_06,decreasing,14,c_11,B,24.043879598662205,NA,1
20220624,277,TC,b_07,decreasing,10,c_06,B,24.557759197324415,NA,1
20220624,277,TC,b_08,decreasing,7,c_01,B,28.72163879598662,NA,1
20220624,277,TC,b_09,decreasing,7,c_02,C,25.87551839464883,NA,1
20220624,277,TC,b_10,decreasing,10,c_07,C,24.649397993311037,NA,1
20220624,277,TC,b_11,decreasing,10,c_08,C,26.243277591973243,NA,1
20220624,277,TC,b_12,decreasing,14,c_14,C,26.04715719063545,NA,1
20220624,277,TC,b_13,constant,10,c_06,D,32.02131529850745,NA,1
20220624,277,TC,b_14,constant,7,c_03,D,31.543924906716413,NA,1
20220624,277,TC,b_15,constant,14,c_14,D,28.25653451492537,NA,1
20220624,277,TC,b_16,constant,14,c_15,D,28.109144123134328,NA,1
20220624,277,TC,b_17,decreasing,7,c_05,E,25.226555183946488,NA,1
20220624,277,TC,b_18,decreasing,7,c_04,E,24.600434782608694,NA,1
20220624,277,TC,b_19,decreasing,14,c_12,E,25.674314381270904,NA,1
20220624,277,TC,b_20,decreasing,10,c_09,E,24.61819397993311,NA,1
20220624,277,TC,b_21,constant,10,c_07,F,32.43219216417909,NA,1
20220624,277,TC,b_22,constant,10,c_10,F,53.59480177238805,NA,1
20220624,277,TC,b_23,constant,7,c_04,F,52.27741138059701,NA,1
20220624,277,TC,b_24,constant,14,c_13,F,32.670020988805966,NA,1
20220624,277,TC,b_25,decreasing,7,c_03,G,24.877591973244147,NA,1
20220624,277,TC,b_26,decreasing,14,c_15,G,28.011471571906352,NA,1
20220624,277,TC,b_27,decreasing,10,c_10,G,22.60535117056856,NA,1
20220624,277,TC,b_28,constant,10,c_09,H,30.190459421641783,NA,1
20220624,277,TC,b_29,constant,14,c_12,H,28.673069029850737,NA,1
20220624,277,TC,b_30,constant,7,c_01,H,39.125678638059696,NA,1
20220624,277,TN,b_01,constant,10,c_08,A,2.21,NA,1
20220624,277,TN,b_02,constant,7,c_02,A,3.032861473880597,NA,1
20220624,277,TN,b_03,constant,14,c_11,A,2.055722947761194,NA,1
20220624,277,TN,b_04,constant,7,c_05,A,1.8285844216417912,NA,1
20220624,277,TN,b_05,decreasing,14,c_13,B,1.78,NA,1
20220624,277,TN,b_06,decreasing,14,c_11,B,1.6306730769230766,NA,1
20220624,277,TN,b_07,decreasing,10,c_06,B,1.6613461538461536,NA,1
20220624,277,TN,b_08,decreasing,7,c_01,B,2.302019230769231,NA,1
20220624,277,TN,b_09,decreasing,7,c_02,C,2.042692307692308,NA,1
20220624,277,TN,b_10,decreasing,10,c_07,C,1.8533653846153844,NA,1
20220624,277,TN,b_11,decreasing,10,c_08,C,1.6440384615384613,NA,1
20220624,277,TN,b_12,decreasing,14,c_14,C,1.6247115384615383,NA,1
20220624,277,TN,b_13,constant,10,c_06,D,1.9143376865671642,NA,1
20220624,277,TN,b_14,constant,7,c_03,D,2.0571991604477615,NA,1
20220624,277,TN,b_15,constant,14,c_14,D,1.7900606343283583,NA,1
20220624,277,TN,b_16,constant,14,c_15,D,1.7329221082089554,NA,1
20220624,277,TN,b_17,decreasing,7,c_05,E,1.478076923076923,NA,1
20220624,277,TN,b_18,decreasing,7,c_04,E,1.9487499999999995,NA,1
20220624,277,TN,b_19,decreasing,14,c_12,E,1.6694230769230767,NA,1
20220624,277,TN,b_20,decreasing,10,c_09,E,1.6800961538461536,NA,1
20220624,277,TN,b_21,constant,10,c_07,F,1.9772294776119406,NA,1
20220624,277,TN,b_22,constant,10,c_10,F,3.2600909514925376,NA,1
20220624,277,TN,b_23,constant,7,c_04,F,3.0229524253731346,NA,1
20220624,277,TN,b_24,constant,14,c_13,F,2.0058138992537313,NA,1
20220624,277,TN,b_25,decreasing,7,c_03,G,1.5334615384615382,NA,1
20220624,277,TN,b_26,decreasing,14,c_15,G,1.5441346153846152,NA,1
20220624,277,TN,b_27,decreasing,10,c_10,G,2.4748076923076923,NA,1
20220624,277,TN,b_28,constant,10,c_09,H,1.9572597947761192,NA,1
20220624,277,TN,b_29,constant,14,c_12,H,1.770121268656716,NA,1
20220624,277,TN,b_30,constant,7,c_01,H,2.4129827425373134,NA,1
20220624,277,TOC,b_01,constant,10,c_08,A,32.77,NA,1
20220624,277,TOC,b_02,constant,7,c_02,A,44.861042444029856,NA,1
20220624,277,TOC,b_03,constant,14,c_11,A,28.722084888059705,NA,1
20220624,277,TOC,b_04,constant,7,c_05,A,26.78312733208955,NA,1
20220624,277,TOC,b_05,decreasing,14,c_13,B,9.55,NA,1
20220624,277,TOC,b_06,decreasing,14,c_11,B,11.688494983277591,NA,1
20220624,277,TOC,b_07,decreasing,10,c_06,B,12.516989966555183,NA,1
20220624,277,TOC,b_08,decreasing,7,c_01,B,14.145484949832776,NA,1
20220624,277,TOC,b_09,decreasing,7,c_02,C,11.843979933110369,NA,1
20220624,277,TOC,b_10,decreasing,10,c_07,C,11.14247491638796,NA,1
20220624,277,TOC,b_11,decreasing,10,c_08,C,13.880969899665551,NA,1
20220624,277,TOC,b_12,decreasing,14,c_14,C,13.539464882943143,NA,1
20220624,277,TOC,b_13,constant,10,c_06,D,27.922509328358203,NA,1
20220624,277,TOC,b_14,constant,7,c_03,D,26.223551772388056,NA,1
20220624,277,TOC,b_15,constant,14,c_14,D,24.94459421641791,NA,1
20220624,277,TOC,b_16,constant,14,c_15,D,24.105636660447757,NA,1
20220624,277,TOC,b_17,decreasing,7,c_05,E,12.181939799331104,NA,1
20220624,277,TOC,b_18,decreasing,7,c_04,E,10.370434782608696,NA,1
20220624,277,TOC,b_19,decreasing,14,c_12,E,11.568929765886288,NA,1
20220624,277,TOC,b_20,decreasing,10,c_09,E,10.68742474916388,NA,1
20220624,277,TOC,b_21,constant,10,c_07,F,27.350848880597006,NA,1
20220624,277,TOC,b_22,constant,10,c_10,F,49.64189132462686,NA,1
20220624,277,TOC,b_23,constant,7,c_04,F,48.06293376865671,NA,1
20220624,277,TOC,b_24,constant,14,c_13,F,28.483976212686564,NA,1
20220624,277,TOC,b_25,decreasing,7,c_03,G,10.489899665551839,NA,1
20220624,277,TOC,b_26,decreasing,14,c_15,G,14.67839464882943,NA,1
20220624,277,TOC,b_27,decreasing,10,c_10,G,11.766889632107024,NA,1
20220624,277,TOC,b_28,constant,10,c_09,H,26.45814598880596,NA,1
20220624,277,TOC,b_29,constant,14,c_12,H,25.08918843283582,NA,1
20220624,277,TOC,b_30,constant,7,c_01,H,35.13023087686567,NA,1
20220627,280,IC,b_01,constant,10,c_08,A,2.51,NA,1
20220627,280,IC,b_02,constant,7,c_02,A,3.4664085820895525,NA,1
20220627,280,IC,b_03,constant,14,c_11,A,2.9428171641791043,NA,1
20220627,280,IC,b_04,constant,7,c_05,A,3.5792257462686567,NA,1
20220627,280,IC,b_05,decreasing,14,c_13,B,13.32,NA,1
20220627,280,IC,b_06,decreasing,14,c_11,B,12.734698996655519,NA,1
20220627,280,IC,b_07,decreasing,10,c_06,B,12.179397993311037,NA,1
20220627,280,IC,b_08,decreasing,7,c_01,B,14.954096989966557,NA,1
20220627,280,IC,b_09,decreasing,7,c_02,C,13.708795986622073,NA,1
20220627,280,IC,b_10,decreasing,10,c_07,C,14.033494983277592,NA,1
20220627,280,IC,b_11,decreasing,10,c_08,C,12.54819397993311,NA,1
20220627,280,IC,b_12,decreasing,14,c_14,C,12.572892976588628,NA,1
20220627,280,IC,b_13,constant,10,c_06,D,2.5569029850746277,NA,1
20220627,280,IC,b_14,constant,7,c_03,D,3.4733115671641794,NA,1
20220627,280,IC,b_15,constant,14,c_14,D,3.1497201492537314,NA,1
20220627,280,IC,b_16,constant,14,c_15,D,3.096128731343284,NA,1
20220627,280,IC,b_17,decreasing,7,c_05,E,13.826387959866219,NA,1
20220627,280,IC,b_18,decreasing,7,c_04,E,14.331086956521737,NA,1
20220627,280,IC,b_19,decreasing,14,c_12,E,14.085785953177256,NA,1
20220627,280,IC,b_20,decreasing,10,c_09,E,14.150484949832775,NA,1
20220627,280,IC,b_21,constant,10,c_07,F,3.848171641791045,NA,1
20220627,280,IC,b_22,constant,10,c_10,F,3.3745802238805975,NA,1
20220627,280,IC,b_23,constant,7,c_04,F,2.86098880597015,NA,1
20220627,280,IC,b_24,constant,14,c_13,F,2.827397388059702,NA,1
20220627,280,IC,b_25,decreasing,7,c_03,G,14.453979933110368,NA,1
20220627,280,IC,b_26,decreasing,14,c_15,G,13.428678929765885,NA,1
20220627,280,IC,b_27,decreasing,10,c_10,G,11.093377926421404,NA,1
20220627,280,IC,b_28,constant,10,c_09,H,3.1430317164179105,NA,1
20220627,280,IC,b_29,constant,14,c_12,H,2.749440298507463,NA,1
20220627,280,IC,b_30,constant,7,c_01,H,3.225848880597016,NA,1
20220627,280,TC,b_01,constant,10,c_08,A,35.88,NA,1
20220627,280,TC,b_02,constant,7,c_02,A,49.06464319029851,NA,1
20220627,280,TC,b_03,constant,14,c_11,A,31.139286380597017,NA,1
20220627,280,TC,b_04,constant,7,c_05,A,29.38392957089552,NA,1
20220627,280,TC,b_05,decreasing,14,c_13,B,23.74,NA,1
20220627,280,TC,b_06,decreasing,14,c_11,B,24.826295986622075,NA,1
20220627,280,TC,b_07,decreasing,10,c_06,B,24.36259197324415,NA,1
20220627,280,TC,b_08,decreasing,7,c_01,B,30.70888795986622,NA,1
20220627,280,TC,b_09,decreasing,7,c_02,C,26.435183946488294,NA,1
20220627,280,TC,b_10,decreasing,10,c_07,C,26.38147993311037,NA,1
20220627,280,TC,b_11,decreasing,10,c_08,C,26.83777591973244,NA,1
20220627,280,TC,b_12,decreasing,14,c_14,C,26.584071906354517,NA,1
20220627,280,TC,b_13,constant,10,c_06,D,29.86571828358209,NA,1
20220627,280,TC,b_14,constant,7,c_03,D,31.790361473880594,NA,1
20220627,280,TC,b_15,constant,14,c_14,D,26.405004664179103,NA,1
20220627,280,TC,b_16,constant,14,c_15,D,26.55964785447761,NA,1
20220627,280,TC,b_17,decreasing,7,c_05,E,26.435551839464885,NA,1
20220627,280,TC,b_18,decreasing,7,c_04,E,26.241847826086953,NA,1
20220627,280,TC,b_19,decreasing,14,c_12,E,26.83814381270903,NA,1
20220627,280,TC,b_20,decreasing,10,c_09,E,25.704439799331105,NA,1
20220627,280,TC,b_21,constant,10,c_07,F,31.672863805970145,NA,1
20220627,280,TC,b_22,constant,10,c_10,F,54.75750699626865,NA,1
20220627,280,TC,b_23,constant,7,c_04,F,54.462150186567165,NA,1
20220627,280,TC,b_24,constant,14,c_13,F,31.95679337686567,NA,1
20220627,280,TC,b_25,decreasing,7,c_03,G,25.88591973244147,NA,1
20220627,280,TC,b_26,decreasing,14,c_15,G,27.832215719063544,NA,1
20220627,280,TC,b_27,decreasing,10,c_10,G,23.74851170568562,NA,1
20220627,280,TC,b_28,constant,10,c_09,H,29.135366138059695,NA,1
20220627,280,TC,b_29,constant,14,c_12,H,28.060009328358205,NA,1
20220627,280,TC,b_30,constant,7,c_01,H,35.65465251865671,NA,1
20220627,280,TN,b_01,constant,10,c_08,A,2.23,NA,1
20220627,280,TN,b_02,constant,7,c_02,A,3.041695429104477,NA,1
20220627,280,TN,b_03,constant,14,c_11,A,2.003390858208955,NA,1
20220627,280,TN,b_04,constant,7,c_05,A,1.7750862873134328,NA,1
20220627,280,TN,b_05,decreasing,14,c_13,B,1.89,NA,1
20220627,280,TN,b_06,decreasing,14,c_11,B,1.7741847826086956,NA,1
20220627,280,TN,b_07,decreasing,10,c_06,B,1.6983695652173914,NA,1
20220627,280,TN,b_08,decreasing,7,c_01,B,2.572554347826087,NA,1
20220627,280,TN,b_09,decreasing,7,c_02,C,2.116739130434783,NA,1
20220627,280,TN,b_10,decreasing,10,c_07,C,1.9809239130434781,NA,1
20220627,280,TN,b_11,decreasing,10,c_08,C,1.765108695652174,NA,1
20220627,280,TN,b_12,decreasing,14,c_14,C,1.7892934782608698,NA,1
20220627,280,TN,b_13,constant,10,c_06,D,1.8803451492537313,NA,1
20220627,280,TN,b_14,constant,7,c_03,D,2.1420405783582086,NA,1
20220627,280,TN,b_15,constant,14,c_14,D,1.693736007462686,NA,1
20220627,280,TN,b_16,constant,14,c_15,D,1.6854314365671637,NA,1
20220627,280,TN,b_17,decreasing,7,c_05,E,1.5902173913043478,NA,1
20220627,280,TN,b_18,decreasing,7,c_04,E,2.144402173913044,NA,1
20220627,280,TN,b_19,decreasing,14,c_12,E,1.858586956521739,NA,1
20220627,280,TN,b_20,decreasing,10,c_09,E,1.7927717391304347,NA,1
20220627,280,TN,b_21,constant,10,c_07,F,1.9739085820895519,NA,1
20220627,280,TN,b_22,constant,10,c_10,F,3.3456040111940295,NA,1
20220627,280,TN,b_23,constant,7,c_04,F,3.1872994402985073,NA,1
20220627,280,TN,b_24,constant,14,c_13,F,2.0089948694029847,NA,1
20220627,280,TN,b_25,decreasing,7,c_03,G,1.6836956521739135,NA,1
20220627,280,TN,b_26,decreasing,14,c_15,G,1.6178804347826088,NA,1
20220627,280,TN,b_27,decreasing,10,c_10,G,2.6020652173913046,NA,1
20220627,280,TN,b_28,constant,10,c_09,H,1.9657765858208949,NA,1
20220627,280,TN,b_29,constant,14,c_12,H,1.7574720149253724,NA,1
20220627,280,TN,b_30,constant,7,c_01,H,2.22916744402985,NA,1
20220627,280,TOC,b_01,constant,10,c_08,A,33.370000000000005,NA,1
20220627,280,TOC,b_02,constant,7,c_02,A,45.598234608208955,NA,1
20220627,280,TOC,b_03,constant,14,c_11,A,28.196469216417906,NA,1
20220627,280,TOC,b_04,constant,7,c_05,A,25.804703824626863,NA,1
20220627,280,TOC,b_05,decreasing,14,c_13,B,10.419999999999998,NA,1
20220627,280,TOC,b_06,decreasing,14,c_11,B,12.091596989966554,NA,1
20220627,280,TOC,b_07,decreasing,10,c_06,B,12.18319397993311,NA,1
20220627,280,TOC,b_08,decreasing,7,c_01,B,15.754790969899664,NA,1
20220627,280,TOC,b_09,decreasing,7,c_02,C,12.726387959866221,NA,1
20220627,280,TOC,b_10,decreasing,10,c_07,C,12.347984949832776,NA,1
20220627,280,TOC,b_11,decreasing,10,c_08,C,14.28958193979933,NA,1
20220627,280,TOC,b_12,decreasing,14,c_14,C,14.011178929765887,NA,1
20220627,280,TOC,b_13,constant,10,c_06,D,27.308815298507458,NA,1
20220627,280,TOC,b_14,constant,7,c_03,D,28.317049906716417,NA,1
20220627,280,TOC,b_15,constant,14,c_14,D,23.255284514925368,NA,1
20220627,280,TOC,b_16,constant,14,c_15,D,23.463519123134322,NA,1
20220627,280,TOC,b_17,decreasing,7,c_05,E,12.609163879598663,NA,1
20220627,280,TOC,b_18,decreasing,7,c_04,E,11.910760869565214,NA,1
20220627,280,TOC,b_19,decreasing,14,c_12,E,12.752357859531772,NA,1
20220627,280,TOC,b_20,decreasing,10,c_09,E,11.553954849498327,NA,1
20220627,280,TOC,b_21,constant,10,c_07,F,27.824692164179094,NA,1
20220627,280,TOC,b_22,constant,10,c_10,F,51.382926772388046,NA,1
20220627,280,TOC,b_23,constant,7,c_04,F,51.601161380597006,NA,1
20220627,280,TOC,b_24,constant,14,c_13,F,29.129395988805964,NA,1
20220627,280,TOC,b_25,decreasing,7,c_03,G,11.431939799331099,NA,1
20220627,280,TOC,b_26,decreasing,14,c_15,G,14.403536789297656,NA,1
20220627,280,TOC,b_27,decreasing,10,c_10,G,12.65513377926421,NA,1
20220627,280,TOC,b_28,constant,10,c_09,H,25.992334421641775,NA,1
20220627,280,TOC,b_29,constant,14,c_12,H,25.310569029850736,NA,1
20220627,280,TOC,b_30,constant,7,c_01,H,32.42880363805969,NA,1
20220629,282,IC,b_01,constant,10,c_08,A,4.28,NA,1
20220629,282,IC,b_02,constant,7,c_02,A,4.593931902985075,NA,1
20220629,282,IC,b_03,constant,14,c_11,A,4.317863805970149,NA,1
20220629,282,IC,b_04,constant,7,c_05,A,5.421795708955224,NA,1
20220629,282,IC,b_05,decreasing,14,c_13,B,12.3,NA,1
20220629,282,IC,b_06,decreasing,14,c_11,B,11.670464046822742,NA,1
20220629,282,IC,b_07,decreasing,10,c_06,B,11.370928093645485,NA,1
20220629,282,IC,b_08,decreasing,7,c_01,B,13.961392140468227,NA,1
20220629,282,IC,b_09,decreasing,7,c_02,C,13.20185618729097,NA,1
20220629,282,IC,b_10,decreasing,10,c_07,C,12.92232023411371,NA,1
20220629,282,IC,b_11,decreasing,10,c_08,C,11.362784280936452,NA,1
20220629,282,IC,b_12,decreasing,14,c_14,C,11.993248327759195,NA,1
20220629,282,IC,b_13,constant,10,c_06,D,3.9171828358208955,NA,1
20220629,282,IC,b_14,constant,7,c_03,D,4.38111473880597,NA,1
20220629,282,IC,b_15,constant,14,c_14,D,3.8050466417910442,NA,1
20220629,282,IC,b_16,constant,14,c_15,D,5.208978544776119,NA,1
20220629,282,IC,b_17,decreasing,7,c_05,E,12.705568561872907,NA,1
20220629,282,IC,b_18,decreasing,7,c_04,E,13.666032608695648,NA,1
20220629,282,IC,b_19,decreasing,14,c_12,E,13.126496655518391,NA,1
20220629,282,IC,b_20,decreasing,10,c_09,E,13.706960702341133,NA,1
20220629,282,IC,b_21,constant,10,c_07,F,5.748638059701492,NA,1
20220629,282,IC,b_22,constant,10,c_10,F,4.772569962686567,NA,1
20220629,282,IC,b_23,constant,7,c_04,F,4.416501865671641,NA,1
20220629,282,IC,b_24,constant,14,c_13,F,4.890433768656716,NA,1
20220629,282,IC,b_25,decreasing,7,c_03,G,13.879280936454846,NA,1
20220629,282,IC,b_26,decreasing,14,c_15,G,12.359744983277588,NA,1
20220629,282,IC,b_27,decreasing,10,c_10,G,9.76020903010033,NA,1
20220629,282,IC,b_28,constant,10,c_09,H,4.226161380597015,NA,1
20220629,282,IC,b_29,constant,14,c_12,H,4.160093283582089,NA,1
20220629,282,IC,b_30,constant,7,c_01,H,4.624025186567164,NA,1
20220629,282,TC,b_01,constant,10,c_08,A,35.11,NA,1
20220629,282,TC,b_02,constant,7,c_02,A,46.87847714552239,NA,1
20220629,282,TC,b_03,constant,14,c_11,A,30.73695429104478,NA,1
20220629,282,TC,b_04,constant,7,c_05,A,28.43543143656717,NA,1
20220629,282,TC,b_05,decreasing,14,c_13,B,21.84,NA,1
20220629,282,TC,b_06,decreasing,14,c_11,B,22.89473244147157,NA,1
20220629,282,TC,b_07,decreasing,10,c_06,B,23.24946488294314,NA,1
20220629,282,TC,b_08,decreasing,7,c_01,B,28.424197324414713,NA,1
20220629,282,TC,b_09,decreasing,7,c_02,C,25.928929765886288,NA,1
20220629,282,TC,b_10,decreasing,10,c_07,C,24.00366220735786,NA,1
20220629,282,TC,b_11,decreasing,10,c_08,C,24.61839464882943,NA,1
20220629,282,TC,b_12,decreasing,14,c_14,C,24.063127090301,NA,1
20220629,282,TC,b_13,constant,10,c_06,D,29.221725746268653,NA,1
20220629,282,TC,b_14,constant,7,c_03,D,30.440202891791046,NA,1
20220629,282,TC,b_15,constant,14,c_14,D,25.498680037313438,NA,1
20220629,282,TC,b_16,constant,14,c_15,D,27.087157182835817,NA,1
20220629,282,TC,b_17,decreasing,7,c_05,E,24.406789297658857,NA,1
20220629,282,TC,b_18,decreasing,7,c_04,E,24.51152173913043,NA,1
20220629,282,TC,b_19,decreasing,14,c_12,E,25.796254180602002,NA,1
20220629,282,TC,b_20,decreasing,10,c_09,E,24.110986622073575,NA,1
20220629,282,TC,b_21,constant,10,c_07,F,30.37954291044776,NA,1
20220629,282,TC,b_22,constant,10,c_10,F,51.65802005597015,NA,1
20220629,282,TC,b_23,constant,7,c_04,F,50.906497201492535,NA,1
20220629,282,TC,b_24,constant,14,c_13,F,31.394974347014923,NA,1
20220629,282,TC,b_25,decreasing,7,c_03,G,24.174648829431433,NA,1
20220629,282,TC,b_26,decreasing,14,c_15,G,26.019381270903008,NA,1
20220629,282,TC,b_27,decreasing,10,c_10,G,21.644113712374576,NA,1
20220629,282,TC,b_28,constant,10,c_09,H,28.328882929104473,NA,1
20220629,282,TC,b_29,constant,14,c_12,H,27.267360074626865,NA,1
20220629,282,TC,b_30,constant,7,c_01,H,35.98583722014925,NA,1
20220629,282,TN,b_01,constant,10,c_08,A,2.14,NA,1
20220629,282,TN,b_02,constant,7,c_02,A,2.895956156716418,NA,1
20220629,282,TN,b_03,constant,14,c_11,A,1.9619123134328356,NA,1
20220629,282,TN,b_04,constant,7,c_05,A,1.747868470149254,NA,1
20220629,282,TN,b_05,decreasing,14,c_13,B,1.74,NA,1
20220629,282,TN,b_06,decreasing,14,c_11,B,1.661839464882943,NA,1
20220629,282,TN,b_07,decreasing,10,c_06,B,1.633678929765886,NA,1
20220629,282,TN,b_08,decreasing,7,c_01,B,2.3055183946488294,NA,1
20220629,282,TN,b_09,decreasing,7,c_02,C,2.0573578595317725,NA,1
20220629,282,TN,b_10,decreasing,10,c_07,C,1.8391973244147155,NA,1
20220629,282,TN,b_11,decreasing,10,c_08,C,1.7010367892976588,NA,1
20220629,282,TN,b_12,decreasing,14,c_14,C,1.6328762541806017,NA,1
20220629,282,TN,b_13,constant,10,c_06,D,1.8614738805970146,NA,1
20220629,282,TN,b_14,constant,7,c_03,D,2.057430037313433,NA,1
20220629,282,TN,b_15,constant,14,c_14,D,1.6833861940298505,NA,1
20220629,282,TN,b_16,constant,14,c_15,D,1.6893423507462684,NA,1
20220629,282,TN,b_17,decreasing,7,c_05,E,1.5420735785953172,NA,1
20220629,282,TN,b_18,decreasing,7,c_04,E,1.9339130434782605,NA,1
20220629,282,TN,b_19,decreasing,14,c_12,E,1.7457525083612038,NA,1
20220629,282,TN,b_20,decreasing,10,c_09,E,1.6475919732441469,NA,1
20220629,282,TN,b_21,constant,10,c_07,F,1.8991231343283577,NA,1
20220629,282,TN,b_22,constant,10,c_10,F,3.115079291044776,NA,1
20220629,282,TN,b_23,constant,7,c_04,F,2.9410354477611937,NA,1
20220629,282,TN,b_24,constant,14,c_13,F,1.9769916044776115,NA,1
20220629,282,TN,b_25,decreasing,7,c_03,G,1.5867892976588625,NA,1
20220629,282,TN,b_26,decreasing,14,c_15,G,1.5486287625418056,NA,1
20220629,282,TN,b_27,decreasing,10,c_10,G,2.4004682274247484,NA,1
20220629,282,TN,b_28,constant,10,c_09,H,1.900816231343283,NA,1
20220629,282,TN,b_29,constant,14,c_12,H,1.716772388059701,NA,1
20220629,282,TN,b_30,constant,7,c_01,H,2.242728544776119,NA,1
20220629,282,TOC,b_01,constant,10,c_08,A,30.83,NA,1
20220629,282,TOC,b_02,constant,7,c_02,A,42.28454524253731,NA,1
20220629,282,TOC,b_03,constant,14,c_11,A,26.419090485074626,NA,1
20220629,282,TOC,b_04,constant,7,c_05,A,23.01363572761194,NA,1
20220629,282,TOC,b_05,decreasing,14,c_13,B,9.54,NA,1
20220629,282,TOC,b_06,decreasing,14,c_11,B,11.224268394648828,NA,1
20220629,282,TOC,b_07,decreasing,10,c_06,B,11.878536789297657,NA,1
20220629,282,TOC,b_08,decreasing,7,c_01,B,14.462805183946488,NA,1
20220629,282,TOC,b_09,decreasing,7,c_02,C,12.727073578595318,NA,1
20220629,282,TOC,b_10,decreasing,10,c_07,C,11.081341973244147,NA,1
20220629,282,TOC,b_11,decreasing,10,c_08,C,13.255610367892974,NA,1
20220629,282,TOC,b_12,decreasing,14,c_14,C,12.069878762541803,NA,1
20220629,282,TOC,b_13,constant,10,c_06,D,25.304542910447758,NA,1
20220629,282,TOC,b_14,constant,7,c_03,D,26.059088152985073,NA,1
20220629,282,TOC,b_15,constant,14,c_14,D,21.693633395522387,NA,1
20220629,282,TOC,b_16,constant,14,c_15,D,21.878178638059698,NA,1
20220629,282,TOC,b_17,decreasing,7,c_05,E,11.70122073578595,NA,1
20220629,282,TOC,b_18,decreasing,7,c_04,E,10.845489130434782,NA,1
20220629,282,TOC,b_19,decreasing,14,c_12,E,12.66975752508361,NA,1
20220629,282,TOC,b_20,decreasing,10,c_09,E,10.40402591973244,NA,1
20220629,282,TOC,b_21,constant,10,c_07,F,24.630904850746266,NA,1
20220629,282,TOC,b_22,constant,10,c_10,F,46.88545009328358,NA,1
20220629,282,TOC,b_23,constant,7,c_04,F,46.48999533582089,NA,1
20220629,282,TOC,b_24,constant,14,c_13,F,26.504540578358206,NA,1
20220629,282,TOC,b_25,decreasing,7,c_03,G,10.295367892976586,NA,1
20220629,282,TOC,b_26,decreasing,14,c_15,G,13.659636287625416,NA,1
20220629,282,TOC,b_27,decreasing,10,c_10,G,11.883904682274245,NA,1
20220629,282,TOC,b_28,constant,10,c_09,H,24.102721548507457,NA,1
20220629,282,TOC,b_29,constant,14,c_12,H,23.10726679104477,NA,1
20220629,282,TOC,b_30,constant,7,c_01,H,31.361812033582087,NA,1
20220704,287,IC,b_01,constant,10,c_08,A,2.13,NA,1
20220704,287,IC,b_02,constant,7,c_02,A,2.5742700559701492,NA,1
20220704,287,IC,b_03,constant,14,c_11,A,1.2885401119402986,NA,1
20220704,287,IC,b_04,constant,7,c_05,A,1.9228101679104475,NA,1
20220704,287,IC,b_05,decreasing,14,c_13,B,10.66,NA,1
20220704,287,IC,b_06,decreasing,14,c_11,B,8.200961538461538,NA,1
20220704,287,IC,b_07,decreasing,10,c_06,B,8.651923076923076,NA,1
20220704,287,IC,b_08,decreasing,7,c_01,B,12.852884615384616,NA,1
20220704,287,IC,b_09,decreasing,7,c_02,C,11.953846153846154,NA,1
20220704,287,IC,b_10,decreasing,10,c_07,C,12.564807692307692,NA,1
20220704,287,IC,b_11,decreasing,10,c_08,C,8.05576923076923,NA,1
20220704,287,IC,b_12,decreasing,14,c_14,C,8.74673076923077,NA,1
20220704,287,IC,b_13,constant,10,c_06,D,1.79124067164179,NA,1
20220704,287,IC,b_14,constant,7,c_03,D,2.015510727611939,NA,1
20220704,287,IC,b_15,constant,14,c_14,D,1.499780783582088,NA,1
20220704,287,IC,b_16,constant,14,c_15,D,1.664050839552238,NA,1
20220704,287,IC,b_17,decreasing,7,c_05,E,10.75153846153846,NA,1
20220704,287,IC,b_18,decreasing,7,c_04,E,12.8125,NA,1
20220704,287,IC,b_19,decreasing,14,c_12,E,11.083461538461538,NA,1
20220704,287,IC,b_20,decreasing,10,c_09,E,11.734423076923077,NA,1
20220704,287,IC,b_21,constant,10,c_07,F,2.7654011194029833,NA,1
20220704,287,IC,b_22,constant,10,c_10,F,2.4896711753731324,NA,1
20220704,287,IC,b_23,constant,7,c_04,F,1.8739412313432817,NA,1
20220704,287,IC,b_24,constant,14,c_13,F,1.9882112873134314,NA,1
20220704,287,IC,b_25,decreasing,7,c_03,G,10.21923076923077,NA,1
20220704,287,IC,b_26,decreasing,14,c_15,G,9.650192307692308,NA,1
20220704,287,IC,b_27,decreasing,10,c_10,G,9.081153846153846,NA,1
20220704,287,IC,b_28,constant,10,c_09,H,1.355291511194027,NA,1
20220704,287,IC,b_29,constant,14,c_12,H,2.1395615671641766,NA,1
20220704,287,IC,b_30,constant,7,c_01,H,1.9038316231343257,NA,1
20220704,287,TC,b_01,constant,10,c_08,A,36.57,NA,1
20220704,287,TC,b_02,constant,7,c_02,A,48.76966651119403,NA,1
20220704,287,TC,b_03,constant,14,c_11,A,30.089333022388054,NA,1
20220704,287,TC,b_04,constant,7,c_05,A,27.398999533582085,NA,1
20220704,287,TC,b_05,decreasing,14,c_13,B,21.8,NA,1
20220704,287,TC,b_06,decreasing,14,c_11,B,22.463365384615383,NA,1
20220704,287,TC,b_07,decreasing,10,c_06,B,22.47673076923077,NA,1
20220704,287,TC,b_08,decreasing,7,c_01,B,26.980096153846155,NA,1
20220704,287,TC,b_09,decreasing,7,c_02,C,24.773461538461536,NA,1
20220704,287,TC,b_10,decreasing,10,c_07,C,23.256826923076925,NA,1
20220704,287,TC,b_11,decreasing,10,c_08,C,22.820192307692306,NA,1
20220704,287,TC,b_12,decreasing,14,c_14,C,22.91355769230769,NA,1
20220704,287,TC,b_13,constant,10,c_06,D,28.805998134328355,NA,1
20220704,287,TC,b_14,constant,7,c_03,D,29.10566464552238,NA,1
20220704,287,TC,b_15,constant,14,c_14,D,25.45533115671641,NA,1
20220704,287,TC,b_16,constant,14,c_15,D,26.49499766791044,NA,1
20220704,287,TC,b_17,decreasing,7,c_05,E,26.060384615384613,NA,1
20220704,287,TC,b_18,decreasing,7,c_04,E,24.68375,NA,1
20220704,287,TC,b_19,decreasing,14,c_12,E,23.957115384615385,NA,1
20220704,287,TC,b_20,decreasing,10,c_09,E,23.010480769230767,NA,1
20220704,287,TC,b_21,constant,10,c_07,F,31.773330223880585,NA,1
20220704,287,TC,b_22,constant,10,c_10,F,53.38299673507461,NA,1
20220704,287,TC,b_23,constant,7,c_04,F,54.44266324626865,NA,1
20220704,287,TC,b_24,constant,14,c_13,F,30.002329757462682,NA,1
20220704,287,TC,b_25,decreasing,7,c_03,G,22.667307692307688,NA,1
20220704,287,TC,b_26,decreasing,14,c_15,G,24.880673076923078,NA,1
20220704,287,TC,b_27,decreasing,10,c_10,G,21.52403846153846,NA,1
20220704,287,TC,b_28,constant,10,c_09,H,27.300995802238795,NA,1
20220704,287,TC,b_29,constant,14,c_12,H,26.430662313432826,NA,1
20220704,287,TC,b_30,constant,7,c_01,H,37.210328824626856,NA,1
20220704,287,TN,b_01,constant,10,c_08,A,2.24,NA,1
20220704,287,TN,b_02,constant,7,c_02,A,2.965422108208956,NA,1
20220704,287,TN,b_03,constant,14,c_11,A,1.9708442164179107,NA,1
20220704,287,TN,b_04,constant,7,c_05,A,1.746266324626866,NA,1
20220704,287,TN,b_05,decreasing,14,c_13,B,1.73,NA,1
20220704,287,TN,b_06,decreasing,14,c_11,B,1.6155434782608695,NA,1
20220704,287,TN,b_07,decreasing,10,c_06,B,1.621086956521739,NA,1
20220704,287,TN,b_08,decreasing,7,c_01,B,2.116630434782609,NA,1
20220704,287,TN,b_09,decreasing,7,c_02,C,1.9121739130434783,NA,1
20220704,287,TN,b_10,decreasing,10,c_07,C,1.7177173913043478,NA,1
20220704,287,TN,b_11,decreasing,10,c_08,C,1.6032608695652173,NA,1
20220704,287,TN,b_12,decreasing,14,c_14,C,1.568804347826087,NA,1
20220704,287,TN,b_13,constant,10,c_06,D,1.8450652985074631,NA,1
20220704,287,TN,b_14,constant,7,c_03,D,2.0304874067164183,NA,1
20220704,287,TN,b_15,constant,14,c_14,D,1.7659095149253732,NA,1
20220704,287,TN,b_16,constant,14,c_15,D,1.8113316231343286,NA,1
20220704,287,TN,b_17,decreasing,7,c_05,E,1.5965217391304347,NA,1
20220704,287,TN,b_18,decreasing,7,c_04,E,1.8620652173913042,NA,1
20220704,287,TN,b_19,decreasing,14,c_12,E,1.627608695652174,NA,1
20220704,287,TN,b_20,decreasing,10,c_09,E,1.5531521739130434,NA,1
20220704,287,TN,b_21,constant,10,c_07,F,2.0184421641791044,NA,1
20220704,287,TN,b_22,constant,10,c_10,F,3.18386427238806,NA,1
20220704,287,TN,b_23,constant,7,c_04,F,3.129286380597015,NA,1
20220704,287,TN,b_24,constant,14,c_13,F,1.9447084888059698,NA,1
20220704,287,TN,b_25,decreasing,7,c_03,G,1.4908695652173913,NA,1
20220704,287,TN,b_26,decreasing,14,c_15,G,1.4664130434782607,NA,1
20220704,287,TN,b_27,decreasing,10,c_10,G,2.3419565217391303,NA,1
20220704,287,TN,b_28,constant,10,c_09,H,1.9263969216417909,NA,1
20220704,287,TN,b_29,constant,14,c_12,H,1.711819029850746,NA,1
20220704,287,TN,b_30,constant,7,c_01,H,2.277241138059702,NA,1
20220704,287,TOC,b_01,constant,10,c_08,A,34.44,NA,1
20220704,287,TOC,b_02,constant,7,c_02,A,46.19539645522388,NA,1
20220704,287,TOC,b_03,constant,14,c_11,A,28.800792910447758,NA,1
20220704,287,TOC,b_04,constant,7,c_05,A,25.476189365671637,NA,1
20220704,287,TOC,b_05,decreasing,14,c_13,B,11.14,NA,1
20220704,287,TOC,b_06,decreasing,14,c_11,B,14.262403846153846,NA,1
20220704,287,TOC,b_07,decreasing,10,c_06,B,13.824807692307692,NA,1
20220704,287,TOC,b_08,decreasing,7,c_01,B,14.127211538461541,NA,1
20220704,287,TOC,b_09,decreasing,7,c_02,C,12.819615384615384,NA,1
20220704,287,TOC,b_10,decreasing,10,c_07,C,10.692019230769231,NA,1
20220704,287,TOC,b_11,decreasing,10,c_08,C,14.764423076923077,NA,1
20220704,287,TOC,b_12,decreasing,14,c_14,C,14.166826923076924,NA,1
20220704,287,TOC,b_13,constant,10,c_06,D,27.014757462686553,NA,1
20220704,287,TOC,b_14,constant,7,c_03,D,27.090153917910442,NA,1
20220704,287,TOC,b_15,constant,14,c_14,D,23.955550373134322,NA,1
20220704,287,TOC,b_16,constant,14,c_15,D,24.830946828358197,NA,1
20220704,287,TOC,b_17,decreasing,7,c_05,E,15.308846153846153,NA,1
20220704,287,TOC,b_18,decreasing,7,c_04,E,11.871250000000002,NA,1
20220704,287,TOC,b_19,decreasing,14,c_12,E,12.873653846153847,NA,1
20220704,287,TOC,b_20,decreasing,10,c_09,E,11.27605769230769,NA,1
20220704,287,TOC,b_21,constant,10,c_07,F,29.007929104477597,NA,1
20220704,287,TOC,b_22,constant,10,c_10,F,50.893325559701474,NA,1
20220704,287,TOC,b_23,constant,7,c_04,F,52.56872201492536,NA,1
20220704,287,TOC,b_24,constant,14,c_13,F,28.014118470149242,NA,1
20220704,287,TOC,b_25,decreasing,7,c_03,G,12.448076923076922,NA,1
20220704,287,TOC,b_26,decreasing,14,c_15,G,15.23048076923077,NA,1
20220704,287,TOC,b_27,decreasing,10,c_10,G,12.442884615384616,NA,1
20220704,287,TOC,b_28,constant,10,c_09,H,25.945704291044763,NA,1
20220704,287,TOC,b_29,constant,14,c_12,H,24.29110074626864,NA,1
20220704,287,TOC,b_30,constant,7,c_01,H,35.306497201492526,NA,1
