timestamp,day,bottle,sensor,temperature_actual,percent_o2,measurement,light_treatment,richness,composition,incubator
20210920,0,b_01,4,18,27.163,o2meter,constant,10,c_08,A
20210920,0,b_01,9,18,24.268,o2meter,constant,10,c_08,A
20210922,2,b_01,4,18,24.598,o2meter,constant,10,c_08,A
20210922,2,b_01,9,18,22.949,o2meter,constant,10,c_08,A
20210924,4,b_01,4,18,24.05,o2meter,constant,10,c_08,A
20210924,4,b_01,9,18,22.798,o2meter,constant,10,c_08,A
20210927,7,b_01,4,18,23.93,o2meter,constant,10,c_08,A
20210927,7,b_01,9,18,22.222,o2meter,constant,10,c_08,A
20210929,9,b_01,4,18,24.042,o2meter,constant,10,c_08,A
20210929,9,b_01,9,18,22.641,o2meter,constant,10,c_08,A
20211001,11,b_01,4,18,24.634,o2meter,constant,10,c_08,A
20211001,11,b_01,9,18,22.974,o2meter,constant,10,c_08,A
20211004,14,b_01,4,18,26.898,o2meter,constant,10,c_08,A
20211004,14,b_01,9,18,22.763,o2meter,constant,10,c_08,A
20211006,16,b_01,4,18,26.215,o2meter,constant,10,c_08,A
20211006,16,b_01,9,18,24.649,o2meter,constant,10,c_08,A
20211008,18,b_01,4,18,25.372,o2meter,constant,10,c_08,A
20211008,18,b_01,9,18,25.06,o2meter,constant,10,c_08,A
20211011,21,b_01,4,18,23.331,o2meter,constant,10,c_08,A
20211011,21,b_01,9,18,22.596,o2meter,constant,10,c_08,A
20211013,23,b_01,4,18,23.569,o2meter,constant,10,c_08,A
20211013,23,b_01,9,18,22.048,o2meter,constant,10,c_08,A
20211015,25,b_01,4,18,25.288,o2meter,constant,10,c_08,A
20211015,25,b_01,9,18,24.103,o2meter,constant,10,c_08,A
20211018,28,b_01,4,18,24.477,o2meter,constant,10,c_08,A
20211018,28,b_01,9,18,22.928,o2meter,constant,10,c_08,A
20211020,30,b_01,4,18,25.801,o2meter,constant,10,c_08,A
20211020,30,b_01,9,18,25.341,o2meter,constant,10,c_08,A
20211022,32,b_01,4,18,24.33,o2meter,constant,10,c_08,A
20211022,32,b_01,9,18,22.772,o2meter,constant,10,c_08,A
20211025,35,b_01,4,18,23.444,o2meter,constant,10,c_08,A
20211025,35,b_01,9,18,22.416,o2meter,constant,10,c_08,A
20211027,37,b_01,4,18,24.784,o2meter,constant,10,c_08,A
20211027,37,b_01,9,18,23.741,o2meter,constant,10,c_08,A
20211029,39,b_01,4,18,25.58,o2meter,constant,10,c_08,A
20211029,39,b_01,9,18,24.514,o2meter,constant,10,c_08,A
20211101,42,b_01,4,18,23.948,o2meter,constant,10,c_08,A
20211101,42,b_01,9,18,23.463,o2meter,constant,10,c_08,A
20211103,44,b_01,4,18,25.048,o2meter,constant,10,c_08,A
20211103,44,b_01,9,18,24.813,o2meter,constant,10,c_08,A
20211105,46,b_01,4,18,24.121,o2meter,constant,10,c_08,A
20211105,46,b_01,9,18,23.043,o2meter,constant,10,c_08,A
20211108,49,b_01,4,18,24.588,o2meter,constant,10,c_08,A
20211108,49,b_01,9,18,23.325,o2meter,constant,10,c_08,A
20211110,51,b_01,4,18,24.758,o2meter,constant,10,c_08,A
20211110,51,b_01,9,18,23.084,o2meter,constant,10,c_08,A
20211112,53,b_01,4,18,24.806,o2meter,constant,10,c_08,A
20211112,53,b_01,9,18,22.686,o2meter,constant,10,c_08,A
20211115,56,b_01,4,18,25,o2meter,constant,10,c_08,A
20211115,56,b_01,9,18,23.272,o2meter,constant,10,c_08,A
20211117,58,b_01,4,18,24.845,o2meter,constant,10,c_08,A
20211117,58,b_01,9,18,24.517,o2meter,constant,10,c_08,A
20211119,60,b_01,4,18,24.529,o2meter,constant,10,c_08,A
20211119,60,b_01,9,18,22.481,o2meter,constant,10,c_08,A
20211122,63,b_01,4,18,24.522,o2meter,constant,10,c_08,A
20211122,63,b_01,9,18,23.154,o2meter,constant,10,c_08,A
20211124,65,b_01,4,18,24.783,o2meter,constant,10,c_08,A
20211124,65,b_01,9,18,23.823,o2meter,constant,10,c_08,A
20211126,67,b_01,4,18,24.823,o2meter,constant,10,c_08,A
20211126,67,b_01,9,18,23.108,o2meter,constant,10,c_08,A
20211129,70,b_01,4,18,24.003,o2meter,constant,10,c_08,A
20211129,70,b_01,9,18,22.006,o2meter,constant,10,c_08,A
20211203,74,b_01,4,18,24.944,o2meter,constant,10,c_08,A
20211203,74,b_01,9,18,22.594,o2meter,constant,10,c_08,A
20211206,77,b_01,4,18,24.417,o2meter,constant,10,c_08,A
20211206,77,b_01,9,18,23.679,o2meter,constant,10,c_08,A
20211208,79,b_01,9,18,23.279,o2meter,constant,10,c_08,A
20211210,81,b_01,4,18,24.996,o2meter,constant,10,c_08,A
20211210,81,b_01,9,18,25.102,o2meter,constant,10,c_08,A
20211213,84,b_01,4,18,23.826,o2meter,constant,10,c_08,A
20211213,84,b_01,9,18,21.402,o2meter,constant,10,c_08,A
20211215,86,b_01,4,18,25.077,o2meter,constant,10,c_08,A
20211215,86,b_01,9,18,24.698,o2meter,constant,10,c_08,A
20211217,88,b_01,4,18,24.785,o2meter,constant,10,c_08,A
20211217,88,b_01,9,18,24.422,o2meter,constant,10,c_08,A
20211220,91,b_01,4,18,24.171,o2meter,constant,10,c_08,A
20211220,91,b_01,9,18,22.939,o2meter,constant,10,c_08,A
20211222,93,b_01,4,18,24.732,o2meter,constant,10,c_08,A
20211222,93,b_01,9,18,24.296,o2meter,constant,10,c_08,A
20211224,95,b_01,4,18,24.362,o2meter,constant,10,c_08,A
20211224,95,b_01,9,18,24.094,o2meter,constant,10,c_08,A
20211227,98,b_01,4,18,24.041,o2meter,constant,10,c_08,A
20211227,98,b_01,9,18,23.56,o2meter,constant,10,c_08,A
20211229,100,b_01,4,18,24.426,o2meter,constant,10,c_08,A
20211229,100,b_01,9,18,23.259,o2meter,constant,10,c_08,A
20211231,102,b_01,4,18,24.12,o2meter,constant,10,c_08,A
20211231,102,b_01,9,18,23.824,o2meter,constant,10,c_08,A
20220103,105,b_01,4,18,23.952,o2meter,constant,10,c_08,A
20220103,105,b_01,9,18,23.338,o2meter,constant,10,c_08,A
20220105,107,b_01,4,18,24.504,o2meter,constant,10,c_08,A
20220105,107,b_01,9,18,23.578,o2meter,constant,10,c_08,A
20220107,109,b_01,4,18,24.482,o2meter,constant,10,c_08,A
20220107,109,b_01,9,18,22.943,o2meter,constant,10,c_08,A
20220110,112,b_01,4,18,22.861,o2meter,constant,10,c_08,A
20220110,112,b_01,9,18,21.269,o2meter,constant,10,c_08,A
20220112,114,b_01,4,18,23.439,o2meter,constant,10,c_08,A
20220112,114,b_01,9,18,22.232,o2meter,constant,10,c_08,A
20220114,116,b_01,4,18,23.101,o2meter,constant,10,c_08,A
20220114,116,b_01,9,18,22.386,o2meter,constant,10,c_08,A
20220117,119,b_01,4,18,23.687,o2meter,constant,10,c_08,A
20220117,119,b_01,9,18,23.22,o2meter,constant,10,c_08,A
20220119,121,b_01,4,18,23.498,o2meter,constant,10,c_08,A
20220119,121,b_01,9,18,22.246,o2meter,constant,10,c_08,A
20220121,123,b_01,4,18,23.939,o2meter,constant,10,c_08,A
20220121,123,b_01,9,18,22.059,o2meter,constant,10,c_08,A
20220124,126,b_01,4,18,23.381,o2meter,constant,10,c_08,A
20220124,126,b_01,9,18,21.597,o2meter,constant,10,c_08,A
20220126,128,b_01,4,18,25.196,o2meter,constant,10,c_08,A
20220126,128,b_01,9,18,23.193,o2meter,constant,10,c_08,A
20220128,130,b_01,4,18,24.592,o2meter,constant,10,c_08,A
20220128,130,b_01,9,18,23.028,o2meter,constant,10,c_08,A
20220131,133,b_01,4,18,24.457,o2meter,constant,10,c_08,A
20220131,133,b_01,9,18,22.644,o2meter,constant,10,c_08,A
20220202,135,b_01,4,18,24.935,o2meter,constant,10,c_08,A
20220202,135,b_01,9,18,22.674,o2meter,constant,10,c_08,A
20220204,137,b_01,4,18,24.367,o2meter,constant,10,c_08,A
20220204,137,b_01,9,18,24.049,o2meter,constant,10,c_08,A
20220207,140,b_01,4,18,23.627,o2meter,constant,10,c_08,A
20220207,140,b_01,9,18,22.689,o2meter,constant,10,c_08,A
20220209,142,b_01,4,18,24.569,o2meter,constant,10,c_08,A
20220209,142,b_01,9,18,24.306,o2meter,constant,10,c_08,A
20220211,144,b_01,4,18,24.667,o2meter,constant,10,c_08,A
20220211,144,b_01,9,18,23.686,o2meter,constant,10,c_08,A
20220214,147,b_01,4,18,23.927,o2meter,constant,10,c_08,A
20220214,147,b_01,9,18,23.687,o2meter,constant,10,c_08,A
20220216,149,b_01,4,18,24.847,o2meter,constant,10,c_08,A
20220216,149,b_01,9,18,24.846,o2meter,constant,10,c_08,A
20220218,151,b_01,4,18,24.377,o2meter,constant,10,c_08,A
20220218,151,b_01,9,18,24.195,o2meter,constant,10,c_08,A
20220221,154,b_01,4,18,23.94,o2meter,constant,10,c_08,A
20220221,154,b_01,9,18,23.605,o2meter,constant,10,c_08,A
20220223,156,b_01,4,18,24.522,o2meter,constant,10,c_08,A
20220223,156,b_01,9,18,24.321,o2meter,constant,10,c_08,A
20220225,158,b_01,4,18,24.563,o2meter,constant,10,c_08,A
20220225,158,b_01,9,18,24.255,o2meter,constant,10,c_08,A
20220228,161,b_01,4,18,24.104,o2meter,constant,10,c_08,A
20220228,161,b_01,9,18,23.86,o2meter,constant,10,c_08,A
20220302,163,b_01,4,18,25.018,o2meter,constant,10,c_08,A
20220302,163,b_01,9,18,24.307,o2meter,constant,10,c_08,A
20220304,165,b_01,4,18,24.293,o2meter,constant,10,c_08,A
20220304,165,b_01,9,18,23.188,o2meter,constant,10,c_08,A
20220307,168,b_01,4,18,23.754,o2meter,constant,10,c_08,A
20220307,168,b_01,9,18,22.208,o2meter,constant,10,c_08,A
20220309,170,b_01,4,18,24.04,o2meter,constant,10,c_08,A
20220309,170,b_01,9,18,23.004,o2meter,constant,10,c_08,A
20220311,172,b_01,4,18,24.529,o2meter,constant,10,c_08,A
20220311,172,b_01,9,18,23.094,o2meter,constant,10,c_08,A
20220314,175,b_01,4,18,23.624,o2meter,constant,10,c_08,A
20220314,175,b_01,9,18,22.721,o2meter,constant,10,c_08,A
20220316,177,b_01,4,18,24.766,o2meter,constant,10,c_08,A
20220316,177,b_01,9,18,23.19,o2meter,constant,10,c_08,A
20220318,179,b_01,4,18,24.087,o2meter,constant,10,c_08,A
20220318,179,b_01,9,18,22.934,o2meter,constant,10,c_08,A
20220321,182,b_01,4,18,23.611,o2meter,constant,10,c_08,A
20220321,182,b_01,9,18,23.045,o2meter,constant,10,c_08,A
20220323,184,b_01,4,18,25.253,o2meter,constant,10,c_08,A
20220323,184,b_01,9,18,23.597,o2meter,constant,10,c_08,A
20220325,186,b_01,4,18,24.848,o2meter,constant,10,c_08,A
20220325,186,b_01,9,18,22.824,o2meter,constant,10,c_08,A
20220328,189,b_01,4,18,24.535,o2meter,constant,10,c_08,A
20220328,189,b_01,9,18,24.602,o2meter,constant,10,c_08,A
20220330,191,b_01,4,18,25.105,o2meter,constant,10,c_08,A
20220330,191,b_01,9,18,23.215,o2meter,constant,10,c_08,A
20220401,193,b_01,4,18,24.222,o2meter,constant,10,c_08,A
20220401,193,b_01,9,18,24.279,o2meter,constant,10,c_08,A
20220404,196,b_01,4,18,23.804,o2meter,constant,10,c_08,A
20220404,196,b_01,9,18,23.671,o2meter,constant,10,c_08,A
20220406,198,b_01,4,18,25.586,o2meter,constant,10,c_08,A
20220406,198,b_01,9,18,25.12,o2meter,constant,10,c_08,A
20220408,200,b_01,4,18,24.712,o2meter,constant,10,c_08,A
20220408,200,b_01,9,18,24.739,o2meter,constant,10,c_08,A
20220411,203,b_01,4,18,23.364,o2meter,constant,10,c_08,A
20220411,203,b_01,9,18,23.056,o2meter,constant,10,c_08,A
20220413,205,b_01,4,18,24.658,o2meter,constant,10,c_08,A
20220413,205,b_01,9,18,24.53,o2meter,constant,10,c_08,A
20220415,207,b_01,4,18,24.546,o2meter,constant,10,c_08,A
20220415,207,b_01,9,18,23.978,o2meter,constant,10,c_08,A
20220418,210,b_01,4,18,23.466,o2meter,constant,10,c_08,A
20220418,210,b_01,9,18,23.128,o2meter,constant,10,c_08,A
20220420,212,b_01,4,18,24.413,o2meter,constant,10,c_08,A
20220420,212,b_01,9,18,24.346,o2meter,constant,10,c_08,A
20220422,214,b_01,4,18,24.954,o2meter,constant,10,c_08,A
20220422,214,b_01,9,18,24.71,o2meter,constant,10,c_08,A
20220425,217,b_01,4,18,23.299,o2meter,constant,10,c_08,A
20220425,217,b_01,9,18,22.856,o2meter,constant,10,c_08,A
20220427,219,b_01,4,18,24.424,o2meter,constant,10,c_08,A
20220427,219,b_01,9,18,24.403,o2meter,constant,10,c_08,A
20220429,221,b_01,4,18,24.383,o2meter,constant,10,c_08,A
20220429,221,b_01,9,18,23.224,o2meter,constant,10,c_08,A
20220502,224,b_01,4,18,23.63,o2meter,constant,10,c_08,A
20220502,224,b_01,9,18,22.636,o2meter,constant,10,c_08,A
20220504,226,b_01,4,18,23.126,o2meter,constant,10,c_08,A
20220504,226,b_01,9,18,22.394,o2meter,constant,10,c_08,A
20220506,228,b_01,4,18,23.936,o2meter,constant,10,c_08,A
20220506,228,b_01,9,18,22.393,o2meter,constant,10,c_08,A
20220509,231,b_01,4,18,23.307,o2meter,constant,10,c_08,A
20220509,231,b_01,9,18,22.656,o2meter,constant,10,c_08,A
20220511,233,b_01,4,18,23.946,o2meter,constant,10,c_08,A
20220511,233,b_01,9,18,23.181,o2meter,constant,10,c_08,A
20220513,235,b_01,4,18,24.729,o2meter,constant,10,c_08,A
20220513,235,b_01,9,18,23.7,o2meter,constant,10,c_08,A
20220516,238,b_01,4,18,24.053,o2meter,constant,10,c_08,A
20220516,238,b_01,9,18,24.168,o2meter,constant,10,c_08,A
20220518,240,b_01,4,18,24.594,o2meter,constant,10,c_08,A
20220518,240,b_01,9,18,22.959,o2meter,constant,10,c_08,A
20220520,242,b_01,4,18,23.966,o2meter,constant,10,c_08,A
20220520,242,b_01,9,18,22.224,o2meter,constant,10,c_08,A
20220523,245,b_01,4,18,23.389,o2meter,constant,10,c_08,A
20220523,245,b_01,9,18,22.491,o2meter,constant,10,c_08,A
20220525,247,b_01,4,18,24.437,o2meter,constant,10,c_08,A
20220525,247,b_01,9,18,23.738,o2meter,constant,10,c_08,A
20220527,249,b_01,4,18,23.792,o2meter,constant,10,c_08,A
20220527,249,b_01,9,18,23.885,o2meter,constant,10,c_08,A
20220530,252,b_01,4,18,23.442,o2meter,constant,10,c_08,A
20220530,252,b_01,9,18,23.198,o2meter,constant,10,c_08,A
20220601,254,b_01,4,18,24.112,o2meter,constant,10,c_08,A
20220601,254,b_01,9,18,23.798,o2meter,constant,10,c_08,A
20220603,256,b_01,4,18,23.576,o2meter,constant,10,c_08,A
20220603,256,b_01,9,18,23.053,o2meter,constant,10,c_08,A
20220606,259,b_01,4,18,22.879,o2meter,constant,10,c_08,A
20220606,259,b_01,9,18,22.701,o2meter,constant,10,c_08,A
20220608,261,b_01,4,18,23.825,o2meter,constant,10,c_08,A
20220608,261,b_01,9,18,23.683,o2meter,constant,10,c_08,A
20220610,263,b_01,4,18,24.059,o2meter,constant,10,c_08,A
20220610,263,b_01,9,18,23.166,o2meter,constant,10,c_08,A
20220613,266,b_01,4,18,24.425,o2meter,constant,10,c_08,A
20220613,266,b_01,9,18,23.584,o2meter,constant,10,c_08,A
20220615,268,b_01,4,18,23.913,o2meter,constant,10,c_08,A
20220615,268,b_01,9,18,23.371,o2meter,constant,10,c_08,A
20220617,270,b_01,4,18,23.715,o2meter,constant,10,c_08,A
20220617,270,b_01,9,18,23.382,o2meter,constant,10,c_08,A
20220620,273,b_01,4,18,23.999,o2meter,constant,10,c_08,A
20220620,273,b_01,9,18,23.149,o2meter,constant,10,c_08,A
20220622,275,b_01,4,18,23.998,o2meter,constant,10,c_08,A
20220622,275,b_01,9,18,23.603,o2meter,constant,10,c_08,A
20220624,277,b_01,4,18,23.898,o2meter,constant,10,c_08,A
20220624,277,b_01,9,18,22.523,o2meter,constant,10,c_08,A
20220627,280,b_01,4,18,22.952,o2meter,constant,10,c_08,A
20220627,280,b_01,9,18,22.086,o2meter,constant,10,c_08,A
20220629,282,b_01,4,18,23.637,o2meter,constant,10,c_08,A
20220629,282,b_01,9,18,22.486,o2meter,constant,10,c_08,A
20220704,287,b_01,4,18,22.533,o2meter,constant,10,c_08,A
20220704,287,b_01,9,18,21.308,o2meter,constant,10,c_08,A
20210920,0,b_02,4,18,27.07,o2meter,constant,7,c_02,A
20210920,0,b_02,9,18,25.44,o2meter,constant,7,c_02,A
20210922,2,b_02,4,18,27.903,o2meter,constant,7,c_02,A
20210922,2,b_02,9,18,28.06,o2meter,constant,7,c_02,A
20210924,4,b_02,4,18,26.165,o2meter,constant,7,c_02,A
20210924,4,b_02,9,18,24.464,o2meter,constant,7,c_02,A
20210927,7,b_02,4,18,23.294,o2meter,constant,7,c_02,A
20210927,7,b_02,9,18,22.767,o2meter,constant,7,c_02,A
20210929,9,b_02,4,18,24.697,o2meter,constant,7,c_02,A
20210929,9,b_02,9,18,23.012,o2meter,constant,7,c_02,A
20211001,11,b_02,4,18,24.801,o2meter,constant,7,c_02,A
20211001,11,b_02,9,18,24.234,o2meter,constant,7,c_02,A
20211004,14,b_02,4,18,27.706,o2meter,constant,7,c_02,A
20211004,14,b_02,9,18,25.527,o2meter,constant,7,c_02,A
20211006,16,b_02,4,18,26.706,o2meter,constant,7,c_02,A
20211006,16,b_02,9,18,24.749,o2meter,constant,7,c_02,A
20211008,18,b_02,4,18,25.452,o2meter,constant,7,c_02,A
20211008,18,b_02,9,18,24.412,o2meter,constant,7,c_02,A
20211011,21,b_02,4,18,24.032,o2meter,constant,7,c_02,A
20211011,21,b_02,9,18,23.648,o2meter,constant,7,c_02,A
20211013,23,b_02,4,18,24.716,o2meter,constant,7,c_02,A
20211013,23,b_02,9,18,24.298,o2meter,constant,7,c_02,A
20211015,25,b_02,4,18,24.489,o2meter,constant,7,c_02,A
20211015,25,b_02,9,18,23.975,o2meter,constant,7,c_02,A
20211018,28,b_02,4,18,23.513,o2meter,constant,7,c_02,A
20211018,28,b_02,9,18,23.224,o2meter,constant,7,c_02,A
20211020,30,b_02,4,18,25.349,o2meter,constant,7,c_02,A
20211020,30,b_02,9,18,24.245,o2meter,constant,7,c_02,A
20211022,32,b_02,4,18,24.155,o2meter,constant,7,c_02,A
20211022,32,b_02,9,18,23.892,o2meter,constant,7,c_02,A
20211025,35,b_02,4,18,23.65,o2meter,constant,7,c_02,A
20211025,35,b_02,9,18,22.921,o2meter,constant,7,c_02,A
20211027,37,b_02,4,18,23.909,o2meter,constant,7,c_02,A
20211027,37,b_02,9,18,23.678,o2meter,constant,7,c_02,A
20211029,39,b_02,4,18,25.299,o2meter,constant,7,c_02,A
20211029,39,b_02,9,18,24.745,o2meter,constant,7,c_02,A
20211101,42,b_02,4,18,24.276,o2meter,constant,7,c_02,A
20211101,42,b_02,9,18,23.608,o2meter,constant,7,c_02,A
20211103,44,b_02,4,18,24.221,o2meter,constant,7,c_02,A
20211103,44,b_02,9,18,23.504,o2meter,constant,7,c_02,A
20211105,46,b_02,4,18,24.006,o2meter,constant,7,c_02,A
20211105,46,b_02,9,18,22.912,o2meter,constant,7,c_02,A
20211108,49,b_02,4,18,23.632,o2meter,constant,7,c_02,A
20211108,49,b_02,9,18,22.587,o2meter,constant,7,c_02,A
20211110,51,b_02,4,18,23.551,o2meter,constant,7,c_02,A
20211110,51,b_02,9,18,22.81,o2meter,constant,7,c_02,A
20211112,53,b_02,4,18,24.185,o2meter,constant,7,c_02,A
20211112,53,b_02,9,18,23.536,o2meter,constant,7,c_02,A
20211115,56,b_02,4,18,23.991,o2meter,constant,7,c_02,A
20211115,56,b_02,9,18,23.602,o2meter,constant,7,c_02,A
20211117,58,b_02,4,18,22.937,o2meter,constant,7,c_02,A
20211117,58,b_02,9,18,22.441,o2meter,constant,7,c_02,A
20211119,60,b_02,4,18,23.365,o2meter,constant,7,c_02,A
20211119,60,b_02,9,18,22.019,o2meter,constant,7,c_02,A
20211122,63,b_02,4,18,23.393,o2meter,constant,7,c_02,A
20211122,63,b_02,9,18,22.49,o2meter,constant,7,c_02,A
20211124,65,b_02,4,18,22.857,o2meter,constant,7,c_02,A
20211124,65,b_02,9,18,22.386,o2meter,constant,7,c_02,A
20211126,67,b_02,4,18,23.508,o2meter,constant,7,c_02,A
20211126,67,b_02,9,18,22.673,o2meter,constant,7,c_02,A
20211129,70,b_02,4,18,23.091,o2meter,constant,7,c_02,A
20211129,70,b_02,9,18,22.604,o2meter,constant,7,c_02,A
20211203,74,b_02,4,18,23.502,o2meter,constant,7,c_02,A
20211203,74,b_02,9,18,22.943,o2meter,constant,7,c_02,A
20211206,77,b_02,4,18,22.578,o2meter,constant,7,c_02,A
20211206,77,b_02,9,18,21.768,o2meter,constant,7,c_02,A
20211208,79,b_02,4,18,23.261,o2meter,constant,7,c_02,A
20211208,79,b_02,9,18,22.492,o2meter,constant,7,c_02,A
20211210,81,b_02,4,18,23.081,o2meter,constant,7,c_02,A
20211210,81,b_02,9,18,22.345,o2meter,constant,7,c_02,A
20211213,84,b_02,4,18,22.285,o2meter,constant,7,c_02,A
20211213,84,b_02,9,18,20.842,o2meter,constant,7,c_02,A
20211215,86,b_02,4,18,22.585,o2meter,constant,7,c_02,A
20211215,86,b_02,9,18,21.849,o2meter,constant,7,c_02,A
20211217,88,b_02,4,18,22.623,o2meter,constant,7,c_02,A
20211217,88,b_02,9,18,21.539,o2meter,constant,7,c_02,A
20211220,91,b_02,4,18,22.273,o2meter,constant,7,c_02,A
20211220,91,b_02,9,18,21.125,o2meter,constant,7,c_02,A
20211222,93,b_02,4,18,22.564,o2meter,constant,7,c_02,A
20211222,93,b_02,9,18,21.467,o2meter,constant,7,c_02,A
20211224,95,b_02,4,18,22.152,o2meter,constant,7,c_02,A
20211224,95,b_02,9,18,21.39,o2meter,constant,7,c_02,A
20211227,98,b_02,4,18,21.489,o2meter,constant,7,c_02,A
20211227,98,b_02,9,18,20.846,o2meter,constant,7,c_02,A
20211229,100,b_02,4,18,22.371,o2meter,constant,7,c_02,A
20211229,100,b_02,9,18,21.56,o2meter,constant,7,c_02,A
20211231,102,b_02,4,18,21.725,o2meter,constant,7,c_02,A
20211231,102,b_02,9,18,21.044,o2meter,constant,7,c_02,A
20220103,105,b_02,4,18,21.441,o2meter,constant,7,c_02,A
20220103,105,b_02,9,18,20.883,o2meter,constant,7,c_02,A
20220105,107,b_02,4,18,21.644,o2meter,constant,7,c_02,A
20220105,107,b_02,9,18,20.889,o2meter,constant,7,c_02,A
20220107,109,b_02,4,18,22.467,o2meter,constant,7,c_02,A
20220107,109,b_02,9,18,21.371,o2meter,constant,7,c_02,A
20220110,112,b_02,4,18,21.507,o2meter,constant,7,c_02,A
20220110,112,b_02,9,18,20.669,o2meter,constant,7,c_02,A
20220112,114,b_02,4,18,21.94,o2meter,constant,7,c_02,A
20220112,114,b_02,9,18,20.975,o2meter,constant,7,c_02,A
20220114,116,b_02,4,18,22.531,o2meter,constant,7,c_02,A
20220114,116,b_02,9,18,21.967,o2meter,constant,7,c_02,A
20220117,119,b_02,4,18,22.677,o2meter,constant,7,c_02,A
20220117,119,b_02,9,18,20.877,o2meter,constant,7,c_02,A
20220119,121,b_02,4,18,22.133,o2meter,constant,7,c_02,A
20220119,121,b_02,9,18,21.355,o2meter,constant,7,c_02,A
20220121,123,b_02,4,18,21.812,o2meter,constant,7,c_02,A
20220121,123,b_02,9,18,20.563,o2meter,constant,7,c_02,A
20220124,126,b_02,4,18,21.556,o2meter,constant,7,c_02,A
20220124,126,b_02,9,18,20.543,o2meter,constant,7,c_02,A
20220126,128,b_02,4,18,22.163,o2meter,constant,7,c_02,A
20220126,128,b_02,9,18,20.878,o2meter,constant,7,c_02,A
20220128,130,b_02,4,18,21.997,o2meter,constant,7,c_02,A
20220128,130,b_02,9,18,20.819,o2meter,constant,7,c_02,A
20220131,133,b_02,4,18,22.271,o2meter,constant,7,c_02,A
20220131,133,b_02,9,18,21.258,o2meter,constant,7,c_02,A
20220202,135,b_02,4,18,22.235,o2meter,constant,7,c_02,A
20220202,135,b_02,9,18,21.362,o2meter,constant,7,c_02,A
20220204,137,b_02,4,18,22.411,o2meter,constant,7,c_02,A
20220204,137,b_02,9,18,21.666,o2meter,constant,7,c_02,A
20220207,140,b_02,4,18,21.94,o2meter,constant,7,c_02,A
20220207,140,b_02,9,18,20.898,o2meter,constant,7,c_02,A
20220209,142,b_02,4,18,22.872,o2meter,constant,7,c_02,A
20220209,142,b_02,9,18,21.688,o2meter,constant,7,c_02,A
20220211,144,b_02,4,18,22.549,o2meter,constant,7,c_02,A
20220211,144,b_02,9,18,21.308,o2meter,constant,7,c_02,A
20220214,147,b_02,4,18,22.56,o2meter,constant,7,c_02,A
20220214,147,b_02,9,18,21.368,o2meter,constant,7,c_02,A
20220216,149,b_02,4,18,23.89,o2meter,constant,7,c_02,A
20220216,149,b_02,9,18,22.17,o2meter,constant,7,c_02,A
20220218,151,b_02,4,18,22.855,o2meter,constant,7,c_02,A
20220218,151,b_02,9,18,21.961,o2meter,constant,7,c_02,A
20220221,154,b_02,4,18,23.493,o2meter,constant,7,c_02,A
20220221,154,b_02,9,18,22.491,o2meter,constant,7,c_02,A
20220223,156,b_02,4,18,24.753,o2meter,constant,7,c_02,A
20220223,156,b_02,9,18,23.687,o2meter,constant,7,c_02,A
20220225,158,b_02,4,18,24.815,o2meter,constant,7,c_02,A
20220225,158,b_02,9,18,22.993,o2meter,constant,7,c_02,A
20220228,161,b_02,4,18,24.275,o2meter,constant,7,c_02,A
20220228,161,b_02,9,18,22.586,o2meter,constant,7,c_02,A
20220302,163,b_02,4,18,24.723,o2meter,constant,7,c_02,A
20220302,163,b_02,9,18,23.035,o2meter,constant,7,c_02,A
20220304,165,b_02,4,18,26.37,o2meter,constant,7,c_02,A
20220304,165,b_02,9,18,23.999,o2meter,constant,7,c_02,A
20220307,168,b_02,4,18,25.374,o2meter,constant,7,c_02,A
20220307,168,b_02,9,18,23.914,o2meter,constant,7,c_02,A
20220309,170,b_02,4,18,24.93,o2meter,constant,7,c_02,A
20220309,170,b_02,9,18,23.253,o2meter,constant,7,c_02,A
20220311,172,b_02,4,18,24.937,o2meter,constant,7,c_02,A
20220311,172,b_02,9,18,22.9,o2meter,constant,7,c_02,A
20220314,175,b_02,4,18,23.624,o2meter,constant,7,c_02,A
20220314,175,b_02,9,18,22.785,o2meter,constant,7,c_02,A
20220316,177,b_02,4,18,25.053,o2meter,constant,7,c_02,A
20220316,177,b_02,9,18,23.402,o2meter,constant,7,c_02,A
20220318,179,b_02,4,18,25.299,o2meter,constant,7,c_02,A
20220318,179,b_02,9,18,23.985,o2meter,constant,7,c_02,A
20220321,182,b_02,4,18,23.653,o2meter,constant,7,c_02,A
20220321,182,b_02,9,18,23.355,o2meter,constant,7,c_02,A
20220323,184,b_02,4,18,24.731,o2meter,constant,7,c_02,A
20220323,184,b_02,9,18,24.271,o2meter,constant,7,c_02,A
20220325,186,b_02,4,18,24.533,o2meter,constant,7,c_02,A
20220325,186,b_02,9,18,24.186,o2meter,constant,7,c_02,A
20220328,189,b_02,4,18,24.284,o2meter,constant,7,c_02,A
20220328,189,b_02,9,18,23.955,o2meter,constant,7,c_02,A
20220330,191,b_02,4,18,24.721,o2meter,constant,7,c_02,A
20220330,191,b_02,9,18,24.43,o2meter,constant,7,c_02,A
20220401,193,b_02,4,18,24.17,o2meter,constant,7,c_02,A
20220401,193,b_02,9,18,23.659,o2meter,constant,7,c_02,A
20220404,196,b_02,4,18,23.129,o2meter,constant,7,c_02,A
20220404,196,b_02,9,18,22.773,o2meter,constant,7,c_02,A
20220406,198,b_02,4,18,24.474,o2meter,constant,7,c_02,A
20220406,198,b_02,9,18,24.137,o2meter,constant,7,c_02,A
20220408,200,b_02,4,18,23.38,o2meter,constant,7,c_02,A
20220408,200,b_02,9,18,23.335,o2meter,constant,7,c_02,A
20220411,203,b_02,4,18,23.072,o2meter,constant,7,c_02,A
20220411,203,b_02,9,18,22.891,o2meter,constant,7,c_02,A
20220413,205,b_02,4,18,24.189,o2meter,constant,7,c_02,A
20220413,205,b_02,9,18,23.418,o2meter,constant,7,c_02,A
20220415,207,b_02,4,18,23.17,o2meter,constant,7,c_02,A
20220415,207,b_02,9,18,22.229,o2meter,constant,7,c_02,A
20220418,210,b_02,4,18,22.612,o2meter,constant,7,c_02,A
20220418,210,b_02,9,18,21.449,o2meter,constant,7,c_02,A
20220420,212,b_02,4,18,23.084,o2meter,constant,7,c_02,A
20220420,212,b_02,9,18,21.745,o2meter,constant,7,c_02,A
20220422,214,b_02,4,18,22.855,o2meter,constant,7,c_02,A
20220422,214,b_02,9,18,21.786,o2meter,constant,7,c_02,A
20220425,217,b_02,4,18,22.623,o2meter,constant,7,c_02,A
20220425,217,b_02,9,18,21.893,o2meter,constant,7,c_02,A
20220427,219,b_02,4,18,22.682,o2meter,constant,7,c_02,A
20220427,219,b_02,9,18,22.124,o2meter,constant,7,c_02,A
20220429,221,b_02,4,18,24.148,o2meter,constant,7,c_02,A
20220429,221,b_02,9,18,23.326,o2meter,constant,7,c_02,A
20220502,224,b_02,4,18,23.324,o2meter,constant,7,c_02,A
20220502,224,b_02,9,18,21.421,o2meter,constant,7,c_02,A
20220504,226,b_02,4,18,24.105,o2meter,constant,7,c_02,A
20220504,226,b_02,9,18,22.793,o2meter,constant,7,c_02,A
20220506,228,b_02,4,18,22.92,o2meter,constant,7,c_02,A
20220506,228,b_02,9,18,21.032,o2meter,constant,7,c_02,A
20220509,231,b_02,4,18,22.751,o2meter,constant,7,c_02,A
20220509,231,b_02,9,18,22.226,o2meter,constant,7,c_02,A
20220511,233,b_02,4,18,23.806,o2meter,constant,7,c_02,A
20220511,233,b_02,9,18,22.746,o2meter,constant,7,c_02,A
20220513,235,b_02,4,18,23.622,o2meter,constant,7,c_02,A
20220513,235,b_02,9,18,23.086,o2meter,constant,7,c_02,A
20220516,238,b_02,4,18,20.937,o2meter,constant,7,c_02,A
20220516,238,b_02,9,18,20.936,o2meter,constant,7,c_02,A
20220518,240,b_02,4,18,23.68,o2meter,constant,7,c_02,A
20220518,240,b_02,9,18,23.043,o2meter,constant,7,c_02,A
20220520,242,b_02,4,18,23.081,o2meter,constant,7,c_02,A
20220520,242,b_02,9,18,22.683,o2meter,constant,7,c_02,A
20220523,245,b_02,4,18,22.557,o2meter,constant,7,c_02,A
20220523,245,b_02,9,18,22.44,o2meter,constant,7,c_02,A
20220525,247,b_02,4,18,23.389,o2meter,constant,7,c_02,A
20220525,247,b_02,9,18,23.099,o2meter,constant,7,c_02,A
20220527,249,b_02,4,18,23.493,o2meter,constant,7,c_02,A
20220527,249,b_02,9,18,22.906,o2meter,constant,7,c_02,A
20220530,252,b_02,4,18,23.216,o2meter,constant,7,c_02,A
20220530,252,b_02,9,18,22.081,o2meter,constant,7,c_02,A
20220601,254,b_02,4,18,23.465,o2meter,constant,7,c_02,A
20220601,254,b_02,9,18,22.464,o2meter,constant,7,c_02,A
20220603,256,b_02,4,18,23.76,o2meter,constant,7,c_02,A
20220603,256,b_02,9,18,22.828,o2meter,constant,7,c_02,A
20220606,259,b_02,4,18,22.806,o2meter,constant,7,c_02,A
20220606,259,b_02,9,18,21.464,o2meter,constant,7,c_02,A
20220608,261,b_02,4,18,23.877,o2meter,constant,7,c_02,A
20220608,261,b_02,9,18,23.029,o2meter,constant,7,c_02,A
20220610,263,b_02,4,18,22.941,o2meter,constant,7,c_02,A
20220610,263,b_02,9,18,21.704,o2meter,constant,7,c_02,A
20220613,266,b_02,4,18,22.914,o2meter,constant,7,c_02,A
20220613,266,b_02,9,18,21.941,o2meter,constant,7,c_02,A
20220615,268,b_02,4,18,23.124,o2meter,constant,7,c_02,A
20220615,268,b_02,9,18,22.77,o2meter,constant,7,c_02,A
20220617,270,b_02,4,18,22.347,o2meter,constant,7,c_02,A
20220617,270,b_02,9,18,21.062,o2meter,constant,7,c_02,A
20220620,273,b_02,4,18,22.686,o2meter,constant,7,c_02,A
20220620,273,b_02,9,18,21.407,o2meter,constant,7,c_02,A
20220622,275,b_02,4,18,22.667,o2meter,constant,7,c_02,A
20220622,275,b_02,9,18,21.67,o2meter,constant,7,c_02,A
20220624,277,b_02,4,18,22.848,o2meter,constant,7,c_02,A
20220624,277,b_02,9,18,21.963,o2meter,constant,7,c_02,A
20220627,280,b_02,4,18,22.808,o2meter,constant,7,c_02,A
20220627,280,b_02,9,18,22.01,o2meter,constant,7,c_02,A
20220629,282,b_02,4,18,23.38,o2meter,constant,7,c_02,A
20220629,282,b_02,9,18,22.389,o2meter,constant,7,c_02,A
20220704,287,b_02,4,18,22.349,o2meter,constant,7,c_02,A
20220704,287,b_02,9,18,21.731,o2meter,constant,7,c_02,A
20210920,0,b_03,4,18,26.287,o2meter,constant,14,c_11,A
20210920,0,b_03,9,18,25.443,o2meter,constant,14,c_11,A
20210922,2,b_03,4,18,25.852,o2meter,constant,14,c_11,A
20210922,2,b_03,9,18,24.394,o2meter,constant,14,c_11,A
20210924,4,b_03,4,18,25.656,o2meter,constant,14,c_11,A
20210924,4,b_03,9,18,24.442,o2meter,constant,14,c_11,A
20210927,7,b_03,4,18,25.508,o2meter,constant,14,c_11,A
20210927,7,b_03,9,18,25.318,o2meter,constant,14,c_11,A
20210929,9,b_03,4,18,26.045,o2meter,constant,14,c_11,A
20210929,9,b_03,9,18,25.489,o2meter,constant,14,c_11,A
20211001,11,b_03,4,18,25.251,o2meter,constant,14,c_11,A
20211001,11,b_03,9,18,24.543,o2meter,constant,14,c_11,A
20211004,14,b_03,4,18,27.301,o2meter,constant,14,c_11,A
20211004,14,b_03,9,18,27.075,o2meter,constant,14,c_11,A
20211006,16,b_03,4,18,26.979,o2meter,constant,14,c_11,A
20211006,16,b_03,9,18,26.133,o2meter,constant,14,c_11,A
20211008,18,b_03,4,18,26.388,o2meter,constant,14,c_11,A
20211008,18,b_03,9,18,25.366,o2meter,constant,14,c_11,A
20211011,21,b_03,4,18,24.402,o2meter,constant,14,c_11,A
20211011,21,b_03,9,18,24.045,o2meter,constant,14,c_11,A
20211013,23,b_03,4,18,24.414,o2meter,constant,14,c_11,A
20211013,23,b_03,9,18,24.084,o2meter,constant,14,c_11,A
20211015,25,b_03,4,18,24.507,o2meter,constant,14,c_11,A
20211015,25,b_03,9,18,22.895,o2meter,constant,14,c_11,A
20211018,28,b_03,4,18,24.118,o2meter,constant,14,c_11,A
20211018,28,b_03,9,18,22.421,o2meter,constant,14,c_11,A
20211020,30,b_03,4,18,25.556,o2meter,constant,14,c_11,A
20211020,30,b_03,9,18,23.725,o2meter,constant,14,c_11,A
20211022,32,b_03,4,18,24.478,o2meter,constant,14,c_11,A
20211022,32,b_03,9,18,23.169,o2meter,constant,14,c_11,A
20211025,35,b_03,4,18,23.737,o2meter,constant,14,c_11,A
20211025,35,b_03,9,18,22.215,o2meter,constant,14,c_11,A
20211027,37,b_03,4,18,24.006,o2meter,constant,14,c_11,A
20211027,37,b_03,9,18,23.344,o2meter,constant,14,c_11,A
20211029,39,b_03,4,18,25.102,o2meter,constant,14,c_11,A
20211029,39,b_03,9,18,23.819,o2meter,constant,14,c_11,A
20211101,42,b_03,4,18,24.879,o2meter,constant,14,c_11,A
20211101,42,b_03,9,18,23.818,o2meter,constant,14,c_11,A
20211103,44,b_03,4,18,25.839,o2meter,constant,14,c_11,A
20211103,44,b_03,9,18,23.945,o2meter,constant,14,c_11,A
20211105,46,b_03,4,18,24.437,o2meter,constant,14,c_11,A
20211105,46,b_03,9,18,22.775,o2meter,constant,14,c_11,A
20211108,49,b_03,4,18,23.758,o2meter,constant,14,c_11,A
20211108,49,b_03,9,18,21.735,o2meter,constant,14,c_11,A
20211110,51,b_03,4,18,24.647,o2meter,constant,14,c_11,A
20211110,51,b_03,9,18,22.911,o2meter,constant,14,c_11,A
20211112,53,b_03,4,18,25.712,o2meter,constant,14,c_11,A
20211112,53,b_03,9,18,24.295,o2meter,constant,14,c_11,A
20211115,56,b_03,4,18,25.089,o2meter,constant,14,c_11,A
20211115,56,b_03,9,18,23.602,o2meter,constant,14,c_11,A
20211117,58,b_03,4,18,25.877,o2meter,constant,14,c_11,A
20211117,58,b_03,9,18,24.914,o2meter,constant,14,c_11,A
20211119,60,b_03,4,18,25.464,o2meter,constant,14,c_11,A
20211119,60,b_03,9,18,23.494,o2meter,constant,14,c_11,A
20211122,63,b_03,4,18,25.829,o2meter,constant,14,c_11,A
20211122,63,b_03,9,18,23.354,o2meter,constant,14,c_11,A
20211124,65,b_03,4,18,25.648,o2meter,constant,14,c_11,A
20211124,65,b_03,9,18,23.809,o2meter,constant,14,c_11,A
20211126,67,b_03,4,18,25.168,o2meter,constant,14,c_11,A
20211126,67,b_03,9,18,23.803,o2meter,constant,14,c_11,A
20211129,70,b_03,4,18,24.844,o2meter,constant,14,c_11,A
20211129,70,b_03,9,18,23.168,o2meter,constant,14,c_11,A
20211203,74,b_03,4,18,25.359,o2meter,constant,14,c_11,A
20211203,74,b_03,9,18,25.098,o2meter,constant,14,c_11,A
20211206,77,b_03,4,18,24.563,o2meter,constant,14,c_11,A
20211206,77,b_03,9,18,23.86,o2meter,constant,14,c_11,A
20211208,79,b_03,4,18,25.088,o2meter,constant,14,c_11,A
20211208,79,b_03,9,18,23.978,o2meter,constant,14,c_11,A
20211210,81,b_03,4,18,24.648,o2meter,constant,14,c_11,A
20211210,81,b_03,9,18,23.117,o2meter,constant,14,c_11,A
20211213,84,b_03,4,18,23.182,o2meter,constant,14,c_11,A
20211213,84,b_03,9,18,22.062,o2meter,constant,14,c_11,A
20211215,86,b_03,4,18,24.439,o2meter,constant,14,c_11,A
20211215,86,b_03,9,18,23.043,o2meter,constant,14,c_11,A
20211217,88,b_03,4,18,24.063,o2meter,constant,14,c_11,A
20211217,88,b_03,9,18,22.724,o2meter,constant,14,c_11,A
20211220,91,b_03,4,18,23.73,o2meter,constant,14,c_11,A
20211220,91,b_03,9,18,22.206,o2meter,constant,14,c_11,A
20211222,93,b_03,4,18,24.707,o2meter,constant,14,c_11,A
20211222,93,b_03,9,18,23.586,o2meter,constant,14,c_11,A
20211224,95,b_03,4,18,25.462,o2meter,constant,14,c_11,A
20211224,95,b_03,9,18,22.674,o2meter,constant,14,c_11,A
20211227,98,b_03,4,18,24.978,o2meter,constant,14,c_11,A
20211227,98,b_03,9,18,22.737,o2meter,constant,14,c_11,A
20211229,100,b_03,4,18,26.878,o2meter,constant,14,c_11,A
20211229,100,b_03,9,18,25.964,o2meter,constant,14,c_11,A
20211231,102,b_03,4,18,25.214,o2meter,constant,14,c_11,A
20211231,102,b_03,9,18,22.424,o2meter,constant,14,c_11,A
20220103,105,b_03,4,18,25.025,o2meter,constant,14,c_11,A
20220103,105,b_03,9,18,22.39,o2meter,constant,14,c_11,A
20220105,107,b_03,4,18,25.703,o2meter,constant,14,c_11,A
20220105,107,b_03,9,18,23.779,o2meter,constant,14,c_11,A
20220107,109,b_03,4,18,25.753,o2meter,constant,14,c_11,A
20220107,109,b_03,9,18,25.476,o2meter,constant,14,c_11,A
20220110,112,b_03,4,18,24.57,o2meter,constant,14,c_11,A
20220110,112,b_03,9,18,23.841,o2meter,constant,14,c_11,A
20220112,114,b_03,4,18,25.311,o2meter,constant,14,c_11,A
20220112,114,b_03,9,18,23.681,o2meter,constant,14,c_11,A
20220114,116,b_03,4,18,26.11,o2meter,constant,14,c_11,A
20220114,116,b_03,9,18,25.474,o2meter,constant,14,c_11,A
20220117,119,b_03,4,18,24.811,o2meter,constant,14,c_11,A
20220117,119,b_03,9,18,23.941,o2meter,constant,14,c_11,A
20220119,121,b_03,4,18,25.803,o2meter,constant,14,c_11,A
20220119,121,b_03,9,18,25.179,o2meter,constant,14,c_11,A
20220121,123,b_03,4,18,24.949,o2meter,constant,14,c_11,A
20220121,123,b_03,9,18,23.27,o2meter,constant,14,c_11,A
20220124,126,b_03,4,18,24.569,o2meter,constant,14,c_11,A
20220124,126,b_03,9,18,23.773,o2meter,constant,14,c_11,A
20220126,128,b_03,4,18,25.366,o2meter,constant,14,c_11,A
20220126,128,b_03,9,18,24.38,o2meter,constant,14,c_11,A
20220128,130,b_03,4,18,25.381,o2meter,constant,14,c_11,A
20220128,130,b_03,9,18,24.152,o2meter,constant,14,c_11,A
20220131,133,b_03,4,18,24.998,o2meter,constant,14,c_11,A
20220131,133,b_03,9,18,23.393,o2meter,constant,14,c_11,A
20220202,135,b_03,4,18,25.115,o2meter,constant,14,c_11,A
20220202,135,b_03,9,18,24.714,o2meter,constant,14,c_11,A
20220204,137,b_03,4,18,24.302,o2meter,constant,14,c_11,A
20220204,137,b_03,9,18,21.953,o2meter,constant,14,c_11,A
20220207,140,b_03,4,18,23.082,o2meter,constant,14,c_11,A
20220207,140,b_03,9,18,21.655,o2meter,constant,14,c_11,A
20220209,142,b_03,4,18,24.252,o2meter,constant,14,c_11,A
20220209,142,b_03,9,18,22.076,o2meter,constant,14,c_11,A
20220211,144,b_03,4,18,23.879,o2meter,constant,14,c_11,A
20220211,144,b_03,9,18,21.961,o2meter,constant,14,c_11,A
20220214,147,b_03,4,18,23.763,o2meter,constant,14,c_11,A
20220214,147,b_03,9,18,22.331,o2meter,constant,14,c_11,A
20220216,149,b_03,4,18,24.371,o2meter,constant,14,c_11,A
20220216,149,b_03,9,18,22.783,o2meter,constant,14,c_11,A
20220218,151,b_03,4,18,25.904,o2meter,constant,14,c_11,A
20220218,151,b_03,9,18,24.534,o2meter,constant,14,c_11,A
20220221,154,b_03,4,18,24.024,o2meter,constant,14,c_11,A
20220221,154,b_03,9,18,22.898,o2meter,constant,14,c_11,A
20220223,156,b_03,4,18,24.858,o2meter,constant,14,c_11,A
20220223,156,b_03,9,18,22.66,o2meter,constant,14,c_11,A
20220225,158,b_03,4,18,24.631,o2meter,constant,14,c_11,A
20220225,158,b_03,9,18,21.738,o2meter,constant,14,c_11,A
20220228,161,b_03,4,18,24.95,o2meter,constant,14,c_11,A
20220228,161,b_03,9,18,23.95,o2meter,constant,14,c_11,A
20220302,163,b_03,4,18,25.071,o2meter,constant,14,c_11,A
20220302,163,b_03,9,18,22.821,o2meter,constant,14,c_11,A
20220304,165,b_03,4,18,25.775,o2meter,constant,14,c_11,A
20220304,165,b_03,9,18,25.181,o2meter,constant,14,c_11,A
20220307,168,b_03,4,18,24.599,o2meter,constant,14,c_11,A
20220307,168,b_03,9,18,24.117,o2meter,constant,14,c_11,A
20220309,170,b_03,4,18,25.162,o2meter,constant,14,c_11,A
20220309,170,b_03,9,18,24.617,o2meter,constant,14,c_11,A
20220311,172,b_03,4,18,25.396,o2meter,constant,14,c_11,A
20220311,172,b_03,9,18,25.095,o2meter,constant,14,c_11,A
20220314,175,b_03,4,18,24.664,o2meter,constant,14,c_11,A
20220314,175,b_03,9,18,24.5,o2meter,constant,14,c_11,A
20220316,177,b_03,4,18,25.927,o2meter,constant,14,c_11,A
20220316,177,b_03,9,18,25.618,o2meter,constant,14,c_11,A
20220318,179,b_03,4,18,24.859,o2meter,constant,14,c_11,A
20220318,179,b_03,9,18,24.388,o2meter,constant,14,c_11,A
20220321,182,b_03,4,18,23.982,o2meter,constant,14,c_11,A
20220321,182,b_03,9,18,23.687,o2meter,constant,14,c_11,A
20220323,184,b_03,4,18,24.988,o2meter,constant,14,c_11,A
20220323,184,b_03,9,18,24.523,o2meter,constant,14,c_11,A
20220325,186,b_03,4,18,24.714,o2meter,constant,14,c_11,A
20220325,186,b_03,9,18,23.731,o2meter,constant,14,c_11,A
20220328,189,b_03,4,18,24.499,o2meter,constant,14,c_11,A
20220328,189,b_03,9,18,24.114,o2meter,constant,14,c_11,A
20220330,191,b_03,4,18,24.703,o2meter,constant,14,c_11,A
20220330,191,b_03,9,18,23.837,o2meter,constant,14,c_11,A
20220401,193,b_03,4,18,24.156,o2meter,constant,14,c_11,A
20220401,193,b_03,9,18,22.825,o2meter,constant,14,c_11,A
20220404,196,b_03,4,18,23.658,o2meter,constant,14,c_11,A
20220404,196,b_03,9,18,22.212,o2meter,constant,14,c_11,A
20220406,198,b_03,4,18,24.882,o2meter,constant,14,c_11,A
20220406,198,b_03,9,18,23.235,o2meter,constant,14,c_11,A
20220408,200,b_03,4,18,23.828,o2meter,constant,14,c_11,A
20220408,200,b_03,9,18,22.452,o2meter,constant,14,c_11,A
20220411,203,b_03,4,18,23.415,o2meter,constant,14,c_11,A
20220411,203,b_03,9,18,22.083,o2meter,constant,14,c_11,A
20220413,205,b_03,4,18,24.398,o2meter,constant,14,c_11,A
20220413,205,b_03,9,18,22.874,o2meter,constant,14,c_11,A
20220415,207,b_03,4,18,24.706,o2meter,constant,14,c_11,A
20220415,207,b_03,9,18,21.807,o2meter,constant,14,c_11,A
20220418,210,b_03,4,18,23.672,o2meter,constant,14,c_11,A
20220418,210,b_03,9,18,21.592,o2meter,constant,14,c_11,A
20220420,212,b_03,4,18,24.82,o2meter,constant,14,c_11,A
20220420,212,b_03,9,18,23.43,o2meter,constant,14,c_11,A
20220422,214,b_03,4,18,25.317,o2meter,constant,14,c_11,A
20220422,214,b_03,9,18,23.172,o2meter,constant,14,c_11,A
20220425,217,b_03,4,18,24.682,o2meter,constant,14,c_11,A
20220425,217,b_03,9,18,23.779,o2meter,constant,14,c_11,A
20220427,219,b_03,4,18,25.697,o2meter,constant,14,c_11,A
20220427,219,b_03,9,18,24.284,o2meter,constant,14,c_11,A
20220429,221,b_03,4,18,24.755,o2meter,constant,14,c_11,A
20220429,221,b_03,9,18,24.002,o2meter,constant,14,c_11,A
20220502,224,b_03,4,18,23.879,o2meter,constant,14,c_11,A
20220502,224,b_03,9,18,23.574,o2meter,constant,14,c_11,A
20220504,226,b_03,4,18,23.762,o2meter,constant,14,c_11,A
20220504,226,b_03,9,18,23.492,o2meter,constant,14,c_11,A
20220506,228,b_03,4,18,24.481,o2meter,constant,14,c_11,A
20220506,228,b_03,9,18,23.962,o2meter,constant,14,c_11,A
20220509,231,b_03,4,18,23.894,o2meter,constant,14,c_11,A
20220509,231,b_03,9,18,23.471,o2meter,constant,14,c_11,A
20220511,233,b_03,4,18,24.168,o2meter,constant,14,c_11,A
20220511,233,b_03,9,18,23.793,o2meter,constant,14,c_11,A
20220513,235,b_03,4,18,24.624,o2meter,constant,14,c_11,A
20220513,235,b_03,9,18,23.861,o2meter,constant,14,c_11,A
20220516,238,b_03,4,18,22.984,o2meter,constant,14,c_11,A
20220516,238,b_03,9,18,22.896,o2meter,constant,14,c_11,A
20220518,240,b_03,4,18,24.526,o2meter,constant,14,c_11,A
20220518,240,b_03,9,18,23.578,o2meter,constant,14,c_11,A
20220520,242,b_03,4,18,24.401,o2meter,constant,14,c_11,A
20220520,242,b_03,9,18,23.813,o2meter,constant,14,c_11,A
20220523,245,b_03,4,18,23.472,o2meter,constant,14,c_11,A
20220523,245,b_03,9,18,22.132,o2meter,constant,14,c_11,A
20220525,247,b_03,4,18,23.574,o2meter,constant,14,c_11,A
20220525,247,b_03,9,18,22.237,o2meter,constant,14,c_11,A
20220527,249,b_03,4,18,23.58,o2meter,constant,14,c_11,A
20220527,249,b_03,9,18,22.274,o2meter,constant,14,c_11,A
20220530,252,b_03,4,18,23.061,o2meter,constant,14,c_11,A
20220530,252,b_03,9,18,22.028,o2meter,constant,14,c_11,A
20220601,254,b_03,4,18,23.999,o2meter,constant,14,c_11,A
20220601,254,b_03,9,18,22.609,o2meter,constant,14,c_11,A
20220603,256,b_03,4,18,23.568,o2meter,constant,14,c_11,A
20220603,256,b_03,9,18,22.107,o2meter,constant,14,c_11,A
20220606,259,b_03,4,18,22.822,o2meter,constant,14,c_11,A
20220606,259,b_03,9,18,22.393,o2meter,constant,14,c_11,A
20220608,261,b_03,4,18,23.241,o2meter,constant,14,c_11,A
20220608,261,b_03,9,18,22.029,o2meter,constant,14,c_11,A
20220610,263,b_03,4,18,23.561,o2meter,constant,14,c_11,A
20220610,263,b_03,9,18,21.586,o2meter,constant,14,c_11,A
20220613,266,b_03,4,18,24.142,o2meter,constant,14,c_11,A
20220613,266,b_03,9,18,23.19,o2meter,constant,14,c_11,A
20220615,268,b_03,4,18,25.148,o2meter,constant,14,c_11,A
20220615,268,b_03,9,18,23.609,o2meter,constant,14,c_11,A
20220617,270,b_03,4,18,24.285,o2meter,constant,14,c_11,A
20220617,270,b_03,9,18,21.891,o2meter,constant,14,c_11,A
20220620,273,b_03,4,18,24.437,o2meter,constant,14,c_11,A
20220620,273,b_03,9,18,22.907,o2meter,constant,14,c_11,A
20220622,275,b_03,4,18,24.605,o2meter,constant,14,c_11,A
20220622,275,b_03,9,18,22.694,o2meter,constant,14,c_11,A
20220624,277,b_03,4,18,24.223,o2meter,constant,14,c_11,A
20220624,277,b_03,9,18,23.96,o2meter,constant,14,c_11,A
20220627,280,b_03,4,18,23.748,o2meter,constant,14,c_11,A
20220627,280,b_03,9,18,23.102,o2meter,constant,14,c_11,A
20220629,282,b_03,4,18,24.42,o2meter,constant,14,c_11,A
20220629,282,b_03,9,18,23.722,o2meter,constant,14,c_11,A
20220704,287,b_03,4,18,23.451,o2meter,constant,14,c_11,A
20220704,287,b_03,9,18,22.614,o2meter,constant,14,c_11,A
20210920,0,b_04,4,18,28.085,o2meter,constant,7,c_05,A
20210920,0,b_04,9,18,28.218,o2meter,constant,7,c_05,A
20210922,2,b_04,4,18,25.307,o2meter,constant,7,c_05,A
20210922,2,b_04,9,18,26.121,o2meter,constant,7,c_05,A
20210924,4,b_04,4,18,24.558,o2meter,constant,7,c_05,A
20210924,4,b_04,9,18,24.459,o2meter,constant,7,c_05,A
20210927,7,b_04,4,18,23.731,o2meter,constant,7,c_05,A
20210927,7,b_04,9,18,23.963,o2meter,constant,7,c_05,A
20210929,9,b_04,4,18,24.117,o2meter,constant,7,c_05,A
20210929,9,b_04,9,18,24.362,o2meter,constant,7,c_05,A
20211001,11,b_04,4,18,23.558,o2meter,constant,7,c_05,A
20211001,11,b_04,9,18,23.17,o2meter,constant,7,c_05,A
20211004,14,b_04,4,18,25.821,o2meter,constant,7,c_05,A
20211004,14,b_04,9,18,24.075,o2meter,constant,7,c_05,A
20211006,16,b_04,4,18,23.987,o2meter,constant,7,c_05,A
20211006,16,b_04,9,18,22.984,o2meter,constant,7,c_05,A
20211008,18,b_04,4,18,23.367,o2meter,constant,7,c_05,A
20211008,18,b_04,9,18,23.347,o2meter,constant,7,c_05,A
20211011,21,b_04,4,18,22.207,o2meter,constant,7,c_05,A
20211011,21,b_04,9,18,22.245,o2meter,constant,7,c_05,A
20211013,23,b_04,4,18,22.561,o2meter,constant,7,c_05,A
20211013,23,b_04,9,18,22.647,o2meter,constant,7,c_05,A
20211015,25,b_04,4,18,23.985,o2meter,constant,7,c_05,A
20211015,25,b_04,9,18,23.118,o2meter,constant,7,c_05,A
20211018,28,b_04,4,18,23.801,o2meter,constant,7,c_05,A
20211018,28,b_04,9,18,24.373,o2meter,constant,7,c_05,A
20211020,30,b_04,4,18,24.935,o2meter,constant,7,c_05,A
20211020,30,b_04,9,18,23.503,o2meter,constant,7,c_05,A
20211022,32,b_04,4,18,23.264,o2meter,constant,7,c_05,A
20211022,32,b_04,9,18,24.251,o2meter,constant,7,c_05,A
20211025,35,b_04,4,18,23.7,o2meter,constant,7,c_05,A
20211025,35,b_04,9,18,22.585,o2meter,constant,7,c_05,A
20211027,37,b_04,4,18,24.001,o2meter,constant,7,c_05,A
20211027,37,b_04,9,18,23.163,o2meter,constant,7,c_05,A
20211029,39,b_04,4,18,24.679,o2meter,constant,7,c_05,A
20211029,39,b_04,9,18,24.121,o2meter,constant,7,c_05,A
20211101,42,b_04,4,18,25.194,o2meter,constant,7,c_05,A
20211101,42,b_04,9,18,25.811,o2meter,constant,7,c_05,A
20211103,44,b_04,4,18,25.609,o2meter,constant,7,c_05,A
20211103,44,b_04,9,18,26.587,o2meter,constant,7,c_05,A
20211105,46,b_04,4,18,24.235,o2meter,constant,7,c_05,A
20211105,46,b_04,9,18,23.904,o2meter,constant,7,c_05,A
20211108,49,b_04,4,18,24.083,o2meter,constant,7,c_05,A
20211108,49,b_04,9,18,22.959,o2meter,constant,7,c_05,A
20211110,51,b_04,4,18,25.23,o2meter,constant,7,c_05,A
20211110,51,b_04,9,18,25.645,o2meter,constant,7,c_05,A
20211112,53,b_04,4,18,24.456,o2meter,constant,7,c_05,A
20211112,53,b_04,9,18,25.299,o2meter,constant,7,c_05,A
20211115,56,b_04,4,18,23.991,o2meter,constant,7,c_05,A
20211115,56,b_04,9,18,23.383,o2meter,constant,7,c_05,A
20211117,58,b_04,4,18,24.912,o2meter,constant,7,c_05,A
20211117,58,b_04,9,18,25.431,o2meter,constant,7,c_05,A
20211119,60,b_04,4,18,25.059,o2meter,constant,7,c_05,A
20211119,60,b_04,9,18,24.201,o2meter,constant,7,c_05,A
20211122,63,b_04,4,18,23.774,o2meter,constant,7,c_05,A
20211122,63,b_04,9,18,24.856,o2meter,constant,7,c_05,A
20211124,65,b_04,4,18,25.171,o2meter,constant,7,c_05,A
20211124,65,b_04,9,18,25.053,o2meter,constant,7,c_05,A
20211126,67,b_04,4,18,24.942,o2meter,constant,7,c_05,A
20211126,67,b_04,9,18,24.304,o2meter,constant,7,c_05,A
20211129,70,b_04,4,18,24.531,o2meter,constant,7,c_05,A
20211129,70,b_04,9,18,24.851,o2meter,constant,7,c_05,A
20211203,74,b_04,4,18,23.861,o2meter,constant,7,c_05,A
20211203,74,b_04,9,18,23.791,o2meter,constant,7,c_05,A
20211206,77,b_04,4,18,23.31,o2meter,constant,7,c_05,A
20211206,77,b_04,9,18,22.633,o2meter,constant,7,c_05,A
20211208,79,b_04,4,18,24.11,o2meter,constant,7,c_05,A
20211208,79,b_04,9,18,23.264,o2meter,constant,7,c_05,A
20211210,81,b_04,4,18,25.578,o2meter,constant,7,c_05,A
20211210,81,b_04,9,18,25.751,o2meter,constant,7,c_05,A
20211213,84,b_04,4,18,23.633,o2meter,constant,7,c_05,A
20211213,84,b_04,9,18,22.248,o2meter,constant,7,c_05,A
20211215,86,b_04,4,18,24.707,o2meter,constant,7,c_05,A
20211215,86,b_04,9,18,25.035,o2meter,constant,7,c_05,A
20211217,88,b_04,4,18,24.463,o2meter,constant,7,c_05,A
20211217,88,b_04,9,18,24.546,o2meter,constant,7,c_05,A
20211220,91,b_04,4,18,24.374,o2meter,constant,7,c_05,A
20211220,91,b_04,9,18,23.596,o2meter,constant,7,c_05,A
20211222,93,b_04,4,18,24.51,o2meter,constant,7,c_05,A
20211222,93,b_04,9,18,23.548,o2meter,constant,7,c_05,A
20211224,95,b_04,4,18,24.36,o2meter,constant,7,c_05,A
20211224,95,b_04,9,18,24.86,o2meter,constant,7,c_05,A
20211227,98,b_04,4,18,24.118,o2meter,constant,7,c_05,A
20211227,98,b_04,9,18,23.953,o2meter,constant,7,c_05,A
20211229,100,b_04,4,18,23.966,o2meter,constant,7,c_05,A
20211229,100,b_04,9,18,24.254,o2meter,constant,7,c_05,A
20211231,102,b_04,4,18,24.558,o2meter,constant,7,c_05,A
20211231,102,b_04,9,18,24.124,o2meter,constant,7,c_05,A
20220103,105,b_04,4,18,24.249,o2meter,constant,7,c_05,A
20220103,105,b_04,9,18,24.012,o2meter,constant,7,c_05,A
20220105,107,b_04,4,18,24.91,o2meter,constant,7,c_05,A
20220105,107,b_04,9,18,25.109,o2meter,constant,7,c_05,A
20220107,109,b_04,4,18,24.352,o2meter,constant,7,c_05,A
20220107,109,b_04,9,18,24.079,o2meter,constant,7,c_05,A
20220110,112,b_04,4,18,23.444,o2meter,constant,7,c_05,A
20220110,112,b_04,9,18,23.56,o2meter,constant,7,c_05,A
20220112,114,b_04,4,18,23.597,o2meter,constant,7,c_05,A
20220112,114,b_04,9,18,23.251,o2meter,constant,7,c_05,A
20220114,116,b_04,4,18,24.769,o2meter,constant,7,c_05,A
20220114,116,b_04,9,18,24.074,o2meter,constant,7,c_05,A
20220117,119,b_04,4,18,23.506,o2meter,constant,7,c_05,A
20220117,119,b_04,9,18,23.225,o2meter,constant,7,c_05,A
20220119,121,b_04,4,18,24.363,o2meter,constant,7,c_05,A
20220119,121,b_04,9,18,24.45,o2meter,constant,7,c_05,A
20220121,123,b_04,4,18,23.363,o2meter,constant,7,c_05,A
20220121,123,b_04,9,18,22.303,o2meter,constant,7,c_05,A
20220124,126,b_04,4,18,23.156,o2meter,constant,7,c_05,A
20220124,126,b_04,9,18,21.741,o2meter,constant,7,c_05,A
20220126,128,b_04,4,18,23.715,o2meter,constant,7,c_05,A
20220126,128,b_04,9,18,22.194,o2meter,constant,7,c_05,A
20220128,130,b_04,4,18,23.683,o2meter,constant,7,c_05,A
20220128,130,b_04,9,18,21.832,o2meter,constant,7,c_05,A
20220131,133,b_04,4,18,23.69,o2meter,constant,7,c_05,A
20220131,133,b_04,9,18,22.386,o2meter,constant,7,c_05,A
20220202,135,b_04,4,18,23.343,o2meter,constant,7,c_05,A
20220202,135,b_04,9,18,22.596,o2meter,constant,7,c_05,A
20220204,137,b_04,4,18,24.206,o2meter,constant,7,c_05,A
20220204,137,b_04,9,18,22.317,o2meter,constant,7,c_05,A
20220207,140,b_04,4,18,24.392,o2meter,constant,7,c_05,A
20220207,140,b_04,9,18,23.064,o2meter,constant,7,c_05,A
20220209,142,b_04,4,18,23.857,o2meter,constant,7,c_05,A
20220209,142,b_04,9,18,23.232,o2meter,constant,7,c_05,A
20220211,144,b_04,4,18,24.789,o2meter,constant,7,c_05,A
20220211,144,b_04,9,18,22.374,o2meter,constant,7,c_05,A
20220214,147,b_04,4,18,24.447,o2meter,constant,7,c_05,A
20220214,147,b_04,9,18,23.971,o2meter,constant,7,c_05,A
20220216,149,b_04,4,18,25.767,o2meter,constant,7,c_05,A
20220216,149,b_04,9,18,24.332,o2meter,constant,7,c_05,A
20220218,151,b_04,4,18,25.304,o2meter,constant,7,c_05,A
20220218,151,b_04,9,18,25.469,o2meter,constant,7,c_05,A
20220221,154,b_04,4,18,23.753,o2meter,constant,7,c_05,A
20220221,154,b_04,9,18,23.72,o2meter,constant,7,c_05,A
20220223,156,b_04,4,18,25.382,o2meter,constant,7,c_05,A
20220223,156,b_04,9,18,25.674,o2meter,constant,7,c_05,A
20220225,158,b_04,4,18,24.17,o2meter,constant,7,c_05,A
20220225,158,b_04,9,18,24.889,o2meter,constant,7,c_05,A
20220228,161,b_04,4,18,24.327,o2meter,constant,7,c_05,A
20220228,161,b_04,9,18,24.883,o2meter,constant,7,c_05,A
20220302,163,b_04,4,18,25.054,o2meter,constant,7,c_05,A
20220302,163,b_04,9,18,24.767,o2meter,constant,7,c_05,A
20220304,165,b_04,4,18,24.821,o2meter,constant,7,c_05,A
20220304,165,b_04,9,18,24.837,o2meter,constant,7,c_05,A
20220307,168,b_04,4,18,23.896,o2meter,constant,7,c_05,A
20220307,168,b_04,9,18,24.253,o2meter,constant,7,c_05,A
20220309,170,b_04,4,18,24.846,o2meter,constant,7,c_05,A
20220309,170,b_04,9,18,25.475,o2meter,constant,7,c_05,A
20220311,172,b_04,4,18,25.324,o2meter,constant,7,c_05,A
20220311,172,b_04,9,18,25.363,o2meter,constant,7,c_05,A
20220314,175,b_04,4,18,24.444,o2meter,constant,7,c_05,A
20220314,175,b_04,9,18,25.124,o2meter,constant,7,c_05,A
20220316,177,b_04,4,18,25.656,o2meter,constant,7,c_05,A
20220316,177,b_04,9,18,26.149,o2meter,constant,7,c_05,A
20220318,179,b_04,4,18,25.097,o2meter,constant,7,c_05,A
20220318,179,b_04,9,18,25.11,o2meter,constant,7,c_05,A
20220321,182,b_04,4,18,23.56,o2meter,constant,7,c_05,A
20220321,182,b_04,9,18,23.115,o2meter,constant,7,c_05,A
20220323,184,b_04,4,18,24.229,o2meter,constant,7,c_05,A
20220323,184,b_04,9,18,23.545,o2meter,constant,7,c_05,A
20220325,186,b_04,4,18,24.567,o2meter,constant,7,c_05,A
20220325,186,b_04,9,18,23.624,o2meter,constant,7,c_05,A
20220328,189,b_04,4,18,23.751,o2meter,constant,7,c_05,A
20220328,189,b_04,9,18,23.822,o2meter,constant,7,c_05,A
20220330,191,b_04,4,18,24.261,o2meter,constant,7,c_05,A
20220330,191,b_04,9,18,23.455,o2meter,constant,7,c_05,A
20220401,193,b_04,4,18,24.032,o2meter,constant,7,c_05,A
20220401,193,b_04,9,18,23.094,o2meter,constant,7,c_05,A
20220404,196,b_04,4,18,24.641,o2meter,constant,7,c_05,A
20220404,196,b_04,9,18,24.172,o2meter,constant,7,c_05,A
20220406,198,b_04,4,18,26.198,o2meter,constant,7,c_05,A
20220406,198,b_04,9,18,27.037,o2meter,constant,7,c_05,A
20220408,200,b_04,4,18,25.986,o2meter,constant,7,c_05,A
20220408,200,b_04,9,18,25.079,o2meter,constant,7,c_05,A
20220411,203,b_04,4,18,24.568,o2meter,constant,7,c_05,A
20220411,203,b_04,9,18,25.269,o2meter,constant,7,c_05,A
20220413,205,b_04,4,18,24.504,o2meter,constant,7,c_05,A
20220413,205,b_04,9,18,23.201,o2meter,constant,7,c_05,A
20220415,207,b_04,4,18,24.91,o2meter,constant,7,c_05,A
20220415,207,b_04,9,18,24.928,o2meter,constant,7,c_05,A
20220418,210,b_04,4,18,23.899,o2meter,constant,7,c_05,A
20220418,210,b_04,9,18,24.014,o2meter,constant,7,c_05,A
20220420,212,b_04,4,18,24.199,o2meter,constant,7,c_05,A
20220420,212,b_04,9,18,24.835,o2meter,constant,7,c_05,A
20220422,214,b_04,4,18,24.795,o2meter,constant,7,c_05,A
20220422,214,b_04,9,18,25.48,o2meter,constant,7,c_05,A
20220425,217,b_04,4,18,23.407,o2meter,constant,7,c_05,A
20220425,217,b_04,9,18,23.701,o2meter,constant,7,c_05,A
20220427,219,b_04,4,18,24.406,o2meter,constant,7,c_05,A
20220427,219,b_04,9,18,25.168,o2meter,constant,7,c_05,A
20220429,221,b_04,4,18,24.491,o2meter,constant,7,c_05,A
20220429,221,b_04,9,18,25.316,o2meter,constant,7,c_05,A
20220502,224,b_04,4,18,24.532,o2meter,constant,7,c_05,A
20220502,224,b_04,9,18,24.62,o2meter,constant,7,c_05,A
20220504,226,b_04,4,18,24.243,o2meter,constant,7,c_05,A
20220504,226,b_04,9,18,24.884,o2meter,constant,7,c_05,A
20220506,228,b_04,4,18,24.399,o2meter,constant,7,c_05,A
20220506,228,b_04,9,18,24.807,o2meter,constant,7,c_05,A
20220509,231,b_04,4,18,23.771,o2meter,constant,7,c_05,A
20220509,231,b_04,9,18,25,o2meter,constant,7,c_05,A
20220511,233,b_04,4,18,24.173,o2meter,constant,7,c_05,A
20220511,233,b_04,9,18,24.754,o2meter,constant,7,c_05,A
20220513,235,b_04,4,18,23.184,o2meter,constant,7,c_05,A
20220513,235,b_04,9,18,22.939,o2meter,constant,7,c_05,A
20220516,238,b_04,4,18,22.667,o2meter,constant,7,c_05,A
20220516,238,b_04,9,18,23.549,o2meter,constant,7,c_05,A
20220518,240,b_04,4,18,24.084,o2meter,constant,7,c_05,A
20220518,240,b_04,9,18,23.954,o2meter,constant,7,c_05,A
20220520,242,b_04,4,18,23.902,o2meter,constant,7,c_05,A
20220520,242,b_04,9,18,22.672,o2meter,constant,7,c_05,A
20220523,245,b_04,4,18,23.617,o2meter,constant,7,c_05,A
20220523,245,b_04,9,18,24.429,o2meter,constant,7,c_05,A
20220525,247,b_04,4,18,23.669,o2meter,constant,7,c_05,A
20220525,247,b_04,9,18,23.309,o2meter,constant,7,c_05,A
20220527,249,b_04,4,18,23.918,o2meter,constant,7,c_05,A
20220527,249,b_04,9,18,23.076,o2meter,constant,7,c_05,A
20220530,252,b_04,4,18,23.898,o2meter,constant,7,c_05,A
20220530,252,b_04,9,18,24.071,o2meter,constant,7,c_05,A
20220601,254,b_04,4,18,24.212,o2meter,constant,7,c_05,A
20220601,254,b_04,9,18,22.345,o2meter,constant,7,c_05,A
20220603,256,b_04,4,18,24.71,o2meter,constant,7,c_05,A
20220603,256,b_04,9,18,21.941,o2meter,constant,7,c_05,A
20220606,259,b_04,4,18,22.94,o2meter,constant,7,c_05,A
20220606,259,b_04,9,18,22.827,o2meter,constant,7,c_05,A
20220608,261,b_04,4,18,24.362,o2meter,constant,7,c_05,A
20220608,261,b_04,9,18,23.486,o2meter,constant,7,c_05,A
20220610,263,b_04,4,18,24.33,o2meter,constant,7,c_05,A
20220610,263,b_04,9,18,24.958,o2meter,constant,7,c_05,A
20220613,266,b_04,4,18,23.827,o2meter,constant,7,c_05,A
20220613,266,b_04,9,18,24.618,o2meter,constant,7,c_05,A
20220615,268,b_04,4,18,23.68,o2meter,constant,7,c_05,A
20220615,268,b_04,9,18,24.503,o2meter,constant,7,c_05,A
20220617,270,b_04,4,18,24.033,o2meter,constant,7,c_05,A
20220617,270,b_04,9,18,24.129,o2meter,constant,7,c_05,A
20220620,273,b_04,4,18,23.318,o2meter,constant,7,c_05,A
20220620,273,b_04,9,18,24.086,o2meter,constant,7,c_05,A
20220622,275,b_04,4,18,24.493,o2meter,constant,7,c_05,A
20220622,275,b_04,9,18,25.141,o2meter,constant,7,c_05,A
20220624,277,b_04,4,18,24.255,o2meter,constant,7,c_05,A
20220624,277,b_04,9,18,25.463,o2meter,constant,7,c_05,A
20220627,280,b_04,4,18,23.545,o2meter,constant,7,c_05,A
20220627,280,b_04,9,18,24.525,o2meter,constant,7,c_05,A
20220629,282,b_04,4,18,24.102,o2meter,constant,7,c_05,A
20220629,282,b_04,9,18,24.375,o2meter,constant,7,c_05,A
20220704,287,b_04,4,18,22.998,o2meter,constant,7,c_05,A
20220704,287,b_04,9,18,23.841,o2meter,constant,7,c_05,A
20210920,0,b_05,4,18,24.191,o2meter,decreasing,14,c_13,B
20210920,0,b_05,9,18,23.375,o2meter,decreasing,14,c_13,B
20210922,2,b_05,4,18,24.297,o2meter,decreasing,14,c_13,B
20210922,2,b_05,9,18,23.206,o2meter,decreasing,14,c_13,B
20210924,4,b_05,4,18,23.778,o2meter,decreasing,14,c_13,B
20210924,4,b_05,9,18,23.103,o2meter,decreasing,14,c_13,B
20210927,7,b_05,4,18,23.209,o2meter,decreasing,14,c_13,B
20210927,7,b_05,9,18,22.512,o2meter,decreasing,14,c_13,B
20210929,9,b_05,4,18,23.415,o2meter,decreasing,14,c_13,B
20210929,9,b_05,9,18,22.615,o2meter,decreasing,14,c_13,B
20211001,11,b_05,4,18,25.296,o2meter,decreasing,14,c_13,B
20211001,11,b_05,9,18,24.062,o2meter,decreasing,14,c_13,B
20211004,14,b_05,4,18,25.179,o2meter,decreasing,14,c_13,B
20211004,14,b_05,9,18,24.4,o2meter,decreasing,14,c_13,B
20211006,16,b_05,4,18,24.672,o2meter,decreasing,14,c_13,B
20211006,16,b_05,9,18,22.075,o2meter,decreasing,14,c_13,B
20211008,18,b_05,4,18,24.064,o2meter,decreasing,14,c_13,B
20211008,18,b_05,9,18,22.902,o2meter,decreasing,14,c_13,B
20211011,21,b_05,4,18,24.41,o2meter,decreasing,14,c_13,B
20211011,21,b_05,9,18,23.86,o2meter,decreasing,14,c_13,B
20211013,23,b_05,4,18,25.713,o2meter,decreasing,14,c_13,B
20211013,23,b_05,9,18,25.258,o2meter,decreasing,14,c_13,B
20211015,25,b_05,4,18,24.956,o2meter,decreasing,14,c_13,B
20211015,25,b_05,9,18,24.318,o2meter,decreasing,14,c_13,B
20211018,28,b_05,4,18,24.447,o2meter,decreasing,14,c_13,B
20211018,28,b_05,9,18,23.717,o2meter,decreasing,14,c_13,B
20211020,30,b_05,4,18,25.553,o2meter,decreasing,14,c_13,B
20211020,30,b_05,9,18,24.917,o2meter,decreasing,14,c_13,B
20211022,32,b_05,4,18,24.097,o2meter,decreasing,14,c_13,B
20211022,32,b_05,9,18,23.454,o2meter,decreasing,14,c_13,B
20211025,35,b_05,4,18,23.84,o2meter,decreasing,14,c_13,B
20211025,35,b_05,9,18,23.267,o2meter,decreasing,14,c_13,B
20211027,37,b_05,4,18,25.804,o2meter,decreasing,14,c_13,B
20211027,37,b_05,9,18,24.892,o2meter,decreasing,14,c_13,B
20211029,39,b_05,4,18,25.592,o2meter,decreasing,14,c_13,B
20211029,39,b_05,9,18,25.281,o2meter,decreasing,14,c_13,B
20211101,42,b_05,4,18,24.535,o2meter,decreasing,14,c_13,B
20211101,42,b_05,9,18,23.847,o2meter,decreasing,14,c_13,B
20211103,44,b_05,4,18,25.938,o2meter,decreasing,14,c_13,B
20211103,44,b_05,9,18,25.835,o2meter,decreasing,14,c_13,B
20211105,46,b_05,4,18,24.636,o2meter,decreasing,14,c_13,B
20211105,46,b_05,9,18,23.766,o2meter,decreasing,14,c_13,B
20211108,49,b_05,4,18,23.803,o2meter,decreasing,14,c_13,B
20211108,49,b_05,9,18,23.345,o2meter,decreasing,14,c_13,B
20211110,51,b_05,4,18,25.252,o2meter,decreasing,14,c_13,B
20211110,51,b_05,9,18,25.193,o2meter,decreasing,14,c_13,B
20211112,53,b_05,4,18,24.811,o2meter,decreasing,14,c_13,B
20211112,53,b_05,9,18,23.996,o2meter,decreasing,14,c_13,B
20211115,56,b_05,4,18,23.638,o2meter,decreasing,14,c_13,B
20211115,56,b_05,9,18,22.658,o2meter,decreasing,14,c_13,B
20211117,58,b_05,4,18,24.92,o2meter,decreasing,14,c_13,B
20211117,58,b_05,9,18,23.835,o2meter,decreasing,14,c_13,B
20211119,60,b_05,4,18,24.543,o2meter,decreasing,14,c_13,B
20211119,60,b_05,9,18,23.857,o2meter,decreasing,14,c_13,B
20211122,63,b_05,4,18,23.925,o2meter,decreasing,14,c_13,B
20211122,63,b_05,9,18,22.804,o2meter,decreasing,14,c_13,B
20211124,65,b_05,4,18,24.663,o2meter,decreasing,14,c_13,B
20211124,65,b_05,9,18,23.613,o2meter,decreasing,14,c_13,B
20211126,67,b_05,4,18,25.24,o2meter,decreasing,14,c_13,B
20211126,67,b_05,9,18,23.236,o2meter,decreasing,14,c_13,B
20211129,70,b_05,4,18,24.762,o2meter,decreasing,14,c_13,B
20211129,70,b_05,9,18,22.99,o2meter,decreasing,14,c_13,B
20211203,74,b_05,4,18,25.869,o2meter,decreasing,14,c_13,B
20211203,74,b_05,9,18,23.971,o2meter,decreasing,14,c_13,B
20211206,77,b_05,4,18,25.343,o2meter,decreasing,14,c_13,B
20211206,77,b_05,9,18,24.492,o2meter,decreasing,14,c_13,B
20211208,79,b_05,4,18,25.304,o2meter,decreasing,14,c_13,B
20211208,79,b_05,9,18,23.059,o2meter,decreasing,14,c_13,B
20211210,81,b_05,4,18,26.052,o2meter,decreasing,14,c_13,B
20211210,81,b_05,9,18,25.11,o2meter,decreasing,14,c_13,B
20211213,84,b_05,4,18,23.486,o2meter,decreasing,14,c_13,B
20211213,84,b_05,9,18,23.313,o2meter,decreasing,14,c_13,B
20211215,86,b_05,4,18,25.658,o2meter,decreasing,14,c_13,B
20211215,86,b_05,9,18,24.827,o2meter,decreasing,14,c_13,B
20211217,88,b_05,4,18,25.708,o2meter,decreasing,14,c_13,B
20211217,88,b_05,9,18,25.421,o2meter,decreasing,14,c_13,B
20211220,91,b_05,4,18,24.996,o2meter,decreasing,14,c_13,B
20211220,91,b_05,9,18,24.075,o2meter,decreasing,14,c_13,B
20211222,93,b_05,4,18,25.835,o2meter,decreasing,14,c_13,B
20211222,93,b_05,9,18,26.207,o2meter,decreasing,14,c_13,B
20211224,95,b_05,4,18,26.074,o2meter,decreasing,14,c_13,B
20211224,95,b_05,9,18,25.683,o2meter,decreasing,14,c_13,B
20211227,98,b_05,4,18,25.306,o2meter,decreasing,14,c_13,B
20211227,98,b_05,9,18,24.327,o2meter,decreasing,14,c_13,B
20211229,100,b_05,4,18,25.044,o2meter,decreasing,14,c_13,B
20211229,100,b_05,9,18,24.929,o2meter,decreasing,14,c_13,B
20211231,102,b_05,4,18,25.215,o2meter,decreasing,14,c_13,B
20211231,102,b_05,9,18,25.32,o2meter,decreasing,14,c_13,B
20220103,105,b_05,4,18,24.877,o2meter,decreasing,14,c_13,B
20220103,105,b_05,9,18,24.843,o2meter,decreasing,14,c_13,B
20220105,107,b_05,4,18,25.513,o2meter,decreasing,14,c_13,B
20220105,107,b_05,9,18,25.382,o2meter,decreasing,14,c_13,B
20220107,109,b_05,4,18,23.978,o2meter,decreasing,14,c_13,B
20220107,109,b_05,9,18,23.448,o2meter,decreasing,14,c_13,B
20220110,112,b_05,4,18,22.902,o2meter,decreasing,14,c_13,B
20220110,112,b_05,9,18,21.829,o2meter,decreasing,14,c_13,B
20220112,114,b_05,4,18,24.073,o2meter,decreasing,14,c_13,B
20220112,114,b_05,9,18,22.848,o2meter,decreasing,14,c_13,B
20220114,116,b_05,4,18,24.758,o2meter,decreasing,14,c_13,B
20220114,116,b_05,9,18,23.139,o2meter,decreasing,14,c_13,B
20220117,119,b_05,4,18,24.294,o2meter,decreasing,14,c_13,B
20220117,119,b_05,9,18,24.133,o2meter,decreasing,14,c_13,B
20220119,121,b_05,4,18,23.547,o2meter,decreasing,14,c_13,B
20220119,121,b_05,9,18,22.175,o2meter,decreasing,14,c_13,B
20220121,123,b_05,4,18,25.751,o2meter,decreasing,14,c_13,B
20220121,123,b_05,9,18,24.371,o2meter,decreasing,14,c_13,B
20220124,126,b_05,4,18,24.431,o2meter,decreasing,14,c_13,B
20220124,126,b_05,9,18,23.089,o2meter,decreasing,14,c_13,B
20220126,128,b_05,4,18,25.297,o2meter,decreasing,14,c_13,B
20220126,128,b_05,9,18,24.046,o2meter,decreasing,14,c_13,B
20220128,130,b_05,4,18,26.37,o2meter,decreasing,14,c_13,B
20220128,130,b_05,9,18,23.318,o2meter,decreasing,14,c_13,B
20220131,133,b_05,4,18,26.538,o2meter,decreasing,14,c_13,B
20220131,133,b_05,9,18,24.775,o2meter,decreasing,14,c_13,B
20220202,135,b_05,4,18,27.565,o2meter,decreasing,14,c_13,B
20220202,135,b_05,9,18,25.697,o2meter,decreasing,14,c_13,B
20220204,137,b_05,4,18,25.813,o2meter,decreasing,14,c_13,B
20220204,137,b_05,9,18,24.917,o2meter,decreasing,14,c_13,B
20220207,140,b_05,4,18,24.491,o2meter,decreasing,14,c_13,B
20220207,140,b_05,9,18,24.022,o2meter,decreasing,14,c_13,B
20220209,142,b_05,4,18,25.09,o2meter,decreasing,14,c_13,B
20220209,142,b_05,9,18,24.085,o2meter,decreasing,14,c_13,B
20220211,144,b_05,4,18,24.867,o2meter,decreasing,14,c_13,B
20220211,144,b_05,9,18,23.303,o2meter,decreasing,14,c_13,B
20220214,147,b_05,4,18,23.937,o2meter,decreasing,14,c_13,B
20220214,147,b_05,9,18,22.912,o2meter,decreasing,14,c_13,B
20220216,149,b_05,4,18,24.739,o2meter,decreasing,14,c_13,B
20220216,149,b_05,9,18,24.658,o2meter,decreasing,14,c_13,B
20220218,151,b_05,4,18,24.753,o2meter,decreasing,14,c_13,B
20220218,151,b_05,9,18,24.387,o2meter,decreasing,14,c_13,B
20220221,154,b_05,4,18,24.199,o2meter,decreasing,14,c_13,B
20220221,154,b_05,9,18,23.077,o2meter,decreasing,14,c_13,B
20220223,156,b_05,4,18,25.274,o2meter,decreasing,14,c_13,B
20220223,156,b_05,9,18,24.421,o2meter,decreasing,14,c_13,B
20220225,158,b_05,4,18,24.769,o2meter,decreasing,14,c_13,B
20220225,158,b_05,9,18,23.117,o2meter,decreasing,14,c_13,B
20220228,161,b_05,4,18,24.21,o2meter,decreasing,14,c_13,B
20220228,161,b_05,9,18,22.994,o2meter,decreasing,14,c_13,B
20220302,163,b_05,4,18,25.821,o2meter,decreasing,14,c_13,B
20220302,163,b_05,9,18,24.994,o2meter,decreasing,14,c_13,B
20220304,165,b_05,4,18,25.563,o2meter,decreasing,14,c_13,B
20220304,165,b_05,9,18,24.59,o2meter,decreasing,14,c_13,B
20220307,168,b_05,4,18,25.025,o2meter,decreasing,14,c_13,B
20220307,168,b_05,9,18,24.029,o2meter,decreasing,14,c_13,B
20220309,170,b_05,4,18,25.31,o2meter,decreasing,14,c_13,B
20220309,170,b_05,9,18,23.211,o2meter,decreasing,14,c_13,B
20220311,172,b_05,4,18,26.842,o2meter,decreasing,14,c_13,B
20220311,172,b_05,9,18,23.023,o2meter,decreasing,14,c_13,B
20220314,175,b_05,4,18,25.727,o2meter,decreasing,14,c_13,B
20220314,175,b_05,9,18,23.903,o2meter,decreasing,14,c_13,B
20220316,177,b_05,4,18,27.662,o2meter,decreasing,14,c_13,B
20220316,177,b_05,9,18,22.913,o2meter,decreasing,14,c_13,B
20220318,179,b_05,4,18,23.956,o2meter,decreasing,14,c_13,B
20220318,179,b_05,9,18,22.69,o2meter,decreasing,14,c_13,B
20220321,182,b_05,4,18,27.477,o2meter,decreasing,14,c_13,B
20220321,182,b_05,9,18,26.656,o2meter,decreasing,14,c_13,B
20220323,184,b_05,4,18,27.668,o2meter,decreasing,14,c_13,B
20220323,184,b_05,9,18,25.693,o2meter,decreasing,14,c_13,B
20220325,186,b_05,4,18,21.839,o2meter,decreasing,14,c_13,B
20220325,186,b_05,9,18,20.785,o2meter,decreasing,14,c_13,B
20220328,189,b_05,4,18,22.877,o2meter,decreasing,14,c_13,B
20220328,189,b_05,9,18,23.635,o2meter,decreasing,14,c_13,B
20220330,191,b_05,4,18,22.798,o2meter,decreasing,14,c_13,B
20220330,191,b_05,9,18,21.818,o2meter,decreasing,14,c_13,B
20220401,193,b_05,4,18,21.346,o2meter,decreasing,14,c_13,B
20220401,193,b_05,9,18,21.429,o2meter,decreasing,14,c_13,B
20220404,196,b_05,4,18,20.808,o2meter,decreasing,14,c_13,B
20220404,196,b_05,9,18,21.248,o2meter,decreasing,14,c_13,B
20220406,198,b_05,4,18,22.638,o2meter,decreasing,14,c_13,B
20220406,198,b_05,9,18,22.844,o2meter,decreasing,14,c_13,B
20220408,200,b_05,4,18,22.053,o2meter,decreasing,14,c_13,B
20220408,200,b_05,9,18,21.65,o2meter,decreasing,14,c_13,B
20220411,203,b_05,4,18,22.522,o2meter,decreasing,14,c_13,B
20220411,203,b_05,9,18,22.721,o2meter,decreasing,14,c_13,B
20220413,205,b_05,4,18,21.852,o2meter,decreasing,14,c_13,B
20220413,205,b_05,9,18,21.927,o2meter,decreasing,14,c_13,B
20220415,207,b_05,4,18,22.41,o2meter,decreasing,14,c_13,B
20220415,207,b_05,9,18,21.789,o2meter,decreasing,14,c_13,B
20220418,210,b_05,4,18,22.921,o2meter,decreasing,14,c_13,B
20220418,210,b_05,9,18,22.333,o2meter,decreasing,14,c_13,B
20220420,212,b_05,4,18,21.968,o2meter,decreasing,14,c_13,B
20220420,212,b_05,9,18,22.46,o2meter,decreasing,14,c_13,B
20220422,214,b_05,4,18,22.239,o2meter,decreasing,14,c_13,B
20220422,214,b_05,9,18,22.176,o2meter,decreasing,14,c_13,B
20220425,217,b_05,4,18,22.385,o2meter,decreasing,14,c_13,B
20220425,217,b_05,9,18,21.624,o2meter,decreasing,14,c_13,B
20220427,219,b_05,4,18,22.64,o2meter,decreasing,14,c_13,B
20220427,219,b_05,9,18,22.797,o2meter,decreasing,14,c_13,B
20220429,221,b_05,4,18,21.217,o2meter,decreasing,14,c_13,B
20220429,221,b_05,9,18,21.56,o2meter,decreasing,14,c_13,B
20220502,224,b_05,4,18,22.127,o2meter,decreasing,14,c_13,B
20220502,224,b_05,9,18,21.943,o2meter,decreasing,14,c_13,B
20220504,226,b_05,4,18,21.499,o2meter,decreasing,14,c_13,B
20220504,226,b_05,9,18,22.151,o2meter,decreasing,14,c_13,B
20220506,228,b_05,4,18,22.085,o2meter,decreasing,14,c_13,B
20220506,228,b_05,9,18,22.491,o2meter,decreasing,14,c_13,B
20220509,231,b_05,4,18,21.878,o2meter,decreasing,14,c_13,B
20220509,231,b_05,9,18,22.386,o2meter,decreasing,14,c_13,B
20220511,233,b_05,4,18,22.391,o2meter,decreasing,14,c_13,B
20220511,233,b_05,9,18,22.509,o2meter,decreasing,14,c_13,B
20220513,235,b_05,4,18,22.337,o2meter,decreasing,14,c_13,B
20220513,235,b_05,9,18,23.096,o2meter,decreasing,14,c_13,B
20220516,238,b_05,4,18,22.688,o2meter,decreasing,14,c_13,B
20220516,238,b_05,9,18,22.583,o2meter,decreasing,14,c_13,B
20220518,240,b_05,4,18,22.803,o2meter,decreasing,14,c_13,B
20220518,240,b_05,9,18,23.576,o2meter,decreasing,14,c_13,B
20220520,242,b_05,4,18,23.537,o2meter,decreasing,14,c_13,B
20220520,242,b_05,9,18,22.851,o2meter,decreasing,14,c_13,B
20220523,245,b_05,4,18,23.917,o2meter,decreasing,14,c_13,B
20220523,245,b_05,9,18,23.618,o2meter,decreasing,14,c_13,B
20220525,247,b_05,4,18,22.64,o2meter,decreasing,14,c_13,B
20220525,247,b_05,9,18,22.704,o2meter,decreasing,14,c_13,B
20220527,249,b_05,4,18,22.047,o2meter,decreasing,14,c_13,B
20220527,249,b_05,9,18,22.907,o2meter,decreasing,14,c_13,B
20220530,252,b_05,4,18,23.652,o2meter,decreasing,14,c_13,B
20220530,252,b_05,9,18,23.942,o2meter,decreasing,14,c_13,B
20220601,254,b_05,4,18,22.973,o2meter,decreasing,14,c_13,B
20220601,254,b_05,9,18,23.383,o2meter,decreasing,14,c_13,B
20220603,256,b_05,4,18,22.764,o2meter,decreasing,14,c_13,B
20220603,256,b_05,9,18,23.726,o2meter,decreasing,14,c_13,B
20220606,259,b_05,4,18,24.215,o2meter,decreasing,14,c_13,B
20220606,259,b_05,9,18,25.012,o2meter,decreasing,14,c_13,B
20220608,261,b_05,4,18,23.151,o2meter,decreasing,14,c_13,B
20220608,261,b_05,9,18,23.442,o2meter,decreasing,14,c_13,B
20220610,263,b_05,4,18,23.038,o2meter,decreasing,14,c_13,B
20220610,263,b_05,9,18,23.404,o2meter,decreasing,14,c_13,B
20220613,266,b_05,4,18,24.301,o2meter,decreasing,14,c_13,B
20220613,266,b_05,9,18,23.076,o2meter,decreasing,14,c_13,B
20220615,268,b_05,4,18,23.02,o2meter,decreasing,14,c_13,B
20220615,268,b_05,9,18,22.913,o2meter,decreasing,14,c_13,B
20220617,270,b_05,4,18,21.971,o2meter,decreasing,14,c_13,B
20220617,270,b_05,9,18,22.896,o2meter,decreasing,14,c_13,B
20220620,273,b_05,4,18,22.28,o2meter,decreasing,14,c_13,B
20220620,273,b_05,9,18,23.049,o2meter,decreasing,14,c_13,B
20220622,275,b_05,4,18,21.952,o2meter,decreasing,14,c_13,B
20220622,275,b_05,9,18,22.61,o2meter,decreasing,14,c_13,B
20220624,277,b_05,4,18,22.089,o2meter,decreasing,14,c_13,B
20220624,277,b_05,9,18,22.553,o2meter,decreasing,14,c_13,B
20220627,280,b_05,4,18,22.827,o2meter,decreasing,14,c_13,B
20220627,280,b_05,9,18,23.033,o2meter,decreasing,14,c_13,B
20220629,282,b_05,4,18,22.378,o2meter,decreasing,14,c_13,B
20220629,282,b_05,9,18,22.415,o2meter,decreasing,14,c_13,B
20220704,287,b_05,4,18,23.667,o2meter,decreasing,14,c_13,B
20220704,287,b_05,9,18,22.254,o2meter,decreasing,14,c_13,B
20210920,0,b_06,4,18,25.459,o2meter,decreasing,14,c_11,B
20210920,0,b_06,9,18,23.169,o2meter,decreasing,14,c_11,B
20210922,2,b_06,4,18,25.863,o2meter,decreasing,14,c_11,B
20210922,2,b_06,9,18,24.409,o2meter,decreasing,14,c_11,B
20210924,4,b_06,4,18,26.534,o2meter,decreasing,14,c_11,B
20210924,4,b_06,9,18,24.74,o2meter,decreasing,14,c_11,B
20210927,7,b_06,4,18,25.332,o2meter,decreasing,14,c_11,B
20210927,7,b_06,9,18,22.639,o2meter,decreasing,14,c_11,B
20210929,9,b_06,4,18,25.545,o2meter,decreasing,14,c_11,B
20210929,9,b_06,9,18,23.352,o2meter,decreasing,14,c_11,B
20211001,11,b_06,4,18,25.383,o2meter,decreasing,14,c_11,B
20211001,11,b_06,9,18,24.537,o2meter,decreasing,14,c_11,B
20211004,14,b_06,4,18,25.086,o2meter,decreasing,14,c_11,B
20211004,14,b_06,9,18,23.42,o2meter,decreasing,14,c_11,B
20211006,16,b_06,4,18,25.35,o2meter,decreasing,14,c_11,B
20211006,16,b_06,9,18,24.265,o2meter,decreasing,14,c_11,B
20211008,18,b_06,4,18,25.134,o2meter,decreasing,14,c_11,B
20211008,18,b_06,9,18,24.129,o2meter,decreasing,14,c_11,B
20211011,21,b_06,4,18,24.474,o2meter,decreasing,14,c_11,B
20211011,21,b_06,9,18,23.157,o2meter,decreasing,14,c_11,B
20211013,23,b_06,4,18,24.773,o2meter,decreasing,14,c_11,B
20211013,23,b_06,9,18,24.23,o2meter,decreasing,14,c_11,B
20211015,25,b_06,4,18,24.715,o2meter,decreasing,14,c_11,B
20211015,25,b_06,9,18,24.025,o2meter,decreasing,14,c_11,B
20211018,28,b_06,4,18,24.525,o2meter,decreasing,14,c_11,B
20211018,28,b_06,9,18,23.547,o2meter,decreasing,14,c_11,B
20211020,30,b_06,4,18,25.434,o2meter,decreasing,14,c_11,B
20211020,30,b_06,9,18,24.189,o2meter,decreasing,14,c_11,B
20211022,32,b_06,4,18,24.398,o2meter,decreasing,14,c_11,B
20211022,32,b_06,9,18,23.444,o2meter,decreasing,14,c_11,B
20211025,35,b_06,4,18,24.441,o2meter,decreasing,14,c_11,B
20211025,35,b_06,9,18,23.447,o2meter,decreasing,14,c_11,B
20211027,37,b_06,4,18,24.952,o2meter,decreasing,14,c_11,B
20211027,37,b_06,9,18,23.61,o2meter,decreasing,14,c_11,B
20211029,39,b_06,4,18,24.965,o2meter,decreasing,14,c_11,B
20211029,39,b_06,9,18,24.167,o2meter,decreasing,14,c_11,B
20211101,42,b_06,4,18,23.857,o2meter,decreasing,14,c_11,B
20211101,42,b_06,9,18,21.714,o2meter,decreasing,14,c_11,B
20211103,44,b_06,4,18,24.937,o2meter,decreasing,14,c_11,B
20211103,44,b_06,9,18,22.928,o2meter,decreasing,14,c_11,B
20211105,46,b_06,4,18,23.65,o2meter,decreasing,14,c_11,B
20211105,46,b_06,9,18,21.7,o2meter,decreasing,14,c_11,B
20211108,49,b_06,4,18,22.953,o2meter,decreasing,14,c_11,B
20211108,49,b_06,9,18,21.3,o2meter,decreasing,14,c_11,B
20211110,51,b_06,4,18,24.369,o2meter,decreasing,14,c_11,B
20211110,51,b_06,9,18,22.443,o2meter,decreasing,14,c_11,B
20211112,53,b_06,4,18,25.155,o2meter,decreasing,14,c_11,B
20211112,53,b_06,9,18,22.475,o2meter,decreasing,14,c_11,B
20211115,56,b_06,4,18,24.461,o2meter,decreasing,14,c_11,B
20211115,56,b_06,9,18,22.168,o2meter,decreasing,14,c_11,B
20211117,58,b_06,4,18,26.266,o2meter,decreasing,14,c_11,B
20211117,58,b_06,9,18,25.561,o2meter,decreasing,14,c_11,B
20211119,60,b_06,4,18,25.142,o2meter,decreasing,14,c_11,B
20211119,60,b_06,9,18,23.734,o2meter,decreasing,14,c_11,B
20211122,63,b_06,4,18,24.397,o2meter,decreasing,14,c_11,B
20211122,63,b_06,9,18,22.659,o2meter,decreasing,14,c_11,B
20211124,65,b_06,4,18,25.122,o2meter,decreasing,14,c_11,B
20211124,65,b_06,9,18,23.562,o2meter,decreasing,14,c_11,B
20211126,67,b_06,4,18,25.326,o2meter,decreasing,14,c_11,B
20211126,67,b_06,9,18,23.736,o2meter,decreasing,14,c_11,B
20211129,70,b_06,4,18,24.624,o2meter,decreasing,14,c_11,B
20211129,70,b_06,9,18,23.632,o2meter,decreasing,14,c_11,B
20211203,74,b_06,4,18,25.097,o2meter,decreasing,14,c_11,B
20211203,74,b_06,9,18,23.865,o2meter,decreasing,14,c_11,B
20211206,77,b_06,4,18,24.02,o2meter,decreasing,14,c_11,B
20211206,77,b_06,9,18,22.712,o2meter,decreasing,14,c_11,B
20211208,79,b_06,4,18,24.879,o2meter,decreasing,14,c_11,B
20211208,79,b_06,9,18,23.376,o2meter,decreasing,14,c_11,B
20211210,81,b_06,4,18,24.916,o2meter,decreasing,14,c_11,B
20211210,81,b_06,9,18,24.078,o2meter,decreasing,14,c_11,B
20211213,84,b_06,4,18,23.884,o2meter,decreasing,14,c_11,B
20211213,84,b_06,9,18,21.712,o2meter,decreasing,14,c_11,B
20211215,86,b_06,4,18,24.777,o2meter,decreasing,14,c_11,B
20211215,86,b_06,9,18,24.178,o2meter,decreasing,14,c_11,B
20211217,88,b_06,4,18,24.927,o2meter,decreasing,14,c_11,B
20211217,88,b_06,9,18,23.762,o2meter,decreasing,14,c_11,B
20211220,91,b_06,4,18,24.525,o2meter,decreasing,14,c_11,B
20211220,91,b_06,9,18,23.293,o2meter,decreasing,14,c_11,B
20211222,93,b_06,4,18,24.997,o2meter,decreasing,14,c_11,B
20211222,93,b_06,9,18,23.4,o2meter,decreasing,14,c_11,B
20211224,95,b_06,4,18,24.193,o2meter,decreasing,14,c_11,B
20211224,95,b_06,9,18,21.772,o2meter,decreasing,14,c_11,B
20211227,98,b_06,4,18,23.482,o2meter,decreasing,14,c_11,B
20211227,98,b_06,9,18,21.394,o2meter,decreasing,14,c_11,B
20211229,100,b_06,4,18,24.668,o2meter,decreasing,14,c_11,B
20211229,100,b_06,9,18,23.948,o2meter,decreasing,14,c_11,B
20211231,102,b_06,4,18,23.754,o2meter,decreasing,14,c_11,B
20211231,102,b_06,9,18,21.705,o2meter,decreasing,14,c_11,B
20220103,105,b_06,4,18,23.521,o2meter,decreasing,14,c_11,B
20220103,105,b_06,9,18,21.319,o2meter,decreasing,14,c_11,B
20220105,107,b_06,4,18,23.858,o2meter,decreasing,14,c_11,B
20220105,107,b_06,9,18,21.532,o2meter,decreasing,14,c_11,B
20220107,109,b_06,4,18,25.677,o2meter,decreasing,14,c_11,B
20220107,109,b_06,9,18,25.014,o2meter,decreasing,14,c_11,B
20220110,112,b_06,4,18,24.515,o2meter,decreasing,14,c_11,B
20220110,112,b_06,9,18,23.241,o2meter,decreasing,14,c_11,B
20220112,114,b_06,4,18,25.323,o2meter,decreasing,14,c_11,B
20220112,114,b_06,9,18,24.301,o2meter,decreasing,14,c_11,B
20220114,116,b_06,4,18,26.175,o2meter,decreasing,14,c_11,B
20220114,116,b_06,9,18,24.088,o2meter,decreasing,14,c_11,B
20220117,119,b_06,4,18,24.264,o2meter,decreasing,14,c_11,B
20220117,119,b_06,9,18,23.722,o2meter,decreasing,14,c_11,B
20220119,121,b_06,4,18,25.109,o2meter,decreasing,14,c_11,B
20220119,121,b_06,9,18,23.436,o2meter,decreasing,14,c_11,B
20220121,123,b_06,4,18,24.794,o2meter,decreasing,14,c_11,B
20220121,123,b_06,9,18,23.913,o2meter,decreasing,14,c_11,B
20220124,126,b_06,4,18,24.254,o2meter,decreasing,14,c_11,B
20220124,126,b_06,9,18,23.84,o2meter,decreasing,14,c_11,B
20220126,128,b_06,4,18,25.152,o2meter,decreasing,14,c_11,B
20220126,128,b_06,9,18,24.381,o2meter,decreasing,14,c_11,B
20220128,130,b_06,4,18,25.267,o2meter,decreasing,14,c_11,B
20220128,130,b_06,9,18,23.739,o2meter,decreasing,14,c_11,B
20220131,133,b_06,4,18,25.208,o2meter,decreasing,14,c_11,B
20220131,133,b_06,9,18,24.359,o2meter,decreasing,14,c_11,B
20220202,135,b_06,4,18,25.619,o2meter,decreasing,14,c_11,B
20220202,135,b_06,9,18,24.964,o2meter,decreasing,14,c_11,B
20220204,137,b_06,4,18,24.69,o2meter,decreasing,14,c_11,B
20220204,137,b_06,9,18,23.952,o2meter,decreasing,14,c_11,B
20220207,140,b_06,4,18,23.816,o2meter,decreasing,14,c_11,B
20220207,140,b_06,9,18,23.068,o2meter,decreasing,14,c_11,B
20220209,142,b_06,4,18,25.009,o2meter,decreasing,14,c_11,B
20220209,142,b_06,9,18,23.913,o2meter,decreasing,14,c_11,B
20220211,144,b_06,4,18,24.929,o2meter,decreasing,14,c_11,B
20220211,144,b_06,9,18,23.928,o2meter,decreasing,14,c_11,B
20220214,147,b_06,4,18,24.245,o2meter,decreasing,14,c_11,B
20220214,147,b_06,9,18,23.25,o2meter,decreasing,14,c_11,B
20220216,149,b_06,4,18,24.999,o2meter,decreasing,14,c_11,B
20220216,149,b_06,9,18,24.247,o2meter,decreasing,14,c_11,B
20220218,151,b_06,4,18,23.832,o2meter,decreasing,14,c_11,B
20220218,151,b_06,9,18,21.558,o2meter,decreasing,14,c_11,B
20220221,154,b_06,4,18,23.02,o2meter,decreasing,14,c_11,B
20220221,154,b_06,9,18,20.878,o2meter,decreasing,14,c_11,B
20220223,156,b_06,4,18,24.891,o2meter,decreasing,14,c_11,B
20220223,156,b_06,9,18,22.295,o2meter,decreasing,14,c_11,B
20220225,158,b_06,4,18,24.038,o2meter,decreasing,14,c_11,B
20220225,158,b_06,9,18,21.991,o2meter,decreasing,14,c_11,B
20220228,161,b_06,4,18,24.056,o2meter,decreasing,14,c_11,B
20220228,161,b_06,9,18,23.066,o2meter,decreasing,14,c_11,B
20220302,163,b_06,4,18,25.408,o2meter,decreasing,14,c_11,B
20220302,163,b_06,9,18,24.415,o2meter,decreasing,14,c_11,B
20220304,165,b_06,4,18,26.348,o2meter,decreasing,14,c_11,B
20220304,165,b_06,9,18,25.33,o2meter,decreasing,14,c_11,B
20220307,168,b_06,4,18,24.937,o2meter,decreasing,14,c_11,B
20220307,168,b_06,9,18,23.98,o2meter,decreasing,14,c_11,B
20220309,170,b_06,4,18,26.764,o2meter,decreasing,14,c_11,B
20220309,170,b_06,9,18,25.775,o2meter,decreasing,14,c_11,B
20220311,172,b_06,4,18,26.537,o2meter,decreasing,14,c_11,B
20220311,172,b_06,9,18,24.701,o2meter,decreasing,14,c_11,B
20220314,175,b_06,4,18,24.815,o2meter,decreasing,14,c_11,B
20220314,175,b_06,9,18,23.997,o2meter,decreasing,14,c_11,B
20220316,177,b_06,4,18,29.394,o2meter,decreasing,14,c_11,B
20220316,177,b_06,9,18,27.756,o2meter,decreasing,14,c_11,B
20220318,179,b_06,4,18,25.334,o2meter,decreasing,14,c_11,B
20220318,179,b_06,9,18,24.696,o2meter,decreasing,14,c_11,B
20220321,182,b_06,4,18,24.947,o2meter,decreasing,14,c_11,B
20220321,182,b_06,9,18,24.345,o2meter,decreasing,14,c_11,B
20220323,184,b_06,4,18,26.255,o2meter,decreasing,14,c_11,B
20220323,184,b_06,9,18,25.296,o2meter,decreasing,14,c_11,B
20220325,186,b_06,4,18,23.854,o2meter,decreasing,14,c_11,B
20220325,186,b_06,9,18,22.739,o2meter,decreasing,14,c_11,B
20220328,189,b_06,4,18,23.761,o2meter,decreasing,14,c_11,B
20220328,189,b_06,9,18,23.067,o2meter,decreasing,14,c_11,B
20220330,191,b_06,4,18,25.143,o2meter,decreasing,14,c_11,B
20220330,191,b_06,9,18,23.426,o2meter,decreasing,14,c_11,B
20220401,193,b_06,4,18,22.743,o2meter,decreasing,14,c_11,B
20220401,193,b_06,9,18,21.575,o2meter,decreasing,14,c_11,B
20220404,196,b_06,4,18,22.946,o2meter,decreasing,14,c_11,B
20220404,196,b_06,9,18,21.88,o2meter,decreasing,14,c_11,B
20220406,198,b_06,4,18,24.19,o2meter,decreasing,14,c_11,B
20220406,198,b_06,9,18,22.728,o2meter,decreasing,14,c_11,B
20220408,200,b_06,4,18,23.143,o2meter,decreasing,14,c_11,B
20220408,200,b_06,9,18,21.887,o2meter,decreasing,14,c_11,B
20220411,203,b_06,4,18,24.894,o2meter,decreasing,14,c_11,B
20220411,203,b_06,9,18,23.587,o2meter,decreasing,14,c_11,B
20220413,205,b_06,4,18,26.046,o2meter,decreasing,14,c_11,B
20220413,205,b_06,9,18,21.795,o2meter,decreasing,14,c_11,B
20220415,207,b_06,4,18,24.357,o2meter,decreasing,14,c_11,B
20220415,207,b_06,9,18,22.343,o2meter,decreasing,14,c_11,B
20220418,210,b_06,4,18,25.077,o2meter,decreasing,14,c_11,B
20220418,210,b_06,9,18,23.615,o2meter,decreasing,14,c_11,B
20220420,212,b_06,4,18,24.838,o2meter,decreasing,14,c_11,B
20220420,212,b_06,9,18,23.865,o2meter,decreasing,14,c_11,B
20220422,214,b_06,4,18,25.625,o2meter,decreasing,14,c_11,B
20220422,214,b_06,9,18,24.063,o2meter,decreasing,14,c_11,B
20220425,217,b_06,4,18,26.254,o2meter,decreasing,14,c_11,B
20220425,217,b_06,9,18,24.493,o2meter,decreasing,14,c_11,B
20220427,219,b_06,4,18,26.226,o2meter,decreasing,14,c_11,B
20220427,219,b_06,9,18,25.303,o2meter,decreasing,14,c_11,B
20220429,221,b_06,4,18,25.775,o2meter,decreasing,14,c_11,B
20220429,221,b_06,9,18,24.436,o2meter,decreasing,14,c_11,B
20220502,224,b_06,4,18,26.645,o2meter,decreasing,14,c_11,B
20220502,224,b_06,9,18,24.145,o2meter,decreasing,14,c_11,B
20220504,226,b_06,4,18,25.454,o2meter,decreasing,14,c_11,B
20220504,226,b_06,9,18,24.555,o2meter,decreasing,14,c_11,B
20220506,228,b_06,4,18,25.665,o2meter,decreasing,14,c_11,B
20220506,228,b_06,9,18,24.51,o2meter,decreasing,14,c_11,B
20220509,231,b_06,4,18,25.812,o2meter,decreasing,14,c_11,B
20220509,231,b_06,9,18,24.453,o2meter,decreasing,14,c_11,B
20220511,233,b_06,4,18,25.351,o2meter,decreasing,14,c_11,B
20220511,233,b_06,9,18,24.253,o2meter,decreasing,14,c_11,B
20220513,235,b_06,4,18,25.73,o2meter,decreasing,14,c_11,B
20220513,235,b_06,9,18,24.096,o2meter,decreasing,14,c_11,B
20220516,238,b_06,4,18,25.118,o2meter,decreasing,14,c_11,B
20220516,238,b_06,9,18,24.535,o2meter,decreasing,14,c_11,B
20220518,240,b_06,4,18,24.752,o2meter,decreasing,14,c_11,B
20220518,240,b_06,9,18,24.166,o2meter,decreasing,14,c_11,B
20220520,242,b_06,4,18,25.815,o2meter,decreasing,14,c_11,B
20220520,242,b_06,9,18,24.139,o2meter,decreasing,14,c_11,B
20220523,245,b_06,4,18,27.361,o2meter,decreasing,14,c_11,B
20220523,245,b_06,9,18,25.675,o2meter,decreasing,14,c_11,B
20220525,247,b_06,4,18,24.652,o2meter,decreasing,14,c_11,B
20220525,247,b_06,9,18,24.02,o2meter,decreasing,14,c_11,B
20220527,249,b_06,4,18,24.618,o2meter,decreasing,14,c_11,B
20220527,249,b_06,9,18,23.323,o2meter,decreasing,14,c_11,B
20220530,252,b_06,4,18,24.754,o2meter,decreasing,14,c_11,B
20220530,252,b_06,9,18,24.245,o2meter,decreasing,14,c_11,B
20220601,254,b_06,4,18,25.35,o2meter,decreasing,14,c_11,B
20220601,254,b_06,9,18,23.839,o2meter,decreasing,14,c_11,B
20220603,256,b_06,4,18,25.411,o2meter,decreasing,14,c_11,B
20220603,256,b_06,9,18,24.296,o2meter,decreasing,14,c_11,B
20220606,259,b_06,4,18,25.865,o2meter,decreasing,14,c_11,B
20220606,259,b_06,9,18,25.272,o2meter,decreasing,14,c_11,B
20220608,261,b_06,4,18,25.715,o2meter,decreasing,14,c_11,B
20220608,261,b_06,9,18,24.89,o2meter,decreasing,14,c_11,B
20220610,263,b_06,4,18,23.66,o2meter,decreasing,14,c_11,B
20220610,263,b_06,9,18,22.109,o2meter,decreasing,14,c_11,B
20220613,266,b_06,4,18,24.841,o2meter,decreasing,14,c_11,B
20220613,266,b_06,9,18,23.037,o2meter,decreasing,14,c_11,B
20220615,268,b_06,4,18,23.052,o2meter,decreasing,14,c_11,B
20220615,268,b_06,9,18,22.865,o2meter,decreasing,14,c_11,B
20220617,270,b_06,4,18,24.336,o2meter,decreasing,14,c_11,B
20220617,270,b_06,9,18,23.396,o2meter,decreasing,14,c_11,B
20220620,273,b_06,4,18,24.546,o2meter,decreasing,14,c_11,B
20220620,273,b_06,9,18,23.759,o2meter,decreasing,14,c_11,B
20220622,275,b_06,4,18,24.806,o2meter,decreasing,14,c_11,B
20220622,275,b_06,9,18,23.977,o2meter,decreasing,14,c_11,B
20220624,277,b_06,4,18,24.684,o2meter,decreasing,14,c_11,B
20220624,277,b_06,9,18,24.475,o2meter,decreasing,14,c_11,B
20220627,280,b_06,4,18,25.823,o2meter,decreasing,14,c_11,B
20220627,280,b_06,9,18,25.17,o2meter,decreasing,14,c_11,B
20220629,282,b_06,4,18,25.331,o2meter,decreasing,14,c_11,B
20220629,282,b_06,9,18,24.66,o2meter,decreasing,14,c_11,B
20220704,287,b_06,4,18,27.771,o2meter,decreasing,14,c_11,B
20220704,287,b_06,9,18,26.689,o2meter,decreasing,14,c_11,B
20210920,0,b_07,4,18,26.956,o2meter,decreasing,10,c_06,B
20210920,0,b_07,9,18,26.161,o2meter,decreasing,10,c_06,B
20210922,2,b_07,4,18,25.422,o2meter,decreasing,10,c_06,B
20210922,2,b_07,9,18,24.915,o2meter,decreasing,10,c_06,B
20210924,4,b_07,4,18,25.995,o2meter,decreasing,10,c_06,B
20210924,4,b_07,9,18,24.938,o2meter,decreasing,10,c_06,B
20210927,7,b_07,4,18,23.911,o2meter,decreasing,10,c_06,B
20210927,7,b_07,9,18,23.567,o2meter,decreasing,10,c_06,B
20210929,9,b_07,4,18,25.078,o2meter,decreasing,10,c_06,B
20210929,9,b_07,9,18,24.533,o2meter,decreasing,10,c_06,B
20211001,11,b_07,4,18,24.945,o2meter,decreasing,10,c_06,B
20211001,11,b_07,9,18,23.942,o2meter,decreasing,10,c_06,B
20211004,14,b_07,4,18,23.394,o2meter,decreasing,10,c_06,B
20211004,14,b_07,9,18,22.956,o2meter,decreasing,10,c_06,B
20211006,16,b_07,4,18,24.811,o2meter,decreasing,10,c_06,B
20211006,16,b_07,9,18,23.776,o2meter,decreasing,10,c_06,B
20211008,18,b_07,4,18,24.281,o2meter,decreasing,10,c_06,B
20211008,18,b_07,9,18,22.437,o2meter,decreasing,10,c_06,B
20211011,21,b_07,4,18,23.069,o2meter,decreasing,10,c_06,B
20211011,21,b_07,9,18,22.652,o2meter,decreasing,10,c_06,B
20211013,23,b_07,4,18,23.595,o2meter,decreasing,10,c_06,B
20211013,23,b_07,9,18,23.631,o2meter,decreasing,10,c_06,B
20211015,25,b_07,4,18,23.325,o2meter,decreasing,10,c_06,B
20211015,25,b_07,9,18,22.083,o2meter,decreasing,10,c_06,B
20211018,28,b_07,4,18,22.839,o2meter,decreasing,10,c_06,B
20211018,28,b_07,9,18,21.67,o2meter,decreasing,10,c_06,B
20211020,30,b_07,4,18,23.912,o2meter,decreasing,10,c_06,B
20211020,30,b_07,9,18,22.644,o2meter,decreasing,10,c_06,B
20211022,32,b_07,4,18,23.061,o2meter,decreasing,10,c_06,B
20211022,32,b_07,9,18,22.01,o2meter,decreasing,10,c_06,B
20211025,35,b_07,4,18,23.156,o2meter,decreasing,10,c_06,B
20211025,35,b_07,9,18,22.014,o2meter,decreasing,10,c_06,B
20211027,37,b_07,4,18,23.23,o2meter,decreasing,10,c_06,B
20211027,37,b_07,9,18,22.05,o2meter,decreasing,10,c_06,B
20211029,39,b_07,4,18,23.385,o2meter,decreasing,10,c_06,B
20211029,39,b_07,9,18,22.489,o2meter,decreasing,10,c_06,B
20211101,42,b_07,4,18,24.662,o2meter,decreasing,10,c_06,B
20211101,42,b_07,9,18,24.301,o2meter,decreasing,10,c_06,B
20211103,44,b_07,4,18,26.339,o2meter,decreasing,10,c_06,B
20211103,44,b_07,9,18,25.204,o2meter,decreasing,10,c_06,B
20211105,46,b_07,4,18,24.237,o2meter,decreasing,10,c_06,B
20211105,46,b_07,9,18,23.234,o2meter,decreasing,10,c_06,B
20211108,49,b_07,4,18,23.636,o2meter,decreasing,10,c_06,B
20211108,49,b_07,9,18,23.122,o2meter,decreasing,10,c_06,B
20211110,51,b_07,4,18,24.997,o2meter,decreasing,10,c_06,B
20211110,51,b_07,9,18,22.963,o2meter,decreasing,10,c_06,B
20211112,53,b_07,4,18,25.213,o2meter,decreasing,10,c_06,B
20211112,53,b_07,9,18,25.018,o2meter,decreasing,10,c_06,B
20211115,56,b_07,4,18,24.488,o2meter,decreasing,10,c_06,B
20211115,56,b_07,9,18,24.272,o2meter,decreasing,10,c_06,B
20211117,58,b_07,4,18,25.628,o2meter,decreasing,10,c_06,B
20211117,58,b_07,9,18,24.759,o2meter,decreasing,10,c_06,B
20211119,60,b_07,4,18,25.652,o2meter,decreasing,10,c_06,B
20211119,60,b_07,9,18,24.853,o2meter,decreasing,10,c_06,B
20211122,63,b_07,4,18,24.925,o2meter,decreasing,10,c_06,B
20211122,63,b_07,9,18,24.238,o2meter,decreasing,10,c_06,B
20211124,65,b_07,4,18,25.363,o2meter,decreasing,10,c_06,B
20211124,65,b_07,9,18,24.737,o2meter,decreasing,10,c_06,B
20211126,67,b_07,4,18,24.273,o2meter,decreasing,10,c_06,B
20211126,67,b_07,9,18,22.991,o2meter,decreasing,10,c_06,B
20211129,70,b_07,4,18,24.179,o2meter,decreasing,10,c_06,B
20211129,70,b_07,9,18,23.506,o2meter,decreasing,10,c_06,B
20211203,74,b_07,4,18,23.956,o2meter,decreasing,10,c_06,B
20211203,74,b_07,9,18,23.207,o2meter,decreasing,10,c_06,B
20211206,77,b_07,4,18,22.823,o2meter,decreasing,10,c_06,B
20211206,77,b_07,9,18,23.033,o2meter,decreasing,10,c_06,B
20211208,79,b_07,4,18,23.418,o2meter,decreasing,10,c_06,B
20211208,79,b_07,9,18,22.758,o2meter,decreasing,10,c_06,B
20211210,81,b_07,4,18,23.085,o2meter,decreasing,10,c_06,B
20211210,81,b_07,9,18,21.779,o2meter,decreasing,10,c_06,B
20211213,84,b_07,4,18,21.774,o2meter,decreasing,10,c_06,B
20211213,84,b_07,9,18,20.867,o2meter,decreasing,10,c_06,B
20211215,86,b_07,4,18,22.599,o2meter,decreasing,10,c_06,B
20211215,86,b_07,9,18,21.604,o2meter,decreasing,10,c_06,B
20211217,88,b_07,4,18,22.358,o2meter,decreasing,10,c_06,B
20211217,88,b_07,9,18,21.298,o2meter,decreasing,10,c_06,B
20211220,91,b_07,4,18,22.145,o2meter,decreasing,10,c_06,B
20211220,91,b_07,9,18,21.069,o2meter,decreasing,10,c_06,B
20211222,93,b_07,4,18,22.414,o2meter,decreasing,10,c_06,B
20211222,93,b_07,9,18,21.146,o2meter,decreasing,10,c_06,B
20211224,95,b_07,4,18,23.446,o2meter,decreasing,10,c_06,B
20211224,95,b_07,9,18,21.726,o2meter,decreasing,10,c_06,B
20211227,98,b_07,4,18,23.189,o2meter,decreasing,10,c_06,B
20211227,98,b_07,9,18,21.782,o2meter,decreasing,10,c_06,B
20211229,100,b_07,4,18,24.116,o2meter,decreasing,10,c_06,B
20211229,100,b_07,9,18,22.928,o2meter,decreasing,10,c_06,B
20211231,102,b_07,4,18,23.477,o2meter,decreasing,10,c_06,B
20211231,102,b_07,9,18,22.483,o2meter,decreasing,10,c_06,B
20220103,105,b_07,4,18,23.046,o2meter,decreasing,10,c_06,B
20220103,105,b_07,9,18,22.005,o2meter,decreasing,10,c_06,B
20220105,107,b_07,4,18,24.006,o2meter,decreasing,10,c_06,B
20220105,107,b_07,9,18,22.593,o2meter,decreasing,10,c_06,B
20220107,109,b_07,4,18,23.71,o2meter,decreasing,10,c_06,B
20220107,109,b_07,9,18,22.966,o2meter,decreasing,10,c_06,B
20220110,112,b_07,4,18,22.35,o2meter,decreasing,10,c_06,B
20220110,112,b_07,9,18,22.007,o2meter,decreasing,10,c_06,B
20220112,114,b_07,4,18,23.463,o2meter,decreasing,10,c_06,B
20220112,114,b_07,9,18,22.172,o2meter,decreasing,10,c_06,B
20220114,116,b_07,4,18,24.114,o2meter,decreasing,10,c_06,B
20220114,116,b_07,9,18,23.15,o2meter,decreasing,10,c_06,B
20220117,119,b_07,4,18,23.084,o2meter,decreasing,10,c_06,B
20220117,119,b_07,9,18,22.2,o2meter,decreasing,10,c_06,B
20220119,121,b_07,4,18,23.353,o2meter,decreasing,10,c_06,B
20220119,121,b_07,9,18,22.487,o2meter,decreasing,10,c_06,B
20220121,123,b_07,4,18,23.42,o2meter,decreasing,10,c_06,B
20220121,123,b_07,9,18,22.36,o2meter,decreasing,10,c_06,B
20220124,126,b_07,4,18,22.733,o2meter,decreasing,10,c_06,B
20220124,126,b_07,9,18,21.947,o2meter,decreasing,10,c_06,B
20220126,128,b_07,4,18,23.149,o2meter,decreasing,10,c_06,B
20220126,128,b_07,9,18,22.946,o2meter,decreasing,10,c_06,B
20220128,130,b_07,4,18,23.902,o2meter,decreasing,10,c_06,B
20220128,130,b_07,9,18,22.342,o2meter,decreasing,10,c_06,B
20220131,133,b_07,4,18,23.694,o2meter,decreasing,10,c_06,B
20220131,133,b_07,9,18,22.881,o2meter,decreasing,10,c_06,B
20220202,135,b_07,4,18,23.326,o2meter,decreasing,10,c_06,B
20220202,135,b_07,9,18,22.601,o2meter,decreasing,10,c_06,B
20220204,137,b_07,4,18,22.341,o2meter,decreasing,10,c_06,B
20220204,137,b_07,9,18,21.083,o2meter,decreasing,10,c_06,B
20220207,140,b_07,4,18,21.627,o2meter,decreasing,10,c_06,B
20220207,140,b_07,9,18,20.418,o2meter,decreasing,10,c_06,B
20220209,142,b_07,4,18,22.173,o2meter,decreasing,10,c_06,B
20220209,142,b_07,9,18,20.925,o2meter,decreasing,10,c_06,B
20220211,144,b_07,4,18,22.628,o2meter,decreasing,10,c_06,B
20220211,144,b_07,9,18,20.807,o2meter,decreasing,10,c_06,B
20220214,147,b_07,4,18,22.536,o2meter,decreasing,10,c_06,B
20220214,147,b_07,9,18,21.194,o2meter,decreasing,10,c_06,B
20220216,149,b_07,4,18,22.664,o2meter,decreasing,10,c_06,B
20220216,149,b_07,9,18,21.002,o2meter,decreasing,10,c_06,B
20220218,151,b_07,4,18,24.437,o2meter,decreasing,10,c_06,B
20220218,151,b_07,9,18,23.733,o2meter,decreasing,10,c_06,B
20220221,154,b_07,4,18,23.984,o2meter,decreasing,10,c_06,B
20220221,154,b_07,9,18,22.329,o2meter,decreasing,10,c_06,B
20220223,156,b_07,4,18,25.08,o2meter,decreasing,10,c_06,B
20220223,156,b_07,9,18,23.911,o2meter,decreasing,10,c_06,B
20220225,158,b_07,4,18,25.773,o2meter,decreasing,10,c_06,B
20220225,158,b_07,9,18,24.583,o2meter,decreasing,10,c_06,B
20220228,161,b_07,4,18,24.29,o2meter,decreasing,10,c_06,B
20220228,161,b_07,9,18,23.657,o2meter,decreasing,10,c_06,B
20220302,163,b_07,4,18,26.052,o2meter,decreasing,10,c_06,B
20220302,163,b_07,9,18,23.478,o2meter,decreasing,10,c_06,B
20220304,165,b_07,4,18,25.64,o2meter,decreasing,10,c_06,B
20220304,165,b_07,9,18,24.351,o2meter,decreasing,10,c_06,B
20220307,168,b_07,4,18,23.165,o2meter,decreasing,10,c_06,B
20220307,168,b_07,9,18,22.69,o2meter,decreasing,10,c_06,B
20220309,170,b_07,4,18,24.4,o2meter,decreasing,10,c_06,B
20220309,170,b_07,9,18,23.916,o2meter,decreasing,10,c_06,B
20220311,172,b_07,4,18,25.392,o2meter,decreasing,10,c_06,B
20220311,172,b_07,9,18,23.839,o2meter,decreasing,10,c_06,B
20220314,175,b_07,4,18,23.021,o2meter,decreasing,10,c_06,B
20220314,175,b_07,9,18,22.785,o2meter,decreasing,10,c_06,B
20220316,177,b_07,4,18,26.125,o2meter,decreasing,10,c_06,B
20220316,177,b_07,9,18,24.68,o2meter,decreasing,10,c_06,B
20220318,179,b_07,4,18,23.674,o2meter,decreasing,10,c_06,B
20220318,179,b_07,9,18,21.986,o2meter,decreasing,10,c_06,B
20220321,182,b_07,4,18,22.965,o2meter,decreasing,10,c_06,B
20220321,182,b_07,9,18,22.391,o2meter,decreasing,10,c_06,B
20220323,184,b_07,4,18,25.194,o2meter,decreasing,10,c_06,B
20220323,184,b_07,9,18,25.074,o2meter,decreasing,10,c_06,B
20220325,186,b_07,4,18,22.994,o2meter,decreasing,10,c_06,B
20220325,186,b_07,9,18,21.769,o2meter,decreasing,10,c_06,B
20220328,189,b_07,4,18,22.393,o2meter,decreasing,10,c_06,B
20220328,189,b_07,9,18,21.722,o2meter,decreasing,10,c_06,B
20220330,191,b_07,4,18,23.062,o2meter,decreasing,10,c_06,B
20220330,191,b_07,9,18,21.915,o2meter,decreasing,10,c_06,B
20220401,193,b_07,4,18,19.587,o2meter,decreasing,10,c_06,B
20220401,193,b_07,9,18,18.994,o2meter,decreasing,10,c_06,B
20220404,196,b_07,4,18,20.32,o2meter,decreasing,10,c_06,B
20220404,196,b_07,9,18,19.675,o2meter,decreasing,10,c_06,B
20220406,198,b_07,4,18,23.948,o2meter,decreasing,10,c_06,B
20220406,198,b_07,9,18,23.425,o2meter,decreasing,10,c_06,B
20220408,200,b_07,4,18,23.02,o2meter,decreasing,10,c_06,B
20220408,200,b_07,9,18,21.636,o2meter,decreasing,10,c_06,B
20220411,203,b_07,4,18,22.254,o2meter,decreasing,10,c_06,B
20220411,203,b_07,9,18,22.107,o2meter,decreasing,10,c_06,B
20220413,205,b_07,4,18,22.581,o2meter,decreasing,10,c_06,B
20220413,205,b_07,9,18,21.85,o2meter,decreasing,10,c_06,B
20220415,207,b_07,4,18,23.504,o2meter,decreasing,10,c_06,B
20220415,207,b_07,9,18,21.573,o2meter,decreasing,10,c_06,B
20220418,210,b_07,4,18,25.655,o2meter,decreasing,10,c_06,B
20220418,210,b_07,9,18,23.2,o2meter,decreasing,10,c_06,B
20220420,212,b_07,4,18,24.706,o2meter,decreasing,10,c_06,B
20220420,212,b_07,9,18,25.616,o2meter,decreasing,10,c_06,B
20220422,214,b_07,4,18,27.423,o2meter,decreasing,10,c_06,B
20220422,214,b_07,9,18,24.328,o2meter,decreasing,10,c_06,B
20220425,217,b_07,4,18,25.816,o2meter,decreasing,10,c_06,B
20220425,217,b_07,9,18,24.551,o2meter,decreasing,10,c_06,B
20220427,219,b_07,4,18,28.902,o2meter,decreasing,10,c_06,B
20220427,219,b_07,9,18,25.999,o2meter,decreasing,10,c_06,B
20220429,221,b_07,4,18,25.267,o2meter,decreasing,10,c_06,B
20220429,221,b_07,9,18,24.745,o2meter,decreasing,10,c_06,B
20220502,224,b_07,4,18,28.154,o2meter,decreasing,10,c_06,B
20220502,224,b_07,9,18,24.968,o2meter,decreasing,10,c_06,B
20220504,226,b_07,4,18,25.271,o2meter,decreasing,10,c_06,B
20220504,226,b_07,9,18,24.279,o2meter,decreasing,10,c_06,B
20220506,228,b_07,4,18,25.132,o2meter,decreasing,10,c_06,B
20220506,228,b_07,9,18,24.417,o2meter,decreasing,10,c_06,B
20220509,231,b_07,4,18,26.281,o2meter,decreasing,10,c_06,B
20220509,231,b_07,9,18,24.689,o2meter,decreasing,10,c_06,B
20220511,233,b_07,4,18,26.102,o2meter,decreasing,10,c_06,B
20220511,233,b_07,9,18,23.776,o2meter,decreasing,10,c_06,B
20220513,235,b_07,4,18,25.049,o2meter,decreasing,10,c_06,B
20220513,235,b_07,9,18,23.802,o2meter,decreasing,10,c_06,B
20220516,238,b_07,4,18,23.672,o2meter,decreasing,10,c_06,B
20220516,238,b_07,9,18,23.79,o2meter,decreasing,10,c_06,B
20220518,240,b_07,4,18,25.26,o2meter,decreasing,10,c_06,B
20220518,240,b_07,9,18,24.569,o2meter,decreasing,10,c_06,B
20220520,242,b_07,4,18,26.367,o2meter,decreasing,10,c_06,B
20220520,242,b_07,9,18,23.853,o2meter,decreasing,10,c_06,B
20220523,245,b_07,4,18,24.985,o2meter,decreasing,10,c_06,B
20220523,245,b_07,9,18,23.934,o2meter,decreasing,10,c_06,B
20220525,247,b_07,4,18,24.67,o2meter,decreasing,10,c_06,B
20220525,247,b_07,9,18,24.083,o2meter,decreasing,10,c_06,B
20220527,249,b_07,4,18,23.446,o2meter,decreasing,10,c_06,B
20220527,249,b_07,9,18,21.635,o2meter,decreasing,10,c_06,B
20220530,252,b_07,4,18,24.268,o2meter,decreasing,10,c_06,B
20220530,252,b_07,9,18,23.215,o2meter,decreasing,10,c_06,B
20220601,254,b_07,4,18,23.516,o2meter,decreasing,10,c_06,B
20220601,254,b_07,9,18,21.68,o2meter,decreasing,10,c_06,B
20220603,256,b_07,4,18,25.21,o2meter,decreasing,10,c_06,B
20220603,256,b_07,9,18,21.833,o2meter,decreasing,10,c_06,B
20220606,259,b_07,4,18,24.021,o2meter,decreasing,10,c_06,B
20220606,259,b_07,9,18,23.21,o2meter,decreasing,10,c_06,B
20220608,261,b_07,4,18,25.412,o2meter,decreasing,10,c_06,B
20220608,261,b_07,9,18,23.719,o2meter,decreasing,10,c_06,B
20220610,263,b_07,4,18,23.864,o2meter,decreasing,10,c_06,B
20220610,263,b_07,9,18,22.898,o2meter,decreasing,10,c_06,B
20220613,266,b_07,4,18,27.439,o2meter,decreasing,10,c_06,B
20220613,266,b_07,9,18,24.101,o2meter,decreasing,10,c_06,B
20220615,268,b_07,4,18,24.662,o2meter,decreasing,10,c_06,B
20220615,268,b_07,9,18,23.104,o2meter,decreasing,10,c_06,B
20220617,270,b_07,4,18,24.043,o2meter,decreasing,10,c_06,B
20220617,270,b_07,9,18,23.464,o2meter,decreasing,10,c_06,B
20220620,273,b_07,4,18,25.792,o2meter,decreasing,10,c_06,B
20220620,273,b_07,9,18,24.517,o2meter,decreasing,10,c_06,B
20220622,275,b_07,4,18,25.516,o2meter,decreasing,10,c_06,B
20220622,275,b_07,9,18,23.969,o2meter,decreasing,10,c_06,B
20220624,277,b_07,4,18,24.459,o2meter,decreasing,10,c_06,B
20220624,277,b_07,9,18,23.904,o2meter,decreasing,10,c_06,B
20220627,280,b_07,4,18,26.436,o2meter,decreasing,10,c_06,B
20220627,280,b_07,9,18,24.269,o2meter,decreasing,10,c_06,B
20220629,282,b_07,4,18,24.709,o2meter,decreasing,10,c_06,B
20220629,282,b_07,9,18,23.9,o2meter,decreasing,10,c_06,B
20220704,287,b_07,4,18,28.909,o2meter,decreasing,10,c_06,B
20220704,287,b_07,9,18,25.312,o2meter,decreasing,10,c_06,B
20210920,0,b_08,4,18,23.9,o2meter,decreasing,7,c_01,B
20210920,0,b_08,9,18,23.1,o2meter,decreasing,7,c_01,B
20210922,2,b_08,4,18,24.71,o2meter,decreasing,7,c_01,B
20210922,2,b_08,9,18,23.032,o2meter,decreasing,7,c_01,B
20210924,4,b_08,4,18,25.359,o2meter,decreasing,7,c_01,B
20210924,4,b_08,9,18,24.99,o2meter,decreasing,7,c_01,B
20210927,7,b_08,4,18,24.532,o2meter,decreasing,7,c_01,B
20210927,7,b_08,9,18,24.527,o2meter,decreasing,7,c_01,B
20210929,9,b_08,4,18,26.924,o2meter,decreasing,7,c_01,B
20210929,9,b_08,9,18,26.128,o2meter,decreasing,7,c_01,B
20211001,11,b_08,4,18,26.75,o2meter,decreasing,7,c_01,B
20211001,11,b_08,9,18,24.765,o2meter,decreasing,7,c_01,B
20211004,14,b_08,4,18,24.397,o2meter,decreasing,7,c_01,B
20211004,14,b_08,9,18,22.681,o2meter,decreasing,7,c_01,B
20211006,16,b_08,4,18,27.084,o2meter,decreasing,7,c_01,B
20211006,16,b_08,9,18,24.466,o2meter,decreasing,7,c_01,B
20211008,18,b_08,4,18,28.934,o2meter,decreasing,7,c_01,B
20211008,18,b_08,9,18,25.426,o2meter,decreasing,7,c_01,B
20211011,21,b_08,4,18,29.29,o2meter,decreasing,7,c_01,B
20211011,21,b_08,9,18,26.517,o2meter,decreasing,7,c_01,B
20211013,23,b_08,4,18,28.251,o2meter,decreasing,7,c_01,B
20211013,23,b_08,9,18,26.041,o2meter,decreasing,7,c_01,B
20211015,25,b_08,4,18,30.953,o2meter,decreasing,7,c_01,B
20211015,25,b_08,9,18,30.008,o2meter,decreasing,7,c_01,B
20211018,28,b_08,4,18,30.581,o2meter,decreasing,7,c_01,B
20211018,28,b_08,9,18,29.787,o2meter,decreasing,7,c_01,B
20211020,30,b_08,4,18,34.455,o2meter,decreasing,7,c_01,B
20211020,30,b_08,9,18,33.237,o2meter,decreasing,7,c_01,B
20211022,32,b_08,4,18,36.97,o2meter,decreasing,7,c_01,B
20211022,32,b_08,9,18,35.956,o2meter,decreasing,7,c_01,B
20211025,35,b_08,4,18,32.662,o2meter,decreasing,7,c_01,B
20211025,35,b_08,9,18,30.042,o2meter,decreasing,7,c_01,B
20211027,37,b_08,4,18,29.054,o2meter,decreasing,7,c_01,B
20211027,37,b_08,9,18,26.134,o2meter,decreasing,7,c_01,B
20211029,39,b_08,4,18,33.128,o2meter,decreasing,7,c_01,B
20211029,39,b_08,9,18,32.364,o2meter,decreasing,7,c_01,B
20211101,42,b_08,4,18,27.449,o2meter,decreasing,7,c_01,B
20211101,42,b_08,9,18,27.302,o2meter,decreasing,7,c_01,B
20211103,44,b_08,4,18,29.443,o2meter,decreasing,7,c_01,B
20211103,44,b_08,9,18,28.815,o2meter,decreasing,7,c_01,B
20211105,46,b_08,4,18,28.513,o2meter,decreasing,7,c_01,B
20211105,46,b_08,9,18,27.487,o2meter,decreasing,7,c_01,B
20211108,49,b_08,4,18,26.258,o2meter,decreasing,7,c_01,B
20211108,49,b_08,9,18,25.606,o2meter,decreasing,7,c_01,B
20211110,51,b_08,4,18,27.277,o2meter,decreasing,7,c_01,B
20211110,51,b_08,9,18,26.224,o2meter,decreasing,7,c_01,B
20211112,53,b_08,4,18,26.231,o2meter,decreasing,7,c_01,B
20211112,53,b_08,9,18,24.944,o2meter,decreasing,7,c_01,B
20211115,56,b_08,4,18,24.473,o2meter,decreasing,7,c_01,B
20211115,56,b_08,9,18,23.632,o2meter,decreasing,7,c_01,B
20211117,58,b_08,4,18,25.811,o2meter,decreasing,7,c_01,B
20211117,58,b_08,9,18,24.878,o2meter,decreasing,7,c_01,B
20211119,60,b_08,4,18,25.821,o2meter,decreasing,7,c_01,B
20211119,60,b_08,9,18,24.309,o2meter,decreasing,7,c_01,B
20211122,63,b_08,4,18,25.394,o2meter,decreasing,7,c_01,B
20211122,63,b_08,9,18,24.445,o2meter,decreasing,7,c_01,B
20211124,65,b_08,4,18,25.204,o2meter,decreasing,7,c_01,B
20211124,65,b_08,9,18,24.235,o2meter,decreasing,7,c_01,B
20211126,67,b_08,4,18,24.827,o2meter,decreasing,7,c_01,B
20211126,67,b_08,9,18,23.713,o2meter,decreasing,7,c_01,B
20211129,70,b_08,4,18,24.719,o2meter,decreasing,7,c_01,B
20211129,70,b_08,9,18,23.295,o2meter,decreasing,7,c_01,B
20211203,74,b_08,4,18,25.531,o2meter,decreasing,7,c_01,B
20211203,74,b_08,9,18,23.748,o2meter,decreasing,7,c_01,B
20211206,77,b_08,4,18,25.236,o2meter,decreasing,7,c_01,B
20211206,77,b_08,9,18,24.225,o2meter,decreasing,7,c_01,B
20211208,79,b_08,4,18,25.061,o2meter,decreasing,7,c_01,B
20211208,79,b_08,9,18,22.896,o2meter,decreasing,7,c_01,B
20211210,81,b_08,4,18,26.05,o2meter,decreasing,7,c_01,B
20211210,81,b_08,9,18,25.892,o2meter,decreasing,7,c_01,B
20211213,84,b_08,4,18,25.78,o2meter,decreasing,7,c_01,B
20211213,84,b_08,9,18,23.466,o2meter,decreasing,7,c_01,B
20211215,86,b_08,4,18,26.959,o2meter,decreasing,7,c_01,B
20211215,86,b_08,9,18,25.309,o2meter,decreasing,7,c_01,B
20211217,88,b_08,4,18,25.271,o2meter,decreasing,7,c_01,B
20211217,88,b_08,9,18,23.917,o2meter,decreasing,7,c_01,B
20211220,91,b_08,4,18,24.489,o2meter,decreasing,7,c_01,B
20211220,91,b_08,9,18,23.003,o2meter,decreasing,7,c_01,B
20211222,93,b_08,4,18,27.126,o2meter,decreasing,7,c_01,B
20211222,93,b_08,9,18,25.61,o2meter,decreasing,7,c_01,B
20211224,95,b_08,4,18,26.208,o2meter,decreasing,7,c_01,B
20211224,95,b_08,9,18,25.855,o2meter,decreasing,7,c_01,B
20211227,98,b_08,4,18,25.176,o2meter,decreasing,7,c_01,B
20211227,98,b_08,9,18,24.208,o2meter,decreasing,7,c_01,B
20211229,100,b_08,4,18,24.948,o2meter,decreasing,7,c_01,B
20211229,100,b_08,9,18,23.915,o2meter,decreasing,7,c_01,B
20211231,102,b_08,4,18,25.558,o2meter,decreasing,7,c_01,B
20211231,102,b_08,9,18,24.314,o2meter,decreasing,7,c_01,B
20220103,105,b_08,4,18,25.764,o2meter,decreasing,7,c_01,B
20220103,105,b_08,9,18,24.972,o2meter,decreasing,7,c_01,B
20220105,107,b_08,4,18,25.706,o2meter,decreasing,7,c_01,B
20220105,107,b_08,9,18,25.622,o2meter,decreasing,7,c_01,B
20220107,109,b_08,4,18,23.191,o2meter,decreasing,7,c_01,B
20220107,109,b_08,9,18,23.006,o2meter,decreasing,7,c_01,B
20220110,112,b_08,4,18,24.969,o2meter,decreasing,7,c_01,B
20220110,112,b_08,9,18,24.464,o2meter,decreasing,7,c_01,B
20220112,114,b_08,4,18,25.173,o2meter,decreasing,7,c_01,B
20220112,114,b_08,9,18,24.738,o2meter,decreasing,7,c_01,B
20220114,116,b_08,4,18,25.871,o2meter,decreasing,7,c_01,B
20220114,116,b_08,9,18,25.137,o2meter,decreasing,7,c_01,B
20220117,119,b_08,4,18,24.802,o2meter,decreasing,7,c_01,B
20220117,119,b_08,9,18,24.701,o2meter,decreasing,7,c_01,B
20220119,121,b_08,4,18,25.245,o2meter,decreasing,7,c_01,B
20220119,121,b_08,9,18,24.927,o2meter,decreasing,7,c_01,B
20220121,123,b_08,4,18,25.891,o2meter,decreasing,7,c_01,B
20220121,123,b_08,9,18,24.353,o2meter,decreasing,7,c_01,B
20220124,126,b_08,4,18,24.718,o2meter,decreasing,7,c_01,B
20220124,126,b_08,9,18,23.643,o2meter,decreasing,7,c_01,B
20220126,128,b_08,4,18,25.717,o2meter,decreasing,7,c_01,B
20220126,128,b_08,9,18,24.89,o2meter,decreasing,7,c_01,B
20220128,130,b_08,4,18,25.224,o2meter,decreasing,7,c_01,B
20220128,130,b_08,9,18,23.167,o2meter,decreasing,7,c_01,B
20220131,133,b_08,4,18,25.723,o2meter,decreasing,7,c_01,B
20220131,133,b_08,9,18,24.323,o2meter,decreasing,7,c_01,B
20220202,135,b_08,4,18,27.037,o2meter,decreasing,7,c_01,B
20220202,135,b_08,9,18,26.336,o2meter,decreasing,7,c_01,B
20220204,137,b_08,4,18,28.295,o2meter,decreasing,7,c_01,B
20220204,137,b_08,9,18,26.814,o2meter,decreasing,7,c_01,B
20220207,140,b_08,4,18,27.371,o2meter,decreasing,7,c_01,B
20220207,140,b_08,9,18,26.327,o2meter,decreasing,7,c_01,B
20220209,142,b_08,4,18,28.211,o2meter,decreasing,7,c_01,B
20220209,142,b_08,9,18,27.956,o2meter,decreasing,7,c_01,B
20220211,144,b_08,4,18,28.281,o2meter,decreasing,7,c_01,B
20220211,144,b_08,9,18,27.186,o2meter,decreasing,7,c_01,B
20220214,147,b_08,4,18,28.25,o2meter,decreasing,7,c_01,B
20220214,147,b_08,9,18,26.559,o2meter,decreasing,7,c_01,B
20220216,149,b_08,4,18,28.216,o2meter,decreasing,7,c_01,B
20220216,149,b_08,9,18,28.266,o2meter,decreasing,7,c_01,B
20220218,151,b_08,4,18,26.556,o2meter,decreasing,7,c_01,B
20220218,151,b_08,9,18,26.809,o2meter,decreasing,7,c_01,B
20220221,154,b_08,4,18,26.148,o2meter,decreasing,7,c_01,B
20220221,154,b_08,9,18,25.812,o2meter,decreasing,7,c_01,B
20220223,156,b_08,4,18,26.858,o2meter,decreasing,7,c_01,B
20220223,156,b_08,9,18,26.906,o2meter,decreasing,7,c_01,B
20220225,158,b_08,4,18,26.445,o2meter,decreasing,7,c_01,B
20220225,158,b_08,9,18,27.254,o2meter,decreasing,7,c_01,B
20220228,161,b_08,4,18,26.033,o2meter,decreasing,7,c_01,B
20220228,161,b_08,9,18,26.63,o2meter,decreasing,7,c_01,B
20220302,163,b_08,4,18,26.925,o2meter,decreasing,7,c_01,B
20220302,163,b_08,9,18,28.008,o2meter,decreasing,7,c_01,B
20220304,165,b_08,4,18,26.901,o2meter,decreasing,7,c_01,B
20220304,165,b_08,9,18,28.558,o2meter,decreasing,7,c_01,B
20220307,168,b_08,4,18,27.109,o2meter,decreasing,7,c_01,B
20220307,168,b_08,9,18,27.622,o2meter,decreasing,7,c_01,B
20220309,170,b_08,4,18,26.324,o2meter,decreasing,7,c_01,B
20220309,170,b_08,9,18,28.791,o2meter,decreasing,7,c_01,B
20220311,172,b_08,4,18,24.837,o2meter,decreasing,7,c_01,B
20220311,172,b_08,9,18,26.297,o2meter,decreasing,7,c_01,B
20220314,175,b_08,4,18,25.762,o2meter,decreasing,7,c_01,B
20220314,175,b_08,9,18,26.825,o2meter,decreasing,7,c_01,B
20220316,177,b_08,4,18,25.696,o2meter,decreasing,7,c_01,B
20220316,177,b_08,9,18,26.896,o2meter,decreasing,7,c_01,B
20220318,179,b_08,4,18,20.956,o2meter,decreasing,7,c_01,B
20220318,179,b_08,9,18,21.903,o2meter,decreasing,7,c_01,B
20220321,182,b_08,4,18,23.001,o2meter,decreasing,7,c_01,B
20220321,182,b_08,9,18,24.855,o2meter,decreasing,7,c_01,B
20220323,184,b_08,4,18,23.262,o2meter,decreasing,7,c_01,B
20220323,184,b_08,9,18,24.165,o2meter,decreasing,7,c_01,B
20220325,186,b_08,4,18,20.149,o2meter,decreasing,7,c_01,B
20220325,186,b_08,9,18,20.242,o2meter,decreasing,7,c_01,B
20220328,189,b_08,4,18,21.834,o2meter,decreasing,7,c_01,B
20220328,189,b_08,9,18,22.76,o2meter,decreasing,7,c_01,B
20220330,191,b_08,4,18,22.098,o2meter,decreasing,7,c_01,B
20220330,191,b_08,9,18,21.219,o2meter,decreasing,7,c_01,B
20220401,193,b_08,4,18,19.258,o2meter,decreasing,7,c_01,B
20220401,193,b_08,9,18,20.17,o2meter,decreasing,7,c_01,B
20220404,196,b_08,4,18,19.726,o2meter,decreasing,7,c_01,B
20220404,196,b_08,9,18,20.773,o2meter,decreasing,7,c_01,B
20220406,198,b_08,4,18,18.99,o2meter,decreasing,7,c_01,B
20220406,198,b_08,9,18,19.989,o2meter,decreasing,7,c_01,B
20220408,200,b_08,4,18,20.073,o2meter,decreasing,7,c_01,B
20220408,200,b_08,9,18,20.964,o2meter,decreasing,7,c_01,B
20220411,203,b_08,4,18,20.573,o2meter,decreasing,7,c_01,B
20220411,203,b_08,9,18,22.407,o2meter,decreasing,7,c_01,B
20220413,205,b_08,4,18,19.348,o2meter,decreasing,7,c_01,B
20220413,205,b_08,9,18,21.191,o2meter,decreasing,7,c_01,B
20220415,207,b_08,4,18,20.157,o2meter,decreasing,7,c_01,B
20220415,207,b_08,9,18,21.572,o2meter,decreasing,7,c_01,B
20220418,210,b_08,4,18,21.532,o2meter,decreasing,7,c_01,B
20220418,210,b_08,9,18,22.292,o2meter,decreasing,7,c_01,B
20220420,212,b_08,4,18,20.547,o2meter,decreasing,7,c_01,B
20220420,212,b_08,9,18,22.19,o2meter,decreasing,7,c_01,B
20220422,214,b_08,4,18,19.943,o2meter,decreasing,7,c_01,B
20220422,214,b_08,9,18,21.427,o2meter,decreasing,7,c_01,B
20220425,217,b_08,4,18,21.437,o2meter,decreasing,7,c_01,B
20220425,217,b_08,9,18,22.48,o2meter,decreasing,7,c_01,B
20220427,219,b_08,4,18,20.236,o2meter,decreasing,7,c_01,B
20220427,219,b_08,9,18,21.561,o2meter,decreasing,7,c_01,B
20220429,221,b_08,4,18,20.608,o2meter,decreasing,7,c_01,B
20220429,221,b_08,9,18,21.368,o2meter,decreasing,7,c_01,B
20220502,224,b_08,4,18,21.123,o2meter,decreasing,7,c_01,B
20220502,224,b_08,9,18,21.786,o2meter,decreasing,7,c_01,B
20220504,226,b_08,4,18,20.599,o2meter,decreasing,7,c_01,B
20220504,226,b_08,9,18,21.579,o2meter,decreasing,7,c_01,B
20220506,228,b_08,4,18,20.593,o2meter,decreasing,7,c_01,B
20220506,228,b_08,9,18,21.558,o2meter,decreasing,7,c_01,B
20220509,231,b_08,4,18,21.028,o2meter,decreasing,7,c_01,B
20220509,231,b_08,9,18,22.193,o2meter,decreasing,7,c_01,B
20220511,233,b_08,4,18,20.686,o2meter,decreasing,7,c_01,B
20220511,233,b_08,9,18,21.542,o2meter,decreasing,7,c_01,B
20220513,235,b_08,4,18,20.154,o2meter,decreasing,7,c_01,B
20220513,235,b_08,9,18,21.555,o2meter,decreasing,7,c_01,B
20220516,238,b_08,4,18,20.16,o2meter,decreasing,7,c_01,B
20220516,238,b_08,9,18,20.106,o2meter,decreasing,7,c_01,B
20220518,240,b_08,4,18,20.328,o2meter,decreasing,7,c_01,B
20220518,240,b_08,9,18,21.465,o2meter,decreasing,7,c_01,B
20220520,242,b_08,4,18,20.757,o2meter,decreasing,7,c_01,B
20220520,242,b_08,9,18,20.96,o2meter,decreasing,7,c_01,B
20220523,245,b_08,4,18,20.959,o2meter,decreasing,7,c_01,B
20220523,245,b_08,9,18,22,o2meter,decreasing,7,c_01,B
20220525,247,b_08,4,18,20.694,o2meter,decreasing,7,c_01,B
20220525,247,b_08,9,18,21.212,o2meter,decreasing,7,c_01,B
20220527,249,b_08,4,18,20.792,o2meter,decreasing,7,c_01,B
20220527,249,b_08,9,18,21.651,o2meter,decreasing,7,c_01,B
20220530,252,b_08,4,18,21.569,o2meter,decreasing,7,c_01,B
20220530,252,b_08,9,18,22.336,o2meter,decreasing,7,c_01,B
20220601,254,b_08,4,18,20.935,o2meter,decreasing,7,c_01,B
20220601,254,b_08,9,18,21.807,o2meter,decreasing,7,c_01,B
20220603,256,b_08,4,18,20.68,o2meter,decreasing,7,c_01,B
20220603,256,b_08,9,18,21.69,o2meter,decreasing,7,c_01,B
20220606,259,b_08,4,18,21.973,o2meter,decreasing,7,c_01,B
20220606,259,b_08,9,18,22.537,o2meter,decreasing,7,c_01,B
20220608,261,b_08,4,18,20.728,o2meter,decreasing,7,c_01,B
20220608,261,b_08,9,18,21.182,o2meter,decreasing,7,c_01,B
20220610,263,b_08,4,18,21.332,o2meter,decreasing,7,c_01,B
20220610,263,b_08,9,18,21.792,o2meter,decreasing,7,c_01,B
20220613,266,b_08,4,18,21.809,o2meter,decreasing,7,c_01,B
20220613,266,b_08,9,18,22.511,o2meter,decreasing,7,c_01,B
20220615,268,b_08,4,18,21.237,o2meter,decreasing,7,c_01,B
20220615,268,b_08,9,18,21.589,o2meter,decreasing,7,c_01,B
20220617,270,b_08,4,18,20.388,o2meter,decreasing,7,c_01,B
20220617,270,b_08,9,18,20.963,o2meter,decreasing,7,c_01,B
20220620,273,b_08,4,18,21.878,o2meter,decreasing,7,c_01,B
20220620,273,b_08,9,18,22.654,o2meter,decreasing,7,c_01,B
20220622,275,b_08,4,18,21.13,o2meter,decreasing,7,c_01,B
20220622,275,b_08,9,18,21.661,o2meter,decreasing,7,c_01,B
20220624,277,b_08,4,18,21.073,o2meter,decreasing,7,c_01,B
20220624,277,b_08,9,18,21.342,o2meter,decreasing,7,c_01,B
20220627,280,b_08,4,18,21.214,o2meter,decreasing,7,c_01,B
20220627,280,b_08,9,18,21.503,o2meter,decreasing,7,c_01,B
20220629,282,b_08,4,18,21.468,o2meter,decreasing,7,c_01,B
20220629,282,b_08,9,18,21.929,o2meter,decreasing,7,c_01,B
20220704,287,b_08,4,18,21.514,o2meter,decreasing,7,c_01,B
20220704,287,b_08,9,18,21.793,o2meter,decreasing,7,c_01,B
20210920,0,b_09,4,18,25.14,o2meter,decreasing,7,c_02,C
20210920,0,b_09,9,18,23.677,o2meter,decreasing,7,c_02,C
20210922,2,b_09,4,18,25.774,o2meter,decreasing,7,c_02,C
20210922,2,b_09,9,18,24.114,o2meter,decreasing,7,c_02,C
20210924,4,b_09,4,18,25.723,o2meter,decreasing,7,c_02,C
20210924,4,b_09,9,18,24.439,o2meter,decreasing,7,c_02,C
20210927,7,b_09,4,18,24.066,o2meter,decreasing,7,c_02,C
20210927,7,b_09,9,18,23.068,o2meter,decreasing,7,c_02,C
20210929,9,b_09,4,18,24.424,o2meter,decreasing,7,c_02,C
20210929,9,b_09,9,18,22.883,o2meter,decreasing,7,c_02,C
20211001,11,b_09,4,18,25.507,o2meter,decreasing,7,c_02,C
20211001,11,b_09,9,18,24.503,o2meter,decreasing,7,c_02,C
20211004,14,b_09,4,18,24.545,o2meter,decreasing,7,c_02,C
20211004,14,b_09,9,18,23.556,o2meter,decreasing,7,c_02,C
20211006,16,b_09,4,18,25.067,o2meter,decreasing,7,c_02,C
20211006,16,b_09,9,18,24.985,o2meter,decreasing,7,c_02,C
20211008,18,b_09,4,18,25.346,o2meter,decreasing,7,c_02,C
20211008,18,b_09,9,18,25.013,o2meter,decreasing,7,c_02,C
20211011,21,b_09,4,18,24.988,o2meter,decreasing,7,c_02,C
20211011,21,b_09,9,18,24.579,o2meter,decreasing,7,c_02,C
20211013,23,b_09,4,18,24.777,o2meter,decreasing,7,c_02,C
20211013,23,b_09,9,18,25.245,o2meter,decreasing,7,c_02,C
20211015,25,b_09,4,18,25.32,o2meter,decreasing,7,c_02,C
20211015,25,b_09,9,18,25.131,o2meter,decreasing,7,c_02,C
20211018,28,b_09,4,18,24.166,o2meter,decreasing,7,c_02,C
20211018,28,b_09,9,18,22.746,o2meter,decreasing,7,c_02,C
20211020,30,b_09,4,18,25.115,o2meter,decreasing,7,c_02,C
20211020,30,b_09,9,18,23.986,o2meter,decreasing,7,c_02,C
20211022,32,b_09,4,18,24.326,o2meter,decreasing,7,c_02,C
20211022,32,b_09,9,18,24.245,o2meter,decreasing,7,c_02,C
20211025,35,b_09,4,18,23.788,o2meter,decreasing,7,c_02,C
20211025,35,b_09,9,18,23.526,o2meter,decreasing,7,c_02,C
20211027,37,b_09,4,18,24.154,o2meter,decreasing,7,c_02,C
20211027,37,b_09,9,18,23.527,o2meter,decreasing,7,c_02,C
20211029,39,b_09,4,18,25.04,o2meter,decreasing,7,c_02,C
20211029,39,b_09,9,18,24.91,o2meter,decreasing,7,c_02,C
20211101,42,b_09,4,18,24.23,o2meter,decreasing,7,c_02,C
20211101,42,b_09,9,18,23.897,o2meter,decreasing,7,c_02,C
20211103,44,b_09,4,18,25.157,o2meter,decreasing,7,c_02,C
20211103,44,b_09,9,18,24.556,o2meter,decreasing,7,c_02,C
20211105,46,b_09,4,18,24.452,o2meter,decreasing,7,c_02,C
20211105,46,b_09,9,18,24.011,o2meter,decreasing,7,c_02,C
20211108,49,b_09,4,18,23.729,o2meter,decreasing,7,c_02,C
20211108,49,b_09,9,18,23.355,o2meter,decreasing,7,c_02,C
20211110,51,b_09,4,18,24.023,o2meter,decreasing,7,c_02,C
20211110,51,b_09,9,18,23.634,o2meter,decreasing,7,c_02,C
20211112,53,b_09,4,18,23.727,o2meter,decreasing,7,c_02,C
20211112,53,b_09,9,18,22.631,o2meter,decreasing,7,c_02,C
20211115,56,b_09,4,18,23.436,o2meter,decreasing,7,c_02,C
20211115,56,b_09,9,18,22.314,o2meter,decreasing,7,c_02,C
20211117,58,b_09,4,18,23.375,o2meter,decreasing,7,c_02,C
20211117,58,b_09,9,18,22.376,o2meter,decreasing,7,c_02,C
20211119,60,b_09,4,18,23.074,o2meter,decreasing,7,c_02,C
20211119,60,b_09,9,18,22.269,o2meter,decreasing,7,c_02,C
20211122,63,b_09,4,18,22.872,o2meter,decreasing,7,c_02,C
20211122,63,b_09,9,18,22.194,o2meter,decreasing,7,c_02,C
20211124,65,b_09,4,18,22.773,o2meter,decreasing,7,c_02,C
20211124,65,b_09,9,18,21.937,o2meter,decreasing,7,c_02,C
20211126,67,b_09,4,18,23.869,o2meter,decreasing,7,c_02,C
20211126,67,b_09,9,18,21.741,o2meter,decreasing,7,c_02,C
20211129,70,b_09,4,18,23.136,o2meter,decreasing,7,c_02,C
20211129,70,b_09,9,18,22.342,o2meter,decreasing,7,c_02,C
20211203,74,b_09,4,18,23.457,o2meter,decreasing,7,c_02,C
20211203,74,b_09,9,18,22.552,o2meter,decreasing,7,c_02,C
20211206,77,b_09,4,18,22.67,o2meter,decreasing,7,c_02,C
20211206,77,b_09,9,18,21.797,o2meter,decreasing,7,c_02,C
20211208,79,b_09,4,18,23.814,o2meter,decreasing,7,c_02,C
20211208,79,b_09,9,18,22.876,o2meter,decreasing,7,c_02,C
20211210,81,b_09,4,18,23.13,o2meter,decreasing,7,c_02,C
20211210,81,b_09,9,18,22.933,o2meter,decreasing,7,c_02,C
20211213,84,b_09,4,18,22.97,o2meter,decreasing,7,c_02,C
20211213,84,b_09,9,18,22.685,o2meter,decreasing,7,c_02,C
20211215,86,b_09,4,18,23.229,o2meter,decreasing,7,c_02,C
20211215,86,b_09,9,18,22.895,o2meter,decreasing,7,c_02,C
20211217,88,b_09,4,18,22.916,o2meter,decreasing,7,c_02,C
20211217,88,b_09,9,18,22.399,o2meter,decreasing,7,c_02,C
20211220,91,b_09,4,18,21.987,o2meter,decreasing,7,c_02,C
20211220,91,b_09,9,18,21.617,o2meter,decreasing,7,c_02,C
20211222,93,b_09,4,18,22.697,o2meter,decreasing,7,c_02,C
20211222,93,b_09,9,18,22.412,o2meter,decreasing,7,c_02,C
20211224,95,b_09,4,18,22.737,o2meter,decreasing,7,c_02,C
20211224,95,b_09,9,18,21.808,o2meter,decreasing,7,c_02,C
20211227,98,b_09,4,18,22.345,o2meter,decreasing,7,c_02,C
20211227,98,b_09,9,18,21.178,o2meter,decreasing,7,c_02,C
20211229,100,b_09,4,18,22.468,o2meter,decreasing,7,c_02,C
20211229,100,b_09,9,18,21.459,o2meter,decreasing,7,c_02,C
20211231,102,b_09,4,18,22.292,o2meter,decreasing,7,c_02,C
20211231,102,b_09,9,18,21.34,o2meter,decreasing,7,c_02,C
20220103,105,b_09,4,18,21.938,o2meter,decreasing,7,c_02,C
20220103,105,b_09,9,18,21.356,o2meter,decreasing,7,c_02,C
20220105,107,b_09,4,18,22.345,o2meter,decreasing,7,c_02,C
20220105,107,b_09,9,18,21.369,o2meter,decreasing,7,c_02,C
20220107,109,b_09,4,18,22.42,o2meter,decreasing,7,c_02,C
20220107,109,b_09,9,18,21.512,o2meter,decreasing,7,c_02,C
20220110,112,b_09,4,18,22.106,o2meter,decreasing,7,c_02,C
20220110,112,b_09,9,18,21.089,o2meter,decreasing,7,c_02,C
20220112,114,b_09,4,18,22.567,o2meter,decreasing,7,c_02,C
20220112,114,b_09,9,18,21.6,o2meter,decreasing,7,c_02,C
20220114,116,b_09,4,18,22.765,o2meter,decreasing,7,c_02,C
20220114,116,b_09,9,18,22.013,o2meter,decreasing,7,c_02,C
20220117,119,b_09,4,18,22.87,o2meter,decreasing,7,c_02,C
20220117,119,b_09,9,18,22.005,o2meter,decreasing,7,c_02,C
20220119,121,b_09,4,18,22.606,o2meter,decreasing,7,c_02,C
20220119,121,b_09,9,18,21.977,o2meter,decreasing,7,c_02,C
20220121,123,b_09,4,18,24.859,o2meter,decreasing,7,c_02,C
20220121,123,b_09,9,18,22.855,o2meter,decreasing,7,c_02,C
20220124,126,b_09,4,18,23.905,o2meter,decreasing,7,c_02,C
20220124,126,b_09,9,18,23.088,o2meter,decreasing,7,c_02,C
20220126,128,b_09,4,18,25.167,o2meter,decreasing,7,c_02,C
20220126,128,b_09,9,18,23.115,o2meter,decreasing,7,c_02,C
20220128,130,b_09,4,18,26.751,o2meter,decreasing,7,c_02,C
20220128,130,b_09,9,18,23.356,o2meter,decreasing,7,c_02,C
20220131,133,b_09,4,18,25.563,o2meter,decreasing,7,c_02,C
20220131,133,b_09,9,18,23.033,o2meter,decreasing,7,c_02,C
20220202,135,b_09,4,18,26.431,o2meter,decreasing,7,c_02,C
20220202,135,b_09,9,18,24.104,o2meter,decreasing,7,c_02,C
20220204,137,b_09,4,18,25.482,o2meter,decreasing,7,c_02,C
20220204,137,b_09,9,18,25.182,o2meter,decreasing,7,c_02,C
20220207,140,b_09,4,18,24.26,o2meter,decreasing,7,c_02,C
20220207,140,b_09,9,18,23.883,o2meter,decreasing,7,c_02,C
20220209,142,b_09,4,18,24.958,o2meter,decreasing,7,c_02,C
20220209,142,b_09,9,18,24.516,o2meter,decreasing,7,c_02,C
20220211,144,b_09,4,18,25.372,o2meter,decreasing,7,c_02,C
20220211,144,b_09,9,18,25.147,o2meter,decreasing,7,c_02,C
20220214,147,b_09,4,18,24.479,o2meter,decreasing,7,c_02,C
20220214,147,b_09,9,18,24.471,o2meter,decreasing,7,c_02,C
20220216,149,b_09,4,18,24.814,o2meter,decreasing,7,c_02,C
20220216,149,b_09,9,18,24.563,o2meter,decreasing,7,c_02,C
20220218,151,b_09,4,18,25.116,o2meter,decreasing,7,c_02,C
20220218,151,b_09,9,18,24.894,o2meter,decreasing,7,c_02,C
20220221,154,b_09,4,18,24.173,o2meter,decreasing,7,c_02,C
20220221,154,b_09,9,18,23.969,o2meter,decreasing,7,c_02,C
20220223,156,b_09,4,18,24.209,o2meter,decreasing,7,c_02,C
20220223,156,b_09,9,18,24.059,o2meter,decreasing,7,c_02,C
20220225,158,b_09,4,18,23.934,o2meter,decreasing,7,c_02,C
20220225,158,b_09,9,18,23.9,o2meter,decreasing,7,c_02,C
20220228,161,b_09,4,18,23.709,o2meter,decreasing,7,c_02,C
20220228,161,b_09,9,18,23.694,o2meter,decreasing,7,c_02,C
20220302,163,b_09,4,18,24.577,o2meter,decreasing,7,c_02,C
20220302,163,b_09,9,18,24.253,o2meter,decreasing,7,c_02,C
20220304,165,b_09,4,18,24.341,o2meter,decreasing,7,c_02,C
20220304,165,b_09,9,18,23.019,o2meter,decreasing,7,c_02,C
20220307,168,b_09,4,18,23.394,o2meter,decreasing,7,c_02,C
20220307,168,b_09,9,18,22.119,o2meter,decreasing,7,c_02,C
20220309,170,b_09,4,18,24.392,o2meter,decreasing,7,c_02,C
20220309,170,b_09,9,18,22.682,o2meter,decreasing,7,c_02,C
20220311,172,b_09,4,18,25.218,o2meter,decreasing,7,c_02,C
20220311,172,b_09,9,18,23.108,o2meter,decreasing,7,c_02,C
20220314,175,b_09,4,18,23.451,o2meter,decreasing,7,c_02,C
20220314,175,b_09,9,18,22.594,o2meter,decreasing,7,c_02,C
20220316,177,b_09,4,18,25.882,o2meter,decreasing,7,c_02,C
20220316,177,b_09,9,18,25.06,o2meter,decreasing,7,c_02,C
20220318,179,b_09,4,18,24.337,o2meter,decreasing,7,c_02,C
20220318,179,b_09,9,18,24.977,o2meter,decreasing,7,c_02,C
20220321,182,b_09,4,18,25.102,o2meter,decreasing,7,c_02,C
20220321,182,b_09,9,18,25.448,o2meter,decreasing,7,c_02,C
20220323,184,b_09,4,18,23.594,o2meter,decreasing,7,c_02,C
20220323,184,b_09,9,18,24.279,o2meter,decreasing,7,c_02,C
20220325,186,b_09,4,18,18.536,o2meter,decreasing,7,c_02,C
20220325,186,b_09,9,18,18.717,o2meter,decreasing,7,c_02,C
20220328,189,b_09,4,18,20.399,o2meter,decreasing,7,c_02,C
20220328,189,b_09,9,18,20.577,o2meter,decreasing,7,c_02,C
20220330,191,b_09,4,18,20.874,o2meter,decreasing,7,c_02,C
20220330,191,b_09,9,18,20.032,o2meter,decreasing,7,c_02,C
20220401,193,b_09,4,18,18.246,o2meter,decreasing,7,c_02,C
20220401,193,b_09,9,18,18.594,o2meter,decreasing,7,c_02,C
20220404,196,b_09,4,18,19.048,o2meter,decreasing,7,c_02,C
20220404,196,b_09,9,18,19.236,o2meter,decreasing,7,c_02,C
20220406,198,b_09,4,18,20.206,o2meter,decreasing,7,c_02,C
20220406,198,b_09,9,18,20.644,o2meter,decreasing,7,c_02,C
20220408,200,b_09,4,18,20.303,o2meter,decreasing,7,c_02,C
20220408,200,b_09,9,18,21.22,o2meter,decreasing,7,c_02,C
20220411,203,b_09,4,18,19.882,o2meter,decreasing,7,c_02,C
20220411,203,b_09,9,18,20.528,o2meter,decreasing,7,c_02,C
20220413,205,b_09,4,18,19.687,o2meter,decreasing,7,c_02,C
20220413,205,b_09,9,18,20.095,o2meter,decreasing,7,c_02,C
20220415,207,b_09,4,18,20.643,o2meter,decreasing,7,c_02,C
20220415,207,b_09,9,18,20.877,o2meter,decreasing,7,c_02,C
20220418,210,b_09,4,18,21.9,o2meter,decreasing,7,c_02,C
20220418,210,b_09,9,18,22.185,o2meter,decreasing,7,c_02,C
20220420,212,b_09,4,18,21.565,o2meter,decreasing,7,c_02,C
20220420,212,b_09,9,18,21.825,o2meter,decreasing,7,c_02,C
20220422,214,b_09,4,18,21.24,o2meter,decreasing,7,c_02,C
20220422,214,b_09,9,18,21.489,o2meter,decreasing,7,c_02,C
20220425,217,b_09,4,18,21.884,o2meter,decreasing,7,c_02,C
20220425,217,b_09,9,18,22.212,o2meter,decreasing,7,c_02,C
20220427,219,b_09,4,18,21.439,o2meter,decreasing,7,c_02,C
20220427,219,b_09,9,18,21.608,o2meter,decreasing,7,c_02,C
20220429,221,b_09,4,18,21.832,o2meter,decreasing,7,c_02,C
20220429,221,b_09,9,18,22.308,o2meter,decreasing,7,c_02,C
20220502,224,b_09,4,18,22.769,o2meter,decreasing,7,c_02,C
20220502,224,b_09,9,18,22.807,o2meter,decreasing,7,c_02,C
20220504,226,b_09,4,18,22.219,o2meter,decreasing,7,c_02,C
20220504,226,b_09,9,18,22.329,o2meter,decreasing,7,c_02,C
20220506,228,b_09,4,18,23.169,o2meter,decreasing,7,c_02,C
20220506,228,b_09,9,18,22.434,o2meter,decreasing,7,c_02,C
20220509,231,b_09,4,18,22.945,o2meter,decreasing,7,c_02,C
20220509,231,b_09,9,18,23.201,o2meter,decreasing,7,c_02,C
20220511,233,b_09,4,18,22.333,o2meter,decreasing,7,c_02,C
20220511,233,b_09,9,18,22.61,o2meter,decreasing,7,c_02,C
20220513,235,b_09,4,18,22.91,o2meter,decreasing,7,c_02,C
20220513,235,b_09,9,18,22.798,o2meter,decreasing,7,c_02,C
20220516,238,b_09,4,18,22.341,o2meter,decreasing,7,c_02,C
20220516,238,b_09,9,18,22.606,o2meter,decreasing,7,c_02,C
20220518,240,b_09,4,18,21.798,o2meter,decreasing,7,c_02,C
20220518,240,b_09,9,18,22.421,o2meter,decreasing,7,c_02,C
20220520,242,b_09,4,18,22.217,o2meter,decreasing,7,c_02,C
20220520,242,b_09,9,18,22.853,o2meter,decreasing,7,c_02,C
20220523,245,b_09,4,18,23.544,o2meter,decreasing,7,c_02,C
20220523,245,b_09,9,18,23.847,o2meter,decreasing,7,c_02,C
20220525,247,b_09,4,18,21.858,o2meter,decreasing,7,c_02,C
20220525,247,b_09,9,18,22.165,o2meter,decreasing,7,c_02,C
20220527,249,b_09,4,18,22.74,o2meter,decreasing,7,c_02,C
20220527,249,b_09,9,18,23.704,o2meter,decreasing,7,c_02,C
20220530,252,b_09,4,18,24.389,o2meter,decreasing,7,c_02,C
20220530,252,b_09,9,18,24,o2meter,decreasing,7,c_02,C
20220601,254,b_09,4,18,23.906,o2meter,decreasing,7,c_02,C
20220601,254,b_09,9,18,22.952,o2meter,decreasing,7,c_02,C
20220603,256,b_09,4,18,23.827,o2meter,decreasing,7,c_02,C
20220603,256,b_09,9,18,22.591,o2meter,decreasing,7,c_02,C
20220606,259,b_09,4,18,22.938,o2meter,decreasing,7,c_02,C
20220606,259,b_09,9,18,23.595,o2meter,decreasing,7,c_02,C
20220608,261,b_09,4,18,23.391,o2meter,decreasing,7,c_02,C
20220608,261,b_09,9,18,23.964,o2meter,decreasing,7,c_02,C
20220610,263,b_09,4,18,23.202,o2meter,decreasing,7,c_02,C
20220610,263,b_09,9,18,22.697,o2meter,decreasing,7,c_02,C
20220613,266,b_09,4,18,23.02,o2meter,decreasing,7,c_02,C
20220613,266,b_09,9,18,23.811,o2meter,decreasing,7,c_02,C
20220615,268,b_09,4,18,22.114,o2meter,decreasing,7,c_02,C
20220615,268,b_09,9,18,23.006,o2meter,decreasing,7,c_02,C
20220617,270,b_09,4,18,22.46,o2meter,decreasing,7,c_02,C
20220617,270,b_09,9,18,22.906,o2meter,decreasing,7,c_02,C
20220620,273,b_09,4,18,23.752,o2meter,decreasing,7,c_02,C
20220620,273,b_09,9,18,23.977,o2meter,decreasing,7,c_02,C
20220622,275,b_09,4,18,22.575,o2meter,decreasing,7,c_02,C
20220622,275,b_09,9,18,22.558,o2meter,decreasing,7,c_02,C
20220624,277,b_09,4,18,23.027,o2meter,decreasing,7,c_02,C
20220624,277,b_09,9,18,23.144,o2meter,decreasing,7,c_02,C
20220627,280,b_09,4,18,23.023,o2meter,decreasing,7,c_02,C
20220627,280,b_09,9,18,23.558,o2meter,decreasing,7,c_02,C
20220629,282,b_09,4,18,22.683,o2meter,decreasing,7,c_02,C
20220629,282,b_09,9,18,22.092,o2meter,decreasing,7,c_02,C
20220704,287,b_09,4,18,22.661,o2meter,decreasing,7,c_02,C
20220704,287,b_09,9,18,21.434,o2meter,decreasing,7,c_02,C
20210920,0,b_10,4,18,28.805,o2meter,decreasing,10,c_07,C
20210920,0,b_10,9,18,27.366,o2meter,decreasing,10,c_07,C
20210922,2,b_10,4,18,32.121,o2meter,decreasing,10,c_07,C
20210922,2,b_10,9,18,28.508,o2meter,decreasing,10,c_07,C
20210924,4,b_10,4,18,31.36,o2meter,decreasing,10,c_07,C
20210924,4,b_10,9,18,29.631,o2meter,decreasing,10,c_07,C
20210927,7,b_10,4,18,27.017,o2meter,decreasing,10,c_07,C
20210927,7,b_10,9,18,26.283,o2meter,decreasing,10,c_07,C
20210929,9,b_10,4,18,27.747,o2meter,decreasing,10,c_07,C
20210929,9,b_10,9,18,26.767,o2meter,decreasing,10,c_07,C
20211001,11,b_10,4,18,28.153,o2meter,decreasing,10,c_07,C
20211001,11,b_10,9,18,26.331,o2meter,decreasing,10,c_07,C
20211004,14,b_10,4,18,25.504,o2meter,decreasing,10,c_07,C
20211004,14,b_10,9,18,23.824,o2meter,decreasing,10,c_07,C
20211006,16,b_10,4,18,26.982,o2meter,decreasing,10,c_07,C
20211006,16,b_10,9,18,23.79,o2meter,decreasing,10,c_07,C
20211008,18,b_10,4,18,26.93,o2meter,decreasing,10,c_07,C
20211008,18,b_10,9,18,26.555,o2meter,decreasing,10,c_07,C
20211011,21,b_10,4,18,24.963,o2meter,decreasing,10,c_07,C
20211011,21,b_10,9,18,24.383,o2meter,decreasing,10,c_07,C
20211013,23,b_10,4,18,25.485,o2meter,decreasing,10,c_07,C
20211013,23,b_10,9,18,24.606,o2meter,decreasing,10,c_07,C
20211015,25,b_10,4,18,26.286,o2meter,decreasing,10,c_07,C
20211015,25,b_10,9,18,26.707,o2meter,decreasing,10,c_07,C
20211018,28,b_10,4,18,24.68,o2meter,decreasing,10,c_07,C
20211018,28,b_10,9,18,24.542,o2meter,decreasing,10,c_07,C
20211020,30,b_10,4,18,25.344,o2meter,decreasing,10,c_07,C
20211020,30,b_10,9,18,25.494,o2meter,decreasing,10,c_07,C
20211022,32,b_10,4,18,25.069,o2meter,decreasing,10,c_07,C
20211022,32,b_10,9,18,25.038,o2meter,decreasing,10,c_07,C
20211025,35,b_10,4,18,23.976,o2meter,decreasing,10,c_07,C
20211025,35,b_10,9,18,24.067,o2meter,decreasing,10,c_07,C
20211027,37,b_10,4,18,24.953,o2meter,decreasing,10,c_07,C
20211027,37,b_10,9,18,24.43,o2meter,decreasing,10,c_07,C
20211029,39,b_10,4,18,26.161,o2meter,decreasing,10,c_07,C
20211029,39,b_10,9,18,26.281,o2meter,decreasing,10,c_07,C
20211101,42,b_10,4,18,24.655,o2meter,decreasing,10,c_07,C
20211101,42,b_10,9,18,23.901,o2meter,decreasing,10,c_07,C
20211103,44,b_10,4,18,26.443,o2meter,decreasing,10,c_07,C
20211103,44,b_10,9,18,25.774,o2meter,decreasing,10,c_07,C
20211105,46,b_10,4,18,25.518,o2meter,decreasing,10,c_07,C
20211105,46,b_10,9,18,24.464,o2meter,decreasing,10,c_07,C
20211108,49,b_10,4,18,24.607,o2meter,decreasing,10,c_07,C
20211108,49,b_10,9,18,24.023,o2meter,decreasing,10,c_07,C
20211110,51,b_10,4,18,25.617,o2meter,decreasing,10,c_07,C
20211110,51,b_10,9,18,25.037,o2meter,decreasing,10,c_07,C
20211112,53,b_10,4,18,26.363,o2meter,decreasing,10,c_07,C
20211112,53,b_10,9,18,25.049,o2meter,decreasing,10,c_07,C
20211115,56,b_10,4,18,28.467,o2meter,decreasing,10,c_07,C
20211115,56,b_10,9,18,28.069,o2meter,decreasing,10,c_07,C
20211117,58,b_10,4,18,27.179,o2meter,decreasing,10,c_07,C
20211117,58,b_10,9,18,25.855,o2meter,decreasing,10,c_07,C
20211119,60,b_10,4,18,26.74,o2meter,decreasing,10,c_07,C
20211119,60,b_10,9,18,26.853,o2meter,decreasing,10,c_07,C
20211122,63,b_10,4,18,26.79,o2meter,decreasing,10,c_07,C
20211122,63,b_10,9,18,26.921,o2meter,decreasing,10,c_07,C
20211124,65,b_10,4,18,26.276,o2meter,decreasing,10,c_07,C
20211124,65,b_10,9,18,25.905,o2meter,decreasing,10,c_07,C
20211126,67,b_10,4,18,27.118,o2meter,decreasing,10,c_07,C
20211126,67,b_10,9,18,27.91,o2meter,decreasing,10,c_07,C
20211129,70,b_10,4,18,27.004,o2meter,decreasing,10,c_07,C
20211129,70,b_10,9,18,27.7,o2meter,decreasing,10,c_07,C
20211203,74,b_10,4,18,26.996,o2meter,decreasing,10,c_07,C
20211203,74,b_10,9,18,26.824,o2meter,decreasing,10,c_07,C
20211206,77,b_10,4,18,25.307,o2meter,decreasing,10,c_07,C
20211206,77,b_10,9,18,25.293,o2meter,decreasing,10,c_07,C
20211208,79,b_10,4,18,25.785,o2meter,decreasing,10,c_07,C
20211208,79,b_10,9,18,25.716,o2meter,decreasing,10,c_07,C
20211210,81,b_10,4,18,26.285,o2meter,decreasing,10,c_07,C
20211210,81,b_10,9,18,26.618,o2meter,decreasing,10,c_07,C
20211213,84,b_10,4,18,26.521,o2meter,decreasing,10,c_07,C
20211213,84,b_10,9,18,24.136,o2meter,decreasing,10,c_07,C
20211215,86,b_10,4,18,25.617,o2meter,decreasing,10,c_07,C
20211215,86,b_10,9,18,26.201,o2meter,decreasing,10,c_07,C
20211217,88,b_10,4,18,25.058,o2meter,decreasing,10,c_07,C
20211217,88,b_10,9,18,25.368,o2meter,decreasing,10,c_07,C
20211220,91,b_10,4,18,25.181,o2meter,decreasing,10,c_07,C
20211220,91,b_10,9,18,24.578,o2meter,decreasing,10,c_07,C
20211222,93,b_10,4,18,26.403,o2meter,decreasing,10,c_07,C
20211222,93,b_10,9,18,26.57,o2meter,decreasing,10,c_07,C
20211224,95,b_10,4,18,26.04,o2meter,decreasing,10,c_07,C
20211224,95,b_10,9,18,24.707,o2meter,decreasing,10,c_07,C
20211227,98,b_10,4,18,25.779,o2meter,decreasing,10,c_07,C
20211227,98,b_10,9,18,24.166,o2meter,decreasing,10,c_07,C
20211229,100,b_10,4,18,26.031,o2meter,decreasing,10,c_07,C
20211229,100,b_10,9,18,25.529,o2meter,decreasing,10,c_07,C
20211231,102,b_10,4,18,25.483,o2meter,decreasing,10,c_07,C
20211231,102,b_10,9,18,24.705,o2meter,decreasing,10,c_07,C
20220103,105,b_10,4,18,24.648,o2meter,decreasing,10,c_07,C
20220103,105,b_10,9,18,23.922,o2meter,decreasing,10,c_07,C
20220105,107,b_10,4,18,24.969,o2meter,decreasing,10,c_07,C
20220105,107,b_10,9,18,23.633,o2meter,decreasing,10,c_07,C
20220107,109,b_10,4,18,27.559,o2meter,decreasing,10,c_07,C
20220107,109,b_10,9,18,26.834,o2meter,decreasing,10,c_07,C
20220110,112,b_10,4,18,26.089,o2meter,decreasing,10,c_07,C
20220110,112,b_10,9,18,25.089,o2meter,decreasing,10,c_07,C
20220112,114,b_10,4,18,26.288,o2meter,decreasing,10,c_07,C
20220112,114,b_10,9,18,26.851,o2meter,decreasing,10,c_07,C
20220114,116,b_10,4,18,27.904,o2meter,decreasing,10,c_07,C
20220114,116,b_10,9,18,27.117,o2meter,decreasing,10,c_07,C
20220117,119,b_10,4,18,27.244,o2meter,decreasing,10,c_07,C
20220117,119,b_10,9,18,27.389,o2meter,decreasing,10,c_07,C
20220119,121,b_10,4,18,26.194,o2meter,decreasing,10,c_07,C
20220119,121,b_10,9,18,25.272,o2meter,decreasing,10,c_07,C
20220121,123,b_10,4,18,26.536,o2meter,decreasing,10,c_07,C
20220121,123,b_10,9,18,26.823,o2meter,decreasing,10,c_07,C
20220124,126,b_10,4,18,25.435,o2meter,decreasing,10,c_07,C
20220124,126,b_10,9,18,25.993,o2meter,decreasing,10,c_07,C
20220126,128,b_10,4,18,26.307,o2meter,decreasing,10,c_07,C
20220126,128,b_10,9,18,26.33,o2meter,decreasing,10,c_07,C
20220128,130,b_10,4,18,26.748,o2meter,decreasing,10,c_07,C
20220128,130,b_10,9,18,26.15,o2meter,decreasing,10,c_07,C
20220131,133,b_10,4,18,26.446,o2meter,decreasing,10,c_07,C
20220131,133,b_10,9,18,27.088,o2meter,decreasing,10,c_07,C
20220202,135,b_10,4,18,27.192,o2meter,decreasing,10,c_07,C
20220202,135,b_10,9,18,27.481,o2meter,decreasing,10,c_07,C
20220204,137,b_10,4,18,26.81,o2meter,decreasing,10,c_07,C
20220204,137,b_10,9,18,27.035,o2meter,decreasing,10,c_07,C
20220207,140,b_10,4,18,25.602,o2meter,decreasing,10,c_07,C
20220207,140,b_10,9,18,25.4,o2meter,decreasing,10,c_07,C
20220209,142,b_10,4,18,25.799,o2meter,decreasing,10,c_07,C
20220209,142,b_10,9,18,25.817,o2meter,decreasing,10,c_07,C
20220211,144,b_10,4,18,26.043,o2meter,decreasing,10,c_07,C
20220211,144,b_10,9,18,25.543,o2meter,decreasing,10,c_07,C
20220214,147,b_10,4,18,26.023,o2meter,decreasing,10,c_07,C
20220214,147,b_10,9,18,25.869,o2meter,decreasing,10,c_07,C
20220216,149,b_10,4,18,26.48,o2meter,decreasing,10,c_07,C
20220216,149,b_10,9,18,27.336,o2meter,decreasing,10,c_07,C
20220218,151,b_10,4,18,26.851,o2meter,decreasing,10,c_07,C
20220218,151,b_10,9,18,25.497,o2meter,decreasing,10,c_07,C
20220221,154,b_10,4,18,26.088,o2meter,decreasing,10,c_07,C
20220221,154,b_10,9,18,25.056,o2meter,decreasing,10,c_07,C
20220223,156,b_10,4,18,27.488,o2meter,decreasing,10,c_07,C
20220223,156,b_10,9,18,26.95,o2meter,decreasing,10,c_07,C
20220225,158,b_10,4,18,27.191,o2meter,decreasing,10,c_07,C
20220225,158,b_10,9,18,25.423,o2meter,decreasing,10,c_07,C
20220228,161,b_10,4,18,26.872,o2meter,decreasing,10,c_07,C
20220228,161,b_10,9,18,24.855,o2meter,decreasing,10,c_07,C
20220302,163,b_10,4,18,27.601,o2meter,decreasing,10,c_07,C
20220302,163,b_10,9,18,26.388,o2meter,decreasing,10,c_07,C
20220304,165,b_10,4,18,29.539,o2meter,decreasing,10,c_07,C
20220304,165,b_10,9,18,31.372,o2meter,decreasing,10,c_07,C
20220307,168,b_10,4,18,30.291,o2meter,decreasing,10,c_07,C
20220307,168,b_10,9,18,31.471,o2meter,decreasing,10,c_07,C
20220309,170,b_10,4,18,31.075,o2meter,decreasing,10,c_07,C
20220309,170,b_10,9,18,32.309,o2meter,decreasing,10,c_07,C
20220311,172,b_10,4,18,25.986,o2meter,decreasing,10,c_07,C
20220311,172,b_10,9,18,29.471,o2meter,decreasing,10,c_07,C
20220314,175,b_10,4,18,29.358,o2meter,decreasing,10,c_07,C
20220314,175,b_10,9,18,30.208,o2meter,decreasing,10,c_07,C
20220316,177,b_10,4,18,29.103,o2meter,decreasing,10,c_07,C
20220316,177,b_10,9,18,28.811,o2meter,decreasing,10,c_07,C
20220318,179,b_10,4,18,26.075,o2meter,decreasing,10,c_07,C
20220318,179,b_10,9,18,28.53,o2meter,decreasing,10,c_07,C
20220321,182,b_10,4,18,27.744,o2meter,decreasing,10,c_07,C
20220321,182,b_10,9,18,28.817,o2meter,decreasing,10,c_07,C
20220323,184,b_10,4,18,26.01,o2meter,decreasing,10,c_07,C
20220323,184,b_10,9,18,28.345,o2meter,decreasing,10,c_07,C
20220325,186,b_10,4,18,18.908,o2meter,decreasing,10,c_07,C
20220325,186,b_10,9,18,20.445,o2meter,decreasing,10,c_07,C
20220328,189,b_10,4,18,22.678,o2meter,decreasing,10,c_07,C
20220328,189,b_10,9,18,24.157,o2meter,decreasing,10,c_07,C
20220330,191,b_10,4,18,22.163,o2meter,decreasing,10,c_07,C
20220330,191,b_10,9,18,23.661,o2meter,decreasing,10,c_07,C
20220401,193,b_10,4,18,20.486,o2meter,decreasing,10,c_07,C
20220401,193,b_10,9,18,21.651,o2meter,decreasing,10,c_07,C
20220404,196,b_10,4,18,21.051,o2meter,decreasing,10,c_07,C
20220404,196,b_10,9,18,21.78,o2meter,decreasing,10,c_07,C
20220406,198,b_10,4,18,21.046,o2meter,decreasing,10,c_07,C
20220406,198,b_10,9,18,22.283,o2meter,decreasing,10,c_07,C
20220408,200,b_10,4,18,19.84,o2meter,decreasing,10,c_07,C
20220408,200,b_10,9,18,20.943,o2meter,decreasing,10,c_07,C
20220411,203,b_10,4,18,21.26,o2meter,decreasing,10,c_07,C
20220411,203,b_10,9,18,22.447,o2meter,decreasing,10,c_07,C
20220413,205,b_10,4,18,21.048,o2meter,decreasing,10,c_07,C
20220413,205,b_10,9,18,21.838,o2meter,decreasing,10,c_07,C
20220415,207,b_10,4,18,22.346,o2meter,decreasing,10,c_07,C
20220415,207,b_10,9,18,22.158,o2meter,decreasing,10,c_07,C
20220418,210,b_10,4,18,22.514,o2meter,decreasing,10,c_07,C
20220418,210,b_10,9,18,23.005,o2meter,decreasing,10,c_07,C
20220420,212,b_10,4,18,20.843,o2meter,decreasing,10,c_07,C
20220420,212,b_10,9,18,22.017,o2meter,decreasing,10,c_07,C
20220422,214,b_10,4,18,21.527,o2meter,decreasing,10,c_07,C
20220422,214,b_10,9,18,22.698,o2meter,decreasing,10,c_07,C
20220425,217,b_10,4,18,22.397,o2meter,decreasing,10,c_07,C
20220425,217,b_10,9,18,23.062,o2meter,decreasing,10,c_07,C
20220427,219,b_10,4,18,21.933,o2meter,decreasing,10,c_07,C
20220427,219,b_10,9,18,22.58,o2meter,decreasing,10,c_07,C
20220429,221,b_10,4,18,21.104,o2meter,decreasing,10,c_07,C
20220429,221,b_10,9,18,21.557,o2meter,decreasing,10,c_07,C
20220502,224,b_10,4,18,22.228,o2meter,decreasing,10,c_07,C
20220502,224,b_10,9,18,22.885,o2meter,decreasing,10,c_07,C
20220504,226,b_10,4,18,21.518,o2meter,decreasing,10,c_07,C
20220504,226,b_10,9,18,22.984,o2meter,decreasing,10,c_07,C
20220506,228,b_10,4,18,21.996,o2meter,decreasing,10,c_07,C
20220506,228,b_10,9,18,22.966,o2meter,decreasing,10,c_07,C
20220509,231,b_10,4,18,22.499,o2meter,decreasing,10,c_07,C
20220509,231,b_10,9,18,23.195,o2meter,decreasing,10,c_07,C
20220511,233,b_10,4,18,21.968,o2meter,decreasing,10,c_07,C
20220511,233,b_10,9,18,22.792,o2meter,decreasing,10,c_07,C
20220513,235,b_10,4,18,21.174,o2meter,decreasing,10,c_07,C
20220513,235,b_10,9,18,22.578,o2meter,decreasing,10,c_07,C
20220516,238,b_10,4,18,21.321,o2meter,decreasing,10,c_07,C
20220516,238,b_10,9,18,22.303,o2meter,decreasing,10,c_07,C
20220518,240,b_10,4,18,21.538,o2meter,decreasing,10,c_07,C
20220518,240,b_10,9,18,23.515,o2meter,decreasing,10,c_07,C
20220520,242,b_10,4,18,22.394,o2meter,decreasing,10,c_07,C
20220520,242,b_10,9,18,22.711,o2meter,decreasing,10,c_07,C
20220523,245,b_10,4,18,22.347,o2meter,decreasing,10,c_07,C
20220523,245,b_10,9,18,23.658,o2meter,decreasing,10,c_07,C
20220525,247,b_10,4,18,22.966,o2meter,decreasing,10,c_07,C
20220525,247,b_10,9,18,22.878,o2meter,decreasing,10,c_07,C
20220527,249,b_10,4,18,22.025,o2meter,decreasing,10,c_07,C
20220527,249,b_10,9,18,22.81,o2meter,decreasing,10,c_07,C
20220530,252,b_10,4,18,22.57,o2meter,decreasing,10,c_07,C
20220530,252,b_10,9,18,23.427,o2meter,decreasing,10,c_07,C
20220601,254,b_10,4,18,22.24,o2meter,decreasing,10,c_07,C
20220601,254,b_10,9,18,24.509,o2meter,decreasing,10,c_07,C
20220603,256,b_10,4,18,22.115,o2meter,decreasing,10,c_07,C
20220603,256,b_10,9,18,22.826,o2meter,decreasing,10,c_07,C
20220606,259,b_10,4,18,22.503,o2meter,decreasing,10,c_07,C
20220606,259,b_10,9,18,22.858,o2meter,decreasing,10,c_07,C
20220608,261,b_10,4,18,21.38,o2meter,decreasing,10,c_07,C
20220608,261,b_10,9,18,22.047,o2meter,decreasing,10,c_07,C
20220610,263,b_10,4,18,22.217,o2meter,decreasing,10,c_07,C
20220610,263,b_10,9,18,21.871,o2meter,decreasing,10,c_07,C
20220613,266,b_10,4,18,22.55,o2meter,decreasing,10,c_07,C
20220613,266,b_10,9,18,21.955,o2meter,decreasing,10,c_07,C
20220615,268,b_10,4,18,21.186,o2meter,decreasing,10,c_07,C
20220615,268,b_10,9,18,22.161,o2meter,decreasing,10,c_07,C
20220617,270,b_10,4,18,21.911,o2meter,decreasing,10,c_07,C
20220617,270,b_10,9,18,20.872,o2meter,decreasing,10,c_07,C
20220620,273,b_10,4,18,22.425,o2meter,decreasing,10,c_07,C
20220620,273,b_10,9,18,24.151,o2meter,decreasing,10,c_07,C
20220622,275,b_10,4,18,22.18,o2meter,decreasing,10,c_07,C
20220622,275,b_10,9,18,21.765,o2meter,decreasing,10,c_07,C
20220624,277,b_10,4,18,22.421,o2meter,decreasing,10,c_07,C
20220624,277,b_10,9,18,23.765,o2meter,decreasing,10,c_07,C
20220627,280,b_10,4,18,22.419,o2meter,decreasing,10,c_07,C
20220627,280,b_10,9,18,23.349,o2meter,decreasing,10,c_07,C
20220629,282,b_10,4,18,21.918,o2meter,decreasing,10,c_07,C
20220629,282,b_10,9,18,23.017,o2meter,decreasing,10,c_07,C
20220704,287,b_10,4,18,22.823,o2meter,decreasing,10,c_07,C
20220704,287,b_10,9,18,23.284,o2meter,decreasing,10,c_07,C
20210920,0,b_11,4,18,26.262,o2meter,decreasing,10,c_08,C
20210920,0,b_11,9,18,25.905,o2meter,decreasing,10,c_08,C
20210922,2,b_11,4,18,26.596,o2meter,decreasing,10,c_08,C
20210922,2,b_11,9,18,25.914,o2meter,decreasing,10,c_08,C
20210924,4,b_11,4,18,25.737,o2meter,decreasing,10,c_08,C
20210924,4,b_11,9,18,24.59,o2meter,decreasing,10,c_08,C
20210927,7,b_11,4,18,24.892,o2meter,decreasing,10,c_08,C
20210927,7,b_11,9,18,23.625,o2meter,decreasing,10,c_08,C
20210929,9,b_11,4,18,25.151,o2meter,decreasing,10,c_08,C
20210929,9,b_11,9,18,24.713,o2meter,decreasing,10,c_08,C
20211001,11,b_11,4,18,24.787,o2meter,decreasing,10,c_08,C
20211001,11,b_11,9,18,24.186,o2meter,decreasing,10,c_08,C
20211004,14,b_11,4,18,24.029,o2meter,decreasing,10,c_08,C
20211004,14,b_11,9,18,22.886,o2meter,decreasing,10,c_08,C
20211006,16,b_11,4,18,24.243,o2meter,decreasing,10,c_08,C
20211006,16,b_11,9,18,23.731,o2meter,decreasing,10,c_08,C
20211008,18,b_11,4,18,23.926,o2meter,decreasing,10,c_08,C
20211008,18,b_11,9,18,23.518,o2meter,decreasing,10,c_08,C
20211011,21,b_11,4,18,23.544,o2meter,decreasing,10,c_08,C
20211011,21,b_11,9,18,23.093,o2meter,decreasing,10,c_08,C
20211013,23,b_11,4,18,23.638,o2meter,decreasing,10,c_08,C
20211013,23,b_11,9,18,22.939,o2meter,decreasing,10,c_08,C
20211015,25,b_11,4,18,23.798,o2meter,decreasing,10,c_08,C
20211015,25,b_11,9,18,22.64,o2meter,decreasing,10,c_08,C
20211018,28,b_11,4,18,23.031,o2meter,decreasing,10,c_08,C
20211018,28,b_11,9,18,21.784,o2meter,decreasing,10,c_08,C
20211020,30,b_11,4,18,23.946,o2meter,decreasing,10,c_08,C
20211020,30,b_11,9,18,22.588,o2meter,decreasing,10,c_08,C
20211022,32,b_11,4,18,23.474,o2meter,decreasing,10,c_08,C
20211022,32,b_11,9,18,22.035,o2meter,decreasing,10,c_08,C
20211025,35,b_11,4,18,23.066,o2meter,decreasing,10,c_08,C
20211025,35,b_11,9,18,21.884,o2meter,decreasing,10,c_08,C
20211027,37,b_11,4,18,23.899,o2meter,decreasing,10,c_08,C
20211027,37,b_11,9,18,22.652,o2meter,decreasing,10,c_08,C
20211029,39,b_11,4,18,23.933,o2meter,decreasing,10,c_08,C
20211029,39,b_11,9,18,22.458,o2meter,decreasing,10,c_08,C
20211101,42,b_11,4,18,24.483,o2meter,decreasing,10,c_08,C
20211101,42,b_11,9,18,23.617,o2meter,decreasing,10,c_08,C
20211103,44,b_11,4,18,25.989,o2meter,decreasing,10,c_08,C
20211103,44,b_11,9,18,23.654,o2meter,decreasing,10,c_08,C
20211105,46,b_11,4,18,24.918,o2meter,decreasing,10,c_08,C
20211105,46,b_11,9,18,22.893,o2meter,decreasing,10,c_08,C
20211108,49,b_11,4,18,24.391,o2meter,decreasing,10,c_08,C
20211108,49,b_11,9,18,22.391,o2meter,decreasing,10,c_08,C
20211110,51,b_11,4,18,26.123,o2meter,decreasing,10,c_08,C
20211110,51,b_11,9,18,25.536,o2meter,decreasing,10,c_08,C
20211112,53,b_11,4,18,25.217,o2meter,decreasing,10,c_08,C
20211112,53,b_11,9,18,24.917,o2meter,decreasing,10,c_08,C
20211115,56,b_11,4,18,25.068,o2meter,decreasing,10,c_08,C
20211115,56,b_11,9,18,24.005,o2meter,decreasing,10,c_08,C
20211117,58,b_11,4,18,25.462,o2meter,decreasing,10,c_08,C
20211117,58,b_11,9,18,25.172,o2meter,decreasing,10,c_08,C
20211119,60,b_11,4,18,25.145,o2meter,decreasing,10,c_08,C
20211119,60,b_11,9,18,24.248,o2meter,decreasing,10,c_08,C
20211122,63,b_11,4,18,25.082,o2meter,decreasing,10,c_08,C
20211122,63,b_11,9,18,24.545,o2meter,decreasing,10,c_08,C
20211124,65,b_11,4,18,25.454,o2meter,decreasing,10,c_08,C
20211124,65,b_11,9,18,24.789,o2meter,decreasing,10,c_08,C
20211126,67,b_11,4,18,24.512,o2meter,decreasing,10,c_08,C
20211126,67,b_11,9,18,23.634,o2meter,decreasing,10,c_08,C
20211129,70,b_11,4,18,24.271,o2meter,decreasing,10,c_08,C
20211129,70,b_11,9,18,23.448,o2meter,decreasing,10,c_08,C
20211203,74,b_11,4,18,23.845,o2meter,decreasing,10,c_08,C
20211203,74,b_11,9,18,22.912,o2meter,decreasing,10,c_08,C
20211206,77,b_11,4,18,23.268,o2meter,decreasing,10,c_08,C
20211206,77,b_11,9,18,22.904,o2meter,decreasing,10,c_08,C
20211208,79,b_11,4,18,24.178,o2meter,decreasing,10,c_08,C
20211208,79,b_11,9,18,23.267,o2meter,decreasing,10,c_08,C
20211210,81,b_11,4,18,23.608,o2meter,decreasing,10,c_08,C
20211210,81,b_11,9,18,22.062,o2meter,decreasing,10,c_08,C
20211213,84,b_11,4,18,22.962,o2meter,decreasing,10,c_08,C
20211213,84,b_11,9,18,22.705,o2meter,decreasing,10,c_08,C
20211215,86,b_11,4,18,23.689,o2meter,decreasing,10,c_08,C
20211215,86,b_11,9,18,22.162,o2meter,decreasing,10,c_08,C
20211217,88,b_11,4,18,23.4,o2meter,decreasing,10,c_08,C
20211217,88,b_11,9,18,22.083,o2meter,decreasing,10,c_08,C
20211220,91,b_11,4,18,23.373,o2meter,decreasing,10,c_08,C
20211220,91,b_11,9,18,21.712,o2meter,decreasing,10,c_08,C
20211222,93,b_11,4,18,23.881,o2meter,decreasing,10,c_08,C
20211222,93,b_11,9,18,22.516,o2meter,decreasing,10,c_08,C
20211224,95,b_11,4,18,25.684,o2meter,decreasing,10,c_08,C
20211224,95,b_11,9,18,23.791,o2meter,decreasing,10,c_08,C
20211227,98,b_11,4,18,24.841,o2meter,decreasing,10,c_08,C
20211227,98,b_11,9,18,22.536,o2meter,decreasing,10,c_08,C
20211229,100,b_11,4,18,25.468,o2meter,decreasing,10,c_08,C
20211229,100,b_11,9,18,25.39,o2meter,decreasing,10,c_08,C
20211231,102,b_11,4,18,25.001,o2meter,decreasing,10,c_08,C
20211231,102,b_11,9,18,22.695,o2meter,decreasing,10,c_08,C
20220103,105,b_11,4,18,23.852,o2meter,decreasing,10,c_08,C
20220103,105,b_11,9,18,21.884,o2meter,decreasing,10,c_08,C
20220105,107,b_11,4,18,25.26,o2meter,decreasing,10,c_08,C
20220105,107,b_11,9,18,22.867,o2meter,decreasing,10,c_08,C
20220107,109,b_11,4,18,25.209,o2meter,decreasing,10,c_08,C
20220107,109,b_11,9,18,24.918,o2meter,decreasing,10,c_08,C
20220110,112,b_11,4,18,24.452,o2meter,decreasing,10,c_08,C
20220110,112,b_11,9,18,23.786,o2meter,decreasing,10,c_08,C
20220112,114,b_11,4,18,24.745,o2meter,decreasing,10,c_08,C
20220112,114,b_11,9,18,23.638,o2meter,decreasing,10,c_08,C
20220114,116,b_11,4,18,24.767,o2meter,decreasing,10,c_08,C
20220114,116,b_11,9,18,23.802,o2meter,decreasing,10,c_08,C
20220117,119,b_11,4,18,24,o2meter,decreasing,10,c_08,C
20220117,119,b_11,9,18,23.476,o2meter,decreasing,10,c_08,C
20220119,121,b_11,4,18,24.852,o2meter,decreasing,10,c_08,C
20220119,121,b_11,9,18,24.513,o2meter,decreasing,10,c_08,C
20220121,123,b_11,4,18,24.048,o2meter,decreasing,10,c_08,C
20220121,123,b_11,9,18,21.896,o2meter,decreasing,10,c_08,C
20220124,126,b_11,4,18,23.76,o2meter,decreasing,10,c_08,C
20220124,126,b_11,9,18,22.958,o2meter,decreasing,10,c_08,C
20220126,128,b_11,4,18,24.182,o2meter,decreasing,10,c_08,C
20220126,128,b_11,9,18,22.906,o2meter,decreasing,10,c_08,C
20220128,130,b_11,4,18,24.719,o2meter,decreasing,10,c_08,C
20220128,130,b_11,9,18,23.412,o2meter,decreasing,10,c_08,C
20220131,133,b_11,4,18,24.247,o2meter,decreasing,10,c_08,C
20220131,133,b_11,9,18,23.278,o2meter,decreasing,10,c_08,C
20220202,135,b_11,4,18,24.676,o2meter,decreasing,10,c_08,C
20220202,135,b_11,9,18,23.877,o2meter,decreasing,10,c_08,C
20220204,137,b_11,4,18,23.499,o2meter,decreasing,10,c_08,C
20220204,137,b_11,9,18,22.115,o2meter,decreasing,10,c_08,C
20220207,140,b_11,4,18,22.958,o2meter,decreasing,10,c_08,C
20220207,140,b_11,9,18,21.061,o2meter,decreasing,10,c_08,C
20220209,142,b_11,4,18,23.695,o2meter,decreasing,10,c_08,C
20220209,142,b_11,9,18,21.79,o2meter,decreasing,10,c_08,C
20220211,144,b_11,4,18,23.459,o2meter,decreasing,10,c_08,C
20220211,144,b_11,9,18,21.681,o2meter,decreasing,10,c_08,C
20220214,147,b_11,4,18,22.938,o2meter,decreasing,10,c_08,C
20220214,147,b_11,9,18,21.158,o2meter,decreasing,10,c_08,C
20220216,149,b_11,4,18,23.859,o2meter,decreasing,10,c_08,C
20220216,149,b_11,9,18,22.592,o2meter,decreasing,10,c_08,C
20220218,151,b_11,4,18,25.95,o2meter,decreasing,10,c_08,C
20220218,151,b_11,9,18,24.825,o2meter,decreasing,10,c_08,C
20220221,154,b_11,4,18,24.589,o2meter,decreasing,10,c_08,C
20220221,154,b_11,9,18,24.441,o2meter,decreasing,10,c_08,C
20220223,156,b_11,4,18,25.797,o2meter,decreasing,10,c_08,C
20220223,156,b_11,9,18,24.953,o2meter,decreasing,10,c_08,C
20220225,158,b_11,4,18,25.817,o2meter,decreasing,10,c_08,C
20220225,158,b_11,9,18,25.165,o2meter,decreasing,10,c_08,C
20220228,161,b_11,4,18,24.727,o2meter,decreasing,10,c_08,C
20220228,161,b_11,9,18,24.098,o2meter,decreasing,10,c_08,C
20220302,163,b_11,4,18,27.131,o2meter,decreasing,10,c_08,C
20220302,163,b_11,9,18,25.867,o2meter,decreasing,10,c_08,C
20220304,165,b_11,4,18,25.9,o2meter,decreasing,10,c_08,C
20220304,165,b_11,9,18,25.361,o2meter,decreasing,10,c_08,C
20220307,168,b_11,4,18,24.5,o2meter,decreasing,10,c_08,C
20220307,168,b_11,9,18,23.891,o2meter,decreasing,10,c_08,C
20220309,170,b_11,4,18,25.948,o2meter,decreasing,10,c_08,C
20220309,170,b_11,9,18,25.183,o2meter,decreasing,10,c_08,C
20220311,172,b_11,4,18,26.191,o2meter,decreasing,10,c_08,C
20220311,172,b_11,9,18,25.72,o2meter,decreasing,10,c_08,C
20220314,175,b_11,4,18,24.345,o2meter,decreasing,10,c_08,C
20220314,175,b_11,9,18,23.221,o2meter,decreasing,10,c_08,C
20220316,177,b_11,4,18,27.01,o2meter,decreasing,10,c_08,C
20220316,177,b_11,9,18,24.437,o2meter,decreasing,10,c_08,C
20220318,179,b_11,4,18,24.336,o2meter,decreasing,10,c_08,C
20220318,179,b_11,9,18,22.387,o2meter,decreasing,10,c_08,C
20220321,182,b_11,4,18,23.188,o2meter,decreasing,10,c_08,C
20220321,182,b_11,9,18,22.676,o2meter,decreasing,10,c_08,C
20220323,184,b_11,4,18,24.92,o2meter,decreasing,10,c_08,C
20220323,184,b_11,9,18,24.078,o2meter,decreasing,10,c_08,C
20220325,186,b_11,4,18,24.731,o2meter,decreasing,10,c_08,C
20220325,186,b_11,9,18,22.458,o2meter,decreasing,10,c_08,C
20220328,189,b_11,4,18,23.61,o2meter,decreasing,10,c_08,C
20220328,189,b_11,9,18,22.945,o2meter,decreasing,10,c_08,C
20220330,191,b_11,4,18,24.261,o2meter,decreasing,10,c_08,C
20220330,191,b_11,9,18,23.012,o2meter,decreasing,10,c_08,C
20220401,193,b_11,4,18,21.192,o2meter,decreasing,10,c_08,C
20220401,193,b_11,9,18,20.419,o2meter,decreasing,10,c_08,C
20220404,196,b_11,4,18,21.226,o2meter,decreasing,10,c_08,C
20220404,196,b_11,9,18,20.456,o2meter,decreasing,10,c_08,C
20220406,198,b_11,4,18,23.674,o2meter,decreasing,10,c_08,C
20220406,198,b_11,9,18,22.708,o2meter,decreasing,10,c_08,C
20220408,200,b_11,4,18,22.478,o2meter,decreasing,10,c_08,C
20220408,200,b_11,9,18,20.796,o2meter,decreasing,10,c_08,C
20220411,203,b_11,4,18,23.483,o2meter,decreasing,10,c_08,C
20220411,203,b_11,9,18,23.268,o2meter,decreasing,10,c_08,C
20220413,205,b_11,4,18,23.863,o2meter,decreasing,10,c_08,C
20220413,205,b_11,9,18,22.967,o2meter,decreasing,10,c_08,C
20220415,207,b_11,4,18,24.828,o2meter,decreasing,10,c_08,C
20220415,207,b_11,9,18,23.375,o2meter,decreasing,10,c_08,C
20220418,210,b_11,4,18,28.118,o2meter,decreasing,10,c_08,C
20220418,210,b_11,9,18,26.292,o2meter,decreasing,10,c_08,C
20220420,212,b_11,4,18,26.851,o2meter,decreasing,10,c_08,C
20220420,212,b_11,9,18,25.496,o2meter,decreasing,10,c_08,C
20220422,214,b_11,4,18,27.569,o2meter,decreasing,10,c_08,C
20220422,214,b_11,9,18,26.087,o2meter,decreasing,10,c_08,C
20220425,217,b_11,4,18,27.073,o2meter,decreasing,10,c_08,C
20220425,217,b_11,9,18,26.998,o2meter,decreasing,10,c_08,C
20220427,219,b_11,4,18,25.509,o2meter,decreasing,10,c_08,C
20220427,219,b_11,9,18,25.402,o2meter,decreasing,10,c_08,C
20220429,221,b_11,4,18,27.317,o2meter,decreasing,10,c_08,C
20220429,221,b_11,9,18,26.565,o2meter,decreasing,10,c_08,C
20220502,224,b_11,4,18,28.178,o2meter,decreasing,10,c_08,C
20220502,224,b_11,9,18,26.087,o2meter,decreasing,10,c_08,C
20220504,226,b_11,4,18,25.58,o2meter,decreasing,10,c_08,C
20220504,226,b_11,9,18,25.276,o2meter,decreasing,10,c_08,C
20220506,228,b_11,4,18,25.953,o2meter,decreasing,10,c_08,C
20220506,228,b_11,9,18,24.929,o2meter,decreasing,10,c_08,C
20220509,231,b_11,4,18,26.401,o2meter,decreasing,10,c_08,C
20220509,231,b_11,9,18,25.65,o2meter,decreasing,10,c_08,C
20220511,233,b_11,4,18,25.263,o2meter,decreasing,10,c_08,C
20220511,233,b_11,9,18,25.811,o2meter,decreasing,10,c_08,C
20220513,235,b_11,4,18,24.877,o2meter,decreasing,10,c_08,C
20220513,235,b_11,9,18,24.566,o2meter,decreasing,10,c_08,C
20220516,238,b_11,4,18,24.507,o2meter,decreasing,10,c_08,C
20220516,238,b_11,9,18,24.048,o2meter,decreasing,10,c_08,C
20220518,240,b_11,4,18,24.607,o2meter,decreasing,10,c_08,C
20220518,240,b_11,9,18,23.981,o2meter,decreasing,10,c_08,C
20220520,242,b_11,4,18,24.747,o2meter,decreasing,10,c_08,C
20220520,242,b_11,9,18,23.481,o2meter,decreasing,10,c_08,C
20220523,245,b_11,4,18,24.076,o2meter,decreasing,10,c_08,C
20220523,245,b_11,9,18,24.047,o2meter,decreasing,10,c_08,C
20220525,247,b_11,4,18,25.632,o2meter,decreasing,10,c_08,C
20220525,247,b_11,9,18,23.402,o2meter,decreasing,10,c_08,C
20220527,249,b_11,4,18,23.957,o2meter,decreasing,10,c_08,C
20220527,249,b_11,9,18,22.159,o2meter,decreasing,10,c_08,C
20220530,252,b_11,4,18,24.082,o2meter,decreasing,10,c_08,C
20220530,252,b_11,9,18,22.328,o2meter,decreasing,10,c_08,C
20220601,254,b_11,4,18,23.895,o2meter,decreasing,10,c_08,C
20220601,254,b_11,9,18,21.874,o2meter,decreasing,10,c_08,C
20220603,256,b_11,4,18,24.394,o2meter,decreasing,10,c_08,C
20220603,256,b_11,9,18,22.265,o2meter,decreasing,10,c_08,C
20220606,259,b_11,4,18,24.531,o2meter,decreasing,10,c_08,C
20220606,259,b_11,9,18,23.484,o2meter,decreasing,10,c_08,C
20220608,261,b_11,4,18,24.111,o2meter,decreasing,10,c_08,C
20220608,261,b_11,9,18,22.18,o2meter,decreasing,10,c_08,C
20220610,263,b_11,4,18,24.233,o2meter,decreasing,10,c_08,C
20220610,263,b_11,9,18,24.326,o2meter,decreasing,10,c_08,C
20220613,266,b_11,4,18,26.932,o2meter,decreasing,10,c_08,C
20220613,266,b_11,9,18,25.596,o2meter,decreasing,10,c_08,C
20220615,268,b_11,4,18,25.36,o2meter,decreasing,10,c_08,C
20220615,268,b_11,9,18,24.981,o2meter,decreasing,10,c_08,C
20220617,270,b_11,4,18,24.923,o2meter,decreasing,10,c_08,C
20220617,270,b_11,9,18,24.248,o2meter,decreasing,10,c_08,C
20220620,273,b_11,4,18,25.913,o2meter,decreasing,10,c_08,C
20220620,273,b_11,9,18,25.865,o2meter,decreasing,10,c_08,C
20220622,275,b_11,4,18,25.258,o2meter,decreasing,10,c_08,C
20220622,275,b_11,9,18,24.293,o2meter,decreasing,10,c_08,C
20220624,277,b_11,4,18,25.024,o2meter,decreasing,10,c_08,C
20220624,277,b_11,9,18,24.499,o2meter,decreasing,10,c_08,C
20220627,280,b_11,4,18,26.679,o2meter,decreasing,10,c_08,C
20220627,280,b_11,9,18,24.187,o2meter,decreasing,10,c_08,C
20220629,282,b_11,4,18,25.781,o2meter,decreasing,10,c_08,C
20220629,282,b_11,9,18,23.742,o2meter,decreasing,10,c_08,C
20220704,287,b_11,4,18,27.005,o2meter,decreasing,10,c_08,C
20220704,287,b_11,9,18,26.337,o2meter,decreasing,10,c_08,C
20210920,0,b_12,4,18,25.197,o2meter,decreasing,14,c_14,C
20210920,0,b_12,9,18,25.11,o2meter,decreasing,14,c_14,C
20210922,2,b_12,4,18,25.172,o2meter,decreasing,14,c_14,C
20210922,2,b_12,9,18,24.591,o2meter,decreasing,14,c_14,C
20210924,4,b_12,4,18,25.937,o2meter,decreasing,14,c_14,C
20210924,4,b_12,9,18,25.032,o2meter,decreasing,14,c_14,C
20210927,7,b_12,4,18,25.636,o2meter,decreasing,14,c_14,C
20210927,7,b_12,9,18,24.396,o2meter,decreasing,14,c_14,C
20210929,9,b_12,4,18,24.886,o2meter,decreasing,14,c_14,C
20210929,9,b_12,9,18,24.286,o2meter,decreasing,14,c_14,C
20211001,11,b_12,4,18,23.687,o2meter,decreasing,14,c_14,C
20211001,11,b_12,9,18,22.854,o2meter,decreasing,14,c_14,C
20211004,14,b_12,4,18,23.238,o2meter,decreasing,14,c_14,C
20211004,14,b_12,9,18,22.242,o2meter,decreasing,14,c_14,C
20211006,16,b_12,4,18,23.715,o2meter,decreasing,14,c_14,C
20211006,16,b_12,9,18,22.488,o2meter,decreasing,14,c_14,C
20211008,18,b_12,4,18,23.7,o2meter,decreasing,14,c_14,C
20211008,18,b_12,9,18,22.514,o2meter,decreasing,14,c_14,C
20211011,21,b_12,4,18,22.792,o2meter,decreasing,14,c_14,C
20211011,21,b_12,9,18,21.933,o2meter,decreasing,14,c_14,C
20211013,23,b_12,4,18,23.623,o2meter,decreasing,14,c_14,C
20211013,23,b_12,9,18,22.852,o2meter,decreasing,14,c_14,C
20211015,25,b_12,4,18,25.744,o2meter,decreasing,14,c_14,C
20211015,25,b_12,9,18,25.371,o2meter,decreasing,14,c_14,C
20211018,28,b_12,4,18,25.124,o2meter,decreasing,14,c_14,C
20211018,28,b_12,9,18,23.946,o2meter,decreasing,14,c_14,C
20211020,30,b_12,4,18,26.209,o2meter,decreasing,14,c_14,C
20211020,30,b_12,9,18,25.431,o2meter,decreasing,14,c_14,C
20211022,32,b_12,4,18,25.637,o2meter,decreasing,14,c_14,C
20211022,32,b_12,9,18,24.359,o2meter,decreasing,14,c_14,C
20211025,35,b_12,4,18,24.567,o2meter,decreasing,14,c_14,C
20211025,35,b_12,9,18,24.062,o2meter,decreasing,14,c_14,C
20211027,37,b_12,4,18,25.142,o2meter,decreasing,14,c_14,C
20211027,37,b_12,9,18,23.61,o2meter,decreasing,14,c_14,C
20211029,39,b_12,4,18,26.708,o2meter,decreasing,14,c_14,C
20211029,39,b_12,9,18,24.312,o2meter,decreasing,14,c_14,C
20211101,42,b_12,4,18,25.367,o2meter,decreasing,14,c_14,C
20211101,42,b_12,9,18,23.997,o2meter,decreasing,14,c_14,C
20211103,44,b_12,4,18,26.716,o2meter,decreasing,14,c_14,C
20211103,44,b_12,9,18,25.441,o2meter,decreasing,14,c_14,C
20211105,46,b_12,4,18,24.785,o2meter,decreasing,14,c_14,C
20211105,46,b_12,9,18,24.09,o2meter,decreasing,14,c_14,C
20211108,49,b_12,4,18,25.449,o2meter,decreasing,14,c_14,C
20211108,49,b_12,9,18,24.195,o2meter,decreasing,14,c_14,C
20211110,51,b_12,4,18,25.502,o2meter,decreasing,14,c_14,C
20211110,51,b_12,9,18,24.099,o2meter,decreasing,14,c_14,C
20211112,53,b_12,4,18,24.371,o2meter,decreasing,14,c_14,C
20211112,53,b_12,9,18,23.532,o2meter,decreasing,14,c_14,C
20211115,56,b_12,4,18,24.869,o2meter,decreasing,14,c_14,C
20211115,56,b_12,9,18,23.353,o2meter,decreasing,14,c_14,C
20211117,58,b_12,4,18,25.096,o2meter,decreasing,14,c_14,C
20211117,58,b_12,9,18,22.675,o2meter,decreasing,14,c_14,C
20211119,60,b_12,4,18,25.882,o2meter,decreasing,14,c_14,C
20211119,60,b_12,9,18,23.683,o2meter,decreasing,14,c_14,C
20211122,63,b_12,4,18,25.86,o2meter,decreasing,14,c_14,C
20211122,63,b_12,9,18,23.699,o2meter,decreasing,14,c_14,C
20211124,65,b_12,4,18,25.34,o2meter,decreasing,14,c_14,C
20211124,65,b_12,9,18,24.286,o2meter,decreasing,14,c_14,C
20211126,67,b_12,4,18,24.386,o2meter,decreasing,14,c_14,C
20211126,67,b_12,9,18,22.579,o2meter,decreasing,14,c_14,C
20211129,70,b_12,4,18,23.836,o2meter,decreasing,14,c_14,C
20211129,70,b_12,9,18,22.497,o2meter,decreasing,14,c_14,C
20211203,74,b_12,4,18,23.846,o2meter,decreasing,14,c_14,C
20211203,74,b_12,9,18,21.714,o2meter,decreasing,14,c_14,C
20211206,77,b_12,4,18,22.965,o2meter,decreasing,14,c_14,C
20211206,77,b_12,9,18,22.021,o2meter,decreasing,14,c_14,C
20211208,79,b_12,4,18,23.787,o2meter,decreasing,14,c_14,C
20211208,79,b_12,9,18,22.344,o2meter,decreasing,14,c_14,C
20211210,81,b_12,4,18,25.553,o2meter,decreasing,14,c_14,C
20211210,81,b_12,9,18,23.869,o2meter,decreasing,14,c_14,C
20211213,84,b_12,4,18,24.406,o2meter,decreasing,14,c_14,C
20211213,84,b_12,9,18,23.104,o2meter,decreasing,14,c_14,C
20211215,86,b_12,4,18,25.569,o2meter,decreasing,14,c_14,C
20211215,86,b_12,9,18,23.68,o2meter,decreasing,14,c_14,C
20211217,88,b_12,4,18,25.726,o2meter,decreasing,14,c_14,C
20211217,88,b_12,9,18,23.911,o2meter,decreasing,14,c_14,C
20211220,91,b_12,4,18,25.048,o2meter,decreasing,14,c_14,C
20211220,91,b_12,9,18,23.062,o2meter,decreasing,14,c_14,C
20211222,93,b_12,4,18,25.562,o2meter,decreasing,14,c_14,C
20211222,93,b_12,9,18,24.285,o2meter,decreasing,14,c_14,C
20211224,95,b_12,4,18,25.121,o2meter,decreasing,14,c_14,C
20211224,95,b_12,9,18,24.133,o2meter,decreasing,14,c_14,C
20211227,98,b_12,4,18,24.956,o2meter,decreasing,14,c_14,C
20211227,98,b_12,9,18,23.844,o2meter,decreasing,14,c_14,C
20211229,100,b_12,4,18,24.632,o2meter,decreasing,14,c_14,C
20211229,100,b_12,9,18,24.253,o2meter,decreasing,14,c_14,C
20211231,102,b_12,4,18,24.256,o2meter,decreasing,14,c_14,C
20211231,102,b_12,9,18,23.627,o2meter,decreasing,14,c_14,C
20220103,105,b_12,4,18,24.687,o2meter,decreasing,14,c_14,C
20220103,105,b_12,9,18,23.549,o2meter,decreasing,14,c_14,C
20220105,107,b_12,4,18,24.807,o2meter,decreasing,14,c_14,C
20220105,107,b_12,9,18,23.883,o2meter,decreasing,14,c_14,C
20220107,109,b_12,4,18,24.436,o2meter,decreasing,14,c_14,C
20220107,109,b_12,9,18,23.491,o2meter,decreasing,14,c_14,C
20220110,112,b_12,4,18,23.772,o2meter,decreasing,14,c_14,C
20220110,112,b_12,9,18,22.609,o2meter,decreasing,14,c_14,C
20220112,114,b_12,4,18,24.62,o2meter,decreasing,14,c_14,C
20220112,114,b_12,9,18,23.255,o2meter,decreasing,14,c_14,C
20220114,116,b_12,4,18,25.071,o2meter,decreasing,14,c_14,C
20220114,116,b_12,9,18,23.424,o2meter,decreasing,14,c_14,C
20220117,119,b_12,4,18,23.659,o2meter,decreasing,14,c_14,C
20220117,119,b_12,9,18,23.303,o2meter,decreasing,14,c_14,C
20220119,121,b_12,4,18,24.675,o2meter,decreasing,14,c_14,C
20220119,121,b_12,9,18,23.629,o2meter,decreasing,14,c_14,C
20220121,123,b_12,4,18,23.954,o2meter,decreasing,14,c_14,C
20220121,123,b_12,9,18,22.058,o2meter,decreasing,14,c_14,C
20220124,126,b_12,4,18,23.914,o2meter,decreasing,14,c_14,C
20220124,126,b_12,9,18,22.095,o2meter,decreasing,14,c_14,C
20220126,128,b_12,4,18,24.353,o2meter,decreasing,14,c_14,C
20220126,128,b_12,9,18,22.104,o2meter,decreasing,14,c_14,C
20220128,130,b_12,4,18,24.63,o2meter,decreasing,14,c_14,C
20220128,130,b_12,9,18,23.076,o2meter,decreasing,14,c_14,C
20220131,133,b_12,4,18,24.834,o2meter,decreasing,14,c_14,C
20220131,133,b_12,9,18,22.12,o2meter,decreasing,14,c_14,C
20220202,135,b_12,4,18,24.515,o2meter,decreasing,14,c_14,C
20220202,135,b_12,9,18,23.109,o2meter,decreasing,14,c_14,C
20220204,137,b_12,4,18,27.213,o2meter,decreasing,14,c_14,C
20220204,137,b_12,9,18,25.769,o2meter,decreasing,14,c_14,C
20220207,140,b_12,4,18,26.765,o2meter,decreasing,14,c_14,C
20220207,140,b_12,9,18,24.947,o2meter,decreasing,14,c_14,C
20220209,142,b_12,4,18,27.205,o2meter,decreasing,14,c_14,C
20220209,142,b_12,9,18,26.145,o2meter,decreasing,14,c_14,C
20220211,144,b_12,4,18,27.473,o2meter,decreasing,14,c_14,C
20220211,144,b_12,9,18,25.48,o2meter,decreasing,14,c_14,C
20220214,147,b_12,4,18,26.395,o2meter,decreasing,14,c_14,C
20220214,147,b_12,9,18,25.851,o2meter,decreasing,14,c_14,C
20220216,149,b_12,4,18,26.829,o2meter,decreasing,14,c_14,C
20220216,149,b_12,9,18,26.251,o2meter,decreasing,14,c_14,C
20220218,151,b_12,4,18,27.011,o2meter,decreasing,14,c_14,C
20220218,151,b_12,9,18,25.652,o2meter,decreasing,14,c_14,C
20220221,154,b_12,4,18,26.574,o2meter,decreasing,14,c_14,C
20220221,154,b_12,9,18,24.971,o2meter,decreasing,14,c_14,C
20220223,156,b_12,4,18,26.11,o2meter,decreasing,14,c_14,C
20220223,156,b_12,9,18,25.684,o2meter,decreasing,14,c_14,C
20220225,158,b_12,4,18,26.321,o2meter,decreasing,14,c_14,C
20220225,158,b_12,9,18,25.275,o2meter,decreasing,14,c_14,C
20220228,161,b_12,4,18,25.043,o2meter,decreasing,14,c_14,C
20220228,161,b_12,9,18,24.44,o2meter,decreasing,14,c_14,C
20220302,163,b_12,4,18,26.349,o2meter,decreasing,14,c_14,C
20220302,163,b_12,9,18,26.299,o2meter,decreasing,14,c_14,C
20220304,165,b_12,4,18,25.815,o2meter,decreasing,14,c_14,C
20220304,165,b_12,9,18,25.383,o2meter,decreasing,14,c_14,C
20220307,168,b_12,4,18,24.237,o2meter,decreasing,14,c_14,C
20220307,168,b_12,9,18,24.202,o2meter,decreasing,14,c_14,C
20220309,170,b_12,4,18,25.152,o2meter,decreasing,14,c_14,C
20220309,170,b_12,9,18,25.042,o2meter,decreasing,14,c_14,C
20220311,172,b_12,4,18,26.89,o2meter,decreasing,14,c_14,C
20220311,172,b_12,9,18,24.469,o2meter,decreasing,14,c_14,C
20220314,175,b_12,4,18,25.143,o2meter,decreasing,14,c_14,C
20220314,175,b_12,9,18,24.072,o2meter,decreasing,14,c_14,C
20220316,177,b_12,4,18,28.852,o2meter,decreasing,14,c_14,C
20220316,177,b_12,9,18,26.413,o2meter,decreasing,14,c_14,C
20220318,179,b_12,4,18,25.425,o2meter,decreasing,14,c_14,C
20220318,179,b_12,9,18,22.892,o2meter,decreasing,14,c_14,C
20220321,182,b_12,4,18,24.457,o2meter,decreasing,14,c_14,C
20220321,182,b_12,9,18,23.705,o2meter,decreasing,14,c_14,C
20220323,184,b_12,4,18,26.928,o2meter,decreasing,14,c_14,C
20220323,184,b_12,9,18,24.93,o2meter,decreasing,14,c_14,C
20220325,186,b_12,4,18,23.453,o2meter,decreasing,14,c_14,C
20220325,186,b_12,9,18,22.312,o2meter,decreasing,14,c_14,C
20220328,189,b_12,4,18,25.846,o2meter,decreasing,14,c_14,C
20220328,189,b_12,9,18,24.37,o2meter,decreasing,14,c_14,C
20220330,191,b_12,4,18,24.852,o2meter,decreasing,14,c_14,C
20220330,191,b_12,9,18,22.621,o2meter,decreasing,14,c_14,C
20220401,193,b_12,4,18,23.287,o2meter,decreasing,14,c_14,C
20220401,193,b_12,9,18,21.503,o2meter,decreasing,14,c_14,C
20220404,196,b_12,4,18,23.36,o2meter,decreasing,14,c_14,C
20220404,196,b_12,9,18,21.996,o2meter,decreasing,14,c_14,C
20220406,198,b_12,4,18,24.958,o2meter,decreasing,14,c_14,C
20220406,198,b_12,9,18,24.168,o2meter,decreasing,14,c_14,C
20220408,200,b_12,4,18,25.336,o2meter,decreasing,14,c_14,C
20220408,200,b_12,9,18,23.028,o2meter,decreasing,14,c_14,C
20220411,203,b_12,4,18,24.216,o2meter,decreasing,14,c_14,C
20220411,203,b_12,9,18,24.021,o2meter,decreasing,14,c_14,C
20220413,205,b_12,4,18,24.57,o2meter,decreasing,14,c_14,C
20220413,205,b_12,9,18,24.227,o2meter,decreasing,14,c_14,C
20220415,207,b_12,4,18,27.695,o2meter,decreasing,14,c_14,C
20220415,207,b_12,9,18,24.385,o2meter,decreasing,14,c_14,C
20220418,210,b_12,4,18,30.336,o2meter,decreasing,14,c_14,C
20220418,210,b_12,9,18,25.216,o2meter,decreasing,14,c_14,C
20220420,212,b_12,4,18,28.555,o2meter,decreasing,14,c_14,C
20220420,212,b_12,9,18,26.119,o2meter,decreasing,14,c_14,C
20220422,214,b_12,4,18,30.018,o2meter,decreasing,14,c_14,C
20220422,214,b_12,9,18,26.667,o2meter,decreasing,14,c_14,C
20220425,217,b_12,4,18,26.339,o2meter,decreasing,14,c_14,C
20220425,217,b_12,9,18,25.576,o2meter,decreasing,14,c_14,C
20220427,219,b_12,4,18,27.987,o2meter,decreasing,14,c_14,C
20220427,219,b_12,9,18,26.36,o2meter,decreasing,14,c_14,C
20220429,221,b_12,4,18,24.701,o2meter,decreasing,14,c_14,C
20220429,221,b_12,9,18,23.915,o2meter,decreasing,14,c_14,C
20220502,224,b_12,4,18,28.102,o2meter,decreasing,14,c_14,C
20220502,224,b_12,9,18,25.37,o2meter,decreasing,14,c_14,C
20220504,226,b_12,4,18,25.854,o2meter,decreasing,14,c_14,C
20220504,226,b_12,9,18,23.878,o2meter,decreasing,14,c_14,C
20220506,228,b_12,4,18,25.419,o2meter,decreasing,14,c_14,C
20220506,228,b_12,9,18,24.474,o2meter,decreasing,14,c_14,C
20220509,231,b_12,4,18,26.712,o2meter,decreasing,14,c_14,C
20220509,231,b_12,9,18,24.263,o2meter,decreasing,14,c_14,C
20220511,233,b_12,4,18,25.416,o2meter,decreasing,14,c_14,C
20220511,233,b_12,9,18,24.148,o2meter,decreasing,14,c_14,C
20220513,235,b_12,4,18,23.682,o2meter,decreasing,14,c_14,C
20220513,235,b_12,9,18,22.615,o2meter,decreasing,14,c_14,C
20220516,238,b_12,4,18,24.156,o2meter,decreasing,14,c_14,C
20220516,238,b_12,9,18,23.81,o2meter,decreasing,14,c_14,C
20220518,240,b_12,4,18,25.568,o2meter,decreasing,14,c_14,C
20220518,240,b_12,9,18,23.74,o2meter,decreasing,14,c_14,C
20220520,242,b_12,4,18,26.73,o2meter,decreasing,14,c_14,C
20220520,242,b_12,9,18,23.394,o2meter,decreasing,14,c_14,C
20220523,245,b_12,4,18,25.989,o2meter,decreasing,14,c_14,C
20220523,245,b_12,9,18,24.368,o2meter,decreasing,14,c_14,C
20220525,247,b_12,4,18,24.62,o2meter,decreasing,14,c_14,C
20220525,247,b_12,9,18,21.793,o2meter,decreasing,14,c_14,C
20220527,249,b_12,4,18,24.239,o2meter,decreasing,14,c_14,C
20220527,249,b_12,9,18,23.371,o2meter,decreasing,14,c_14,C
20220530,252,b_12,4,18,25.541,o2meter,decreasing,14,c_14,C
20220530,252,b_12,9,18,25.165,o2meter,decreasing,14,c_14,C
20220601,254,b_12,4,18,25.685,o2meter,decreasing,14,c_14,C
20220601,254,b_12,9,18,24.35,o2meter,decreasing,14,c_14,C
20220603,256,b_12,4,18,27.53,o2meter,decreasing,14,c_14,C
20220603,256,b_12,9,18,23.367,o2meter,decreasing,14,c_14,C
20220606,259,b_12,4,18,26.481,o2meter,decreasing,14,c_14,C
20220606,259,b_12,9,18,25.489,o2meter,decreasing,14,c_14,C
20220608,261,b_12,4,18,24.906,o2meter,decreasing,14,c_14,C
20220608,261,b_12,9,18,24.982,o2meter,decreasing,14,c_14,C
20220610,263,b_12,4,18,26.418,o2meter,decreasing,14,c_14,C
20220610,263,b_12,9,18,22.646,o2meter,decreasing,14,c_14,C
20220613,266,b_12,4,18,29.708,o2meter,decreasing,14,c_14,C
20220613,266,b_12,9,18,24.062,o2meter,decreasing,14,c_14,C
20220615,268,b_12,4,18,27.211,o2meter,decreasing,14,c_14,C
20220615,268,b_12,9,18,26.148,o2meter,decreasing,14,c_14,C
20220617,270,b_12,4,18,26.902,o2meter,decreasing,14,c_14,C
20220617,270,b_12,9,18,24.598,o2meter,decreasing,14,c_14,C
20220620,273,b_12,4,18,27.041,o2meter,decreasing,14,c_14,C
20220620,273,b_12,9,18,24.422,o2meter,decreasing,14,c_14,C
20220622,275,b_12,4,18,27.811,o2meter,decreasing,14,c_14,C
20220622,275,b_12,9,18,23.582,o2meter,decreasing,14,c_14,C
20220624,277,b_12,4,18,24.574,o2meter,decreasing,14,c_14,C
20220624,277,b_12,9,18,24.328,o2meter,decreasing,14,c_14,C
20220627,280,b_12,4,18,25.684,o2meter,decreasing,14,c_14,C
20220627,280,b_12,9,18,25.157,o2meter,decreasing,14,c_14,C
20220629,282,b_12,4,18,26.443,o2meter,decreasing,14,c_14,C
20220629,282,b_12,9,18,24.248,o2meter,decreasing,14,c_14,C
20220704,287,b_12,4,18,28.442,o2meter,decreasing,14,c_14,C
20220704,287,b_12,9,18,25.968,o2meter,decreasing,14,c_14,C
20210920,0,b_13,4,18,26.281,o2meter,constant,10,c_06,D
20210920,0,b_13,9,18,24.278,o2meter,constant,10,c_06,D
20210922,2,b_13,4,18,24.937,o2meter,constant,10,c_06,D
20210922,2,b_13,9,18,23.655,o2meter,constant,10,c_06,D
20210924,4,b_13,4,18,25.504,o2meter,constant,10,c_06,D
20210924,4,b_13,9,18,24.255,o2meter,constant,10,c_06,D
20210927,7,b_13,4,18,23.638,o2meter,constant,10,c_06,D
20210927,7,b_13,9,18,22.083,o2meter,constant,10,c_06,D
20210929,9,b_13,4,18,23.906,o2meter,constant,10,c_06,D
20210929,9,b_13,9,18,22.916,o2meter,constant,10,c_06,D
20211001,11,b_13,4,18,25.382,o2meter,constant,10,c_06,D
20211001,11,b_13,9,18,23.938,o2meter,constant,10,c_06,D
20211004,14,b_13,4,18,25.256,o2meter,constant,10,c_06,D
20211004,14,b_13,9,18,22.618,o2meter,constant,10,c_06,D
20211006,16,b_13,4,18,25.918,o2meter,constant,10,c_06,D
20211006,16,b_13,9,18,24.974,o2meter,constant,10,c_06,D
20211008,18,b_13,4,18,25.046,o2meter,constant,10,c_06,D
20211008,18,b_13,9,18,23.324,o2meter,constant,10,c_06,D
20211011,21,b_13,4,18,24.859,o2meter,constant,10,c_06,D
20211011,21,b_13,9,18,22.993,o2meter,constant,10,c_06,D
20211013,23,b_13,4,18,25.545,o2meter,constant,10,c_06,D
20211013,23,b_13,9,18,24.664,o2meter,constant,10,c_06,D
20211015,25,b_13,4,18,24.815,o2meter,constant,10,c_06,D
20211015,25,b_13,9,18,24.538,o2meter,constant,10,c_06,D
20211018,28,b_13,4,18,24.549,o2meter,constant,10,c_06,D
20211018,28,b_13,9,18,24.065,o2meter,constant,10,c_06,D
20211020,30,b_13,4,18,25.599,o2meter,constant,10,c_06,D
20211020,30,b_13,9,18,25.089,o2meter,constant,10,c_06,D
20211022,32,b_13,4,18,24.748,o2meter,constant,10,c_06,D
20211022,32,b_13,9,18,23.892,o2meter,constant,10,c_06,D
20211025,35,b_13,4,18,24.862,o2meter,constant,10,c_06,D
20211025,35,b_13,9,18,24.545,o2meter,constant,10,c_06,D
20211027,37,b_13,4,18,25.037,o2meter,constant,10,c_06,D
20211027,37,b_13,9,18,24.123,o2meter,constant,10,c_06,D
20211029,39,b_13,4,18,25.49,o2meter,constant,10,c_06,D
20211029,39,b_13,9,18,25.112,o2meter,constant,10,c_06,D
20211101,42,b_13,4,18,24.65,o2meter,constant,10,c_06,D
20211101,42,b_13,9,18,23.911,o2meter,constant,10,c_06,D
20211103,44,b_13,4,18,25.661,o2meter,constant,10,c_06,D
20211103,44,b_13,9,18,25.148,o2meter,constant,10,c_06,D
20211105,46,b_13,4,18,24.091,o2meter,constant,10,c_06,D
20211105,46,b_13,9,18,23.616,o2meter,constant,10,c_06,D
20211108,49,b_13,4,18,24.18,o2meter,constant,10,c_06,D
20211108,49,b_13,9,18,23.442,o2meter,constant,10,c_06,D
20211110,51,b_13,4,18,24.519,o2meter,constant,10,c_06,D
20211110,51,b_13,9,18,23.636,o2meter,constant,10,c_06,D
20211112,53,b_13,4,18,23.881,o2meter,constant,10,c_06,D
20211112,53,b_13,9,18,22.487,o2meter,constant,10,c_06,D
20211115,56,b_13,4,18,23.988,o2meter,constant,10,c_06,D
20211115,56,b_13,9,18,23.575,o2meter,constant,10,c_06,D
20211117,58,b_13,4,18,23.67,o2meter,constant,10,c_06,D
20211117,58,b_13,9,18,22.139,o2meter,constant,10,c_06,D
20211119,60,b_13,4,18,23.812,o2meter,constant,10,c_06,D
20211119,60,b_13,9,18,22.445,o2meter,constant,10,c_06,D
20211122,63,b_13,4,18,23.449,o2meter,constant,10,c_06,D
20211122,63,b_13,9,18,21.999,o2meter,constant,10,c_06,D
20211124,65,b_13,4,18,23.937,o2meter,constant,10,c_06,D
20211124,65,b_13,9,18,22.12,o2meter,constant,10,c_06,D
20211126,67,b_13,4,18,24.402,o2meter,constant,10,c_06,D
20211126,67,b_13,9,18,23.724,o2meter,constant,10,c_06,D
20211129,70,b_13,4,18,24.167,o2meter,constant,10,c_06,D
20211129,70,b_13,9,18,23.502,o2meter,constant,10,c_06,D
20211203,74,b_13,4,18,25.109,o2meter,constant,10,c_06,D
20211203,74,b_13,9,18,23.474,o2meter,constant,10,c_06,D
20211206,77,b_13,4,18,24.021,o2meter,constant,10,c_06,D
20211206,77,b_13,9,18,23.859,o2meter,constant,10,c_06,D
20211208,79,b_13,4,18,24.552,o2meter,constant,10,c_06,D
20211208,79,b_13,9,18,23.674,o2meter,constant,10,c_06,D
20211210,81,b_13,4,18,24.709,o2meter,constant,10,c_06,D
20211210,81,b_13,9,18,24.102,o2meter,constant,10,c_06,D
20211213,84,b_13,4,18,22.829,o2meter,constant,10,c_06,D
20211213,84,b_13,9,18,22.228,o2meter,constant,10,c_06,D
20211215,86,b_13,4,18,24.281,o2meter,constant,10,c_06,D
20211215,86,b_13,9,18,23.621,o2meter,constant,10,c_06,D
20211217,88,b_13,4,18,23.989,o2meter,constant,10,c_06,D
20211217,88,b_13,9,18,23.678,o2meter,constant,10,c_06,D
20211220,91,b_13,4,18,23.672,o2meter,constant,10,c_06,D
20211220,91,b_13,9,18,23.267,o2meter,constant,10,c_06,D
20211222,93,b_13,4,18,23.684,o2meter,constant,10,c_06,D
20211222,93,b_13,9,18,23.538,o2meter,constant,10,c_06,D
20211224,95,b_13,4,18,23.614,o2meter,constant,10,c_06,D
20211224,95,b_13,9,18,23.077,o2meter,constant,10,c_06,D
20211227,98,b_13,4,18,23.018,o2meter,constant,10,c_06,D
20211227,98,b_13,9,18,22.174,o2meter,constant,10,c_06,D
20211229,100,b_13,4,18,23.524,o2meter,constant,10,c_06,D
20211229,100,b_13,9,18,22.629,o2meter,constant,10,c_06,D
20211231,102,b_13,4,18,23.564,o2meter,constant,10,c_06,D
20211231,102,b_13,9,18,23.187,o2meter,constant,10,c_06,D
20220103,105,b_13,4,18,23.323,o2meter,constant,10,c_06,D
20220103,105,b_13,9,18,22.715,o2meter,constant,10,c_06,D
20220105,107,b_13,4,18,23.296,o2meter,constant,10,c_06,D
20220105,107,b_13,9,18,23.095,o2meter,constant,10,c_06,D
20220107,109,b_13,4,18,22.654,o2meter,constant,10,c_06,D
20220107,109,b_13,9,18,21.603,o2meter,constant,10,c_06,D
20220110,112,b_13,4,18,22.383,o2meter,constant,10,c_06,D
20220110,112,b_13,9,18,21.552,o2meter,constant,10,c_06,D
20220112,114,b_13,4,18,23.049,o2meter,constant,10,c_06,D
20220112,114,b_13,9,18,21.66,o2meter,constant,10,c_06,D
20220114,116,b_13,4,18,22.835,o2meter,constant,10,c_06,D
20220114,116,b_13,9,18,21.815,o2meter,constant,10,c_06,D
20220117,119,b_13,4,18,22.961,o2meter,constant,10,c_06,D
20220117,119,b_13,9,18,22.503,o2meter,constant,10,c_06,D
20220119,121,b_13,4,18,23.085,o2meter,constant,10,c_06,D
20220119,121,b_13,9,18,21.767,o2meter,constant,10,c_06,D
20220121,123,b_13,4,18,23.331,o2meter,constant,10,c_06,D
20220121,123,b_13,9,18,21.949,o2meter,constant,10,c_06,D
20220124,126,b_13,4,18,23.065,o2meter,constant,10,c_06,D
20220124,126,b_13,9,18,21.12,o2meter,constant,10,c_06,D
20220126,128,b_13,4,18,23.962,o2meter,constant,10,c_06,D
20220126,128,b_13,9,18,22.698,o2meter,constant,10,c_06,D
20220128,130,b_13,4,18,23.85,o2meter,constant,10,c_06,D
20220128,130,b_13,9,18,21.71,o2meter,constant,10,c_06,D
20220131,133,b_13,4,18,23.526,o2meter,constant,10,c_06,D
20220131,133,b_13,9,18,21.555,o2meter,constant,10,c_06,D
20220202,135,b_13,4,18,23.687,o2meter,constant,10,c_06,D
20220202,135,b_13,9,18,21.778,o2meter,constant,10,c_06,D
20220204,137,b_13,4,18,23.135,o2meter,constant,10,c_06,D
20220204,137,b_13,9,18,22.483,o2meter,constant,10,c_06,D
20220207,140,b_13,4,18,22.591,o2meter,constant,10,c_06,D
20220207,140,b_13,9,18,21.979,o2meter,constant,10,c_06,D
20220209,142,b_13,4,18,23.048,o2meter,constant,10,c_06,D
20220209,142,b_13,9,18,22.27,o2meter,constant,10,c_06,D
20220211,144,b_13,4,18,22.624,o2meter,constant,10,c_06,D
20220211,144,b_13,9,18,22.118,o2meter,constant,10,c_06,D
20220214,147,b_13,4,18,22.92,o2meter,constant,10,c_06,D
20220214,147,b_13,9,18,22.262,o2meter,constant,10,c_06,D
20220216,149,b_13,4,18,23.074,o2meter,constant,10,c_06,D
20220216,149,b_13,9,18,22.194,o2meter,constant,10,c_06,D
20220218,151,b_13,4,18,23.236,o2meter,constant,10,c_06,D
20220218,151,b_13,9,18,22.881,o2meter,constant,10,c_06,D
20220221,154,b_13,4,18,23.313,o2meter,constant,10,c_06,D
20220221,154,b_13,9,18,22.146,o2meter,constant,10,c_06,D
20220223,156,b_13,4,18,23.634,o2meter,constant,10,c_06,D
20220223,156,b_13,9,18,22.687,o2meter,constant,10,c_06,D
20220225,158,b_13,4,18,23.027,o2meter,constant,10,c_06,D
20220225,158,b_13,9,18,22.337,o2meter,constant,10,c_06,D
20220228,161,b_13,4,18,22.672,o2meter,constant,10,c_06,D
20220228,161,b_13,9,18,22.095,o2meter,constant,10,c_06,D
20220302,163,b_13,4,18,23.227,o2meter,constant,10,c_06,D
20220302,163,b_13,9,18,22.667,o2meter,constant,10,c_06,D
20220304,165,b_13,4,18,22.631,o2meter,constant,10,c_06,D
20220304,165,b_13,9,18,21.336,o2meter,constant,10,c_06,D
20220307,168,b_13,4,18,22.398,o2meter,constant,10,c_06,D
20220307,168,b_13,9,18,21.455,o2meter,constant,10,c_06,D
20220309,170,b_13,4,18,22.421,o2meter,constant,10,c_06,D
20220309,170,b_13,9,18,20.743,o2meter,constant,10,c_06,D
20220311,172,b_13,4,18,22.899,o2meter,constant,10,c_06,D
20220311,172,b_13,9,18,21.438,o2meter,constant,10,c_06,D
20220314,175,b_13,4,18,21.997,o2meter,constant,10,c_06,D
20220314,175,b_13,9,18,20.817,o2meter,constant,10,c_06,D
20220316,177,b_13,4,18,22.668,o2meter,constant,10,c_06,D
20220316,177,b_13,9,18,21.273,o2meter,constant,10,c_06,D
20220318,179,b_13,4,18,23.911,o2meter,constant,10,c_06,D
20220318,179,b_13,9,18,23.106,o2meter,constant,10,c_06,D
20220321,182,b_13,4,18,23.301,o2meter,constant,10,c_06,D
20220321,182,b_13,9,18,22.42,o2meter,constant,10,c_06,D
20220323,184,b_13,4,18,24.127,o2meter,constant,10,c_06,D
20220323,184,b_13,9,18,23.251,o2meter,constant,10,c_06,D
20220325,186,b_13,4,18,23.745,o2meter,constant,10,c_06,D
20220325,186,b_13,9,18,22.471,o2meter,constant,10,c_06,D
20220328,189,b_13,4,18,23.176,o2meter,constant,10,c_06,D
20220328,189,b_13,9,18,21.231,o2meter,constant,10,c_06,D
20220330,191,b_13,4,18,23.494,o2meter,constant,10,c_06,D
20220330,191,b_13,9,18,21.553,o2meter,constant,10,c_06,D
20220401,193,b_13,4,18,23.232,o2meter,constant,10,c_06,D
20220401,193,b_13,9,18,22.746,o2meter,constant,10,c_06,D
20220404,196,b_13,4,18,22.977,o2meter,constant,10,c_06,D
20220404,196,b_13,9,18,22.278,o2meter,constant,10,c_06,D
20220406,198,b_13,4,18,24.006,o2meter,constant,10,c_06,D
20220406,198,b_13,9,18,23.698,o2meter,constant,10,c_06,D
20220408,200,b_13,4,18,23.462,o2meter,constant,10,c_06,D
20220408,200,b_13,9,18,22.68,o2meter,constant,10,c_06,D
20220411,203,b_13,4,18,23.088,o2meter,constant,10,c_06,D
20220411,203,b_13,9,18,22.371,o2meter,constant,10,c_06,D
20220413,205,b_13,4,18,23.484,o2meter,constant,10,c_06,D
20220413,205,b_13,9,18,22.707,o2meter,constant,10,c_06,D
20220415,207,b_13,4,18,22.834,o2meter,constant,10,c_06,D
20220415,207,b_13,9,18,22.463,o2meter,constant,10,c_06,D
20220418,210,b_13,4,18,21.795,o2meter,constant,10,c_06,D
20220418,210,b_13,9,18,20.514,o2meter,constant,10,c_06,D
20220420,212,b_13,4,18,23.411,o2meter,constant,10,c_06,D
20220420,212,b_13,9,18,22.833,o2meter,constant,10,c_06,D
20220422,214,b_13,4,18,23.472,o2meter,constant,10,c_06,D
20220422,214,b_13,9,18,22.484,o2meter,constant,10,c_06,D
20220425,217,b_13,4,18,22.679,o2meter,constant,10,c_06,D
20220425,217,b_13,9,18,22.235,o2meter,constant,10,c_06,D
20220427,219,b_13,4,18,23.491,o2meter,constant,10,c_06,D
20220427,219,b_13,9,18,21.73,o2meter,constant,10,c_06,D
20220429,221,b_13,4,18,22.727,o2meter,constant,10,c_06,D
20220429,221,b_13,9,18,21.238,o2meter,constant,10,c_06,D
20220502,224,b_13,4,18,22.699,o2meter,constant,10,c_06,D
20220502,224,b_13,9,18,21.011,o2meter,constant,10,c_06,D
20220504,226,b_13,4,18,22.782,o2meter,constant,10,c_06,D
20220504,226,b_13,9,18,21.631,o2meter,constant,10,c_06,D
20220506,228,b_13,4,18,22.936,o2meter,constant,10,c_06,D
20220506,228,b_13,9,18,21.656,o2meter,constant,10,c_06,D
20220509,231,b_13,4,18,22.639,o2meter,constant,10,c_06,D
20220509,231,b_13,9,18,21.188,o2meter,constant,10,c_06,D
20220511,233,b_13,4,18,22.885,o2meter,constant,10,c_06,D
20220511,233,b_13,9,18,21.672,o2meter,constant,10,c_06,D
20220513,235,b_13,4,18,24.631,o2meter,constant,10,c_06,D
20220513,235,b_13,9,18,23.518,o2meter,constant,10,c_06,D
20220516,238,b_13,4,18,22.274,o2meter,constant,10,c_06,D
20220516,238,b_13,9,18,21.918,o2meter,constant,10,c_06,D
20220518,240,b_13,4,18,23.281,o2meter,constant,10,c_06,D
20220518,240,b_13,9,18,21.307,o2meter,constant,10,c_06,D
20220520,242,b_13,4,18,24.71,o2meter,constant,10,c_06,D
20220520,242,b_13,9,18,23.455,o2meter,constant,10,c_06,D
20220523,245,b_13,4,18,23.939,o2meter,constant,10,c_06,D
20220523,245,b_13,9,18,22.396,o2meter,constant,10,c_06,D
20220525,247,b_13,4,18,24.469,o2meter,constant,10,c_06,D
20220525,247,b_13,9,18,23.013,o2meter,constant,10,c_06,D
20220527,249,b_13,4,18,23.314,o2meter,constant,10,c_06,D
20220527,249,b_13,9,18,22.559,o2meter,constant,10,c_06,D
20220530,252,b_13,4,18,22.794,o2meter,constant,10,c_06,D
20220530,252,b_13,9,18,22.038,o2meter,constant,10,c_06,D
20220601,254,b_13,4,18,23.096,o2meter,constant,10,c_06,D
20220601,254,b_13,9,18,22.559,o2meter,constant,10,c_06,D
20220603,256,b_13,4,18,23.43,o2meter,constant,10,c_06,D
20220603,256,b_13,9,18,22.66,o2meter,constant,10,c_06,D
20220606,259,b_13,4,18,23.187,o2meter,constant,10,c_06,D
20220606,259,b_13,9,18,22.64,o2meter,constant,10,c_06,D
20220608,261,b_13,4,18,23.546,o2meter,constant,10,c_06,D
20220608,261,b_13,9,18,22.901,o2meter,constant,10,c_06,D
20220610,263,b_13,4,18,22.915,o2meter,constant,10,c_06,D
20220610,263,b_13,9,18,22.373,o2meter,constant,10,c_06,D
20220613,266,b_13,4,18,22.885,o2meter,constant,10,c_06,D
20220613,266,b_13,9,18,22.294,o2meter,constant,10,c_06,D
20220615,268,b_13,4,18,23.253,o2meter,constant,10,c_06,D
20220615,268,b_13,9,18,22.446,o2meter,constant,10,c_06,D
20220617,270,b_13,4,18,23.264,o2meter,constant,10,c_06,D
20220617,270,b_13,9,18,22.708,o2meter,constant,10,c_06,D
20220620,273,b_13,4,18,23.184,o2meter,constant,10,c_06,D
20220620,273,b_13,9,18,22.45,o2meter,constant,10,c_06,D
20220622,275,b_13,4,18,23.42,o2meter,constant,10,c_06,D
20220622,275,b_13,9,18,23.002,o2meter,constant,10,c_06,D
20220624,277,b_13,4,18,22.873,o2meter,constant,10,c_06,D
20220624,277,b_13,9,18,21.44,o2meter,constant,10,c_06,D
20220627,280,b_13,4,18,22.62,o2meter,constant,10,c_06,D
20220627,280,b_13,9,18,21.244,o2meter,constant,10,c_06,D
20220629,282,b_13,4,18,22.967,o2meter,constant,10,c_06,D
20220629,282,b_13,9,18,21.239,o2meter,constant,10,c_06,D
20220704,287,b_13,4,18,22.784,o2meter,constant,10,c_06,D
20220704,287,b_13,9,18,21.287,o2meter,constant,10,c_06,D
20210920,0,b_14,4,18,25.769,o2meter,constant,7,c_03,D
20210920,0,b_14,9,18,23.789,o2meter,constant,7,c_03,D
20210922,2,b_14,4,18,25.69,o2meter,constant,7,c_03,D
20210922,2,b_14,9,18,23.489,o2meter,constant,7,c_03,D
20210924,4,b_14,4,18,27.86,o2meter,constant,7,c_03,D
20210924,4,b_14,9,18,27.356,o2meter,constant,7,c_03,D
20210927,7,b_14,4,18,25.961,o2meter,constant,7,c_03,D
20210927,7,b_14,9,18,24.944,o2meter,constant,7,c_03,D
20210929,9,b_14,4,18,25.676,o2meter,constant,7,c_03,D
20210929,9,b_14,9,18,23.139,o2meter,constant,7,c_03,D
20211001,11,b_14,4,18,26.316,o2meter,constant,7,c_03,D
20211001,11,b_14,9,18,26.211,o2meter,constant,7,c_03,D
20211004,14,b_14,4,18,24.405,o2meter,constant,7,c_03,D
20211004,14,b_14,9,18,23.854,o2meter,constant,7,c_03,D
20211006,16,b_14,4,18,24.904,o2meter,constant,7,c_03,D
20211006,16,b_14,9,18,24.413,o2meter,constant,7,c_03,D
20211008,18,b_14,4,18,25.147,o2meter,constant,7,c_03,D
20211008,18,b_14,9,18,24.927,o2meter,constant,7,c_03,D
20211011,21,b_14,4,18,24.345,o2meter,constant,7,c_03,D
20211011,21,b_14,9,18,23.47,o2meter,constant,7,c_03,D
20211013,23,b_14,4,18,25.22,o2meter,constant,7,c_03,D
20211013,23,b_14,9,18,24.595,o2meter,constant,7,c_03,D
20211015,25,b_14,4,18,26.111,o2meter,constant,7,c_03,D
20211015,25,b_14,9,18,23.833,o2meter,constant,7,c_03,D
20211018,28,b_14,4,18,24.894,o2meter,constant,7,c_03,D
20211018,28,b_14,9,18,22.959,o2meter,constant,7,c_03,D
20211020,30,b_14,4,18,25.678,o2meter,constant,7,c_03,D
20211020,30,b_14,9,18,24.877,o2meter,constant,7,c_03,D
20211022,32,b_14,4,18,24.489,o2meter,constant,7,c_03,D
20211022,32,b_14,9,18,23.194,o2meter,constant,7,c_03,D
20211025,35,b_14,4,18,24.127,o2meter,constant,7,c_03,D
20211025,35,b_14,9,18,23.101,o2meter,constant,7,c_03,D
20211027,37,b_14,4,18,25.266,o2meter,constant,7,c_03,D
20211027,37,b_14,9,18,23.549,o2meter,constant,7,c_03,D
20211029,39,b_14,4,18,25.874,o2meter,constant,7,c_03,D
20211029,39,b_14,9,18,25.123,o2meter,constant,7,c_03,D
20211101,42,b_14,4,18,23.742,o2meter,constant,7,c_03,D
20211101,42,b_14,9,18,22.468,o2meter,constant,7,c_03,D
20211103,44,b_14,4,18,24.502,o2meter,constant,7,c_03,D
20211103,44,b_14,9,18,23.325,o2meter,constant,7,c_03,D
20211105,46,b_14,4,18,23.679,o2meter,constant,7,c_03,D
20211105,46,b_14,9,18,22.352,o2meter,constant,7,c_03,D
20211108,49,b_14,4,18,22.717,o2meter,constant,7,c_03,D
20211108,49,b_14,9,18,21.136,o2meter,constant,7,c_03,D
20211110,51,b_14,4,18,24.168,o2meter,constant,7,c_03,D
20211110,51,b_14,9,18,22.903,o2meter,constant,7,c_03,D
20211112,53,b_14,4,18,26.076,o2meter,constant,7,c_03,D
20211112,53,b_14,9,18,23.756,o2meter,constant,7,c_03,D
20211115,56,b_14,4,18,25.868,o2meter,constant,7,c_03,D
20211115,56,b_14,9,18,24.568,o2meter,constant,7,c_03,D
20211117,58,b_14,4,18,27.175,o2meter,constant,7,c_03,D
20211117,58,b_14,9,18,24.79,o2meter,constant,7,c_03,D
20211119,60,b_14,4,18,26.345,o2meter,constant,7,c_03,D
20211119,60,b_14,9,18,23.951,o2meter,constant,7,c_03,D
20211122,63,b_14,4,18,25.396,o2meter,constant,7,c_03,D
20211122,63,b_14,9,18,23.829,o2meter,constant,7,c_03,D
20211124,65,b_14,4,18,27.511,o2meter,constant,7,c_03,D
20211124,65,b_14,9,18,25.524,o2meter,constant,7,c_03,D
20211126,67,b_14,4,18,26.386,o2meter,constant,7,c_03,D
20211126,67,b_14,9,18,26.029,o2meter,constant,7,c_03,D
20211129,70,b_14,4,18,25.404,o2meter,constant,7,c_03,D
20211129,70,b_14,9,18,24.652,o2meter,constant,7,c_03,D
20211203,74,b_14,4,18,25.817,o2meter,constant,7,c_03,D
20211203,74,b_14,9,18,25.295,o2meter,constant,7,c_03,D
20211206,77,b_14,4,18,24.027,o2meter,constant,7,c_03,D
20211206,77,b_14,9,18,23.707,o2meter,constant,7,c_03,D
20211208,79,b_14,4,18,25.443,o2meter,constant,7,c_03,D
20211208,79,b_14,9,18,24.764,o2meter,constant,7,c_03,D
20211210,81,b_14,4,18,25.88,o2meter,constant,7,c_03,D
20211210,81,b_14,9,18,24.973,o2meter,constant,7,c_03,D
20211213,84,b_14,4,18,23.85,o2meter,constant,7,c_03,D
20211213,84,b_14,9,18,21.978,o2meter,constant,7,c_03,D
20211215,86,b_14,4,18,25.576,o2meter,constant,7,c_03,D
20211215,86,b_14,9,18,24.93,o2meter,constant,7,c_03,D
20211217,88,b_14,4,18,25.135,o2meter,constant,7,c_03,D
20211217,88,b_14,9,18,24.75,o2meter,constant,7,c_03,D
20211220,91,b_14,4,18,23.791,o2meter,constant,7,c_03,D
20211220,91,b_14,9,18,23.267,o2meter,constant,7,c_03,D
20211222,93,b_14,4,18,26.383,o2meter,constant,7,c_03,D
20211222,93,b_14,9,18,24.486,o2meter,constant,7,c_03,D
20211224,95,b_14,4,18,25.301,o2meter,constant,7,c_03,D
20211224,95,b_14,9,18,23.002,o2meter,constant,7,c_03,D
20211227,98,b_14,4,18,24.936,o2meter,constant,7,c_03,D
20211227,98,b_14,9,18,22.836,o2meter,constant,7,c_03,D
20211229,100,b_14,4,18,25.395,o2meter,constant,7,c_03,D
20211229,100,b_14,9,18,24.901,o2meter,constant,7,c_03,D
20211231,102,b_14,4,18,25.373,o2meter,constant,7,c_03,D
20211231,102,b_14,9,18,23.477,o2meter,constant,7,c_03,D
20220103,105,b_14,4,18,24.052,o2meter,constant,7,c_03,D
20220103,105,b_14,9,18,22.135,o2meter,constant,7,c_03,D
20220105,107,b_14,4,18,25.178,o2meter,constant,7,c_03,D
20220105,107,b_14,9,18,22.977,o2meter,constant,7,c_03,D
20220107,109,b_14,4,18,26.503,o2meter,constant,7,c_03,D
20220107,109,b_14,9,18,25.217,o2meter,constant,7,c_03,D
20220110,112,b_14,4,18,25.69,o2meter,constant,7,c_03,D
20220110,112,b_14,9,18,23.895,o2meter,constant,7,c_03,D
20220112,114,b_14,4,18,26.665,o2meter,constant,7,c_03,D
20220112,114,b_14,9,18,24.597,o2meter,constant,7,c_03,D
20220114,116,b_14,4,18,27.433,o2meter,constant,7,c_03,D
20220114,116,b_14,9,18,23.77,o2meter,constant,7,c_03,D
20220117,119,b_14,4,18,27.34,o2meter,constant,7,c_03,D
20220117,119,b_14,9,18,24.859,o2meter,constant,7,c_03,D
20220119,121,b_14,4,18,27.248,o2meter,constant,7,c_03,D
20220119,121,b_14,9,18,23.866,o2meter,constant,7,c_03,D
20220121,123,b_14,4,18,26.864,o2meter,constant,7,c_03,D
20220121,123,b_14,9,18,26.698,o2meter,constant,7,c_03,D
20220124,126,b_14,4,18,25.677,o2meter,constant,7,c_03,D
20220124,126,b_14,9,18,25.101,o2meter,constant,7,c_03,D
20220126,128,b_14,4,18,27.165,o2meter,constant,7,c_03,D
20220126,128,b_14,9,18,26.107,o2meter,constant,7,c_03,D
20220128,130,b_14,4,18,26.579,o2meter,constant,7,c_03,D
20220128,130,b_14,9,18,25.484,o2meter,constant,7,c_03,D
20220131,133,b_14,4,18,26.603,o2meter,constant,7,c_03,D
20220131,133,b_14,9,18,26.068,o2meter,constant,7,c_03,D
20220202,135,b_14,4,18,27.285,o2meter,constant,7,c_03,D
20220202,135,b_14,9,18,26.771,o2meter,constant,7,c_03,D
20220204,137,b_14,4,18,26.462,o2meter,constant,7,c_03,D
20220204,137,b_14,9,18,25.429,o2meter,constant,7,c_03,D
20220207,140,b_14,4,18,24.292,o2meter,constant,7,c_03,D
20220207,140,b_14,9,18,23.71,o2meter,constant,7,c_03,D
20220209,142,b_14,4,18,25.386,o2meter,constant,7,c_03,D
20220209,142,b_14,9,18,24.22,o2meter,constant,7,c_03,D
20220211,144,b_14,4,18,25.608,o2meter,constant,7,c_03,D
20220211,144,b_14,9,18,24.938,o2meter,constant,7,c_03,D
20220214,147,b_14,4,18,24.007,o2meter,constant,7,c_03,D
20220214,147,b_14,9,18,22.553,o2meter,constant,7,c_03,D
20220216,149,b_14,4,18,25.695,o2meter,constant,7,c_03,D
20220216,149,b_14,9,18,24.565,o2meter,constant,7,c_03,D
20220218,151,b_14,4,18,24.974,o2meter,constant,7,c_03,D
20220218,151,b_14,9,18,22.601,o2meter,constant,7,c_03,D
20220221,154,b_14,4,18,24.125,o2meter,constant,7,c_03,D
20220221,154,b_14,9,18,22.545,o2meter,constant,7,c_03,D
20220223,156,b_14,4,18,24.785,o2meter,constant,7,c_03,D
20220223,156,b_14,9,18,23.062,o2meter,constant,7,c_03,D
20220225,158,b_14,4,18,24.883,o2meter,constant,7,c_03,D
20220225,158,b_14,9,18,22.883,o2meter,constant,7,c_03,D
20220228,161,b_14,4,18,24.313,o2meter,constant,7,c_03,D
20220228,161,b_14,9,18,22.593,o2meter,constant,7,c_03,D
20220302,163,b_14,4,18,25.791,o2meter,constant,7,c_03,D
20220302,163,b_14,9,18,23.4,o2meter,constant,7,c_03,D
20220304,165,b_14,4,18,26.654,o2meter,constant,7,c_03,D
20220304,165,b_14,9,18,23.668,o2meter,constant,7,c_03,D
20220307,168,b_14,4,18,25.342,o2meter,constant,7,c_03,D
20220307,168,b_14,9,18,22.963,o2meter,constant,7,c_03,D
20220309,170,b_14,4,18,25.873,o2meter,constant,7,c_03,D
20220309,170,b_14,9,18,23.607,o2meter,constant,7,c_03,D
20220311,172,b_14,4,18,25.957,o2meter,constant,7,c_03,D
20220311,172,b_14,9,18,23.248,o2meter,constant,7,c_03,D
20220314,175,b_14,4,18,24.935,o2meter,constant,7,c_03,D
20220314,175,b_14,9,18,22.834,o2meter,constant,7,c_03,D
20220316,177,b_14,4,18,26.016,o2meter,constant,7,c_03,D
20220316,177,b_14,9,18,23.914,o2meter,constant,7,c_03,D
20220318,179,b_14,4,18,25.131,o2meter,constant,7,c_03,D
20220318,179,b_14,9,18,23.861,o2meter,constant,7,c_03,D
20220321,182,b_14,4,18,24.348,o2meter,constant,7,c_03,D
20220321,182,b_14,9,18,23.856,o2meter,constant,7,c_03,D
20220323,184,b_14,4,18,24.768,o2meter,constant,7,c_03,D
20220323,184,b_14,9,18,24.576,o2meter,constant,7,c_03,D
20220325,186,b_14,4,18,25.55,o2meter,constant,7,c_03,D
20220325,186,b_14,9,18,25.012,o2meter,constant,7,c_03,D
20220328,189,b_14,4,18,24.444,o2meter,constant,7,c_03,D
20220328,189,b_14,9,18,23.937,o2meter,constant,7,c_03,D
20220330,191,b_14,4,18,25.71,o2meter,constant,7,c_03,D
20220330,191,b_14,9,18,25.037,o2meter,constant,7,c_03,D
20220401,193,b_14,4,18,25.275,o2meter,constant,7,c_03,D
20220401,193,b_14,9,18,24.205,o2meter,constant,7,c_03,D
20220404,196,b_14,4,18,25.107,o2meter,constant,7,c_03,D
20220404,196,b_14,9,18,24.279,o2meter,constant,7,c_03,D
20220406,198,b_14,4,18,26.671,o2meter,constant,7,c_03,D
20220406,198,b_14,9,18,25.976,o2meter,constant,7,c_03,D
20220408,200,b_14,4,18,26.582,o2meter,constant,7,c_03,D
20220408,200,b_14,9,18,25.543,o2meter,constant,7,c_03,D
20220411,203,b_14,4,18,24.242,o2meter,constant,7,c_03,D
20220411,203,b_14,9,18,23.272,o2meter,constant,7,c_03,D
20220413,205,b_14,4,18,25.332,o2meter,constant,7,c_03,D
20220413,205,b_14,9,18,24.473,o2meter,constant,7,c_03,D
20220415,207,b_14,4,18,25.038,o2meter,constant,7,c_03,D
20220415,207,b_14,9,18,22.605,o2meter,constant,7,c_03,D
20220418,210,b_14,4,18,23.916,o2meter,constant,7,c_03,D
20220418,210,b_14,9,18,22.059,o2meter,constant,7,c_03,D
20220420,212,b_14,4,18,24.914,o2meter,constant,7,c_03,D
20220420,212,b_14,9,18,22.795,o2meter,constant,7,c_03,D
20220422,214,b_14,4,18,25.471,o2meter,constant,7,c_03,D
20220422,214,b_14,9,18,23.743,o2meter,constant,7,c_03,D
20220425,217,b_14,4,18,23.499,o2meter,constant,7,c_03,D
20220425,217,b_14,9,18,22.68,o2meter,constant,7,c_03,D
20220427,219,b_14,4,18,25.415,o2meter,constant,7,c_03,D
20220427,219,b_14,9,18,24.462,o2meter,constant,7,c_03,D
20220429,221,b_14,4,18,27.365,o2meter,constant,7,c_03,D
20220429,221,b_14,9,18,26.363,o2meter,constant,7,c_03,D
20220502,224,b_14,4,18,25.518,o2meter,constant,7,c_03,D
20220502,224,b_14,9,18,24.079,o2meter,constant,7,c_03,D
20220504,226,b_14,4,18,27.333,o2meter,constant,7,c_03,D
20220504,226,b_14,9,18,25.966,o2meter,constant,7,c_03,D
20220506,228,b_14,4,18,26.603,o2meter,constant,7,c_03,D
20220506,228,b_14,9,18,25.583,o2meter,constant,7,c_03,D
20220509,231,b_14,4,18,25.159,o2meter,constant,7,c_03,D
20220509,231,b_14,9,18,24.161,o2meter,constant,7,c_03,D
20220511,233,b_14,4,18,26.585,o2meter,constant,7,c_03,D
20220511,233,b_14,9,18,25.613,o2meter,constant,7,c_03,D
20220513,235,b_14,4,18,25.064,o2meter,constant,7,c_03,D
20220513,235,b_14,9,18,24.005,o2meter,constant,7,c_03,D
20220516,238,b_14,4,18,22.458,o2meter,constant,7,c_03,D
20220516,238,b_14,9,18,22.386,o2meter,constant,7,c_03,D
20220518,240,b_14,4,18,25.336,o2meter,constant,7,c_03,D
20220518,240,b_14,9,18,24.374,o2meter,constant,7,c_03,D
20220520,242,b_14,4,18,24.966,o2meter,constant,7,c_03,D
20220520,242,b_14,9,18,24.078,o2meter,constant,7,c_03,D
20220523,245,b_14,4,18,24.036,o2meter,constant,7,c_03,D
20220523,245,b_14,9,18,23.413,o2meter,constant,7,c_03,D
20220525,247,b_14,4,18,24.47,o2meter,constant,7,c_03,D
20220525,247,b_14,9,18,23.293,o2meter,constant,7,c_03,D
20220527,249,b_14,4,18,25.229,o2meter,constant,7,c_03,D
20220527,249,b_14,9,18,24.182,o2meter,constant,7,c_03,D
20220530,252,b_14,4,18,23.567,o2meter,constant,7,c_03,D
20220530,252,b_14,9,18,22.926,o2meter,constant,7,c_03,D
20220601,254,b_14,4,18,25.034,o2meter,constant,7,c_03,D
20220601,254,b_14,9,18,24.058,o2meter,constant,7,c_03,D
20220603,256,b_14,4,18,25.117,o2meter,constant,7,c_03,D
20220603,256,b_14,9,18,23.947,o2meter,constant,7,c_03,D
20220606,259,b_14,4,18,23.871,o2meter,constant,7,c_03,D
20220606,259,b_14,9,18,22.915,o2meter,constant,7,c_03,D
20220608,261,b_14,4,18,25.613,o2meter,constant,7,c_03,D
20220608,261,b_14,9,18,24.938,o2meter,constant,7,c_03,D
20220610,263,b_14,4,18,24.57,o2meter,constant,7,c_03,D
20220610,263,b_14,9,18,22.854,o2meter,constant,7,c_03,D
20220613,266,b_14,4,18,23.628,o2meter,constant,7,c_03,D
20220613,266,b_14,9,18,22.253,o2meter,constant,7,c_03,D
20220615,268,b_14,4,18,25.296,o2meter,constant,7,c_03,D
20220615,268,b_14,9,18,24.097,o2meter,constant,7,c_03,D
20220617,270,b_14,4,18,24.565,o2meter,constant,7,c_03,D
20220617,270,b_14,9,18,23.188,o2meter,constant,7,c_03,D
20220620,273,b_14,4,18,23.383,o2meter,constant,7,c_03,D
20220620,273,b_14,9,18,22.27,o2meter,constant,7,c_03,D
20220622,275,b_14,4,18,24.777,o2meter,constant,7,c_03,D
20220622,275,b_14,9,18,22.823,o2meter,constant,7,c_03,D
20220624,277,b_14,4,18,26.716,o2meter,constant,7,c_03,D
20220624,277,b_14,9,18,25.675,o2meter,constant,7,c_03,D
20220627,280,b_14,4,18,25.069,o2meter,constant,7,c_03,D
20220627,280,b_14,9,18,23.512,o2meter,constant,7,c_03,D
20220629,282,b_14,4,18,26.744,o2meter,constant,7,c_03,D
20220629,282,b_14,9,18,25.059,o2meter,constant,7,c_03,D
20220704,287,b_14,4,18,24.584,o2meter,constant,7,c_03,D
20220704,287,b_14,9,18,23.68,o2meter,constant,7,c_03,D
20210920,0,b_15,4,18,25.898,o2meter,constant,14,c_14,D
20210920,0,b_15,9,18,24.635,o2meter,constant,14,c_14,D
20210922,2,b_15,4,18,25.322,o2meter,constant,14,c_14,D
20210922,2,b_15,9,18,23.843,o2meter,constant,14,c_14,D
20210924,4,b_15,4,18,25.774,o2meter,constant,14,c_14,D
20210924,4,b_15,9,18,24.131,o2meter,constant,14,c_14,D
20210927,7,b_15,4,18,24.61,o2meter,constant,14,c_14,D
20210927,7,b_15,9,18,23.817,o2meter,constant,14,c_14,D
20210929,9,b_15,4,18,25.938,o2meter,constant,14,c_14,D
20210929,9,b_15,9,18,24.375,o2meter,constant,14,c_14,D
20211001,11,b_15,4,18,25.412,o2meter,constant,14,c_14,D
20211001,11,b_15,9,18,24.291,o2meter,constant,14,c_14,D
20211004,14,b_15,4,18,25.189,o2meter,constant,14,c_14,D
20211004,14,b_15,9,18,23.054,o2meter,constant,14,c_14,D
20211006,16,b_15,4,18,24.856,o2meter,constant,14,c_14,D
20211006,16,b_15,9,18,23.618,o2meter,constant,14,c_14,D
20211008,18,b_15,4,18,23.733,o2meter,constant,14,c_14,D
20211008,18,b_15,9,18,22.183,o2meter,constant,14,c_14,D
20211011,21,b_15,4,18,23.842,o2meter,constant,14,c_14,D
20211011,21,b_15,9,18,22.552,o2meter,constant,14,c_14,D
20211013,23,b_15,4,18,24.039,o2meter,constant,14,c_14,D
20211013,23,b_15,9,18,22.175,o2meter,constant,14,c_14,D
20211015,25,b_15,4,18,24.563,o2meter,constant,14,c_14,D
20211015,25,b_15,9,18,22.908,o2meter,constant,14,c_14,D
20211018,28,b_15,4,18,23.995,o2meter,constant,14,c_14,D
20211018,28,b_15,9,18,21.848,o2meter,constant,14,c_14,D
20211020,30,b_15,4,18,24.216,o2meter,constant,14,c_14,D
20211020,30,b_15,9,18,22.42,o2meter,constant,14,c_14,D
20211022,32,b_15,4,18,23.493,o2meter,constant,14,c_14,D
20211022,32,b_15,9,18,22.083,o2meter,constant,14,c_14,D
20211025,35,b_15,4,18,23.384,o2meter,constant,14,c_14,D
20211025,35,b_15,9,18,21.918,o2meter,constant,14,c_14,D
20211027,37,b_15,4,18,24.054,o2meter,constant,14,c_14,D
20211027,37,b_15,9,18,22.646,o2meter,constant,14,c_14,D
20211029,39,b_15,4,18,24.293,o2meter,constant,14,c_14,D
20211029,39,b_15,9,18,22.6,o2meter,constant,14,c_14,D
20211101,42,b_15,4,18,25.595,o2meter,constant,14,c_14,D
20211101,42,b_15,9,18,24.431,o2meter,constant,14,c_14,D
20211103,44,b_15,4,18,27.57,o2meter,constant,14,c_14,D
20211103,44,b_15,9,18,25.862,o2meter,constant,14,c_14,D
20211105,46,b_15,4,18,26.332,o2meter,constant,14,c_14,D
20211105,46,b_15,9,18,25.189,o2meter,constant,14,c_14,D
20211108,49,b_15,4,18,25.752,o2meter,constant,14,c_14,D
20211108,49,b_15,9,18,24.445,o2meter,constant,14,c_14,D
20211110,51,b_15,4,18,26.71,o2meter,constant,14,c_14,D
20211110,51,b_15,9,18,24.086,o2meter,constant,14,c_14,D
20211112,53,b_15,4,18,24.502,o2meter,constant,14,c_14,D
20211112,53,b_15,9,18,23.451,o2meter,constant,14,c_14,D
20211115,56,b_15,4,18,24.253,o2meter,constant,14,c_14,D
20211115,56,b_15,9,18,22.852,o2meter,constant,14,c_14,D
20211117,58,b_15,4,18,25.007,o2meter,constant,14,c_14,D
20211117,58,b_15,9,18,23.906,o2meter,constant,14,c_14,D
20211119,60,b_15,4,18,24.776,o2meter,constant,14,c_14,D
20211119,60,b_15,9,18,23.026,o2meter,constant,14,c_14,D
20211122,63,b_15,4,18,24.802,o2meter,constant,14,c_14,D
20211122,63,b_15,9,18,23.865,o2meter,constant,14,c_14,D
20211124,65,b_15,4,18,25.483,o2meter,constant,14,c_14,D
20211124,65,b_15,9,18,23.779,o2meter,constant,14,c_14,D
20211126,67,b_15,4,18,25.328,o2meter,constant,14,c_14,D
20211126,67,b_15,9,18,23.951,o2meter,constant,14,c_14,D
20211129,70,b_15,4,18,25.291,o2meter,constant,14,c_14,D
20211129,70,b_15,9,18,23.846,o2meter,constant,14,c_14,D
20211203,74,b_15,4,18,25.041,o2meter,constant,14,c_14,D
20211203,74,b_15,9,18,23.086,o2meter,constant,14,c_14,D
20211206,77,b_15,4,18,23.96,o2meter,constant,14,c_14,D
20211206,77,b_15,9,18,22.893,o2meter,constant,14,c_14,D
20211208,79,b_15,4,18,24.936,o2meter,constant,14,c_14,D
20211208,79,b_15,9,18,23.933,o2meter,constant,14,c_14,D
20211210,81,b_15,4,18,24.101,o2meter,constant,14,c_14,D
20211210,81,b_15,9,18,22.469,o2meter,constant,14,c_14,D
20211213,84,b_15,4,18,23.589,o2meter,constant,14,c_14,D
20211213,84,b_15,9,18,21.944,o2meter,constant,14,c_14,D
20211215,86,b_15,4,18,24.479,o2meter,constant,14,c_14,D
20211215,86,b_15,9,18,22.313,o2meter,constant,14,c_14,D
20211217,88,b_15,4,18,24.264,o2meter,constant,14,c_14,D
20211217,88,b_15,9,18,22.058,o2meter,constant,14,c_14,D
20211220,91,b_15,4,18,23.77,o2meter,constant,14,c_14,D
20211220,91,b_15,9,18,22.121,o2meter,constant,14,c_14,D
20211222,93,b_15,4,18,24.133,o2meter,constant,14,c_14,D
20211222,93,b_15,9,18,22.162,o2meter,constant,14,c_14,D
20211224,95,b_15,4,18,25.715,o2meter,constant,14,c_14,D
20211224,95,b_15,9,18,23.389,o2meter,constant,14,c_14,D
20211227,98,b_15,4,18,25.217,o2meter,constant,14,c_14,D
20211227,98,b_15,9,18,23.084,o2meter,constant,14,c_14,D
20211229,100,b_15,4,18,24.989,o2meter,constant,14,c_14,D
20211229,100,b_15,9,18,23.492,o2meter,constant,14,c_14,D
20211231,102,b_15,4,18,25.084,o2meter,constant,14,c_14,D
20211231,102,b_15,9,18,22.704,o2meter,constant,14,c_14,D
20220103,105,b_15,4,18,25.142,o2meter,constant,14,c_14,D
20220103,105,b_15,9,18,23.834,o2meter,constant,14,c_14,D
20220105,107,b_15,4,18,26.295,o2meter,constant,14,c_14,D
20220105,107,b_15,9,18,24.35,o2meter,constant,14,c_14,D
20220107,109,b_15,4,18,24.689,o2meter,constant,14,c_14,D
20220107,109,b_15,9,18,22.661,o2meter,constant,14,c_14,D
20220110,112,b_15,4,18,23.537,o2meter,constant,14,c_14,D
20220110,112,b_15,9,18,22.714,o2meter,constant,14,c_14,D
20220112,114,b_15,4,18,24.927,o2meter,constant,14,c_14,D
20220112,114,b_15,9,18,23.086,o2meter,constant,14,c_14,D
20220114,116,b_15,4,18,25.342,o2meter,constant,14,c_14,D
20220114,116,b_15,9,18,23.796,o2meter,constant,14,c_14,D
20220117,119,b_15,4,18,23.548,o2meter,constant,14,c_14,D
20220117,119,b_15,9,18,22.517,o2meter,constant,14,c_14,D
20220119,121,b_15,4,18,24.904,o2meter,constant,14,c_14,D
20220119,121,b_15,9,18,22.582,o2meter,constant,14,c_14,D
20220121,123,b_15,4,18,24.785,o2meter,constant,14,c_14,D
20220121,123,b_15,9,18,23.115,o2meter,constant,14,c_14,D
20220124,126,b_15,4,18,23.917,o2meter,constant,14,c_14,D
20220124,126,b_15,9,18,22.785,o2meter,constant,14,c_14,D
20220126,128,b_15,4,18,24.534,o2meter,constant,14,c_14,D
20220126,128,b_15,9,18,23,o2meter,constant,14,c_14,D
20220128,130,b_15,4,18,25.07,o2meter,constant,14,c_14,D
20220128,130,b_15,9,18,23.237,o2meter,constant,14,c_14,D
20220131,133,b_15,4,18,25.012,o2meter,constant,14,c_14,D
20220131,133,b_15,9,18,23.702,o2meter,constant,14,c_14,D
20220202,135,b_15,4,18,25.917,o2meter,constant,14,c_14,D
20220202,135,b_15,9,18,23.521,o2meter,constant,14,c_14,D
20220204,137,b_15,4,18,24.185,o2meter,constant,14,c_14,D
20220204,137,b_15,9,18,21.475,o2meter,constant,14,c_14,D
20220207,140,b_15,4,18,22.868,o2meter,constant,14,c_14,D
20220207,140,b_15,9,18,21.06,o2meter,constant,14,c_14,D
20220209,142,b_15,4,18,23.661,o2meter,constant,14,c_14,D
20220209,142,b_15,9,18,21.93,o2meter,constant,14,c_14,D
20220211,144,b_15,4,18,24.011,o2meter,constant,14,c_14,D
20220211,144,b_15,9,18,21.522,o2meter,constant,14,c_14,D
20220214,147,b_15,4,18,23.626,o2meter,constant,14,c_14,D
20220214,147,b_15,9,18,22.941,o2meter,constant,14,c_14,D
20220216,149,b_15,4,18,23.55,o2meter,constant,14,c_14,D
20220216,149,b_15,9,18,22.009,o2meter,constant,14,c_14,D
20220218,151,b_15,4,18,25.652,o2meter,constant,14,c_14,D
20220218,151,b_15,9,18,24.284,o2meter,constant,14,c_14,D
20220221,154,b_15,4,18,25.82,o2meter,constant,14,c_14,D
20220221,154,b_15,9,18,23.7,o2meter,constant,14,c_14,D
20220223,156,b_15,4,18,26.101,o2meter,constant,14,c_14,D
20220223,156,b_15,9,18,24.262,o2meter,constant,14,c_14,D
20220225,158,b_15,4,18,25.769,o2meter,constant,14,c_14,D
20220225,158,b_15,9,18,23.215,o2meter,constant,14,c_14,D
20220228,161,b_15,4,18,25.142,o2meter,constant,14,c_14,D
20220228,161,b_15,9,18,22.553,o2meter,constant,14,c_14,D
20220302,163,b_15,4,18,25.736,o2meter,constant,14,c_14,D
20220302,163,b_15,9,18,23.57,o2meter,constant,14,c_14,D
20220304,165,b_15,4,18,24.809,o2meter,constant,14,c_14,D
20220304,165,b_15,9,18,23.575,o2meter,constant,14,c_14,D
20220307,168,b_15,4,18,24.003,o2meter,constant,14,c_14,D
20220307,168,b_15,9,18,23.277,o2meter,constant,14,c_14,D
20220309,170,b_15,4,18,25.016,o2meter,constant,14,c_14,D
20220309,170,b_15,9,18,23.572,o2meter,constant,14,c_14,D
20220311,172,b_15,4,18,24.774,o2meter,constant,14,c_14,D
20220311,172,b_15,9,18,23.518,o2meter,constant,14,c_14,D
20220314,175,b_15,4,18,24.565,o2meter,constant,14,c_14,D
20220314,175,b_15,9,18,23.423,o2meter,constant,14,c_14,D
20220316,177,b_15,4,18,25.916,o2meter,constant,14,c_14,D
20220316,177,b_15,9,18,24.207,o2meter,constant,14,c_14,D
20220318,179,b_15,4,18,25.089,o2meter,constant,14,c_14,D
20220318,179,b_15,9,18,23.127,o2meter,constant,14,c_14,D
20220321,182,b_15,4,18,23.875,o2meter,constant,14,c_14,D
20220321,182,b_15,9,18,21.913,o2meter,constant,14,c_14,D
20220323,184,b_15,4,18,24.355,o2meter,constant,14,c_14,D
20220323,184,b_15,9,18,23.418,o2meter,constant,14,c_14,D
20220325,186,b_15,4,18,25.331,o2meter,constant,14,c_14,D
20220325,186,b_15,9,18,23.841,o2meter,constant,14,c_14,D
20220328,189,b_15,4,18,23.768,o2meter,constant,14,c_14,D
20220328,189,b_15,9,18,22.756,o2meter,constant,14,c_14,D
20220330,191,b_15,4,18,24.035,o2meter,constant,14,c_14,D
20220330,191,b_15,9,18,21.656,o2meter,constant,14,c_14,D
20220401,193,b_15,4,18,23.637,o2meter,constant,14,c_14,D
20220401,193,b_15,9,18,21.783,o2meter,constant,14,c_14,D
20220404,196,b_15,4,18,23.151,o2meter,constant,14,c_14,D
20220404,196,b_15,9,18,21.554,o2meter,constant,14,c_14,D
20220406,198,b_15,4,18,23.976,o2meter,constant,14,c_14,D
20220406,198,b_15,9,18,22.243,o2meter,constant,14,c_14,D
20220408,200,b_15,4,18,24.582,o2meter,constant,14,c_14,D
20220408,200,b_15,9,18,22.346,o2meter,constant,14,c_14,D
20220411,203,b_15,4,18,23.246,o2meter,constant,14,c_14,D
20220411,203,b_15,9,18,21.458,o2meter,constant,14,c_14,D
20220413,205,b_15,4,18,24.09,o2meter,constant,14,c_14,D
20220413,205,b_15,9,18,22.175,o2meter,constant,14,c_14,D
20220415,207,b_15,4,18,26.24,o2meter,constant,14,c_14,D
20220415,207,b_15,9,18,24.446,o2meter,constant,14,c_14,D
20220418,210,b_15,4,18,26.096,o2meter,constant,14,c_14,D
20220418,210,b_15,9,18,23.593,o2meter,constant,14,c_14,D
20220420,212,b_15,4,18,26.038,o2meter,constant,14,c_14,D
20220420,212,b_15,9,18,24.55,o2meter,constant,14,c_14,D
20220422,214,b_15,4,18,27.078,o2meter,constant,14,c_14,D
20220422,214,b_15,9,18,25.255,o2meter,constant,14,c_14,D
20220425,217,b_15,4,18,24.714,o2meter,constant,14,c_14,D
20220425,217,b_15,9,18,23.277,o2meter,constant,14,c_14,D
20220427,219,b_15,4,18,26.127,o2meter,constant,14,c_14,D
20220427,219,b_15,9,18,24.268,o2meter,constant,14,c_14,D
20220429,221,b_15,4,18,24.238,o2meter,constant,14,c_14,D
20220429,221,b_15,9,18,23.353,o2meter,constant,14,c_14,D
20220502,224,b_15,4,18,24.511,o2meter,constant,14,c_14,D
20220502,224,b_15,9,18,22.494,o2meter,constant,14,c_14,D
20220504,226,b_15,4,18,24.959,o2meter,constant,14,c_14,D
20220504,226,b_15,9,18,22.485,o2meter,constant,14,c_14,D
20220506,228,b_15,4,18,24.802,o2meter,constant,14,c_14,D
20220506,228,b_15,9,18,22.702,o2meter,constant,14,c_14,D
20220509,231,b_15,4,18,23.699,o2meter,constant,14,c_14,D
20220509,231,b_15,9,18,22.445,o2meter,constant,14,c_14,D
20220511,233,b_15,4,18,24.541,o2meter,constant,14,c_14,D
20220511,233,b_15,9,18,23.121,o2meter,constant,14,c_14,D
20220513,235,b_15,4,18,23.589,o2meter,constant,14,c_14,D
20220513,235,b_15,9,18,22.203,o2meter,constant,14,c_14,D
20220516,238,b_15,4,18,23.127,o2meter,constant,14,c_14,D
20220516,238,b_15,9,18,22.532,o2meter,constant,14,c_14,D
20220518,240,b_15,4,18,23.916,o2meter,constant,14,c_14,D
20220518,240,b_15,9,18,22.295,o2meter,constant,14,c_14,D
20220520,242,b_15,4,18,24.347,o2meter,constant,14,c_14,D
20220520,242,b_15,9,18,23.256,o2meter,constant,14,c_14,D
20220523,245,b_15,4,18,24.04,o2meter,constant,14,c_14,D
20220523,245,b_15,9,18,22.54,o2meter,constant,14,c_14,D
20220525,247,b_15,4,18,23.706,o2meter,constant,14,c_14,D
20220525,247,b_15,9,18,22.518,o2meter,constant,14,c_14,D
20220527,249,b_15,4,18,23.312,o2meter,constant,14,c_14,D
20220527,249,b_15,9,18,21.485,o2meter,constant,14,c_14,D
20220530,252,b_15,4,18,23.165,o2meter,constant,14,c_14,D
20220530,252,b_15,9,18,21.025,o2meter,constant,14,c_14,D
20220601,254,b_15,4,18,23.375,o2meter,constant,14,c_14,D
20220601,254,b_15,9,18,21.366,o2meter,constant,14,c_14,D
20220603,256,b_15,4,18,23.958,o2meter,constant,14,c_14,D
20220603,256,b_15,9,18,21.726,o2meter,constant,14,c_14,D
20220606,259,b_15,4,18,23.105,o2meter,constant,14,c_14,D
20220606,259,b_15,9,18,21.897,o2meter,constant,14,c_14,D
20220608,261,b_15,4,18,24.144,o2meter,constant,14,c_14,D
20220608,261,b_15,9,18,21.879,o2meter,constant,14,c_14,D
20220610,263,b_15,4,18,24.579,o2meter,constant,14,c_14,D
20220610,263,b_15,9,18,22.743,o2meter,constant,14,c_14,D
20220613,266,b_15,4,18,25.177,o2meter,constant,14,c_14,D
20220613,266,b_15,9,18,23.59,o2meter,constant,14,c_14,D
20220615,268,b_15,4,18,25.437,o2meter,constant,14,c_14,D
20220615,268,b_15,9,18,23.577,o2meter,constant,14,c_14,D
20220617,270,b_15,4,18,25.39,o2meter,constant,14,c_14,D
20220617,270,b_15,9,18,23.66,o2meter,constant,14,c_14,D
20220620,273,b_15,4,18,25.369,o2meter,constant,14,c_14,D
20220620,273,b_15,9,18,22.986,o2meter,constant,14,c_14,D
20220622,275,b_15,4,18,25.46,o2meter,constant,14,c_14,D
20220622,275,b_15,9,18,23.99,o2meter,constant,14,c_14,D
20220624,277,b_15,4,18,24.599,o2meter,constant,14,c_14,D
20220624,277,b_15,9,18,23.516,o2meter,constant,14,c_14,D
20220627,280,b_15,4,18,23.84,o2meter,constant,14,c_14,D
20220627,280,b_15,9,18,22.19,o2meter,constant,14,c_14,D
20220629,282,b_15,4,18,24.104,o2meter,constant,14,c_14,D
20220629,282,b_15,9,18,22.456,o2meter,constant,14,c_14,D
20220704,287,b_15,4,18,23.69,o2meter,constant,14,c_14,D
20220704,287,b_15,9,18,22.102,o2meter,constant,14,c_14,D
20210920,0,b_16,4,18,26.196,o2meter,constant,14,c_15,D
20210920,0,b_16,9,18,25.367,o2meter,constant,14,c_15,D
20210922,2,b_16,4,18,26.638,o2meter,constant,14,c_15,D
20210922,2,b_16,9,18,25.944,o2meter,constant,14,c_15,D
20210924,4,b_16,4,18,26.156,o2meter,constant,14,c_15,D
20210924,4,b_16,9,18,25.302,o2meter,constant,14,c_15,D
20210927,7,b_16,4,18,25.237,o2meter,constant,14,c_15,D
20210927,7,b_16,9,18,23.885,o2meter,constant,14,c_15,D
20210929,9,b_16,4,18,25.951,o2meter,constant,14,c_15,D
20210929,9,b_16,9,18,24.459,o2meter,constant,14,c_15,D
20211001,11,b_16,4,18,24.351,o2meter,constant,14,c_15,D
20211001,11,b_16,9,18,22.842,o2meter,constant,14,c_15,D
20211004,14,b_16,4,18,23.042,o2meter,constant,14,c_15,D
20211004,14,b_16,9,18,22.116,o2meter,constant,14,c_15,D
20211006,16,b_16,4,18,24.233,o2meter,constant,14,c_15,D
20211006,16,b_16,9,18,22.729,o2meter,constant,14,c_15,D
20211008,18,b_16,4,18,24.084,o2meter,constant,14,c_15,D
20211008,18,b_16,9,18,22.372,o2meter,constant,14,c_15,D
20211011,21,b_16,4,18,23.151,o2meter,constant,14,c_15,D
20211011,21,b_16,9,18,21.823,o2meter,constant,14,c_15,D
20211013,23,b_16,4,18,24.023,o2meter,constant,14,c_15,D
20211013,23,b_16,9,18,22.113,o2meter,constant,14,c_15,D
20211015,25,b_16,4,18,26.188,o2meter,constant,14,c_15,D
20211015,25,b_16,9,18,25.125,o2meter,constant,14,c_15,D
20211018,28,b_16,4,18,25.202,o2meter,constant,14,c_15,D
20211018,28,b_16,9,18,24.237,o2meter,constant,14,c_15,D
20211020,30,b_16,4,18,26.301,o2meter,constant,14,c_15,D
20211020,30,b_16,9,18,24.005,o2meter,constant,14,c_15,D
20211022,32,b_16,4,18,25.923,o2meter,constant,14,c_15,D
20211022,32,b_16,9,18,24.891,o2meter,constant,14,c_15,D
20211025,35,b_16,4,18,25.264,o2meter,constant,14,c_15,D
20211025,35,b_16,9,18,24.355,o2meter,constant,14,c_15,D
20211027,37,b_16,4,18,26.146,o2meter,constant,14,c_15,D
20211027,37,b_16,9,18,24.281,o2meter,constant,14,c_15,D
20211029,39,b_16,4,18,26.974,o2meter,constant,14,c_15,D
20211029,39,b_16,9,18,25.209,o2meter,constant,14,c_15,D
20211101,42,b_16,4,18,24.845,o2meter,constant,14,c_15,D
20211101,42,b_16,9,18,24.012,o2meter,constant,14,c_15,D
20211103,44,b_16,4,18,26.284,o2meter,constant,14,c_15,D
20211103,44,b_16,9,18,25.178,o2meter,constant,14,c_15,D
20211105,46,b_16,4,18,24.891,o2meter,constant,14,c_15,D
20211105,46,b_16,9,18,24.273,o2meter,constant,14,c_15,D
20211108,49,b_16,4,18,24.063,o2meter,constant,14,c_15,D
20211108,49,b_16,9,18,23.146,o2meter,constant,14,c_15,D
20211110,51,b_16,4,18,25.548,o2meter,constant,14,c_15,D
20211110,51,b_16,9,18,25.216,o2meter,constant,14,c_15,D
20211112,53,b_16,4,18,25.108,o2meter,constant,14,c_15,D
20211112,53,b_16,9,18,23.865,o2meter,constant,14,c_15,D
20211115,56,b_16,4,18,24.389,o2meter,constant,14,c_15,D
20211115,56,b_16,9,18,22.997,o2meter,constant,14,c_15,D
20211117,58,b_16,4,18,25.664,o2meter,constant,14,c_15,D
20211117,58,b_16,9,18,24.259,o2meter,constant,14,c_15,D
20211119,60,b_16,4,18,24.97,o2meter,constant,14,c_15,D
20211119,60,b_16,9,18,23.763,o2meter,constant,14,c_15,D
20211122,63,b_16,4,18,24.7,o2meter,constant,14,c_15,D
20211122,63,b_16,9,18,23.817,o2meter,constant,14,c_15,D
20211124,65,b_16,4,18,25.35,o2meter,constant,14,c_15,D
20211124,65,b_16,9,18,23.964,o2meter,constant,14,c_15,D
20211126,67,b_16,4,18,24.22,o2meter,constant,14,c_15,D
20211126,67,b_16,9,18,22.106,o2meter,constant,14,c_15,D
20211129,70,b_16,4,18,24.412,o2meter,constant,14,c_15,D
20211129,70,b_16,9,18,22.535,o2meter,constant,14,c_15,D
20211203,74,b_16,4,18,24.083,o2meter,constant,14,c_15,D
20211203,74,b_16,9,18,22.56,o2meter,constant,14,c_15,D
20211206,77,b_16,4,18,24.265,o2meter,constant,14,c_15,D
20211206,77,b_16,9,18,23.511,o2meter,constant,14,c_15,D
20211208,79,b_16,4,18,24.044,o2meter,constant,14,c_15,D
20211208,79,b_16,9,18,21.995,o2meter,constant,14,c_15,D
20211210,81,b_16,4,18,26.914,o2meter,constant,14,c_15,D
20211210,81,b_16,9,18,25.324,o2meter,constant,14,c_15,D
20211213,84,b_16,4,18,23.852,o2meter,constant,14,c_15,D
20211213,84,b_16,9,18,21.538,o2meter,constant,14,c_15,D
20211215,86,b_16,4,18,25.816,o2meter,constant,14,c_15,D
20211215,86,b_16,9,18,24.18,o2meter,constant,14,c_15,D
20211217,88,b_16,4,18,25.888,o2meter,constant,14,c_15,D
20211217,88,b_16,9,18,23.148,o2meter,constant,14,c_15,D
20211220,91,b_16,4,18,24.601,o2meter,constant,14,c_15,D
20211220,91,b_16,9,18,22.807,o2meter,constant,14,c_15,D
20211222,93,b_16,4,18,26.237,o2meter,constant,14,c_15,D
20211222,93,b_16,9,18,24.341,o2meter,constant,14,c_15,D
20211224,95,b_16,4,18,25.217,o2meter,constant,14,c_15,D
20211224,95,b_16,9,18,24.728,o2meter,constant,14,c_15,D
20211227,98,b_16,4,18,24.929,o2meter,constant,14,c_15,D
20211227,98,b_16,9,18,23.23,o2meter,constant,14,c_15,D
20211229,100,b_16,4,18,25.706,o2meter,constant,14,c_15,D
20211229,100,b_16,9,18,24.433,o2meter,constant,14,c_15,D
20211231,102,b_16,4,18,25.026,o2meter,constant,14,c_15,D
20211231,102,b_16,9,18,23.888,o2meter,constant,14,c_15,D
20220103,105,b_16,4,18,24.623,o2meter,constant,14,c_15,D
20220103,105,b_16,9,18,24.098,o2meter,constant,14,c_15,D
20220105,107,b_16,4,18,24.703,o2meter,constant,14,c_15,D
20220105,107,b_16,9,18,23.754,o2meter,constant,14,c_15,D
20220107,109,b_16,4,18,25.103,o2meter,constant,14,c_15,D
20220107,109,b_16,9,18,23.758,o2meter,constant,14,c_15,D
20220110,112,b_16,4,18,23.69,o2meter,constant,14,c_15,D
20220110,112,b_16,9,18,23.102,o2meter,constant,14,c_15,D
20220112,114,b_16,4,18,24.528,o2meter,constant,14,c_15,D
20220112,114,b_16,9,18,22.17,o2meter,constant,14,c_15,D
20220114,116,b_16,4,18,25.479,o2meter,constant,14,c_15,D
20220114,116,b_16,9,18,24.068,o2meter,constant,14,c_15,D
20220117,119,b_16,4,18,23.686,o2meter,constant,14,c_15,D
20220117,119,b_16,9,18,23.091,o2meter,constant,14,c_15,D
20220119,121,b_16,4,18,24.286,o2meter,constant,14,c_15,D
20220119,121,b_16,9,18,23.616,o2meter,constant,14,c_15,D
20220121,123,b_16,4,18,24.171,o2meter,constant,14,c_15,D
20220121,123,b_16,9,18,22.129,o2meter,constant,14,c_15,D
20220124,126,b_16,4,18,23.864,o2meter,constant,14,c_15,D
20220124,126,b_16,9,18,22.02,o2meter,constant,14,c_15,D
20220126,128,b_16,4,18,24.285,o2meter,constant,14,c_15,D
20220126,128,b_16,9,18,22.224,o2meter,constant,14,c_15,D
20220128,130,b_16,4,18,24.057,o2meter,constant,14,c_15,D
20220128,130,b_16,9,18,22.629,o2meter,constant,14,c_15,D
20220131,133,b_16,4,18,24.752,o2meter,constant,14,c_15,D
20220131,133,b_16,9,18,22.332,o2meter,constant,14,c_15,D
20220202,135,b_16,4,18,24.975,o2meter,constant,14,c_15,D
20220202,135,b_16,9,18,22.424,o2meter,constant,14,c_15,D
20220204,137,b_16,4,18,24.772,o2meter,constant,14,c_15,D
20220204,137,b_16,9,18,21.697,o2meter,constant,14,c_15,D
20220207,140,b_16,4,18,24.662,o2meter,constant,14,c_15,D
20220207,140,b_16,9,18,23.006,o2meter,constant,14,c_15,D
20220209,142,b_16,4,18,25.388,o2meter,constant,14,c_15,D
20220209,142,b_16,9,18,23.707,o2meter,constant,14,c_15,D
20220211,144,b_16,4,18,26.015,o2meter,constant,14,c_15,D
20220211,144,b_16,9,18,24.177,o2meter,constant,14,c_15,D
20220214,147,b_16,4,18,24.997,o2meter,constant,14,c_15,D
20220214,147,b_16,9,18,23.71,o2meter,constant,14,c_15,D
20220216,149,b_16,4,18,26.647,o2meter,constant,14,c_15,D
20220216,149,b_16,9,18,25.432,o2meter,constant,14,c_15,D
20220218,151,b_16,4,18,25.026,o2meter,constant,14,c_15,D
20220218,151,b_16,9,18,23.641,o2meter,constant,14,c_15,D
20220221,154,b_16,4,18,24.29,o2meter,constant,14,c_15,D
20220221,154,b_16,9,18,22.951,o2meter,constant,14,c_15,D
20220223,156,b_16,4,18,25.144,o2meter,constant,14,c_15,D
20220223,156,b_16,9,18,24.062,o2meter,constant,14,c_15,D
20220225,158,b_16,4,18,24.107,o2meter,constant,14,c_15,D
20220225,158,b_16,9,18,23.732,o2meter,constant,14,c_15,D
20220228,161,b_16,4,18,23.838,o2meter,constant,14,c_15,D
20220228,161,b_16,9,18,22.913,o2meter,constant,14,c_15,D
20220302,163,b_16,4,18,24.631,o2meter,constant,14,c_15,D
20220302,163,b_16,9,18,23.847,o2meter,constant,14,c_15,D
20220304,165,b_16,4,18,25.507,o2meter,constant,14,c_15,D
20220304,165,b_16,9,18,24.051,o2meter,constant,14,c_15,D
20220307,168,b_16,4,18,24.166,o2meter,constant,14,c_15,D
20220307,168,b_16,9,18,22.957,o2meter,constant,14,c_15,D
20220309,170,b_16,4,18,25.191,o2meter,constant,14,c_15,D
20220309,170,b_16,9,18,22.982,o2meter,constant,14,c_15,D
20220311,172,b_16,4,18,24.872,o2meter,constant,14,c_15,D
20220311,172,b_16,9,18,23.394,o2meter,constant,14,c_15,D
20220314,175,b_16,4,18,24.466,o2meter,constant,14,c_15,D
20220314,175,b_16,9,18,23.741,o2meter,constant,14,c_15,D
20220316,177,b_16,4,18,25.457,o2meter,constant,14,c_15,D
20220316,177,b_16,9,18,23.525,o2meter,constant,14,c_15,D
20220318,179,b_16,4,18,24.163,o2meter,constant,14,c_15,D
20220318,179,b_16,9,18,22.557,o2meter,constant,14,c_15,D
20220321,182,b_16,4,18,23.331,o2meter,constant,14,c_15,D
20220321,182,b_16,9,18,21.924,o2meter,constant,14,c_15,D
20220323,184,b_16,4,18,23.831,o2meter,constant,14,c_15,D
20220323,184,b_16,9,18,21.771,o2meter,constant,14,c_15,D
20220325,186,b_16,4,18,24.805,o2meter,constant,14,c_15,D
20220325,186,b_16,9,18,22.177,o2meter,constant,14,c_15,D
20220328,189,b_16,4,18,23.916,o2meter,constant,14,c_15,D
20220328,189,b_16,9,18,23.028,o2meter,constant,14,c_15,D
20220330,191,b_16,4,18,24.223,o2meter,constant,14,c_15,D
20220330,191,b_16,9,18,22.278,o2meter,constant,14,c_15,D
20220401,193,b_16,4,18,25.351,o2meter,constant,14,c_15,D
20220401,193,b_16,9,18,23.967,o2meter,constant,14,c_15,D
20220404,196,b_16,4,18,25.002,o2meter,constant,14,c_15,D
20220404,196,b_16,9,18,23.952,o2meter,constant,14,c_15,D
20220406,198,b_16,4,18,25.487,o2meter,constant,14,c_15,D
20220406,198,b_16,9,18,23.156,o2meter,constant,14,c_15,D
20220408,200,b_16,4,18,26.488,o2meter,constant,14,c_15,D
20220408,200,b_16,9,18,24.707,o2meter,constant,14,c_15,D
20220411,203,b_16,4,18,23.757,o2meter,constant,14,c_15,D
20220411,203,b_16,9,18,22.755,o2meter,constant,14,c_15,D
20220413,205,b_16,4,18,26.067,o2meter,constant,14,c_15,D
20220413,205,b_16,9,18,24.299,o2meter,constant,14,c_15,D
20220415,207,b_16,4,18,24.437,o2meter,constant,14,c_15,D
20220415,207,b_16,9,18,23.353,o2meter,constant,14,c_15,D
20220418,210,b_16,4,18,24.201,o2meter,constant,14,c_15,D
20220418,210,b_16,9,18,23.408,o2meter,constant,14,c_15,D
20220420,212,b_16,4,18,24.132,o2meter,constant,14,c_15,D
20220420,212,b_16,9,18,23.484,o2meter,constant,14,c_15,D
20220422,214,b_16,4,18,24.964,o2meter,constant,14,c_15,D
20220422,214,b_16,9,18,23.522,o2meter,constant,14,c_15,D
20220425,217,b_16,4,18,23.791,o2meter,constant,14,c_15,D
20220425,217,b_16,9,18,23.005,o2meter,constant,14,c_15,D
20220427,219,b_16,4,18,24.88,o2meter,constant,14,c_15,D
20220427,219,b_16,9,18,23.981,o2meter,constant,14,c_15,D
20220429,221,b_16,4,18,24.164,o2meter,constant,14,c_15,D
20220429,221,b_16,9,18,23.069,o2meter,constant,14,c_15,D
20220502,224,b_16,4,18,23.986,o2meter,constant,14,c_15,D
20220502,224,b_16,9,18,23.084,o2meter,constant,14,c_15,D
20220504,226,b_16,4,18,23.607,o2meter,constant,14,c_15,D
20220504,226,b_16,9,18,22.6,o2meter,constant,14,c_15,D
20220506,228,b_16,4,18,24.044,o2meter,constant,14,c_15,D
20220506,228,b_16,9,18,23.124,o2meter,constant,14,c_15,D
20220509,231,b_16,4,18,23.655,o2meter,constant,14,c_15,D
20220509,231,b_16,9,18,22.214,o2meter,constant,14,c_15,D
20220511,233,b_16,4,18,24.187,o2meter,constant,14,c_15,D
20220511,233,b_16,9,18,23.681,o2meter,constant,14,c_15,D
20220513,235,b_16,4,18,23.658,o2meter,constant,14,c_15,D
20220513,235,b_16,9,18,21.471,o2meter,constant,14,c_15,D
20220516,238,b_16,4,18,23.525,o2meter,constant,14,c_15,D
20220516,238,b_16,9,18,22.336,o2meter,constant,14,c_15,D
20220518,240,b_16,4,18,24.034,o2meter,constant,14,c_15,D
20220518,240,b_16,9,18,21.859,o2meter,constant,14,c_15,D
20220520,242,b_16,4,18,23.766,o2meter,constant,14,c_15,D
20220520,242,b_16,9,18,21.708,o2meter,constant,14,c_15,D
20220523,245,b_16,4,18,23.098,o2meter,constant,14,c_15,D
20220523,245,b_16,9,18,21.075,o2meter,constant,14,c_15,D
20220525,247,b_16,4,18,23.548,o2meter,constant,14,c_15,D
20220525,247,b_16,9,18,21.553,o2meter,constant,14,c_15,D
20220527,249,b_16,4,18,24.857,o2meter,constant,14,c_15,D
20220527,249,b_16,9,18,22.842,o2meter,constant,14,c_15,D
20220530,252,b_16,4,18,24.831,o2meter,constant,14,c_15,D
20220530,252,b_16,9,18,23.555,o2meter,constant,14,c_15,D
20220601,254,b_16,4,18,25.588,o2meter,constant,14,c_15,D
20220601,254,b_16,9,18,24.14,o2meter,constant,14,c_15,D
20220603,256,b_16,4,18,25.825,o2meter,constant,14,c_15,D
20220603,256,b_16,9,18,23.399,o2meter,constant,14,c_15,D
20220606,259,b_16,4,18,24.815,o2meter,constant,14,c_15,D
20220606,259,b_16,9,18,22.87,o2meter,constant,14,c_15,D
20220608,261,b_16,4,18,25.301,o2meter,constant,14,c_15,D
20220608,261,b_16,9,18,23.318,o2meter,constant,14,c_15,D
20220610,263,b_16,4,18,23.868,o2meter,constant,14,c_15,D
20220610,263,b_16,9,18,22.922,o2meter,constant,14,c_15,D
20220613,266,b_16,4,18,23.985,o2meter,constant,14,c_15,D
20220613,266,b_16,9,18,22.833,o2meter,constant,14,c_15,D
20220615,268,b_16,4,18,23.924,o2meter,constant,14,c_15,D
20220615,268,b_16,9,18,23.152,o2meter,constant,14,c_15,D
20220617,270,b_16,4,18,24.378,o2meter,constant,14,c_15,D
20220617,270,b_16,9,18,22.666,o2meter,constant,14,c_15,D
20220620,273,b_16,4,18,23.513,o2meter,constant,14,c_15,D
20220620,273,b_16,9,18,22.47,o2meter,constant,14,c_15,D
20220622,275,b_16,4,18,23.291,o2meter,constant,14,c_15,D
20220622,275,b_16,9,18,22.64,o2meter,constant,14,c_15,D
20220624,277,b_16,4,18,24.051,o2meter,constant,14,c_15,D
20220624,277,b_16,9,18,22.622,o2meter,constant,14,c_15,D
20220627,280,b_16,4,18,23.069,o2meter,constant,14,c_15,D
20220627,280,b_16,9,18,22.32,o2meter,constant,14,c_15,D
20220629,282,b_16,4,18,23.892,o2meter,constant,14,c_15,D
20220629,282,b_16,9,18,22.051,o2meter,constant,14,c_15,D
20220704,287,b_16,4,18,22.644,o2meter,constant,14,c_15,D
20220704,287,b_16,9,18,21.66,o2meter,constant,14,c_15,D
20210920,0,b_17,4,18,24.831,o2meter,decreasing,7,c_05,E
20210920,0,b_17,9,18,24.292,o2meter,decreasing,7,c_05,E
20210922,2,b_17,4,18,24.258,o2meter,decreasing,7,c_05,E
20210922,2,b_17,9,18,23.028,o2meter,decreasing,7,c_05,E
20210924,4,b_17,4,18,25.475,o2meter,decreasing,7,c_05,E
20210924,4,b_17,9,18,24.537,o2meter,decreasing,7,c_05,E
20210927,7,b_17,4,18,23.94,o2meter,decreasing,7,c_05,E
20210927,7,b_17,9,18,22.43,o2meter,decreasing,7,c_05,E
20210929,9,b_17,4,18,23.793,o2meter,decreasing,7,c_05,E
20210929,9,b_17,9,18,22.57,o2meter,decreasing,7,c_05,E
20211001,11,b_17,4,18,24.011,o2meter,decreasing,7,c_05,E
20211001,11,b_17,9,18,22.415,o2meter,decreasing,7,c_05,E
20211004,14,b_17,4,18,23.65,o2meter,decreasing,7,c_05,E
20211004,14,b_17,9,18,22.701,o2meter,decreasing,7,c_05,E
20211006,16,b_17,4,18,23.256,o2meter,decreasing,7,c_05,E
20211006,16,b_17,9,18,22.257,o2meter,decreasing,7,c_05,E
20211008,18,b_17,4,18,23.465,o2meter,decreasing,7,c_05,E
20211008,18,b_17,9,18,22.001,o2meter,decreasing,7,c_05,E
20211011,21,b_17,4,18,24.127,o2meter,decreasing,7,c_05,E
20211011,21,b_17,9,18,22.903,o2meter,decreasing,7,c_05,E
20211013,23,b_17,4,18,23.428,o2meter,decreasing,7,c_05,E
20211013,23,b_17,9,18,22.228,o2meter,decreasing,7,c_05,E
20211015,25,b_17,4,18,24.399,o2meter,decreasing,7,c_05,E
20211015,25,b_17,9,18,24.182,o2meter,decreasing,7,c_05,E
20211018,28,b_17,4,18,23.225,o2meter,decreasing,7,c_05,E
20211018,28,b_17,9,18,23.092,o2meter,decreasing,7,c_05,E
20211020,30,b_17,4,18,24.866,o2meter,decreasing,7,c_05,E
20211020,30,b_17,9,18,24.833,o2meter,decreasing,7,c_05,E
20211022,32,b_17,4,18,23.992,o2meter,decreasing,7,c_05,E
20211022,32,b_17,9,18,23.666,o2meter,decreasing,7,c_05,E
20211025,35,b_17,4,18,23.799,o2meter,decreasing,7,c_05,E
20211025,35,b_17,9,18,23.281,o2meter,decreasing,7,c_05,E
20211027,37,b_17,4,18,24.871,o2meter,decreasing,7,c_05,E
20211027,37,b_17,9,18,23.779,o2meter,decreasing,7,c_05,E
20211029,39,b_17,4,18,25.215,o2meter,decreasing,7,c_05,E
20211029,39,b_17,9,18,24.762,o2meter,decreasing,7,c_05,E
20211101,42,b_17,4,18,24.705,o2meter,decreasing,7,c_05,E
20211101,42,b_17,9,18,23.672,o2meter,decreasing,7,c_05,E
20211103,44,b_17,4,18,25.547,o2meter,decreasing,7,c_05,E
20211103,44,b_17,9,18,24.929,o2meter,decreasing,7,c_05,E
20211105,46,b_17,4,18,24.292,o2meter,decreasing,7,c_05,E
20211105,46,b_17,9,18,23.482,o2meter,decreasing,7,c_05,E
20211108,49,b_17,4,18,23.88,o2meter,decreasing,7,c_05,E
20211108,49,b_17,9,18,23.198,o2meter,decreasing,7,c_05,E
20211110,51,b_17,4,18,24.525,o2meter,decreasing,7,c_05,E
20211110,51,b_17,9,18,24.204,o2meter,decreasing,7,c_05,E
20211112,53,b_17,4,18,23.901,o2meter,decreasing,7,c_05,E
20211112,53,b_17,9,18,23.308,o2meter,decreasing,7,c_05,E
20211115,56,b_17,4,18,23.896,o2meter,decreasing,7,c_05,E
20211115,56,b_17,9,18,22.41,o2meter,decreasing,7,c_05,E
20211117,58,b_17,4,18,24.939,o2meter,decreasing,7,c_05,E
20211117,58,b_17,9,18,24.377,o2meter,decreasing,7,c_05,E
20211119,60,b_17,4,18,24.446,o2meter,decreasing,7,c_05,E
20211119,60,b_17,9,18,23.234,o2meter,decreasing,7,c_05,E
20211122,63,b_17,4,18,24.079,o2meter,decreasing,7,c_05,E
20211122,63,b_17,9,18,22.597,o2meter,decreasing,7,c_05,E
20211124,65,b_17,4,18,24.605,o2meter,decreasing,7,c_05,E
20211124,65,b_17,9,18,23.21,o2meter,decreasing,7,c_05,E
20211126,67,b_17,4,18,24.244,o2meter,decreasing,7,c_05,E
20211126,67,b_17,9,18,23.668,o2meter,decreasing,7,c_05,E
20211129,70,b_17,4,18,24.669,o2meter,decreasing,7,c_05,E
20211129,70,b_17,9,18,24.037,o2meter,decreasing,7,c_05,E
20211203,74,b_17,4,18,24.924,o2meter,decreasing,7,c_05,E
20211203,74,b_17,9,18,23.981,o2meter,decreasing,7,c_05,E
20211206,77,b_17,4,18,24.988,o2meter,decreasing,7,c_05,E
20211206,77,b_17,9,18,23.425,o2meter,decreasing,7,c_05,E
20211208,79,b_17,4,18,24.816,o2meter,decreasing,7,c_05,E
20211208,79,b_17,9,18,24.312,o2meter,decreasing,7,c_05,E
20211210,81,b_17,4,18,25.258,o2meter,decreasing,7,c_05,E
20211210,81,b_17,9,18,24.813,o2meter,decreasing,7,c_05,E
20211213,84,b_17,4,18,24.058,o2meter,decreasing,7,c_05,E
20211213,84,b_17,9,18,22.367,o2meter,decreasing,7,c_05,E
20211215,86,b_17,4,18,24.564,o2meter,decreasing,7,c_05,E
20211215,86,b_17,9,18,24.423,o2meter,decreasing,7,c_05,E
20211217,88,b_17,4,18,24.384,o2meter,decreasing,7,c_05,E
20211217,88,b_17,9,18,24.271,o2meter,decreasing,7,c_05,E
20211220,91,b_17,4,18,24.059,o2meter,decreasing,7,c_05,E
20211220,91,b_17,9,18,23.545,o2meter,decreasing,7,c_05,E
20211222,93,b_17,4,18,24.577,o2meter,decreasing,7,c_05,E
20211222,93,b_17,9,18,24.078,o2meter,decreasing,7,c_05,E
20211224,95,b_17,4,18,24.453,o2meter,decreasing,7,c_05,E
20211224,95,b_17,9,18,23.735,o2meter,decreasing,7,c_05,E
20211227,98,b_17,4,18,23.976,o2meter,decreasing,7,c_05,E
20211227,98,b_17,9,18,23.317,o2meter,decreasing,7,c_05,E
20211229,100,b_17,4,18,23.932,o2meter,decreasing,7,c_05,E
20211229,100,b_17,9,18,23.525,o2meter,decreasing,7,c_05,E
20211231,102,b_17,4,18,23.618,o2meter,decreasing,7,c_05,E
20211231,102,b_17,9,18,22.848,o2meter,decreasing,7,c_05,E
20220103,105,b_17,4,18,23.909,o2meter,decreasing,7,c_05,E
20220103,105,b_17,9,18,23.038,o2meter,decreasing,7,c_05,E
20220105,107,b_17,4,18,23.978,o2meter,decreasing,7,c_05,E
20220105,107,b_17,9,18,22.536,o2meter,decreasing,7,c_05,E
20220107,109,b_17,4,18,23.416,o2meter,decreasing,7,c_05,E
20220107,109,b_17,9,18,21.857,o2meter,decreasing,7,c_05,E
20220110,112,b_17,4,18,22.726,o2meter,decreasing,7,c_05,E
20220110,112,b_17,9,18,21.897,o2meter,decreasing,7,c_05,E
20220112,114,b_17,4,18,22.732,o2meter,decreasing,7,c_05,E
20220112,114,b_17,9,18,21.589,o2meter,decreasing,7,c_05,E
20220114,116,b_17,4,18,23.799,o2meter,decreasing,7,c_05,E
20220114,116,b_17,9,18,22.512,o2meter,decreasing,7,c_05,E
20220117,119,b_17,4,18,22.817,o2meter,decreasing,7,c_05,E
20220117,119,b_17,9,18,21.716,o2meter,decreasing,7,c_05,E
20220119,121,b_17,4,18,22.902,o2meter,decreasing,7,c_05,E
20220119,121,b_17,9,18,21.817,o2meter,decreasing,7,c_05,E
20220121,123,b_17,4,18,23.374,o2meter,decreasing,7,c_05,E
20220121,123,b_17,9,18,21.569,o2meter,decreasing,7,c_05,E
20220124,126,b_17,4,18,23.667,o2meter,decreasing,7,c_05,E
20220124,126,b_17,9,18,22.603,o2meter,decreasing,7,c_05,E
20220126,128,b_17,4,18,24.846,o2meter,decreasing,7,c_05,E
20220126,128,b_17,9,18,23.512,o2meter,decreasing,7,c_05,E
20220128,130,b_17,4,18,23.948,o2meter,decreasing,7,c_05,E
20220128,130,b_17,9,18,22.028,o2meter,decreasing,7,c_05,E
20220131,133,b_17,4,18,23.375,o2meter,decreasing,7,c_05,E
20220131,133,b_17,9,18,21.369,o2meter,decreasing,7,c_05,E
20220202,135,b_17,4,18,23.458,o2meter,decreasing,7,c_05,E
20220202,135,b_17,9,18,21.831,o2meter,decreasing,7,c_05,E
20220204,137,b_17,4,18,24.376,o2meter,decreasing,7,c_05,E
20220204,137,b_17,9,18,24.129,o2meter,decreasing,7,c_05,E
20220207,140,b_17,4,18,23.01,o2meter,decreasing,7,c_05,E
20220207,140,b_17,9,18,22.597,o2meter,decreasing,7,c_05,E
20220209,142,b_17,4,18,23.319,o2meter,decreasing,7,c_05,E
20220209,142,b_17,9,18,23.108,o2meter,decreasing,7,c_05,E
20220211,144,b_17,4,18,24.059,o2meter,decreasing,7,c_05,E
20220211,144,b_17,9,18,22.866,o2meter,decreasing,7,c_05,E
20220214,147,b_17,4,18,23.574,o2meter,decreasing,7,c_05,E
20220214,147,b_17,9,18,22.768,o2meter,decreasing,7,c_05,E
20220216,149,b_17,4,18,24.572,o2meter,decreasing,7,c_05,E
20220216,149,b_17,9,18,23.587,o2meter,decreasing,7,c_05,E
20220218,151,b_17,4,18,23.872,o2meter,decreasing,7,c_05,E
20220218,151,b_17,9,18,23.628,o2meter,decreasing,7,c_05,E
20220221,154,b_17,4,18,23.62,o2meter,decreasing,7,c_05,E
20220221,154,b_17,9,18,22.318,o2meter,decreasing,7,c_05,E
20220223,156,b_17,4,18,24.265,o2meter,decreasing,7,c_05,E
20220223,156,b_17,9,18,23.786,o2meter,decreasing,7,c_05,E
20220225,158,b_17,4,18,23.932,o2meter,decreasing,7,c_05,E
20220225,158,b_17,9,18,22.998,o2meter,decreasing,7,c_05,E
20220228,161,b_17,4,18,22.97,o2meter,decreasing,7,c_05,E
20220228,161,b_17,9,18,22.565,o2meter,decreasing,7,c_05,E
20220302,163,b_17,4,18,24.414,o2meter,decreasing,7,c_05,E
20220302,163,b_17,9,18,22.986,o2meter,decreasing,7,c_05,E
20220304,165,b_17,4,18,24.31,o2meter,decreasing,7,c_05,E
20220304,165,b_17,9,18,21.891,o2meter,decreasing,7,c_05,E
20220307,168,b_17,4,18,23.546,o2meter,decreasing,7,c_05,E
20220307,168,b_17,9,18,22.205,o2meter,decreasing,7,c_05,E
20220309,170,b_17,4,18,24.414,o2meter,decreasing,7,c_05,E
20220309,170,b_17,9,18,23.105,o2meter,decreasing,7,c_05,E
20220311,172,b_17,4,18,25.399,o2meter,decreasing,7,c_05,E
20220311,172,b_17,9,18,23.833,o2meter,decreasing,7,c_05,E
20220314,175,b_17,4,18,23.579,o2meter,decreasing,7,c_05,E
20220314,175,b_17,9,18,22.943,o2meter,decreasing,7,c_05,E
20220316,177,b_17,4,18,26.058,o2meter,decreasing,7,c_05,E
20220316,177,b_17,9,18,24.382,o2meter,decreasing,7,c_05,E
20220318,179,b_17,4,18,25.598,o2meter,decreasing,7,c_05,E
20220318,179,b_17,9,18,23.936,o2meter,decreasing,7,c_05,E
20220321,182,b_17,4,18,25.31,o2meter,decreasing,7,c_05,E
20220321,182,b_17,9,18,24.05,o2meter,decreasing,7,c_05,E
20220323,184,b_17,4,18,27.213,o2meter,decreasing,7,c_05,E
20220323,184,b_17,9,18,25.12,o2meter,decreasing,7,c_05,E
20220325,186,b_17,4,18,26.33,o2meter,decreasing,7,c_05,E
20220325,186,b_17,9,18,23.352,o2meter,decreasing,7,c_05,E
20220328,189,b_17,4,18,26.462,o2meter,decreasing,7,c_05,E
20220328,189,b_17,9,18,25.416,o2meter,decreasing,7,c_05,E
20220330,191,b_17,4,18,25.378,o2meter,decreasing,7,c_05,E
20220330,191,b_17,9,18,21.266,o2meter,decreasing,7,c_05,E
20220401,193,b_17,4,18,22.776,o2meter,decreasing,7,c_05,E
20220401,193,b_17,9,18,22.236,o2meter,decreasing,7,c_05,E
20220404,196,b_17,4,18,23.124,o2meter,decreasing,7,c_05,E
20220404,196,b_17,9,18,22.275,o2meter,decreasing,7,c_05,E
20220406,198,b_17,4,18,24.509,o2meter,decreasing,7,c_05,E
20220406,198,b_17,9,18,23.893,o2meter,decreasing,7,c_05,E
20220408,200,b_17,4,18,24.234,o2meter,decreasing,7,c_05,E
20220408,200,b_17,9,18,22.784,o2meter,decreasing,7,c_05,E
20220411,203,b_17,4,18,25.358,o2meter,decreasing,7,c_05,E
20220411,203,b_17,9,18,25.206,o2meter,decreasing,7,c_05,E
20220413,205,b_17,4,18,24.81,o2meter,decreasing,7,c_05,E
20220413,205,b_17,9,18,21.289,o2meter,decreasing,7,c_05,E
20220415,207,b_17,4,18,23.556,o2meter,decreasing,7,c_05,E
20220415,207,b_17,9,18,22.833,o2meter,decreasing,7,c_05,E
20220418,210,b_17,4,18,28.285,o2meter,decreasing,7,c_05,E
20220418,210,b_17,9,18,24.231,o2meter,decreasing,7,c_05,E
20220420,212,b_17,4,18,26.398,o2meter,decreasing,7,c_05,E
20220420,212,b_17,9,18,23.756,o2meter,decreasing,7,c_05,E
20220422,214,b_17,4,18,23.884,o2meter,decreasing,7,c_05,E
20220422,214,b_17,9,18,23.117,o2meter,decreasing,7,c_05,E
20220425,217,b_17,4,18,22.966,o2meter,decreasing,7,c_05,E
20220425,217,b_17,9,18,22.825,o2meter,decreasing,7,c_05,E
20220427,219,b_17,4,18,23.048,o2meter,decreasing,7,c_05,E
20220427,219,b_17,9,18,22.563,o2meter,decreasing,7,c_05,E
20220429,221,b_17,4,18,23.944,o2meter,decreasing,7,c_05,E
20220429,221,b_17,9,18,23.847,o2meter,decreasing,7,c_05,E
20220502,224,b_17,4,18,25.078,o2meter,decreasing,7,c_05,E
20220502,224,b_17,9,18,24.51,o2meter,decreasing,7,c_05,E
20220504,226,b_17,4,18,24.997,o2meter,decreasing,7,c_05,E
20220504,226,b_17,9,18,24.317,o2meter,decreasing,7,c_05,E
20220506,228,b_17,4,18,23.738,o2meter,decreasing,7,c_05,E
20220506,228,b_17,9,18,23.925,o2meter,decreasing,7,c_05,E
20220509,231,b_17,4,18,24.968,o2meter,decreasing,7,c_05,E
20220509,231,b_17,9,18,25.055,o2meter,decreasing,7,c_05,E
20220511,233,b_17,4,18,23.463,o2meter,decreasing,7,c_05,E
20220511,233,b_17,9,18,24.013,o2meter,decreasing,7,c_05,E
20220513,235,b_17,4,18,25.825,o2meter,decreasing,7,c_05,E
20220513,235,b_17,9,18,25.84,o2meter,decreasing,7,c_05,E
20220516,238,b_17,4,18,25.969,o2meter,decreasing,7,c_05,E
20220516,238,b_17,9,18,25.442,o2meter,decreasing,7,c_05,E
20220518,240,b_17,4,18,26.227,o2meter,decreasing,7,c_05,E
20220518,240,b_17,9,18,25.762,o2meter,decreasing,7,c_05,E
20220520,242,b_17,4,18,26.528,o2meter,decreasing,7,c_05,E
20220520,242,b_17,9,18,24.939,o2meter,decreasing,7,c_05,E
20220523,245,b_17,4,18,26.808,o2meter,decreasing,7,c_05,E
20220523,245,b_17,9,18,26.725,o2meter,decreasing,7,c_05,E
20220525,247,b_17,4,18,24.871,o2meter,decreasing,7,c_05,E
20220525,247,b_17,9,18,24.721,o2meter,decreasing,7,c_05,E
20220527,249,b_17,4,18,25.14,o2meter,decreasing,7,c_05,E
20220527,249,b_17,9,18,24.651,o2meter,decreasing,7,c_05,E
20220530,252,b_17,4,18,25.084,o2meter,decreasing,7,c_05,E
20220530,252,b_17,9,18,25.851,o2meter,decreasing,7,c_05,E
20220601,254,b_17,4,18,24.484,o2meter,decreasing,7,c_05,E
20220601,254,b_17,9,18,22.466,o2meter,decreasing,7,c_05,E
20220603,256,b_17,4,18,25.297,o2meter,decreasing,7,c_05,E
20220603,256,b_17,9,18,23.103,o2meter,decreasing,7,c_05,E
20220606,259,b_17,4,18,25.613,o2meter,decreasing,7,c_05,E
20220606,259,b_17,9,18,25.857,o2meter,decreasing,7,c_05,E
20220608,261,b_17,4,18,23.821,o2meter,decreasing,7,c_05,E
20220608,261,b_17,9,18,24.259,o2meter,decreasing,7,c_05,E
20220610,263,b_17,4,18,24.058,o2meter,decreasing,7,c_05,E
20220610,263,b_17,9,18,22.992,o2meter,decreasing,7,c_05,E
20220613,266,b_17,4,18,25.539,o2meter,decreasing,7,c_05,E
20220613,266,b_17,9,18,24.795,o2meter,decreasing,7,c_05,E
20220615,268,b_17,4,18,23.56,o2meter,decreasing,7,c_05,E
20220615,268,b_17,9,18,23.787,o2meter,decreasing,7,c_05,E
20220617,270,b_17,4,18,23.077,o2meter,decreasing,7,c_05,E
20220617,270,b_17,9,18,23.016,o2meter,decreasing,7,c_05,E
20220620,273,b_17,4,18,24.689,o2meter,decreasing,7,c_05,E
20220620,273,b_17,9,18,24.348,o2meter,decreasing,7,c_05,E
20220622,275,b_17,4,18,23.796,o2meter,decreasing,7,c_05,E
20220622,275,b_17,9,18,23.344,o2meter,decreasing,7,c_05,E
20220624,277,b_17,4,18,22.83,o2meter,decreasing,7,c_05,E
20220624,277,b_17,9,18,22.311,o2meter,decreasing,7,c_05,E
20220627,280,b_17,4,18,24.012,o2meter,decreasing,7,c_05,E
20220627,280,b_17,9,18,23.507,o2meter,decreasing,7,c_05,E
20220629,282,b_17,4,18,22.391,o2meter,decreasing,7,c_05,E
20220629,282,b_17,9,18,22.532,o2meter,decreasing,7,c_05,E
20220704,287,b_17,4,18,23.879,o2meter,decreasing,7,c_05,E
20220704,287,b_17,9,18,24.029,o2meter,decreasing,7,c_05,E
20210920,0,b_18,4,18,24.046,o2meter,decreasing,7,c_04,E
20210920,0,b_18,9,18,23.549,o2meter,decreasing,7,c_04,E
20210922,2,b_18,4,18,23.923,o2meter,decreasing,7,c_04,E
20210922,2,b_18,9,18,23.256,o2meter,decreasing,7,c_04,E
20210924,4,b_18,4,18,23.54,o2meter,decreasing,7,c_04,E
20210924,4,b_18,9,18,22.462,o2meter,decreasing,7,c_04,E
20210927,7,b_18,4,18,22.834,o2meter,decreasing,7,c_04,E
20210927,7,b_18,9,18,21.617,o2meter,decreasing,7,c_04,E
20210929,9,b_18,4,18,22.965,o2meter,decreasing,7,c_04,E
20210929,9,b_18,9,18,22.212,o2meter,decreasing,7,c_04,E
20211001,11,b_18,4,18,23.532,o2meter,decreasing,7,c_04,E
20211001,11,b_18,9,18,23.217,o2meter,decreasing,7,c_04,E
20211004,14,b_18,4,18,22.689,o2meter,decreasing,7,c_04,E
20211004,14,b_18,9,18,22.205,o2meter,decreasing,7,c_04,E
20211006,16,b_18,4,18,23.096,o2meter,decreasing,7,c_04,E
20211006,16,b_18,9,18,22.934,o2meter,decreasing,7,c_04,E
20211008,18,b_18,4,18,23.102,o2meter,decreasing,7,c_04,E
20211008,18,b_18,9,18,22.778,o2meter,decreasing,7,c_04,E
20211011,21,b_18,4,18,22.425,o2meter,decreasing,7,c_04,E
20211011,21,b_18,9,18,22.092,o2meter,decreasing,7,c_04,E
20211013,23,b_18,4,18,22.908,o2meter,decreasing,7,c_04,E
20211013,23,b_18,9,18,22.68,o2meter,decreasing,7,c_04,E
20211015,25,b_18,4,18,22.864,o2meter,decreasing,7,c_04,E
20211015,25,b_18,9,18,22.703,o2meter,decreasing,7,c_04,E
20211018,28,b_18,4,18,22.35,o2meter,decreasing,7,c_04,E
20211018,28,b_18,9,18,21.177,o2meter,decreasing,7,c_04,E
20211020,30,b_18,4,18,23.086,o2meter,decreasing,7,c_04,E
20211020,30,b_18,9,18,22.531,o2meter,decreasing,7,c_04,E
20211022,32,b_18,4,18,22.273,o2meter,decreasing,7,c_04,E
20211022,32,b_18,9,18,21.917,o2meter,decreasing,7,c_04,E
20211025,35,b_18,4,18,21.905,o2meter,decreasing,7,c_04,E
20211025,35,b_18,9,18,21.28,o2meter,decreasing,7,c_04,E
20211027,37,b_18,4,18,22.571,o2meter,decreasing,7,c_04,E
20211027,37,b_18,9,18,21.812,o2meter,decreasing,7,c_04,E
20211029,39,b_18,4,18,22.96,o2meter,decreasing,7,c_04,E
20211029,39,b_18,9,18,22.253,o2meter,decreasing,7,c_04,E
20211101,42,b_18,4,18,22.259,o2meter,decreasing,7,c_04,E
20211101,42,b_18,9,18,21.015,o2meter,decreasing,7,c_04,E
20211103,44,b_18,4,18,23.53,o2meter,decreasing,7,c_04,E
20211103,44,b_18,9,18,23.324,o2meter,decreasing,7,c_04,E
20211105,46,b_18,4,18,22.056,o2meter,decreasing,7,c_04,E
20211105,46,b_18,9,18,21.352,o2meter,decreasing,7,c_04,E
20211108,49,b_18,4,18,21.667,o2meter,decreasing,7,c_04,E
20211108,49,b_18,9,18,20.808,o2meter,decreasing,7,c_04,E
20211110,51,b_18,4,18,22.013,o2meter,decreasing,7,c_04,E
20211110,51,b_18,9,18,21.357,o2meter,decreasing,7,c_04,E
20211112,53,b_18,4,18,22.075,o2meter,decreasing,7,c_04,E
20211112,53,b_18,9,18,21.85,o2meter,decreasing,7,c_04,E
20211115,56,b_18,4,18,21.98,o2meter,decreasing,7,c_04,E
20211115,56,b_18,9,18,21.381,o2meter,decreasing,7,c_04,E
20211117,58,b_18,4,18,22.047,o2meter,decreasing,7,c_04,E
20211117,58,b_18,9,18,21.04,o2meter,decreasing,7,c_04,E
20211119,60,b_18,4,18,22.152,o2meter,decreasing,7,c_04,E
20211119,60,b_18,9,18,21.344,o2meter,decreasing,7,c_04,E
20211122,63,b_18,4,18,21.38,o2meter,decreasing,7,c_04,E
20211122,63,b_18,9,18,21.052,o2meter,decreasing,7,c_04,E
20211124,65,b_18,4,18,21.754,o2meter,decreasing,7,c_04,E
20211124,65,b_18,9,18,20.853,o2meter,decreasing,7,c_04,E
20211126,67,b_18,4,18,22.299,o2meter,decreasing,7,c_04,E
20211126,67,b_18,9,18,21.836,o2meter,decreasing,7,c_04,E
20211129,70,b_18,4,18,21.437,o2meter,decreasing,7,c_04,E
20211129,70,b_18,9,18,21.117,o2meter,decreasing,7,c_04,E
20211203,74,b_18,4,18,21.743,o2meter,decreasing,7,c_04,E
20211203,74,b_18,9,18,21.295,o2meter,decreasing,7,c_04,E
20211206,77,b_18,4,18,20.957,o2meter,decreasing,7,c_04,E
20211206,77,b_18,9,18,20.73,o2meter,decreasing,7,c_04,E
20211208,79,b_18,4,18,21.606,o2meter,decreasing,7,c_04,E
20211208,79,b_18,9,18,21.248,o2meter,decreasing,7,c_04,E
20211210,81,b_18,4,18,21.465,o2meter,decreasing,7,c_04,E
20211210,81,b_18,9,18,21.135,o2meter,decreasing,7,c_04,E
20211213,84,b_18,4,18,22.168,o2meter,decreasing,7,c_04,E
20211213,84,b_18,9,18,21.213,o2meter,decreasing,7,c_04,E
20211215,86,b_18,4,18,21.521,o2meter,decreasing,7,c_04,E
20211215,86,b_18,9,18,20.895,o2meter,decreasing,7,c_04,E
20211217,88,b_18,4,18,21.757,o2meter,decreasing,7,c_04,E
20211217,88,b_18,9,18,20.983,o2meter,decreasing,7,c_04,E
20211220,91,b_18,4,18,21.358,o2meter,decreasing,7,c_04,E
20211220,91,b_18,9,18,20.946,o2meter,decreasing,7,c_04,E
20211222,93,b_18,4,18,21.439,o2meter,decreasing,7,c_04,E
20211222,93,b_18,9,18,20.408,o2meter,decreasing,7,c_04,E
20211224,95,b_18,4,18,21.8,o2meter,decreasing,7,c_04,E
20211224,95,b_18,9,18,20.98,o2meter,decreasing,7,c_04,E
20211227,98,b_18,4,18,21.043,o2meter,decreasing,7,c_04,E
20211227,98,b_18,9,18,20.412,o2meter,decreasing,7,c_04,E
20211229,100,b_18,4,18,21.592,o2meter,decreasing,7,c_04,E
20211229,100,b_18,9,18,20.504,o2meter,decreasing,7,c_04,E
20211231,102,b_18,4,18,21.366,o2meter,decreasing,7,c_04,E
20211231,102,b_18,9,18,20.689,o2meter,decreasing,7,c_04,E
20220103,105,b_18,4,18,21.01,o2meter,decreasing,7,c_04,E
20220103,105,b_18,9,18,20.487,o2meter,decreasing,7,c_04,E
20220105,107,b_18,4,18,21.197,o2meter,decreasing,7,c_04,E
20220105,107,b_18,9,18,20.58,o2meter,decreasing,7,c_04,E
20220107,109,b_18,4,18,21.647,o2meter,decreasing,7,c_04,E
20220107,109,b_18,9,18,20.876,o2meter,decreasing,7,c_04,E
20220110,112,b_18,4,18,20.617,o2meter,decreasing,7,c_04,E
20220110,112,b_18,9,18,20.257,o2meter,decreasing,7,c_04,E
20220112,114,b_18,4,18,20.909,o2meter,decreasing,7,c_04,E
20220112,114,b_18,9,18,20.622,o2meter,decreasing,7,c_04,E
20220114,116,b_18,4,18,21.487,o2meter,decreasing,7,c_04,E
20220114,116,b_18,9,18,20.586,o2meter,decreasing,7,c_04,E
20220117,119,b_18,4,18,20.751,o2meter,decreasing,7,c_04,E
20220117,119,b_18,9,18,20.197,o2meter,decreasing,7,c_04,E
20220119,121,b_18,4,18,21.158,o2meter,decreasing,7,c_04,E
20220119,121,b_18,9,18,20.567,o2meter,decreasing,7,c_04,E
20220121,123,b_18,4,18,21.413,o2meter,decreasing,7,c_04,E
20220121,123,b_18,9,18,20.953,o2meter,decreasing,7,c_04,E
20220124,126,b_18,4,18,20.752,o2meter,decreasing,7,c_04,E
20220124,126,b_18,9,18,20.219,o2meter,decreasing,7,c_04,E
20220126,128,b_18,4,18,21.119,o2meter,decreasing,7,c_04,E
20220126,128,b_18,9,18,20.449,o2meter,decreasing,7,c_04,E
20220128,130,b_18,4,18,21.177,o2meter,decreasing,7,c_04,E
20220128,130,b_18,9,18,20.496,o2meter,decreasing,7,c_04,E
20220131,133,b_18,4,18,20.822,o2meter,decreasing,7,c_04,E
20220131,133,b_18,9,18,20.383,o2meter,decreasing,7,c_04,E
20220202,135,b_18,4,18,21.393,o2meter,decreasing,7,c_04,E
20220202,135,b_18,9,18,21.19,o2meter,decreasing,7,c_04,E
20220204,137,b_18,4,18,21.412,o2meter,decreasing,7,c_04,E
20220204,137,b_18,9,18,20.599,o2meter,decreasing,7,c_04,E
20220207,140,b_18,4,18,20.65,o2meter,decreasing,7,c_04,E
20220207,140,b_18,9,18,19.903,o2meter,decreasing,7,c_04,E
20220209,142,b_18,4,18,21.433,o2meter,decreasing,7,c_04,E
20220209,142,b_18,9,18,20.309,o2meter,decreasing,7,c_04,E
20220211,144,b_18,4,18,21.098,o2meter,decreasing,7,c_04,E
20220211,144,b_18,9,18,20.485,o2meter,decreasing,7,c_04,E
20220214,147,b_18,4,18,20.718,o2meter,decreasing,7,c_04,E
20220214,147,b_18,9,18,19.827,o2meter,decreasing,7,c_04,E
20220216,149,b_18,4,18,21.166,o2meter,decreasing,7,c_04,E
20220216,149,b_18,9,18,20.384,o2meter,decreasing,7,c_04,E
20220218,151,b_18,4,18,21.951,o2meter,decreasing,7,c_04,E
20220218,151,b_18,9,18,20.813,o2meter,decreasing,7,c_04,E
20220221,154,b_18,4,18,20.857,o2meter,decreasing,7,c_04,E
20220221,154,b_18,9,18,20.554,o2meter,decreasing,7,c_04,E
20220223,156,b_18,4,18,21.557,o2meter,decreasing,7,c_04,E
20220223,156,b_18,9,18,20.742,o2meter,decreasing,7,c_04,E
20220225,158,b_18,4,18,21.627,o2meter,decreasing,7,c_04,E
20220225,158,b_18,9,18,20.951,o2meter,decreasing,7,c_04,E
20220228,161,b_18,4,18,21.195,o2meter,decreasing,7,c_04,E
20220228,161,b_18,9,18,20.584,o2meter,decreasing,7,c_04,E
20220302,163,b_18,4,18,21.838,o2meter,decreasing,7,c_04,E
20220302,163,b_18,9,18,20.836,o2meter,decreasing,7,c_04,E
20220304,165,b_18,4,18,21.773,o2meter,decreasing,7,c_04,E
20220304,165,b_18,9,18,20.701,o2meter,decreasing,7,c_04,E
20220307,168,b_18,4,18,20.971,o2meter,decreasing,7,c_04,E
20220307,168,b_18,9,18,20.215,o2meter,decreasing,7,c_04,E
20220309,170,b_18,4,18,21.833,o2meter,decreasing,7,c_04,E
20220309,170,b_18,9,18,20.429,o2meter,decreasing,7,c_04,E
20220311,172,b_18,4,18,22.5,o2meter,decreasing,7,c_04,E
20220311,172,b_18,9,18,21.911,o2meter,decreasing,7,c_04,E
20220314,175,b_18,4,18,21.186,o2meter,decreasing,7,c_04,E
20220314,175,b_18,9,18,20.417,o2meter,decreasing,7,c_04,E
20220316,177,b_18,4,18,22.689,o2meter,decreasing,7,c_04,E
20220316,177,b_18,9,18,21.365,o2meter,decreasing,7,c_04,E
20220318,179,b_18,4,18,22.448,o2meter,decreasing,7,c_04,E
20220318,179,b_18,9,18,21.672,o2meter,decreasing,7,c_04,E
20220321,182,b_18,4,18,21.505,o2meter,decreasing,7,c_04,E
20220321,182,b_18,9,18,20.883,o2meter,decreasing,7,c_04,E
20220323,184,b_18,4,18,22.299,o2meter,decreasing,7,c_04,E
20220323,184,b_18,9,18,21.319,o2meter,decreasing,7,c_04,E
20220325,186,b_18,4,18,22.285,o2meter,decreasing,7,c_04,E
20220325,186,b_18,9,18,21.374,o2meter,decreasing,7,c_04,E
20220328,189,b_18,4,18,22.082,o2meter,decreasing,7,c_04,E
20220328,189,b_18,9,18,21.638,o2meter,decreasing,7,c_04,E
20220330,191,b_18,4,18,20.65,o2meter,decreasing,7,c_04,E
20220330,191,b_18,9,18,20.586,o2meter,decreasing,7,c_04,E
20220401,193,b_18,4,18,16.701,o2meter,decreasing,7,c_04,E
20220401,193,b_18,9,18,17.779,o2meter,decreasing,7,c_04,E
20220404,196,b_18,4,18,17.084,o2meter,decreasing,7,c_04,E
20220404,196,b_18,9,18,17.103,o2meter,decreasing,7,c_04,E
20220406,198,b_18,4,18,16.666,o2meter,decreasing,7,c_04,E
20220406,198,b_18,9,18,16.748,o2meter,decreasing,7,c_04,E
20220408,200,b_18,4,18,17.527,o2meter,decreasing,7,c_04,E
20220408,200,b_18,9,18,17.591,o2meter,decreasing,7,c_04,E
20220411,203,b_18,4,18,18.41,o2meter,decreasing,7,c_04,E
20220411,203,b_18,9,18,18.288,o2meter,decreasing,7,c_04,E
20220413,205,b_18,4,18,18.653,o2meter,decreasing,7,c_04,E
20220413,205,b_18,9,18,18.602,o2meter,decreasing,7,c_04,E
20220415,207,b_18,4,18,18.64,o2meter,decreasing,7,c_04,E
20220415,207,b_18,9,18,18.594,o2meter,decreasing,7,c_04,E
20220418,210,b_18,4,18,21.393,o2meter,decreasing,7,c_04,E
20220418,210,b_18,9,18,20.645,o2meter,decreasing,7,c_04,E
20220420,212,b_18,4,18,20.284,o2meter,decreasing,7,c_04,E
20220420,212,b_18,9,18,20.025,o2meter,decreasing,7,c_04,E
20220422,214,b_18,4,18,20.722,o2meter,decreasing,7,c_04,E
20220422,214,b_18,9,18,20.3,o2meter,decreasing,7,c_04,E
20220425,217,b_18,4,18,20.854,o2meter,decreasing,7,c_04,E
20220425,217,b_18,9,18,20.148,o2meter,decreasing,7,c_04,E
20220427,219,b_18,4,18,22.35,o2meter,decreasing,7,c_04,E
20220427,219,b_18,9,18,21.113,o2meter,decreasing,7,c_04,E
20220429,221,b_18,4,18,22.093,o2meter,decreasing,7,c_04,E
20220429,221,b_18,9,18,21.363,o2meter,decreasing,7,c_04,E
20220502,224,b_18,4,18,21.927,o2meter,decreasing,7,c_04,E
20220502,224,b_18,9,18,21.066,o2meter,decreasing,7,c_04,E
20220504,226,b_18,4,18,22.429,o2meter,decreasing,7,c_04,E
20220504,226,b_18,9,18,21.572,o2meter,decreasing,7,c_04,E
20220506,228,b_18,4,18,21.971,o2meter,decreasing,7,c_04,E
20220506,228,b_18,9,18,21.023,o2meter,decreasing,7,c_04,E
20220509,231,b_18,4,18,21.561,o2meter,decreasing,7,c_04,E
20220509,231,b_18,9,18,20.715,o2meter,decreasing,7,c_04,E
20220511,233,b_18,4,18,21.795,o2meter,decreasing,7,c_04,E
20220511,233,b_18,9,18,20.914,o2meter,decreasing,7,c_04,E
20220513,235,b_18,4,18,21.663,o2meter,decreasing,7,c_04,E
20220513,235,b_18,9,18,21.094,o2meter,decreasing,7,c_04,E
20220516,238,b_18,4,18,21.224,o2meter,decreasing,7,c_04,E
20220516,238,b_18,9,18,20.663,o2meter,decreasing,7,c_04,E
20220518,240,b_18,4,18,22.258,o2meter,decreasing,7,c_04,E
20220518,240,b_18,9,18,21.5,o2meter,decreasing,7,c_04,E
20220520,242,b_18,4,18,21.626,o2meter,decreasing,7,c_04,E
20220520,242,b_18,9,18,20.727,o2meter,decreasing,7,c_04,E
20220523,245,b_18,4,18,21.457,o2meter,decreasing,7,c_04,E
20220523,245,b_18,9,18,21.112,o2meter,decreasing,7,c_04,E
20220525,247,b_18,4,18,20.923,o2meter,decreasing,7,c_04,E
20220525,247,b_18,9,18,20.013,o2meter,decreasing,7,c_04,E
20220527,249,b_18,4,18,20.702,o2meter,decreasing,7,c_04,E
20220527,249,b_18,9,18,19.762,o2meter,decreasing,7,c_04,E
20220530,252,b_18,4,18,20.829,o2meter,decreasing,7,c_04,E
20220530,252,b_18,9,18,20.133,o2meter,decreasing,7,c_04,E
20220601,254,b_18,4,18,19.955,o2meter,decreasing,7,c_04,E
20220601,254,b_18,9,18,19.233,o2meter,decreasing,7,c_04,E
20220603,256,b_18,4,18,20.396,o2meter,decreasing,7,c_04,E
20220603,256,b_18,9,18,19.559,o2meter,decreasing,7,c_04,E
20220606,259,b_18,4,18,20.282,o2meter,decreasing,7,c_04,E
20220606,259,b_18,9,18,19.257,o2meter,decreasing,7,c_04,E
20220608,261,b_18,4,18,19.883,o2meter,decreasing,7,c_04,E
20220608,261,b_18,9,18,19.3,o2meter,decreasing,7,c_04,E
20220610,263,b_18,4,18,19.147,o2meter,decreasing,7,c_04,E
20220610,263,b_18,9,18,18.69,o2meter,decreasing,7,c_04,E
20220613,266,b_18,4,18,20.622,o2meter,decreasing,7,c_04,E
20220613,266,b_18,9,18,19.742,o2meter,decreasing,7,c_04,E
20220615,268,b_18,4,18,20.17,o2meter,decreasing,7,c_04,E
20220615,268,b_18,9,18,19.466,o2meter,decreasing,7,c_04,E
20220617,270,b_18,4,18,20.15,o2meter,decreasing,7,c_04,E
20220617,270,b_18,9,18,19.571,o2meter,decreasing,7,c_04,E
20220620,273,b_18,4,18,21.406,o2meter,decreasing,7,c_04,E
20220620,273,b_18,9,18,20.641,o2meter,decreasing,7,c_04,E
20220622,275,b_18,4,18,21.289,o2meter,decreasing,7,c_04,E
20220622,275,b_18,9,18,20.287,o2meter,decreasing,7,c_04,E
20220624,277,b_18,4,18,20.932,o2meter,decreasing,7,c_04,E
20220624,277,b_18,9,18,20.485,o2meter,decreasing,7,c_04,E
20220627,280,b_18,4,18,21.776,o2meter,decreasing,7,c_04,E
20220627,280,b_18,9,18,21.493,o2meter,decreasing,7,c_04,E
20220629,282,b_18,4,18,22.048,o2meter,decreasing,7,c_04,E
20220629,282,b_18,9,18,21.003,o2meter,decreasing,7,c_04,E
20220704,287,b_18,4,18,22.905,o2meter,decreasing,7,c_04,E
20220704,287,b_18,9,18,21.183,o2meter,decreasing,7,c_04,E
20210920,0,b_19,4,18,27.642,o2meter,decreasing,14,c_12,E
20210920,0,b_19,9,18,27.526,o2meter,decreasing,14,c_12,E
20210922,2,b_19,4,18,27.753,o2meter,decreasing,14,c_12,E
20210922,2,b_19,9,18,27.585,o2meter,decreasing,14,c_12,E
20210924,4,b_19,4,18,28.716,o2meter,decreasing,14,c_12,E
20210924,4,b_19,9,18,28.816,o2meter,decreasing,14,c_12,E
20210927,7,b_19,4,18,27.081,o2meter,decreasing,14,c_12,E
20210927,7,b_19,9,18,27.429,o2meter,decreasing,14,c_12,E
20210929,9,b_19,4,18,27.772,o2meter,decreasing,14,c_12,E
20210929,9,b_19,9,18,27.965,o2meter,decreasing,14,c_12,E
20211001,11,b_19,4,18,27.27,o2meter,decreasing,14,c_12,E
20211001,11,b_19,9,18,26.983,o2meter,decreasing,14,c_12,E
20211004,14,b_19,4,18,25.852,o2meter,decreasing,14,c_12,E
20211004,14,b_19,9,18,25.38,o2meter,decreasing,14,c_12,E
20211006,16,b_19,4,18,26.41,o2meter,decreasing,14,c_12,E
20211006,16,b_19,9,18,26.528,o2meter,decreasing,14,c_12,E
20211008,18,b_19,4,18,26.857,o2meter,decreasing,14,c_12,E
20211008,18,b_19,9,18,26.788,o2meter,decreasing,14,c_12,E
20211011,21,b_19,4,18,26.029,o2meter,decreasing,14,c_12,E
20211011,21,b_19,9,18,25.933,o2meter,decreasing,14,c_12,E
20211013,23,b_19,4,18,26.542,o2meter,decreasing,14,c_12,E
20211013,23,b_19,9,18,26.497,o2meter,decreasing,14,c_12,E
20211015,25,b_19,4,18,26.587,o2meter,decreasing,14,c_12,E
20211015,25,b_19,9,18,25.801,o2meter,decreasing,14,c_12,E
20211018,28,b_19,4,18,25.03,o2meter,decreasing,14,c_12,E
20211018,28,b_19,9,18,24.629,o2meter,decreasing,14,c_12,E
20211020,30,b_19,4,18,26.988,o2meter,decreasing,14,c_12,E
20211020,30,b_19,9,18,26.081,o2meter,decreasing,14,c_12,E
20211022,32,b_19,4,18,26.219,o2meter,decreasing,14,c_12,E
20211022,32,b_19,9,18,25.389,o2meter,decreasing,14,c_12,E
20211025,35,b_19,4,18,26.743,o2meter,decreasing,14,c_12,E
20211025,35,b_19,9,18,26.452,o2meter,decreasing,14,c_12,E
20211027,37,b_19,4,18,27.254,o2meter,decreasing,14,c_12,E
20211027,37,b_19,9,18,26.038,o2meter,decreasing,14,c_12,E
20211029,39,b_19,4,18,29.457,o2meter,decreasing,14,c_12,E
20211029,39,b_19,9,18,28.787,o2meter,decreasing,14,c_12,E
20211101,42,b_19,4,18,27.313,o2meter,decreasing,14,c_12,E
20211101,42,b_19,9,18,26.738,o2meter,decreasing,14,c_12,E
20211103,44,b_19,4,18,29.558,o2meter,decreasing,14,c_12,E
20211103,44,b_19,9,18,27.858,o2meter,decreasing,14,c_12,E
20211105,46,b_19,4,18,27.414,o2meter,decreasing,14,c_12,E
20211105,46,b_19,9,18,27.168,o2meter,decreasing,14,c_12,E
20211108,49,b_19,4,18,25.715,o2meter,decreasing,14,c_12,E
20211108,49,b_19,9,18,25.98,o2meter,decreasing,14,c_12,E
20211110,51,b_19,4,18,27.579,o2meter,decreasing,14,c_12,E
20211110,51,b_19,9,18,26.4,o2meter,decreasing,14,c_12,E
20211112,53,b_19,4,18,27.67,o2meter,decreasing,14,c_12,E
20211112,53,b_19,9,18,28.275,o2meter,decreasing,14,c_12,E
20211115,56,b_19,4,18,26.693,o2meter,decreasing,14,c_12,E
20211115,56,b_19,9,18,27.249,o2meter,decreasing,14,c_12,E
20211117,58,b_19,4,18,27.633,o2meter,decreasing,14,c_12,E
20211117,58,b_19,9,18,28.215,o2meter,decreasing,14,c_12,E
20211119,60,b_19,4,18,27.499,o2meter,decreasing,14,c_12,E
20211119,60,b_19,9,18,27.909,o2meter,decreasing,14,c_12,E
20211122,63,b_19,4,18,26.95,o2meter,decreasing,14,c_12,E
20211122,63,b_19,9,18,27.357,o2meter,decreasing,14,c_12,E
20211124,65,b_19,4,18,28.424,o2meter,decreasing,14,c_12,E
20211124,65,b_19,9,18,28.658,o2meter,decreasing,14,c_12,E
20211126,67,b_19,4,18,27.753,o2meter,decreasing,14,c_12,E
20211126,67,b_19,9,18,27.52,o2meter,decreasing,14,c_12,E
20211129,70,b_19,4,18,27.6,o2meter,decreasing,14,c_12,E
20211129,70,b_19,9,18,28.038,o2meter,decreasing,14,c_12,E
20211203,74,b_19,4,18,27.657,o2meter,decreasing,14,c_12,E
20211203,74,b_19,9,18,27.506,o2meter,decreasing,14,c_12,E
20211206,77,b_19,4,18,25.826,o2meter,decreasing,14,c_12,E
20211206,77,b_19,9,18,26.477,o2meter,decreasing,14,c_12,E
20211208,79,b_19,4,18,27.414,o2meter,decreasing,14,c_12,E
20211208,79,b_19,9,18,27.409,o2meter,decreasing,14,c_12,E
20211210,81,b_19,4,18,26.845,o2meter,decreasing,14,c_12,E
20211210,81,b_19,9,18,26.047,o2meter,decreasing,14,c_12,E
20211213,84,b_19,4,18,24.748,o2meter,decreasing,14,c_12,E
20211213,84,b_19,9,18,24.296,o2meter,decreasing,14,c_12,E
20211215,86,b_19,4,18,27.126,o2meter,decreasing,14,c_12,E
20211215,86,b_19,9,18,26.654,o2meter,decreasing,14,c_12,E
20211217,88,b_19,4,18,26.882,o2meter,decreasing,14,c_12,E
20211217,88,b_19,9,18,25.729,o2meter,decreasing,14,c_12,E
20211220,91,b_19,4,18,25.89,o2meter,decreasing,14,c_12,E
20211220,91,b_19,9,18,25.274,o2meter,decreasing,14,c_12,E
20211222,93,b_19,4,18,28.319,o2meter,decreasing,14,c_12,E
20211222,93,b_19,9,18,27.135,o2meter,decreasing,14,c_12,E
20211224,95,b_19,4,18,27.392,o2meter,decreasing,14,c_12,E
20211224,95,b_19,9,18,25.211,o2meter,decreasing,14,c_12,E
20211227,98,b_19,4,18,27.546,o2meter,decreasing,14,c_12,E
20211227,98,b_19,9,18,26.319,o2meter,decreasing,14,c_12,E
20211229,100,b_19,4,18,29.925,o2meter,decreasing,14,c_12,E
20211229,100,b_19,9,18,29.456,o2meter,decreasing,14,c_12,E
20211231,102,b_19,4,18,27.316,o2meter,decreasing,14,c_12,E
20211231,102,b_19,9,18,26.332,o2meter,decreasing,14,c_12,E
20220103,105,b_19,4,18,27.728,o2meter,decreasing,14,c_12,E
20220103,105,b_19,9,18,26.971,o2meter,decreasing,14,c_12,E
20220105,107,b_19,4,18,26.909,o2meter,decreasing,14,c_12,E
20220105,107,b_19,9,18,25.91,o2meter,decreasing,14,c_12,E
20220107,109,b_19,4,18,28.3,o2meter,decreasing,14,c_12,E
20220107,109,b_19,9,18,28.615,o2meter,decreasing,14,c_12,E
20220110,112,b_19,4,18,26.602,o2meter,decreasing,14,c_12,E
20220110,112,b_19,9,18,26.998,o2meter,decreasing,14,c_12,E
20220112,114,b_19,4,18,27.127,o2meter,decreasing,14,c_12,E
20220112,114,b_19,9,18,27.065,o2meter,decreasing,14,c_12,E
20220114,116,b_19,4,18,29.629,o2meter,decreasing,14,c_12,E
20220114,116,b_19,9,18,29.345,o2meter,decreasing,14,c_12,E
20220117,119,b_19,4,18,26.256,o2meter,decreasing,14,c_12,E
20220117,119,b_19,9,18,26.57,o2meter,decreasing,14,c_12,E
20220119,121,b_19,4,18,27.314,o2meter,decreasing,14,c_12,E
20220119,121,b_19,9,18,27.78,o2meter,decreasing,14,c_12,E
20220121,123,b_19,4,18,27.883,o2meter,decreasing,14,c_12,E
20220121,123,b_19,9,18,27.916,o2meter,decreasing,14,c_12,E
20220124,126,b_19,4,18,25.985,o2meter,decreasing,14,c_12,E
20220124,126,b_19,9,18,26.709,o2meter,decreasing,14,c_12,E
20220126,128,b_19,4,18,27.529,o2meter,decreasing,14,c_12,E
20220126,128,b_19,9,18,27.751,o2meter,decreasing,14,c_12,E
20220128,130,b_19,4,18,27.577,o2meter,decreasing,14,c_12,E
20220128,130,b_19,9,18,27.613,o2meter,decreasing,14,c_12,E
20220131,133,b_19,4,18,27.713,o2meter,decreasing,14,c_12,E
20220131,133,b_19,9,18,28.325,o2meter,decreasing,14,c_12,E
20220202,135,b_19,4,18,29.842,o2meter,decreasing,14,c_12,E
20220202,135,b_19,9,18,29.781,o2meter,decreasing,14,c_12,E
20220204,137,b_19,4,18,27.934,o2meter,decreasing,14,c_12,E
20220204,137,b_19,9,18,25.78,o2meter,decreasing,14,c_12,E
20220207,140,b_19,4,18,27.212,o2meter,decreasing,14,c_12,E
20220207,140,b_19,9,18,25.309,o2meter,decreasing,14,c_12,E
20220209,142,b_19,4,18,27.575,o2meter,decreasing,14,c_12,E
20220209,142,b_19,9,18,25.224,o2meter,decreasing,14,c_12,E
20220211,144,b_19,4,18,27.294,o2meter,decreasing,14,c_12,E
20220211,144,b_19,9,18,25.904,o2meter,decreasing,14,c_12,E
20220214,147,b_19,4,18,26.993,o2meter,decreasing,14,c_12,E
20220214,147,b_19,9,18,27.498,o2meter,decreasing,14,c_12,E
20220216,149,b_19,4,18,28.48,o2meter,decreasing,14,c_12,E
20220216,149,b_19,9,18,27.86,o2meter,decreasing,14,c_12,E
20220218,151,b_19,4,18,30.876,o2meter,decreasing,14,c_12,E
20220218,151,b_19,9,18,29.213,o2meter,decreasing,14,c_12,E
20220221,154,b_19,4,18,30.927,o2meter,decreasing,14,c_12,E
20220221,154,b_19,9,18,26.894,o2meter,decreasing,14,c_12,E
20220223,156,b_19,4,18,32.961,o2meter,decreasing,14,c_12,E
20220223,156,b_19,9,18,29.14,o2meter,decreasing,14,c_12,E
20220225,158,b_19,4,18,32.053,o2meter,decreasing,14,c_12,E
20220225,158,b_19,9,18,26.59,o2meter,decreasing,14,c_12,E
20220228,161,b_19,4,18,30.536,o2meter,decreasing,14,c_12,E
20220228,161,b_19,9,18,30.763,o2meter,decreasing,14,c_12,E
20220302,163,b_19,4,18,32.323,o2meter,decreasing,14,c_12,E
20220302,163,b_19,9,18,29.459,o2meter,decreasing,14,c_12,E
20220304,165,b_19,4,18,31.125,o2meter,decreasing,14,c_12,E
20220304,165,b_19,9,18,31.039,o2meter,decreasing,14,c_12,E
20220307,168,b_19,4,18,28.134,o2meter,decreasing,14,c_12,E
20220307,168,b_19,9,18,29.328,o2meter,decreasing,14,c_12,E
20220309,170,b_19,4,18,29.133,o2meter,decreasing,14,c_12,E
20220309,170,b_19,9,18,29.951,o2meter,decreasing,14,c_12,E
20220311,172,b_19,4,18,30.669,o2meter,decreasing,14,c_12,E
20220311,172,b_19,9,18,31.055,o2meter,decreasing,14,c_12,E
20220314,175,b_19,4,18,28.241,o2meter,decreasing,14,c_12,E
20220314,175,b_19,9,18,28.72,o2meter,decreasing,14,c_12,E
20220316,177,b_19,4,18,31.335,o2meter,decreasing,14,c_12,E
20220316,177,b_19,9,18,30.492,o2meter,decreasing,14,c_12,E
20220318,179,b_19,4,18,26.987,o2meter,decreasing,14,c_12,E
20220318,179,b_19,9,18,24.537,o2meter,decreasing,14,c_12,E
20220321,182,b_19,4,18,27.119,o2meter,decreasing,14,c_12,E
20220321,182,b_19,9,18,26.417,o2meter,decreasing,14,c_12,E
20220323,184,b_19,4,18,27.83,o2meter,decreasing,14,c_12,E
20220323,184,b_19,9,18,28.726,o2meter,decreasing,14,c_12,E
20220325,186,b_19,4,18,23.304,o2meter,decreasing,14,c_12,E
20220325,186,b_19,9,18,22.583,o2meter,decreasing,14,c_12,E
20220328,189,b_19,4,18,23.261,o2meter,decreasing,14,c_12,E
20220328,189,b_19,9,18,23.705,o2meter,decreasing,14,c_12,E
20220330,191,b_19,4,18,24.387,o2meter,decreasing,14,c_12,E
20220330,191,b_19,9,18,23.575,o2meter,decreasing,14,c_12,E
20220401,193,b_19,4,18,21.263,o2meter,decreasing,14,c_12,E
20220401,193,b_19,9,18,21.356,o2meter,decreasing,14,c_12,E
20220404,196,b_19,4,18,21.233,o2meter,decreasing,14,c_12,E
20220404,196,b_19,9,18,21.599,o2meter,decreasing,14,c_12,E
20220406,198,b_19,4,18,22.979,o2meter,decreasing,14,c_12,E
20220406,198,b_19,9,18,23.303,o2meter,decreasing,14,c_12,E
20220408,200,b_19,4,18,23.135,o2meter,decreasing,14,c_12,E
20220408,200,b_19,9,18,23.035,o2meter,decreasing,14,c_12,E
20220411,203,b_19,4,18,22.959,o2meter,decreasing,14,c_12,E
20220411,203,b_19,9,18,23.633,o2meter,decreasing,14,c_12,E
20220413,205,b_19,4,18,22.112,o2meter,decreasing,14,c_12,E
20220413,205,b_19,9,18,22.782,o2meter,decreasing,14,c_12,E
20220415,207,b_19,4,18,24.688,o2meter,decreasing,14,c_12,E
20220415,207,b_19,9,18,23.951,o2meter,decreasing,14,c_12,E
20220418,210,b_19,4,18,24.469,o2meter,decreasing,14,c_12,E
20220418,210,b_19,9,18,24.405,o2meter,decreasing,14,c_12,E
20220420,212,b_19,4,18,23.379,o2meter,decreasing,14,c_12,E
20220420,212,b_19,9,18,24.322,o2meter,decreasing,14,c_12,E
20220422,214,b_19,4,18,24.584,o2meter,decreasing,14,c_12,E
20220422,214,b_19,9,18,24.463,o2meter,decreasing,14,c_12,E
20220425,217,b_19,4,18,23.917,o2meter,decreasing,14,c_12,E
20220425,217,b_19,9,18,24.492,o2meter,decreasing,14,c_12,E
20220427,219,b_19,4,18,24.13,o2meter,decreasing,14,c_12,E
20220427,219,b_19,9,18,24.745,o2meter,decreasing,14,c_12,E
20220429,221,b_19,4,18,23.151,o2meter,decreasing,14,c_12,E
20220429,221,b_19,9,18,23.795,o2meter,decreasing,14,c_12,E
20220502,224,b_19,4,18,25.077,o2meter,decreasing,14,c_12,E
20220502,224,b_19,9,18,24.821,o2meter,decreasing,14,c_12,E
20220504,226,b_19,4,18,24.027,o2meter,decreasing,14,c_12,E
20220504,226,b_19,9,18,24.558,o2meter,decreasing,14,c_12,E
20220506,228,b_19,4,18,23.345,o2meter,decreasing,14,c_12,E
20220506,228,b_19,9,18,24.149,o2meter,decreasing,14,c_12,E
20220509,231,b_19,4,18,23.832,o2meter,decreasing,14,c_12,E
20220509,231,b_19,9,18,24.536,o2meter,decreasing,14,c_12,E
20220511,233,b_19,4,18,23.409,o2meter,decreasing,14,c_12,E
20220511,233,b_19,9,18,24.589,o2meter,decreasing,14,c_12,E
20220513,235,b_19,4,18,23.194,o2meter,decreasing,14,c_12,E
20220513,235,b_19,9,18,23.84,o2meter,decreasing,14,c_12,E
20220516,238,b_19,4,18,22.558,o2meter,decreasing,14,c_12,E
20220516,238,b_19,9,18,23.253,o2meter,decreasing,14,c_12,E
20220518,240,b_19,4,18,23.712,o2meter,decreasing,14,c_12,E
20220518,240,b_19,9,18,24.613,o2meter,decreasing,14,c_12,E
20220520,242,b_19,4,18,24.577,o2meter,decreasing,14,c_12,E
20220520,242,b_19,9,18,23.211,o2meter,decreasing,14,c_12,E
20220523,245,b_19,4,18,23.409,o2meter,decreasing,14,c_12,E
20220523,245,b_19,9,18,23.888,o2meter,decreasing,14,c_12,E
20220525,247,b_19,4,18,23.7,o2meter,decreasing,14,c_12,E
20220525,247,b_19,9,18,23.439,o2meter,decreasing,14,c_12,E
20220527,249,b_19,4,18,22.453,o2meter,decreasing,14,c_12,E
20220527,249,b_19,9,18,23.295,o2meter,decreasing,14,c_12,E
20220530,252,b_19,4,18,23.133,o2meter,decreasing,14,c_12,E
20220530,252,b_19,9,18,24.234,o2meter,decreasing,14,c_12,E
20220601,254,b_19,4,18,22.877,o2meter,decreasing,14,c_12,E
20220601,254,b_19,9,18,23.719,o2meter,decreasing,14,c_12,E
20220603,256,b_19,4,18,24.401,o2meter,decreasing,14,c_12,E
20220603,256,b_19,9,18,24.226,o2meter,decreasing,14,c_12,E
20220606,259,b_19,4,18,23.852,o2meter,decreasing,14,c_12,E
20220606,259,b_19,9,18,24.353,o2meter,decreasing,14,c_12,E
20220608,261,b_19,4,18,23.626,o2meter,decreasing,14,c_12,E
20220608,261,b_19,9,18,24.542,o2meter,decreasing,14,c_12,E
20220610,263,b_19,4,18,23.996,o2meter,decreasing,14,c_12,E
20220610,263,b_19,9,18,25.258,o2meter,decreasing,14,c_12,E
20220613,266,b_19,4,18,25.917,o2meter,decreasing,14,c_12,E
20220613,266,b_19,9,18,25.407,o2meter,decreasing,14,c_12,E
20220615,268,b_19,4,18,24.83,o2meter,decreasing,14,c_12,E
20220615,268,b_19,9,18,26.239,o2meter,decreasing,14,c_12,E
20220617,270,b_19,4,18,24.455,o2meter,decreasing,14,c_12,E
20220617,270,b_19,9,18,25.369,o2meter,decreasing,14,c_12,E
20220620,273,b_19,4,18,25.048,o2meter,decreasing,14,c_12,E
20220620,273,b_19,9,18,25.848,o2meter,decreasing,14,c_12,E
20220622,275,b_19,4,18,24.085,o2meter,decreasing,14,c_12,E
20220622,275,b_19,9,18,25.476,o2meter,decreasing,14,c_12,E
20220624,277,b_19,4,18,24.143,o2meter,decreasing,14,c_12,E
20220624,277,b_19,9,18,25.156,o2meter,decreasing,14,c_12,E
20220627,280,b_19,4,18,25.193,o2meter,decreasing,14,c_12,E
20220627,280,b_19,9,18,25.223,o2meter,decreasing,14,c_12,E
20220629,282,b_19,4,18,24.919,o2meter,decreasing,14,c_12,E
20220629,282,b_19,9,18,25.562,o2meter,decreasing,14,c_12,E
20220704,287,b_19,4,18,26.22,o2meter,decreasing,14,c_12,E
20220704,287,b_19,9,18,25.244,o2meter,decreasing,14,c_12,E
20210920,0,b_20,4,18,27.918,o2meter,decreasing,10,c_09,E
20210920,0,b_20,9,18,28.347,o2meter,decreasing,10,c_09,E
20210922,2,b_20,4,18,28.194,o2meter,decreasing,10,c_09,E
20210922,2,b_20,9,18,28.32,o2meter,decreasing,10,c_09,E
20210924,4,b_20,4,18,27.823,o2meter,decreasing,10,c_09,E
20210924,4,b_20,9,18,28.026,o2meter,decreasing,10,c_09,E
20210927,7,b_20,4,18,26.729,o2meter,decreasing,10,c_09,E
20210927,7,b_20,9,18,26.24,o2meter,decreasing,10,c_09,E
20210929,9,b_20,4,18,26.83,o2meter,decreasing,10,c_09,E
20210929,9,b_20,9,18,26.511,o2meter,decreasing,10,c_09,E
20211001,11,b_20,4,18,26.582,o2meter,decreasing,10,c_09,E
20211001,11,b_20,9,18,25.787,o2meter,decreasing,10,c_09,E
20211004,14,b_20,4,18,25.119,o2meter,decreasing,10,c_09,E
20211004,14,b_20,9,18,24.45,o2meter,decreasing,10,c_09,E
20211006,16,b_20,4,18,25.603,o2meter,decreasing,10,c_09,E
20211006,16,b_20,9,18,24.924,o2meter,decreasing,10,c_09,E
20211008,18,b_20,4,18,25.448,o2meter,decreasing,10,c_09,E
20211008,18,b_20,9,18,24.492,o2meter,decreasing,10,c_09,E
20211011,21,b_20,4,18,24.943,o2meter,decreasing,10,c_09,E
20211011,21,b_20,9,18,24.524,o2meter,decreasing,10,c_09,E
20211013,23,b_20,4,18,25.485,o2meter,decreasing,10,c_09,E
20211013,23,b_20,9,18,25.149,o2meter,decreasing,10,c_09,E
20211015,25,b_20,4,18,26.441,o2meter,decreasing,10,c_09,E
20211015,25,b_20,9,18,25.354,o2meter,decreasing,10,c_09,E
20211018,28,b_20,4,18,25.371,o2meter,decreasing,10,c_09,E
20211018,28,b_20,9,18,24.269,o2meter,decreasing,10,c_09,E
20211020,30,b_20,4,18,27.112,o2meter,decreasing,10,c_09,E
20211020,30,b_20,9,18,25.66,o2meter,decreasing,10,c_09,E
20211022,32,b_20,4,18,25.907,o2meter,decreasing,10,c_09,E
20211022,32,b_20,9,18,25.265,o2meter,decreasing,10,c_09,E
20211025,35,b_20,4,18,25.369,o2meter,decreasing,10,c_09,E
20211025,35,b_20,9,18,24.241,o2meter,decreasing,10,c_09,E
20211027,37,b_20,4,18,26.962,o2meter,decreasing,10,c_09,E
20211027,37,b_20,9,18,26.252,o2meter,decreasing,10,c_09,E
20211029,39,b_20,4,18,26.986,o2meter,decreasing,10,c_09,E
20211029,39,b_20,9,18,26.04,o2meter,decreasing,10,c_09,E
20211101,42,b_20,4,18,26.802,o2meter,decreasing,10,c_09,E
20211101,42,b_20,9,18,26.638,o2meter,decreasing,10,c_09,E
20211103,44,b_20,4,18,29.102,o2meter,decreasing,10,c_09,E
20211103,44,b_20,9,18,29.373,o2meter,decreasing,10,c_09,E
20211105,46,b_20,4,18,26.739,o2meter,decreasing,10,c_09,E
20211105,46,b_20,9,18,26.794,o2meter,decreasing,10,c_09,E
20211108,49,b_20,4,18,26.502,o2meter,decreasing,10,c_09,E
20211108,49,b_20,9,18,26.757,o2meter,decreasing,10,c_09,E
20211110,51,b_20,4,18,28.343,o2meter,decreasing,10,c_09,E
20211110,51,b_20,9,18,28.849,o2meter,decreasing,10,c_09,E
20211112,53,b_20,4,18,27.103,o2meter,decreasing,10,c_09,E
20211112,53,b_20,9,18,27.047,o2meter,decreasing,10,c_09,E
20211115,56,b_20,4,18,26.1,o2meter,decreasing,10,c_09,E
20211115,56,b_20,9,18,25.326,o2meter,decreasing,10,c_09,E
20211117,58,b_20,4,18,27.394,o2meter,decreasing,10,c_09,E
20211117,58,b_20,9,18,27.653,o2meter,decreasing,10,c_09,E
20211119,60,b_20,4,18,27.742,o2meter,decreasing,10,c_09,E
20211119,60,b_20,9,18,27.565,o2meter,decreasing,10,c_09,E
20211122,63,b_20,4,18,27.231,o2meter,decreasing,10,c_09,E
20211122,63,b_20,9,18,27.119,o2meter,decreasing,10,c_09,E
20211124,65,b_20,4,18,28.396,o2meter,decreasing,10,c_09,E
20211124,65,b_20,9,18,28.543,o2meter,decreasing,10,c_09,E
20211126,67,b_20,4,18,27.787,o2meter,decreasing,10,c_09,E
20211126,67,b_20,9,18,26.944,o2meter,decreasing,10,c_09,E
20211129,70,b_20,4,18,27.115,o2meter,decreasing,10,c_09,E
20211129,70,b_20,9,18,27.067,o2meter,decreasing,10,c_09,E
20211203,74,b_20,4,18,26.377,o2meter,decreasing,10,c_09,E
20211203,74,b_20,9,18,25.504,o2meter,decreasing,10,c_09,E
20211206,77,b_20,4,18,26.368,o2meter,decreasing,10,c_09,E
20211206,77,b_20,9,18,26.77,o2meter,decreasing,10,c_09,E
20211208,79,b_20,4,18,26.532,o2meter,decreasing,10,c_09,E
20211208,79,b_20,9,18,25.805,o2meter,decreasing,10,c_09,E
20211210,81,b_20,4,18,27.707,o2meter,decreasing,10,c_09,E
20211210,81,b_20,9,18,27.347,o2meter,decreasing,10,c_09,E
20211213,84,b_20,4,18,25.433,o2meter,decreasing,10,c_09,E
20211213,84,b_20,9,18,23.973,o2meter,decreasing,10,c_09,E
20211215,86,b_20,4,18,26.876,o2meter,decreasing,10,c_09,E
20211215,86,b_20,9,18,25.889,o2meter,decreasing,10,c_09,E
20211217,88,b_20,4,18,27.077,o2meter,decreasing,10,c_09,E
20211217,88,b_20,9,18,25.665,o2meter,decreasing,10,c_09,E
20211220,91,b_20,4,18,26.173,o2meter,decreasing,10,c_09,E
20211220,91,b_20,9,18,25.047,o2meter,decreasing,10,c_09,E
20211222,93,b_20,4,18,27.872,o2meter,decreasing,10,c_09,E
20211222,93,b_20,9,18,26.616,o2meter,decreasing,10,c_09,E
20211224,95,b_20,4,18,28.049,o2meter,decreasing,10,c_09,E
20211224,95,b_20,9,18,28.163,o2meter,decreasing,10,c_09,E
20211227,98,b_20,4,18,26.738,o2meter,decreasing,10,c_09,E
20211227,98,b_20,9,18,27.244,o2meter,decreasing,10,c_09,E
20211229,100,b_20,4,18,26.577,o2meter,decreasing,10,c_09,E
20211229,100,b_20,9,18,26.991,o2meter,decreasing,10,c_09,E
20211231,102,b_20,4,18,27.48,o2meter,decreasing,10,c_09,E
20211231,102,b_20,9,18,27.439,o2meter,decreasing,10,c_09,E
20220103,105,b_20,4,18,27.062,o2meter,decreasing,10,c_09,E
20220103,105,b_20,9,18,27.542,o2meter,decreasing,10,c_09,E
20220105,107,b_20,4,18,27.409,o2meter,decreasing,10,c_09,E
20220105,107,b_20,9,18,26.6,o2meter,decreasing,10,c_09,E
20220107,109,b_20,4,18,27.143,o2meter,decreasing,10,c_09,E
20220107,109,b_20,9,18,27.289,o2meter,decreasing,10,c_09,E
20220110,112,b_20,4,18,25.939,o2meter,decreasing,10,c_09,E
20220110,112,b_20,9,18,25.996,o2meter,decreasing,10,c_09,E
20220112,114,b_20,4,18,27.035,o2meter,decreasing,10,c_09,E
20220112,114,b_20,9,18,27.34,o2meter,decreasing,10,c_09,E
20220114,116,b_20,4,18,28.179,o2meter,decreasing,10,c_09,E
20220114,116,b_20,9,18,28.491,o2meter,decreasing,10,c_09,E
20220117,119,b_20,4,18,26.977,o2meter,decreasing,10,c_09,E
20220117,119,b_20,9,18,26.563,o2meter,decreasing,10,c_09,E
20220119,121,b_20,4,18,27.162,o2meter,decreasing,10,c_09,E
20220119,121,b_20,9,18,26.672,o2meter,decreasing,10,c_09,E
20220121,123,b_20,4,18,25.833,o2meter,decreasing,10,c_09,E
20220121,123,b_20,9,18,25.329,o2meter,decreasing,10,c_09,E
20220124,126,b_20,4,18,25.56,o2meter,decreasing,10,c_09,E
20220124,126,b_20,9,18,25.19,o2meter,decreasing,10,c_09,E
20220126,128,b_20,4,18,26.279,o2meter,decreasing,10,c_09,E
20220126,128,b_20,9,18,25.24,o2meter,decreasing,10,c_09,E
20220128,130,b_20,4,18,26.1,o2meter,decreasing,10,c_09,E
20220128,130,b_20,9,18,25.11,o2meter,decreasing,10,c_09,E
20220131,133,b_20,4,18,25.516,o2meter,decreasing,10,c_09,E
20220131,133,b_20,9,18,24.306,o2meter,decreasing,10,c_09,E
20220202,135,b_20,4,18,27.857,o2meter,decreasing,10,c_09,E
20220202,135,b_20,9,18,26.537,o2meter,decreasing,10,c_09,E
20220204,137,b_20,4,18,28.634,o2meter,decreasing,10,c_09,E
20220204,137,b_20,9,18,26.297,o2meter,decreasing,10,c_09,E
20220207,140,b_20,4,18,28.053,o2meter,decreasing,10,c_09,E
20220207,140,b_20,9,18,26.611,o2meter,decreasing,10,c_09,E
20220209,142,b_20,4,18,28.496,o2meter,decreasing,10,c_09,E
20220209,142,b_20,9,18,27.075,o2meter,decreasing,10,c_09,E
20220211,144,b_20,4,18,30.217,o2meter,decreasing,10,c_09,E
20220211,144,b_20,9,18,27.976,o2meter,decreasing,10,c_09,E
20220214,147,b_20,4,18,30.645,o2meter,decreasing,10,c_09,E
20220214,147,b_20,9,18,29.108,o2meter,decreasing,10,c_09,E
20220216,149,b_20,4,18,31.387,o2meter,decreasing,10,c_09,E
20220216,149,b_20,9,18,29.468,o2meter,decreasing,10,c_09,E
20220218,151,b_20,4,18,28.954,o2meter,decreasing,10,c_09,E
20220218,151,b_20,9,18,29.757,o2meter,decreasing,10,c_09,E
20220221,154,b_20,4,18,27.455,o2meter,decreasing,10,c_09,E
20220221,154,b_20,9,18,26.767,o2meter,decreasing,10,c_09,E
20220223,156,b_20,4,18,28.593,o2meter,decreasing,10,c_09,E
20220223,156,b_20,9,18,29.223,o2meter,decreasing,10,c_09,E
20220225,158,b_20,4,18,28.163,o2meter,decreasing,10,c_09,E
20220225,158,b_20,9,18,28.814,o2meter,decreasing,10,c_09,E
20220228,161,b_20,4,18,27.39,o2meter,decreasing,10,c_09,E
20220228,161,b_20,9,18,26.932,o2meter,decreasing,10,c_09,E
20220302,163,b_20,4,18,28.738,o2meter,decreasing,10,c_09,E
20220302,163,b_20,9,18,29.258,o2meter,decreasing,10,c_09,E
20220304,165,b_20,4,18,28.711,o2meter,decreasing,10,c_09,E
20220304,165,b_20,9,18,29.864,o2meter,decreasing,10,c_09,E
20220307,168,b_20,4,18,27.101,o2meter,decreasing,10,c_09,E
20220307,168,b_20,9,18,27.923,o2meter,decreasing,10,c_09,E
20220309,170,b_20,4,18,28.05,o2meter,decreasing,10,c_09,E
20220309,170,b_20,9,18,29.374,o2meter,decreasing,10,c_09,E
20220311,172,b_20,4,18,28.542,o2meter,decreasing,10,c_09,E
20220311,172,b_20,9,18,30.19,o2meter,decreasing,10,c_09,E
20220314,175,b_20,4,18,27.626,o2meter,decreasing,10,c_09,E
20220314,175,b_20,9,18,27.955,o2meter,decreasing,10,c_09,E
20220316,177,b_20,4,18,30.145,o2meter,decreasing,10,c_09,E
20220316,177,b_20,9,18,30.796,o2meter,decreasing,10,c_09,E
20220318,179,b_20,4,18,25.161,o2meter,decreasing,10,c_09,E
20220318,179,b_20,9,18,25.648,o2meter,decreasing,10,c_09,E
20220321,182,b_20,4,18,27.22,o2meter,decreasing,10,c_09,E
20220321,182,b_20,9,18,27.968,o2meter,decreasing,10,c_09,E
20220323,184,b_20,4,18,27.236,o2meter,decreasing,10,c_09,E
20220323,184,b_20,9,18,27.908,o2meter,decreasing,10,c_09,E
20220325,186,b_20,4,18,21.753,o2meter,decreasing,10,c_09,E
20220325,186,b_20,9,18,22.437,o2meter,decreasing,10,c_09,E
20220328,189,b_20,4,18,23.672,o2meter,decreasing,10,c_09,E
20220328,189,b_20,9,18,24.758,o2meter,decreasing,10,c_09,E
20220330,191,b_20,4,18,24.045,o2meter,decreasing,10,c_09,E
20220330,191,b_20,9,18,23.472,o2meter,decreasing,10,c_09,E
20220401,193,b_20,4,18,21.824,o2meter,decreasing,10,c_09,E
20220401,193,b_20,9,18,23.142,o2meter,decreasing,10,c_09,E
20220404,196,b_20,4,18,23.244,o2meter,decreasing,10,c_09,E
20220404,196,b_20,9,18,23.827,o2meter,decreasing,10,c_09,E
20220406,198,b_20,4,18,23.397,o2meter,decreasing,10,c_09,E
20220406,198,b_20,9,18,24.235,o2meter,decreasing,10,c_09,E
20220408,200,b_20,4,18,23.479,o2meter,decreasing,10,c_09,E
20220408,200,b_20,9,18,24.084,o2meter,decreasing,10,c_09,E
20220411,203,b_20,4,18,24.04,o2meter,decreasing,10,c_09,E
20220411,203,b_20,9,18,25.041,o2meter,decreasing,10,c_09,E
20220413,205,b_20,4,18,23.902,o2meter,decreasing,10,c_09,E
20220413,205,b_20,9,18,24.652,o2meter,decreasing,10,c_09,E
20220415,207,b_20,4,18,24.377,o2meter,decreasing,10,c_09,E
20220415,207,b_20,9,18,23.616,o2meter,decreasing,10,c_09,E
20220418,210,b_20,4,18,24.119,o2meter,decreasing,10,c_09,E
20220418,210,b_20,9,18,25.158,o2meter,decreasing,10,c_09,E
20220420,212,b_20,4,18,23.53,o2meter,decreasing,10,c_09,E
20220420,212,b_20,9,18,24.346,o2meter,decreasing,10,c_09,E
20220422,214,b_20,4,18,24.15,o2meter,decreasing,10,c_09,E
20220422,214,b_20,9,18,24.725,o2meter,decreasing,10,c_09,E
20220425,217,b_20,4,18,23.957,o2meter,decreasing,10,c_09,E
20220425,217,b_20,9,18,24.418,o2meter,decreasing,10,c_09,E
20220427,219,b_20,4,18,23.791,o2meter,decreasing,10,c_09,E
20220427,219,b_20,9,18,24.569,o2meter,decreasing,10,c_09,E
20220429,221,b_20,4,18,23.002,o2meter,decreasing,10,c_09,E
20220429,221,b_20,9,18,24.087,o2meter,decreasing,10,c_09,E
20220502,224,b_20,4,18,24.511,o2meter,decreasing,10,c_09,E
20220502,224,b_20,9,18,24.16,o2meter,decreasing,10,c_09,E
20220504,226,b_20,4,18,22.886,o2meter,decreasing,10,c_09,E
20220504,226,b_20,9,18,23.74,o2meter,decreasing,10,c_09,E
20220506,228,b_20,4,18,23.544,o2meter,decreasing,10,c_09,E
20220506,228,b_20,9,18,23.735,o2meter,decreasing,10,c_09,E
20220509,231,b_20,4,18,23.908,o2meter,decreasing,10,c_09,E
20220509,231,b_20,9,18,24.149,o2meter,decreasing,10,c_09,E
20220511,233,b_20,4,18,22.869,o2meter,decreasing,10,c_09,E
20220511,233,b_20,9,18,23.777,o2meter,decreasing,10,c_09,E
20220513,235,b_20,4,18,22.893,o2meter,decreasing,10,c_09,E
20220513,235,b_20,9,18,24.06,o2meter,decreasing,10,c_09,E
20220516,238,b_20,4,18,23.153,o2meter,decreasing,10,c_09,E
20220516,238,b_20,9,18,23.544,o2meter,decreasing,10,c_09,E
20220518,240,b_20,4,18,23.375,o2meter,decreasing,10,c_09,E
20220518,240,b_20,9,18,24.114,o2meter,decreasing,10,c_09,E
20220520,242,b_20,4,18,23.301,o2meter,decreasing,10,c_09,E
20220520,242,b_20,9,18,23.596,o2meter,decreasing,10,c_09,E
20220523,245,b_20,4,18,23.614,o2meter,decreasing,10,c_09,E
20220523,245,b_20,9,18,24.293,o2meter,decreasing,10,c_09,E
20220525,247,b_20,4,18,22.902,o2meter,decreasing,10,c_09,E
20220525,247,b_20,9,18,23.267,o2meter,decreasing,10,c_09,E
20220527,249,b_20,4,18,23.744,o2meter,decreasing,10,c_09,E
20220527,249,b_20,9,18,24.314,o2meter,decreasing,10,c_09,E
20220530,252,b_20,4,18,24.513,o2meter,decreasing,10,c_09,E
20220530,252,b_20,9,18,25.203,o2meter,decreasing,10,c_09,E
20220601,254,b_20,4,18,23.778,o2meter,decreasing,10,c_09,E
20220601,254,b_20,9,18,24.655,o2meter,decreasing,10,c_09,E
20220603,256,b_20,4,18,24.31,o2meter,decreasing,10,c_09,E
20220603,256,b_20,9,18,24.914,o2meter,decreasing,10,c_09,E
20220606,259,b_20,4,18,25.618,o2meter,decreasing,10,c_09,E
20220606,259,b_20,9,18,26.167,o2meter,decreasing,10,c_09,E
20220608,261,b_20,4,18,24.15,o2meter,decreasing,10,c_09,E
20220608,261,b_20,9,18,25.259,o2meter,decreasing,10,c_09,E
20220610,263,b_20,4,18,23.582,o2meter,decreasing,10,c_09,E
20220610,263,b_20,9,18,24.261,o2meter,decreasing,10,c_09,E
20220613,266,b_20,4,18,24.262,o2meter,decreasing,10,c_09,E
20220613,266,b_20,9,18,24.946,o2meter,decreasing,10,c_09,E
20220615,268,b_20,4,18,24.563,o2meter,decreasing,10,c_09,E
20220615,268,b_20,9,18,25.338,o2meter,decreasing,10,c_09,E
20220617,270,b_20,4,18,23.658,o2meter,decreasing,10,c_09,E
20220617,270,b_20,9,18,24.365,o2meter,decreasing,10,c_09,E
20220620,273,b_20,4,18,24.319,o2meter,decreasing,10,c_09,E
20220620,273,b_20,9,18,24.323,o2meter,decreasing,10,c_09,E
20220622,275,b_20,4,18,24.045,o2meter,decreasing,10,c_09,E
20220622,275,b_20,9,18,24.237,o2meter,decreasing,10,c_09,E
20220624,277,b_20,4,18,23.851,o2meter,decreasing,10,c_09,E
20220624,277,b_20,9,18,24.052,o2meter,decreasing,10,c_09,E
20220627,280,b_20,4,18,23.863,o2meter,decreasing,10,c_09,E
20220627,280,b_20,9,18,24.23,o2meter,decreasing,10,c_09,E
20220629,282,b_20,4,18,23.942,o2meter,decreasing,10,c_09,E
20220629,282,b_20,9,18,24.227,o2meter,decreasing,10,c_09,E
20220704,287,b_20,4,18,24.293,o2meter,decreasing,10,c_09,E
20220704,287,b_20,9,18,24.494,o2meter,decreasing,10,c_09,E
20210920,0,b_21,4,18,28.023,o2meter,constant,10,c_07,F
20210920,0,b_21,9,18,25.216,o2meter,constant,10,c_07,F
20210922,2,b_21,4,18,32.171,o2meter,constant,10,c_07,F
20210922,2,b_21,9,18,29.068,o2meter,constant,10,c_07,F
20210924,4,b_21,4,18,32.064,o2meter,constant,10,c_07,F
20210924,4,b_21,9,18,27.969,o2meter,constant,10,c_07,F
20210927,7,b_21,4,18,27.675,o2meter,constant,10,c_07,F
20210927,7,b_21,9,18,25.4,o2meter,constant,10,c_07,F
20210929,9,b_21,4,18,27.87,o2meter,constant,10,c_07,F
20210929,9,b_21,9,18,24.937,o2meter,constant,10,c_07,F
20211001,11,b_21,4,18,30.479,o2meter,constant,10,c_07,F
20211001,11,b_21,9,18,26.211,o2meter,constant,10,c_07,F
20211004,14,b_21,4,18,28.575,o2meter,constant,10,c_07,F
20211004,14,b_21,9,18,26.515,o2meter,constant,10,c_07,F
20211006,16,b_21,4,18,30.061,o2meter,constant,10,c_07,F
20211006,16,b_21,9,18,28.815,o2meter,constant,10,c_07,F
20211008,18,b_21,4,18,29.593,o2meter,constant,10,c_07,F
20211008,18,b_21,9,18,27.945,o2meter,constant,10,c_07,F
20211011,21,b_21,4,18,28.014,o2meter,constant,10,c_07,F
20211011,21,b_21,9,18,25.869,o2meter,constant,10,c_07,F
20211013,23,b_21,4,18,29.088,o2meter,constant,10,c_07,F
20211013,23,b_21,9,18,28.177,o2meter,constant,10,c_07,F
20211015,25,b_21,4,18,28.117,o2meter,constant,10,c_07,F
20211015,25,b_21,9,18,28.162,o2meter,constant,10,c_07,F
20211018,28,b_21,4,18,27.267,o2meter,constant,10,c_07,F
20211018,28,b_21,9,18,26.948,o2meter,constant,10,c_07,F
20211020,30,b_21,4,18,28.45,o2meter,constant,10,c_07,F
20211020,30,b_21,9,18,28.647,o2meter,constant,10,c_07,F
20211022,32,b_21,4,18,28.175,o2meter,constant,10,c_07,F
20211022,32,b_21,9,18,28.295,o2meter,constant,10,c_07,F
20211025,35,b_21,4,18,26.858,o2meter,constant,10,c_07,F
20211025,35,b_21,9,18,26.923,o2meter,constant,10,c_07,F
20211027,37,b_21,4,18,28.588,o2meter,constant,10,c_07,F
20211027,37,b_21,9,18,28.003,o2meter,constant,10,c_07,F
20211029,39,b_21,4,18,29.075,o2meter,constant,10,c_07,F
20211029,39,b_21,9,18,29.127,o2meter,constant,10,c_07,F
20211101,42,b_21,4,18,27.512,o2meter,constant,10,c_07,F
20211101,42,b_21,9,18,27.933,o2meter,constant,10,c_07,F
20211103,44,b_21,4,18,29.024,o2meter,constant,10,c_07,F
20211103,44,b_21,9,18,29.821,o2meter,constant,10,c_07,F
20211105,46,b_21,4,18,28.235,o2meter,constant,10,c_07,F
20211105,46,b_21,9,18,28.708,o2meter,constant,10,c_07,F
20211108,49,b_21,4,18,27.113,o2meter,constant,10,c_07,F
20211108,49,b_21,9,18,27.548,o2meter,constant,10,c_07,F
20211110,51,b_21,4,18,28.082,o2meter,constant,10,c_07,F
20211110,51,b_21,9,18,28.681,o2meter,constant,10,c_07,F
20211112,53,b_21,4,18,27.935,o2meter,constant,10,c_07,F
20211112,53,b_21,9,18,26.36,o2meter,constant,10,c_07,F
20211115,56,b_21,4,18,28.52,o2meter,constant,10,c_07,F
20211115,56,b_21,9,18,28.818,o2meter,constant,10,c_07,F
20211117,58,b_21,4,18,27.235,o2meter,constant,10,c_07,F
20211117,58,b_21,9,18,26.588,o2meter,constant,10,c_07,F
20211119,60,b_21,4,18,26.962,o2meter,constant,10,c_07,F
20211119,60,b_21,9,18,26.314,o2meter,constant,10,c_07,F
20211122,63,b_21,4,18,27.227,o2meter,constant,10,c_07,F
20211122,63,b_21,9,18,26.991,o2meter,constant,10,c_07,F
20211124,65,b_21,4,18,27.63,o2meter,constant,10,c_07,F
20211124,65,b_21,9,18,26.868,o2meter,constant,10,c_07,F
20211126,67,b_21,4,18,27.816,o2meter,constant,10,c_07,F
20211126,67,b_21,9,18,26.839,o2meter,constant,10,c_07,F
20211129,70,b_21,4,18,27.78,o2meter,constant,10,c_07,F
20211129,70,b_21,9,18,25.839,o2meter,constant,10,c_07,F
20211203,74,b_21,4,18,29.777,o2meter,constant,10,c_07,F
20211203,74,b_21,9,18,29.159,o2meter,constant,10,c_07,F
20211206,77,b_21,4,18,29.292,o2meter,constant,10,c_07,F
20211206,77,b_21,9,18,28.81,o2meter,constant,10,c_07,F
20211208,79,b_21,4,18,29.616,o2meter,constant,10,c_07,F
20211208,79,b_21,9,18,29.968,o2meter,constant,10,c_07,F
20211210,81,b_21,4,18,29.93,o2meter,constant,10,c_07,F
20211210,81,b_21,9,18,30.209,o2meter,constant,10,c_07,F
20211213,84,b_21,4,18,26.526,o2meter,constant,10,c_07,F
20211213,84,b_21,9,18,25.659,o2meter,constant,10,c_07,F
20211215,86,b_21,4,18,28.73,o2meter,constant,10,c_07,F
20211215,86,b_21,9,18,28.942,o2meter,constant,10,c_07,F
20211217,88,b_21,4,18,28.304,o2meter,constant,10,c_07,F
20211217,88,b_21,9,18,28.258,o2meter,constant,10,c_07,F
20211220,91,b_21,4,18,27.5,o2meter,constant,10,c_07,F
20211220,91,b_21,9,18,27.64,o2meter,constant,10,c_07,F
20211222,93,b_21,4,18,28.687,o2meter,constant,10,c_07,F
20211222,93,b_21,9,18,28.938,o2meter,constant,10,c_07,F
20211224,95,b_21,4,18,29.482,o2meter,constant,10,c_07,F
20211224,95,b_21,9,18,29.676,o2meter,constant,10,c_07,F
20211227,98,b_21,4,18,28.162,o2meter,constant,10,c_07,F
20211227,98,b_21,9,18,28.452,o2meter,constant,10,c_07,F
20211229,100,b_21,4,18,27.224,o2meter,constant,10,c_07,F
20211229,100,b_21,9,18,27.815,o2meter,constant,10,c_07,F
20211231,102,b_21,4,18,28.213,o2meter,constant,10,c_07,F
20211231,102,b_21,9,18,28.721,o2meter,constant,10,c_07,F
20220103,105,b_21,4,18,27.995,o2meter,constant,10,c_07,F
20220103,105,b_21,9,18,28.22,o2meter,constant,10,c_07,F
20220105,107,b_21,4,18,28.825,o2meter,constant,10,c_07,F
20220105,107,b_21,9,18,28.994,o2meter,constant,10,c_07,F
20220107,109,b_21,4,18,26.657,o2meter,constant,10,c_07,F
20220107,109,b_21,9,18,25.536,o2meter,constant,10,c_07,F
20220110,112,b_21,4,18,26.009,o2meter,constant,10,c_07,F
20220110,112,b_21,9,18,25.706,o2meter,constant,10,c_07,F
20220112,114,b_21,4,18,26.145,o2meter,constant,10,c_07,F
20220112,114,b_21,9,18,25.848,o2meter,constant,10,c_07,F
20220114,116,b_21,4,18,27.857,o2meter,constant,10,c_07,F
20220114,116,b_21,9,18,26.61,o2meter,constant,10,c_07,F
20220117,119,b_21,4,18,26.993,o2meter,constant,10,c_07,F
20220117,119,b_21,9,18,27.321,o2meter,constant,10,c_07,F
20220119,121,b_21,4,18,26.539,o2meter,constant,10,c_07,F
20220119,121,b_21,9,18,25.712,o2meter,constant,10,c_07,F
20220121,123,b_21,4,18,27.765,o2meter,constant,10,c_07,F
20220121,123,b_21,9,18,27.409,o2meter,constant,10,c_07,F
20220124,126,b_21,4,18,27.788,o2meter,constant,10,c_07,F
20220124,126,b_21,9,18,27.577,o2meter,constant,10,c_07,F
20220126,128,b_21,4,18,28.083,o2meter,constant,10,c_07,F
20220126,128,b_21,9,18,27.984,o2meter,constant,10,c_07,F
20220128,130,b_21,4,18,27.947,o2meter,constant,10,c_07,F
20220128,130,b_21,9,18,26.855,o2meter,constant,10,c_07,F
20220131,133,b_21,4,18,29.375,o2meter,constant,10,c_07,F
20220131,133,b_21,9,18,28.692,o2meter,constant,10,c_07,F
20220202,135,b_21,4,18,29.888,o2meter,constant,10,c_07,F
20220202,135,b_21,9,18,29.395,o2meter,constant,10,c_07,F
20220204,137,b_21,4,18,28.638,o2meter,constant,10,c_07,F
20220204,137,b_21,9,18,29.006,o2meter,constant,10,c_07,F
20220207,140,b_21,4,18,26.985,o2meter,constant,10,c_07,F
20220207,140,b_21,9,18,26.858,o2meter,constant,10,c_07,F
20220209,142,b_21,4,18,27.474,o2meter,constant,10,c_07,F
20220209,142,b_21,9,18,27.146,o2meter,constant,10,c_07,F
20220211,144,b_21,4,18,28.159,o2meter,constant,10,c_07,F
20220211,144,b_21,9,18,27.614,o2meter,constant,10,c_07,F
20220214,147,b_21,4,18,25.496,o2meter,constant,10,c_07,F
20220214,147,b_21,9,18,25.665,o2meter,constant,10,c_07,F
20220216,149,b_21,4,18,27.894,o2meter,constant,10,c_07,F
20220216,149,b_21,9,18,28.269,o2meter,constant,10,c_07,F
20220218,151,b_21,4,18,28.171,o2meter,constant,10,c_07,F
20220218,151,b_21,9,18,28.334,o2meter,constant,10,c_07,F
20220221,154,b_21,4,18,28.003,o2meter,constant,10,c_07,F
20220221,154,b_21,9,18,27.333,o2meter,constant,10,c_07,F
20220223,156,b_21,4,18,27.914,o2meter,constant,10,c_07,F
20220223,156,b_21,9,18,28.154,o2meter,constant,10,c_07,F
20220225,158,b_21,4,18,28.435,o2meter,constant,10,c_07,F
20220225,158,b_21,9,18,28.276,o2meter,constant,10,c_07,F
20220228,161,b_21,4,18,28.024,o2meter,constant,10,c_07,F
20220228,161,b_21,9,18,27.684,o2meter,constant,10,c_07,F
20220302,163,b_21,4,18,29.036,o2meter,constant,10,c_07,F
20220302,163,b_21,9,18,29.318,o2meter,constant,10,c_07,F
20220304,165,b_21,4,18,27.439,o2meter,constant,10,c_07,F
20220304,165,b_21,9,18,27.25,o2meter,constant,10,c_07,F
20220307,168,b_21,4,18,26.039,o2meter,constant,10,c_07,F
20220307,168,b_21,9,18,25.451,o2meter,constant,10,c_07,F
20220309,170,b_21,4,18,27.484,o2meter,constant,10,c_07,F
20220309,170,b_21,9,18,26.391,o2meter,constant,10,c_07,F
20220311,172,b_21,4,18,27.25,o2meter,constant,10,c_07,F
20220311,172,b_21,9,18,26.065,o2meter,constant,10,c_07,F
20220314,175,b_21,4,18,26.578,o2meter,constant,10,c_07,F
20220314,175,b_21,9,18,25.967,o2meter,constant,10,c_07,F
20220316,177,b_21,4,18,27.592,o2meter,constant,10,c_07,F
20220316,177,b_21,9,18,25.933,o2meter,constant,10,c_07,F
20220318,179,b_21,4,18,29.342,o2meter,constant,10,c_07,F
20220318,179,b_21,9,18,28.136,o2meter,constant,10,c_07,F
20220321,182,b_21,4,18,28.71,o2meter,constant,10,c_07,F
20220321,182,b_21,9,18,28.922,o2meter,constant,10,c_07,F
20220323,184,b_21,4,18,30.18,o2meter,constant,10,c_07,F
20220323,184,b_21,9,18,30.023,o2meter,constant,10,c_07,F
20220325,186,b_21,4,18,29.607,o2meter,constant,10,c_07,F
20220325,186,b_21,9,18,28.914,o2meter,constant,10,c_07,F
20220328,189,b_21,4,18,28.67,o2meter,constant,10,c_07,F
20220328,189,b_21,9,18,28.277,o2meter,constant,10,c_07,F
20220330,191,b_21,4,18,28.502,o2meter,constant,10,c_07,F
20220330,191,b_21,9,18,27.816,o2meter,constant,10,c_07,F
20220401,193,b_21,4,18,27.167,o2meter,constant,10,c_07,F
20220401,193,b_21,9,18,27.371,o2meter,constant,10,c_07,F
20220404,196,b_21,4,18,27.173,o2meter,constant,10,c_07,F
20220404,196,b_21,9,18,27.252,o2meter,constant,10,c_07,F
20220406,198,b_21,4,18,28.866,o2meter,constant,10,c_07,F
20220406,198,b_21,9,18,28.833,o2meter,constant,10,c_07,F
20220408,200,b_21,4,18,28.496,o2meter,constant,10,c_07,F
20220408,200,b_21,9,18,28.095,o2meter,constant,10,c_07,F
20220411,203,b_21,4,18,26.207,o2meter,constant,10,c_07,F
20220411,203,b_21,9,18,26.569,o2meter,constant,10,c_07,F
20220413,205,b_21,4,18,28.63,o2meter,constant,10,c_07,F
20220413,205,b_21,9,18,28.194,o2meter,constant,10,c_07,F
20220415,207,b_21,4,18,29.201,o2meter,constant,10,c_07,F
20220415,207,b_21,9,18,28.91,o2meter,constant,10,c_07,F
20220418,210,b_21,4,18,27.3,o2meter,constant,10,c_07,F
20220418,210,b_21,9,18,27.175,o2meter,constant,10,c_07,F
20220420,212,b_21,4,18,28.792,o2meter,constant,10,c_07,F
20220420,212,b_21,9,18,28.775,o2meter,constant,10,c_07,F
20220422,214,b_21,4,18,29.218,o2meter,constant,10,c_07,F
20220422,214,b_21,9,18,28.839,o2meter,constant,10,c_07,F
20220425,217,b_21,4,18,27.043,o2meter,constant,10,c_07,F
20220425,217,b_21,9,18,27.13,o2meter,constant,10,c_07,F
20220427,219,b_21,4,18,28.37,o2meter,constant,10,c_07,F
20220427,219,b_21,9,18,28.106,o2meter,constant,10,c_07,F
20220429,221,b_21,4,18,27.473,o2meter,constant,10,c_07,F
20220429,221,b_21,9,18,26.129,o2meter,constant,10,c_07,F
20220502,224,b_21,4,18,27.347,o2meter,constant,10,c_07,F
20220502,224,b_21,9,18,25.725,o2meter,constant,10,c_07,F
20220504,226,b_21,4,18,28.972,o2meter,constant,10,c_07,F
20220504,226,b_21,9,18,28.869,o2meter,constant,10,c_07,F
20220506,228,b_21,4,18,25.383,o2meter,constant,10,c_07,F
20220506,228,b_21,9,18,24.559,o2meter,constant,10,c_07,F
20220509,231,b_21,4,18,27.66,o2meter,constant,10,c_07,F
20220509,231,b_21,9,18,26.053,o2meter,constant,10,c_07,F
20220511,233,b_21,4,18,26.602,o2meter,constant,10,c_07,F
20220511,233,b_21,9,18,25.149,o2meter,constant,10,c_07,F
20220513,235,b_21,4,18,30.336,o2meter,constant,10,c_07,F
20220513,235,b_21,9,18,29.789,o2meter,constant,10,c_07,F
20220516,238,b_21,4,18,27.148,o2meter,constant,10,c_07,F
20220516,238,b_21,9,18,25.143,o2meter,constant,10,c_07,F
20220518,240,b_21,4,18,30.339,o2meter,constant,10,c_07,F
20220518,240,b_21,9,18,30.102,o2meter,constant,10,c_07,F
20220520,242,b_21,4,18,29.948,o2meter,constant,10,c_07,F
20220520,242,b_21,9,18,28.159,o2meter,constant,10,c_07,F
20220523,245,b_21,4,18,28.098,o2meter,constant,10,c_07,F
20220523,245,b_21,9,18,27.342,o2meter,constant,10,c_07,F
20220525,247,b_21,4,18,28.546,o2meter,constant,10,c_07,F
20220525,247,b_21,9,18,27.925,o2meter,constant,10,c_07,F
20220527,249,b_21,4,18,28.584,o2meter,constant,10,c_07,F
20220527,249,b_21,9,18,28.653,o2meter,constant,10,c_07,F
20220530,252,b_21,4,18,28.204,o2meter,constant,10,c_07,F
20220530,252,b_21,9,18,27.904,o2meter,constant,10,c_07,F
20220601,254,b_21,4,18,28.949,o2meter,constant,10,c_07,F
20220601,254,b_21,9,18,29.14,o2meter,constant,10,c_07,F
20220603,256,b_21,4,18,29.079,o2meter,constant,10,c_07,F
20220603,256,b_21,9,18,28.705,o2meter,constant,10,c_07,F
20220606,259,b_21,4,18,27.023,o2meter,constant,10,c_07,F
20220606,259,b_21,9,18,26.908,o2meter,constant,10,c_07,F
20220608,261,b_21,4,18,30.193,o2meter,constant,10,c_07,F
20220608,261,b_21,9,18,29.807,o2meter,constant,10,c_07,F
20220610,263,b_21,4,18,27.834,o2meter,constant,10,c_07,F
20220610,263,b_21,9,18,28.07,o2meter,constant,10,c_07,F
20220613,266,b_21,4,18,26.477,o2meter,constant,10,c_07,F
20220613,266,b_21,9,18,26.171,o2meter,constant,10,c_07,F
20220615,268,b_21,4,18,28.046,o2meter,constant,10,c_07,F
20220615,268,b_21,9,18,28.075,o2meter,constant,10,c_07,F
20220617,270,b_21,4,18,27.61,o2meter,constant,10,c_07,F
20220617,270,b_21,9,18,27.782,o2meter,constant,10,c_07,F
20220620,273,b_21,4,18,27.61,o2meter,constant,10,c_07,F
20220620,273,b_21,9,18,27.486,o2meter,constant,10,c_07,F
20220622,275,b_21,4,18,27.942,o2meter,constant,10,c_07,F
20220622,275,b_21,9,18,27.236,o2meter,constant,10,c_07,F
20220624,277,b_21,4,18,27.296,o2meter,constant,10,c_07,F
20220624,277,b_21,9,18,25.968,o2meter,constant,10,c_07,F
20220627,280,b_21,4,18,26.439,o2meter,constant,10,c_07,F
20220627,280,b_21,9,18,25.387,o2meter,constant,10,c_07,F
20220629,282,b_21,4,18,26.363,o2meter,constant,10,c_07,F
20220629,282,b_21,9,18,24.866,o2meter,constant,10,c_07,F
20220704,287,b_21,4,18,24.88,o2meter,constant,10,c_07,F
20220704,287,b_21,9,18,23.801,o2meter,constant,10,c_07,F
20210920,0,b_22,4,18,29.149,o2meter,constant,10,c_10,F
20210920,0,b_22,9,18,27.733,o2meter,constant,10,c_10,F
20210922,2,b_22,4,18,35.867,o2meter,constant,10,c_10,F
20210922,2,b_22,9,18,31.408,o2meter,constant,10,c_10,F
20210924,4,b_22,4,18,35.403,o2meter,constant,10,c_10,F
20210924,4,b_22,9,18,33.041,o2meter,constant,10,c_10,F
20210927,7,b_22,4,18,31.768,o2meter,constant,10,c_10,F
20210927,7,b_22,9,18,29.932,o2meter,constant,10,c_10,F
20210929,9,b_22,4,18,26.876,o2meter,constant,10,c_10,F
20210929,9,b_22,9,18,27.111,o2meter,constant,10,c_10,F
20211001,11,b_22,4,18,25.141,o2meter,constant,10,c_10,F
20211001,11,b_22,9,18,25.316,o2meter,constant,10,c_10,F
20211004,14,b_22,4,18,24.344,o2meter,constant,10,c_10,F
20211004,14,b_22,9,18,24.33,o2meter,constant,10,c_10,F
20211006,16,b_22,4,18,25.082,o2meter,constant,10,c_10,F
20211006,16,b_22,9,18,24.712,o2meter,constant,10,c_10,F
20211008,18,b_22,4,18,24.782,o2meter,constant,10,c_10,F
20211008,18,b_22,9,18,24.821,o2meter,constant,10,c_10,F
20211011,21,b_22,4,18,23.704,o2meter,constant,10,c_10,F
20211011,21,b_22,9,18,23.675,o2meter,constant,10,c_10,F
20211013,23,b_22,4,18,24.724,o2meter,constant,10,c_10,F
20211013,23,b_22,9,18,24.639,o2meter,constant,10,c_10,F
20211015,25,b_22,4,18,24.346,o2meter,constant,10,c_10,F
20211015,25,b_22,9,18,24.242,o2meter,constant,10,c_10,F
20211018,28,b_22,4,18,24.112,o2meter,constant,10,c_10,F
20211018,28,b_22,9,18,24.006,o2meter,constant,10,c_10,F
20211020,30,b_22,4,18,25.161,o2meter,constant,10,c_10,F
20211020,30,b_22,9,18,25.009,o2meter,constant,10,c_10,F
20211022,32,b_22,4,18,24.382,o2meter,constant,10,c_10,F
20211022,32,b_22,9,18,24.281,o2meter,constant,10,c_10,F
20211025,35,b_22,4,18,23.48,o2meter,constant,10,c_10,F
20211025,35,b_22,9,18,23.637,o2meter,constant,10,c_10,F
20211027,37,b_22,4,18,24.332,o2meter,constant,10,c_10,F
20211027,37,b_22,9,18,23.972,o2meter,constant,10,c_10,F
20211029,39,b_22,4,18,25.03,o2meter,constant,10,c_10,F
20211029,39,b_22,9,18,24.845,o2meter,constant,10,c_10,F
20211101,42,b_22,4,18,23.199,o2meter,constant,10,c_10,F
20211101,42,b_22,9,18,22.61,o2meter,constant,10,c_10,F
20211103,44,b_22,4,18,24.641,o2meter,constant,10,c_10,F
20211103,44,b_22,9,18,23.735,o2meter,constant,10,c_10,F
20211105,46,b_22,4,18,23.655,o2meter,constant,10,c_10,F
20211105,46,b_22,9,18,23.101,o2meter,constant,10,c_10,F
20211108,49,b_22,4,18,22.816,o2meter,constant,10,c_10,F
20211108,49,b_22,9,18,22.496,o2meter,constant,10,c_10,F
20211110,51,b_22,4,18,23.571,o2meter,constant,10,c_10,F
20211110,51,b_22,9,18,23.15,o2meter,constant,10,c_10,F
20211112,53,b_22,4,18,23.923,o2meter,constant,10,c_10,F
20211112,53,b_22,9,18,23.923,o2meter,constant,10,c_10,F
20211115,56,b_22,4,18,23.164,o2meter,constant,10,c_10,F
20211115,56,b_22,9,18,23.339,o2meter,constant,10,c_10,F
20211117,58,b_22,4,18,24.108,o2meter,constant,10,c_10,F
20211117,58,b_22,9,18,23.478,o2meter,constant,10,c_10,F
20211119,60,b_22,4,18,24.007,o2meter,constant,10,c_10,F
20211119,60,b_22,9,18,23.815,o2meter,constant,10,c_10,F
20211122,63,b_22,4,18,23.803,o2meter,constant,10,c_10,F
20211122,63,b_22,9,18,23.678,o2meter,constant,10,c_10,F
20211124,65,b_22,4,18,24.103,o2meter,constant,10,c_10,F
20211124,65,b_22,9,18,23.736,o2meter,constant,10,c_10,F
20211126,67,b_22,4,18,24.685,o2meter,constant,10,c_10,F
20211126,67,b_22,9,18,24.264,o2meter,constant,10,c_10,F
20211129,70,b_22,4,18,23.676,o2meter,constant,10,c_10,F
20211129,70,b_22,9,18,23.884,o2meter,constant,10,c_10,F
20211203,74,b_22,4,18,24.032,o2meter,constant,10,c_10,F
20211203,74,b_22,9,18,24.043,o2meter,constant,10,c_10,F
20211206,77,b_22,4,18,23.197,o2meter,constant,10,c_10,F
20211206,77,b_22,9,18,23.104,o2meter,constant,10,c_10,F
20211208,79,b_22,4,18,23.741,o2meter,constant,10,c_10,F
20211208,79,b_22,9,18,24.422,o2meter,constant,10,c_10,F
20211210,81,b_22,4,18,24.414,o2meter,constant,10,c_10,F
20211210,81,b_22,9,18,24.622,o2meter,constant,10,c_10,F
20211213,84,b_22,4,18,23.117,o2meter,constant,10,c_10,F
20211213,84,b_22,9,18,22.39,o2meter,constant,10,c_10,F
20211215,86,b_22,4,18,23.695,o2meter,constant,10,c_10,F
20211215,86,b_22,9,18,23.694,o2meter,constant,10,c_10,F
20211217,88,b_22,4,18,23.739,o2meter,constant,10,c_10,F
20211217,88,b_22,9,18,23.599,o2meter,constant,10,c_10,F
20211220,91,b_22,4,18,22.903,o2meter,constant,10,c_10,F
20211220,91,b_22,9,18,22.712,o2meter,constant,10,c_10,F
20211222,93,b_22,4,18,23.542,o2meter,constant,10,c_10,F
20211222,93,b_22,9,18,23.876,o2meter,constant,10,c_10,F
20211224,95,b_22,4,18,23.379,o2meter,constant,10,c_10,F
20211224,95,b_22,9,18,22.652,o2meter,constant,10,c_10,F
20211227,98,b_22,4,18,22.6,o2meter,constant,10,c_10,F
20211227,98,b_22,9,18,22.306,o2meter,constant,10,c_10,F
20211229,100,b_22,4,18,22.781,o2meter,constant,10,c_10,F
20211229,100,b_22,9,18,22.344,o2meter,constant,10,c_10,F
20211231,102,b_22,4,18,23.145,o2meter,constant,10,c_10,F
20211231,102,b_22,9,18,22.442,o2meter,constant,10,c_10,F
20220103,105,b_22,4,18,22.583,o2meter,constant,10,c_10,F
20220103,105,b_22,9,18,22.238,o2meter,constant,10,c_10,F
20220105,107,b_22,4,18,22.876,o2meter,constant,10,c_10,F
20220105,107,b_22,9,18,22.45,o2meter,constant,10,c_10,F
20220107,109,b_22,4,18,23.387,o2meter,constant,10,c_10,F
20220107,109,b_22,9,18,23.04,o2meter,constant,10,c_10,F
20220110,112,b_22,4,18,22.129,o2meter,constant,10,c_10,F
20220110,112,b_22,9,18,22.023,o2meter,constant,10,c_10,F
20220112,114,b_22,4,18,22.996,o2meter,constant,10,c_10,F
20220112,114,b_22,9,18,22.91,o2meter,constant,10,c_10,F
20220114,116,b_22,4,18,23.131,o2meter,constant,10,c_10,F
20220114,116,b_22,9,18,22.779,o2meter,constant,10,c_10,F
20220117,119,b_22,4,18,22.242,o2meter,constant,10,c_10,F
20220117,119,b_22,9,18,22.138,o2meter,constant,10,c_10,F
20220119,121,b_22,4,18,23.185,o2meter,constant,10,c_10,F
20220119,121,b_22,9,18,23.058,o2meter,constant,10,c_10,F
20220121,123,b_22,4,18,22.624,o2meter,constant,10,c_10,F
20220121,123,b_22,9,18,23.013,o2meter,constant,10,c_10,F
20220124,126,b_22,4,18,22.186,o2meter,constant,10,c_10,F
20220124,126,b_22,9,18,22.203,o2meter,constant,10,c_10,F
20220126,128,b_22,4,18,22.51,o2meter,constant,10,c_10,F
20220126,128,b_22,9,18,22.61,o2meter,constant,10,c_10,F
20220128,130,b_22,4,18,22.589,o2meter,constant,10,c_10,F
20220128,130,b_22,9,18,22.936,o2meter,constant,10,c_10,F
20220131,133,b_22,4,18,22.307,o2meter,constant,10,c_10,F
20220131,133,b_22,9,18,22.55,o2meter,constant,10,c_10,F
20220202,135,b_22,4,18,22.427,o2meter,constant,10,c_10,F
20220202,135,b_22,9,18,22.565,o2meter,constant,10,c_10,F
20220204,137,b_22,4,18,22.642,o2meter,constant,10,c_10,F
20220204,137,b_22,9,18,22.728,o2meter,constant,10,c_10,F
20220207,140,b_22,4,18,22.176,o2meter,constant,10,c_10,F
20220207,140,b_22,9,18,21.864,o2meter,constant,10,c_10,F
20220209,142,b_22,4,18,22.368,o2meter,constant,10,c_10,F
20220209,142,b_22,9,18,22.251,o2meter,constant,10,c_10,F
20220211,144,b_22,4,18,22.287,o2meter,constant,10,c_10,F
20220211,144,b_22,9,18,21.667,o2meter,constant,10,c_10,F
20220214,147,b_22,4,18,21.77,o2meter,constant,10,c_10,F
20220214,147,b_22,9,18,21.939,o2meter,constant,10,c_10,F
20220216,149,b_22,4,18,21.993,o2meter,constant,10,c_10,F
20220216,149,b_22,9,18,22.174,o2meter,constant,10,c_10,F
20220218,151,b_22,4,18,22.363,o2meter,constant,10,c_10,F
20220218,151,b_22,9,18,22.058,o2meter,constant,10,c_10,F
20220221,154,b_22,4,18,22.061,o2meter,constant,10,c_10,F
20220221,154,b_22,9,18,21.802,o2meter,constant,10,c_10,F
20220223,156,b_22,4,18,22.15,o2meter,constant,10,c_10,F
20220223,156,b_22,9,18,22.136,o2meter,constant,10,c_10,F
20220225,158,b_22,4,18,22.146,o2meter,constant,10,c_10,F
20220225,158,b_22,9,18,22.041,o2meter,constant,10,c_10,F
20220228,161,b_22,4,18,21.926,o2meter,constant,10,c_10,F
20220228,161,b_22,9,18,21.771,o2meter,constant,10,c_10,F
20220302,163,b_22,4,18,22.302,o2meter,constant,10,c_10,F
20220302,163,b_22,9,18,21.873,o2meter,constant,10,c_10,F
20220304,165,b_22,4,18,22.948,o2meter,constant,10,c_10,F
20220304,165,b_22,9,18,22.997,o2meter,constant,10,c_10,F
20220307,168,b_22,4,18,21.972,o2meter,constant,10,c_10,F
20220307,168,b_22,9,18,21.941,o2meter,constant,10,c_10,F
20220309,170,b_22,4,18,22.199,o2meter,constant,10,c_10,F
20220309,170,b_22,9,18,22.376,o2meter,constant,10,c_10,F
20220311,172,b_22,4,18,21.956,o2meter,constant,10,c_10,F
20220311,172,b_22,9,18,21.785,o2meter,constant,10,c_10,F
20220314,175,b_22,4,18,21.66,o2meter,constant,10,c_10,F
20220314,175,b_22,9,18,21.702,o2meter,constant,10,c_10,F
20220316,177,b_22,4,18,22.429,o2meter,constant,10,c_10,F
20220316,177,b_22,9,18,22.31,o2meter,constant,10,c_10,F
20220318,179,b_22,4,18,21.754,o2meter,constant,10,c_10,F
20220318,179,b_22,9,18,21.749,o2meter,constant,10,c_10,F
20220321,182,b_22,4,18,21.534,o2meter,constant,10,c_10,F
20220321,182,b_22,9,18,21.714,o2meter,constant,10,c_10,F
20220323,184,b_22,4,18,22.333,o2meter,constant,10,c_10,F
20220323,184,b_22,9,18,22.375,o2meter,constant,10,c_10,F
20220325,186,b_22,4,18,22.052,o2meter,constant,10,c_10,F
20220325,186,b_22,9,18,22.276,o2meter,constant,10,c_10,F
20220328,189,b_22,4,18,21.736,o2meter,constant,10,c_10,F
20220328,189,b_22,9,18,21.905,o2meter,constant,10,c_10,F
20220330,191,b_22,4,18,22.284,o2meter,constant,10,c_10,F
20220330,191,b_22,9,18,22.448,o2meter,constant,10,c_10,F
20220401,193,b_22,4,18,21.687,o2meter,constant,10,c_10,F
20220401,193,b_22,9,18,21.7,o2meter,constant,10,c_10,F
20220404,196,b_22,4,18,21.549,o2meter,constant,10,c_10,F
20220404,196,b_22,9,18,21.428,o2meter,constant,10,c_10,F
20220406,198,b_22,4,18,22.007,o2meter,constant,10,c_10,F
20220406,198,b_22,9,18,21.819,o2meter,constant,10,c_10,F
20220408,200,b_22,4,18,22.046,o2meter,constant,10,c_10,F
20220408,200,b_22,9,18,21.727,o2meter,constant,10,c_10,F
20220411,203,b_22,4,18,21.311,o2meter,constant,10,c_10,F
20220411,203,b_22,9,18,21.4,o2meter,constant,10,c_10,F
20220413,205,b_22,4,18,21.634,o2meter,constant,10,c_10,F
20220413,205,b_22,9,18,21.412,o2meter,constant,10,c_10,F
20220415,207,b_22,4,18,21.938,o2meter,constant,10,c_10,F
20220415,207,b_22,9,18,21.702,o2meter,constant,10,c_10,F
20220418,210,b_22,4,18,21.324,o2meter,constant,10,c_10,F
20220418,210,b_22,9,18,21.401,o2meter,constant,10,c_10,F
20220420,212,b_22,4,18,21.97,o2meter,constant,10,c_10,F
20220420,212,b_22,9,18,22.173,o2meter,constant,10,c_10,F
20220422,214,b_22,4,18,21.998,o2meter,constant,10,c_10,F
20220422,214,b_22,9,18,21.804,o2meter,constant,10,c_10,F
20220425,217,b_22,4,18,21.674,o2meter,constant,10,c_10,F
20220425,217,b_22,9,18,21.781,o2meter,constant,10,c_10,F
20220427,219,b_22,4,18,21.766,o2meter,constant,10,c_10,F
20220427,219,b_22,9,18,21.52,o2meter,constant,10,c_10,F
20220429,221,b_22,4,18,22.173,o2meter,constant,10,c_10,F
20220429,221,b_22,9,18,22.197,o2meter,constant,10,c_10,F
20220502,224,b_22,4,18,21.852,o2meter,constant,10,c_10,F
20220502,224,b_22,9,18,22.108,o2meter,constant,10,c_10,F
20220504,226,b_22,4,18,21.673,o2meter,constant,10,c_10,F
20220504,226,b_22,9,18,21.61,o2meter,constant,10,c_10,F
20220506,228,b_22,4,18,21.85,o2meter,constant,10,c_10,F
20220506,228,b_22,9,18,22.068,o2meter,constant,10,c_10,F
20220509,231,b_22,4,18,21.376,o2meter,constant,10,c_10,F
20220509,231,b_22,9,18,21.741,o2meter,constant,10,c_10,F
20220511,233,b_22,4,18,22.128,o2meter,constant,10,c_10,F
20220511,233,b_22,9,18,22.417,o2meter,constant,10,c_10,F
20220513,235,b_22,4,18,21.741,o2meter,constant,10,c_10,F
20220513,235,b_22,9,18,21.946,o2meter,constant,10,c_10,F
20220516,238,b_22,4,18,21.222,o2meter,constant,10,c_10,F
20220516,238,b_22,9,18,21.304,o2meter,constant,10,c_10,F
20220518,240,b_22,4,18,21.717,o2meter,constant,10,c_10,F
20220518,240,b_22,9,18,21.761,o2meter,constant,10,c_10,F
20220520,242,b_22,4,18,21.961,o2meter,constant,10,c_10,F
20220520,242,b_22,9,18,22.14,o2meter,constant,10,c_10,F
20220523,245,b_22,4,18,21.525,o2meter,constant,10,c_10,F
20220523,245,b_22,9,18,21.787,o2meter,constant,10,c_10,F
20220525,247,b_22,4,18,21.697,o2meter,constant,10,c_10,F
20220525,247,b_22,9,18,21.777,o2meter,constant,10,c_10,F
20220527,249,b_22,4,18,21.578,o2meter,constant,10,c_10,F
20220527,249,b_22,9,18,21.643,o2meter,constant,10,c_10,F
20220530,252,b_22,4,18,21.51,o2meter,constant,10,c_10,F
20220530,252,b_22,9,18,21.624,o2meter,constant,10,c_10,F
20220601,254,b_22,4,18,21.38,o2meter,constant,10,c_10,F
20220601,254,b_22,9,18,21.5,o2meter,constant,10,c_10,F
20220603,256,b_22,4,18,21.652,o2meter,constant,10,c_10,F
20220603,256,b_22,9,18,21.403,o2meter,constant,10,c_10,F
20220606,259,b_22,4,18,21.106,o2meter,constant,10,c_10,F
20220606,259,b_22,9,18,21.42,o2meter,constant,10,c_10,F
20220608,261,b_22,4,18,21.714,o2meter,constant,10,c_10,F
20220608,261,b_22,9,18,21.356,o2meter,constant,10,c_10,F
20220610,263,b_22,4,18,21.489,o2meter,constant,10,c_10,F
20220610,263,b_22,9,18,21.574,o2meter,constant,10,c_10,F
20220613,266,b_22,4,18,21.444,o2meter,constant,10,c_10,F
20220613,266,b_22,9,18,21.602,o2meter,constant,10,c_10,F
20220615,268,b_22,4,18,21.937,o2meter,constant,10,c_10,F
20220615,268,b_22,9,18,21.983,o2meter,constant,10,c_10,F
20220617,270,b_22,4,18,21.551,o2meter,constant,10,c_10,F
20220617,270,b_22,9,18,21.695,o2meter,constant,10,c_10,F
20220620,273,b_22,4,18,21.508,o2meter,constant,10,c_10,F
20220620,273,b_22,9,18,21.057,o2meter,constant,10,c_10,F
20220622,275,b_22,4,18,21.828,o2meter,constant,10,c_10,F
20220622,275,b_22,9,18,21.974,o2meter,constant,10,c_10,F
20220624,277,b_22,4,18,22.244,o2meter,constant,10,c_10,F
20220624,277,b_22,9,18,22.187,o2meter,constant,10,c_10,F
20220627,280,b_22,4,18,21.522,o2meter,constant,10,c_10,F
20220627,280,b_22,9,18,21.541,o2meter,constant,10,c_10,F
20220629,282,b_22,4,18,21.877,o2meter,constant,10,c_10,F
20220629,282,b_22,9,18,21.694,o2meter,constant,10,c_10,F
20220704,287,b_22,4,18,21.45,o2meter,constant,10,c_10,F
20220704,287,b_22,9,18,21.624,o2meter,constant,10,c_10,F
20210920,0,b_23,4,18,24.17,o2meter,constant,7,c_04,F
20210920,0,b_23,9,18,24.205,o2meter,constant,7,c_04,F
20210922,2,b_23,4,18,24.97,o2meter,constant,7,c_04,F
20210922,2,b_23,9,18,24.99,o2meter,constant,7,c_04,F
20210924,4,b_23,4,18,24.623,o2meter,constant,7,c_04,F
20210924,4,b_23,9,18,25.024,o2meter,constant,7,c_04,F
20210927,7,b_23,4,18,23.814,o2meter,constant,7,c_04,F
20210927,7,b_23,9,18,22.928,o2meter,constant,7,c_04,F
20210929,9,b_23,4,18,23.869,o2meter,constant,7,c_04,F
20210929,9,b_23,9,18,24.201,o2meter,constant,7,c_04,F
20211001,11,b_23,4,18,23.853,o2meter,constant,7,c_04,F
20211001,11,b_23,9,18,24.11,o2meter,constant,7,c_04,F
20211004,14,b_23,4,18,23.513,o2meter,constant,7,c_04,F
20211004,14,b_23,9,18,23.488,o2meter,constant,7,c_04,F
20211006,16,b_23,4,18,23.913,o2meter,constant,7,c_04,F
20211006,16,b_23,9,18,24.1,o2meter,constant,7,c_04,F
20211008,18,b_23,4,18,23.774,o2meter,constant,7,c_04,F
20211008,18,b_23,9,18,23.922,o2meter,constant,7,c_04,F
20211011,21,b_23,4,18,23.234,o2meter,constant,7,c_04,F
20211011,21,b_23,9,18,23.259,o2meter,constant,7,c_04,F
20211013,23,b_23,4,18,23.687,o2meter,constant,7,c_04,F
20211013,23,b_23,9,18,23.655,o2meter,constant,7,c_04,F
20211015,25,b_23,4,18,23.673,o2meter,constant,7,c_04,F
20211015,25,b_23,9,18,23.632,o2meter,constant,7,c_04,F
20211018,28,b_23,4,18,22.762,o2meter,constant,7,c_04,F
20211018,28,b_23,9,18,22.89,o2meter,constant,7,c_04,F
20211020,30,b_23,4,18,23.489,o2meter,constant,7,c_04,F
20211020,30,b_23,9,18,23.763,o2meter,constant,7,c_04,F
20211022,32,b_23,4,18,23.204,o2meter,constant,7,c_04,F
20211022,32,b_23,9,18,23.062,o2meter,constant,7,c_04,F
20211025,35,b_23,4,18,22.868,o2meter,constant,7,c_04,F
20211025,35,b_23,9,18,22.694,o2meter,constant,7,c_04,F
20211027,37,b_23,4,18,23.546,o2meter,constant,7,c_04,F
20211027,37,b_23,9,18,22.986,o2meter,constant,7,c_04,F
20211029,39,b_23,4,18,23.347,o2meter,constant,7,c_04,F
20211029,39,b_23,9,18,22.966,o2meter,constant,7,c_04,F
20211101,42,b_23,4,18,23.163,o2meter,constant,7,c_04,F
20211101,42,b_23,9,18,22.892,o2meter,constant,7,c_04,F
20211103,44,b_23,4,18,24.354,o2meter,constant,7,c_04,F
20211103,44,b_23,9,18,23.904,o2meter,constant,7,c_04,F
20211105,46,b_23,4,18,23.268,o2meter,constant,7,c_04,F
20211105,46,b_23,9,18,22.624,o2meter,constant,7,c_04,F
20211108,49,b_23,4,18,23.038,o2meter,constant,7,c_04,F
20211108,49,b_23,9,18,22.842,o2meter,constant,7,c_04,F
20211110,51,b_23,4,18,23.385,o2meter,constant,7,c_04,F
20211110,51,b_23,9,18,23.123,o2meter,constant,7,c_04,F
20211112,53,b_23,4,18,23.862,o2meter,constant,7,c_04,F
20211112,53,b_23,9,18,24.338,o2meter,constant,7,c_04,F
20211115,56,b_23,4,18,22.897,o2meter,constant,7,c_04,F
20211115,56,b_23,9,18,22.735,o2meter,constant,7,c_04,F
20211117,58,b_23,4,18,24.048,o2meter,constant,7,c_04,F
20211117,58,b_23,9,18,24.017,o2meter,constant,7,c_04,F
20211119,60,b_23,4,18,23.867,o2meter,constant,7,c_04,F
20211119,60,b_23,9,18,23.636,o2meter,constant,7,c_04,F
20211122,63,b_23,4,18,23.226,o2meter,constant,7,c_04,F
20211122,63,b_23,9,18,23.006,o2meter,constant,7,c_04,F
20211124,65,b_23,4,18,24.037,o2meter,constant,7,c_04,F
20211124,65,b_23,9,18,23.86,o2meter,constant,7,c_04,F
20211126,67,b_23,4,18,23.327,o2meter,constant,7,c_04,F
20211126,67,b_23,9,18,22.982,o2meter,constant,7,c_04,F
20211129,70,b_23,4,18,22.602,o2meter,constant,7,c_04,F
20211129,70,b_23,9,18,22.488,o2meter,constant,7,c_04,F
20211203,74,b_23,4,18,22.767,o2meter,constant,7,c_04,F
20211203,74,b_23,9,18,22.916,o2meter,constant,7,c_04,F
20211206,77,b_23,4,18,22.207,o2meter,constant,7,c_04,F
20211206,77,b_23,9,18,22.637,o2meter,constant,7,c_04,F
20211208,79,b_23,4,18,22.875,o2meter,constant,7,c_04,F
20211208,79,b_23,9,18,23.255,o2meter,constant,7,c_04,F
20211210,81,b_23,4,18,22.925,o2meter,constant,7,c_04,F
20211210,81,b_23,9,18,22.814,o2meter,constant,7,c_04,F
20211213,84,b_23,4,18,22.878,o2meter,constant,7,c_04,F
20211213,84,b_23,9,18,22.66,o2meter,constant,7,c_04,F
20211215,86,b_23,4,18,22.508,o2meter,constant,7,c_04,F
20211215,86,b_23,9,18,22.488,o2meter,constant,7,c_04,F
20211217,88,b_23,4,18,22.706,o2meter,constant,7,c_04,F
20211217,88,b_23,9,18,22.377,o2meter,constant,7,c_04,F
20211220,91,b_23,4,18,22.417,o2meter,constant,7,c_04,F
20211220,91,b_23,9,18,21.972,o2meter,constant,7,c_04,F
20211222,93,b_23,4,18,22.638,o2meter,constant,7,c_04,F
20211222,93,b_23,9,18,22.513,o2meter,constant,7,c_04,F
20211224,95,b_23,4,18,23.122,o2meter,constant,7,c_04,F
20211224,95,b_23,9,18,22.533,o2meter,constant,7,c_04,F
20211227,98,b_23,4,18,22.206,o2meter,constant,7,c_04,F
20211227,98,b_23,9,18,22.088,o2meter,constant,7,c_04,F
20211229,100,b_23,4,18,22.253,o2meter,constant,7,c_04,F
20211229,100,b_23,9,18,22.727,o2meter,constant,7,c_04,F
20211231,102,b_23,4,18,22.562,o2meter,constant,7,c_04,F
20211231,102,b_23,9,18,22.539,o2meter,constant,7,c_04,F
20220103,105,b_23,4,18,22.367,o2meter,constant,7,c_04,F
20220103,105,b_23,9,18,22.173,o2meter,constant,7,c_04,F
20220105,107,b_23,4,18,22.43,o2meter,constant,7,c_04,F
20220105,107,b_23,9,18,22.216,o2meter,constant,7,c_04,F
20220107,109,b_23,4,18,22.929,o2meter,constant,7,c_04,F
20220107,109,b_23,9,18,22.95,o2meter,constant,7,c_04,F
20220110,112,b_23,4,18,21.967,o2meter,constant,7,c_04,F
20220110,112,b_23,9,18,22.024,o2meter,constant,7,c_04,F
20220112,114,b_23,4,18,22.086,o2meter,constant,7,c_04,F
20220112,114,b_23,9,18,22.009,o2meter,constant,7,c_04,F
20220114,116,b_23,4,18,22.836,o2meter,constant,7,c_04,F
20220114,116,b_23,9,18,22.912,o2meter,constant,7,c_04,F
20220117,119,b_23,4,18,21.687,o2meter,constant,7,c_04,F
20220117,119,b_23,9,18,21.854,o2meter,constant,7,c_04,F
20220119,121,b_23,4,18,22.511,o2meter,constant,7,c_04,F
20220119,121,b_23,9,18,22.455,o2meter,constant,7,c_04,F
20220121,123,b_23,4,18,22.3,o2meter,constant,7,c_04,F
20220121,123,b_23,9,18,22.359,o2meter,constant,7,c_04,F
20220124,126,b_23,4,18,22.207,o2meter,constant,7,c_04,F
20220124,126,b_23,9,18,22.03,o2meter,constant,7,c_04,F
20220126,128,b_23,4,18,22.506,o2meter,constant,7,c_04,F
20220126,128,b_23,9,18,22.462,o2meter,constant,7,c_04,F
20220128,130,b_23,4,18,22.558,o2meter,constant,7,c_04,F
20220128,130,b_23,9,18,21.978,o2meter,constant,7,c_04,F
20220131,133,b_23,4,18,22.161,o2meter,constant,7,c_04,F
20220131,133,b_23,9,18,22.072,o2meter,constant,7,c_04,F
20220202,135,b_23,4,18,22.112,o2meter,constant,7,c_04,F
20220202,135,b_23,9,18,22.538,o2meter,constant,7,c_04,F
20220204,137,b_23,4,18,22.361,o2meter,constant,7,c_04,F
20220204,137,b_23,9,18,22.456,o2meter,constant,7,c_04,F
20220207,140,b_23,4,18,21.814,o2meter,constant,7,c_04,F
20220207,140,b_23,9,18,21.77,o2meter,constant,7,c_04,F
20220209,142,b_23,4,18,22.455,o2meter,constant,7,c_04,F
20220209,142,b_23,9,18,22.492,o2meter,constant,7,c_04,F
20220211,144,b_23,4,18,22.311,o2meter,constant,7,c_04,F
20220211,144,b_23,9,18,21.846,o2meter,constant,7,c_04,F
20220214,147,b_23,4,18,21.704,o2meter,constant,7,c_04,F
20220214,147,b_23,9,18,22.035,o2meter,constant,7,c_04,F
20220216,149,b_23,4,18,22.27,o2meter,constant,7,c_04,F
20220216,149,b_23,9,18,22.617,o2meter,constant,7,c_04,F
20220218,151,b_23,4,18,22.735,o2meter,constant,7,c_04,F
20220218,151,b_23,9,18,22.499,o2meter,constant,7,c_04,F
20220221,154,b_23,4,18,22.281,o2meter,constant,7,c_04,F
20220221,154,b_23,9,18,22.005,o2meter,constant,7,c_04,F
20220223,156,b_23,4,18,22.315,o2meter,constant,7,c_04,F
20220223,156,b_23,9,18,22.83,o2meter,constant,7,c_04,F
20220225,158,b_23,4,18,22.449,o2meter,constant,7,c_04,F
20220225,158,b_23,9,18,22.551,o2meter,constant,7,c_04,F
20220228,161,b_23,4,18,21.954,o2meter,constant,7,c_04,F
20220228,161,b_23,9,18,22.113,o2meter,constant,7,c_04,F
20220302,163,b_23,4,18,22.437,o2meter,constant,7,c_04,F
20220302,163,b_23,9,18,22.79,o2meter,constant,7,c_04,F
20220304,165,b_23,4,18,22.904,o2meter,constant,7,c_04,F
20220304,165,b_23,9,18,22.47,o2meter,constant,7,c_04,F
20220307,168,b_23,4,18,21.905,o2meter,constant,7,c_04,F
20220307,168,b_23,9,18,22.071,o2meter,constant,7,c_04,F
20220309,170,b_23,4,18,22.273,o2meter,constant,7,c_04,F
20220309,170,b_23,9,18,22.364,o2meter,constant,7,c_04,F
20220311,172,b_23,4,18,22.521,o2meter,constant,7,c_04,F
20220311,172,b_23,9,18,22.389,o2meter,constant,7,c_04,F
20220314,175,b_23,4,18,21.688,o2meter,constant,7,c_04,F
20220314,175,b_23,9,18,21.671,o2meter,constant,7,c_04,F
20220316,177,b_23,4,18,22.382,o2meter,constant,7,c_04,F
20220316,177,b_23,9,18,22.462,o2meter,constant,7,c_04,F
20220318,179,b_23,4,18,22.048,o2meter,constant,7,c_04,F
20220318,179,b_23,9,18,21.383,o2meter,constant,7,c_04,F
20220321,182,b_23,4,18,21.664,o2meter,constant,7,c_04,F
20220321,182,b_23,9,18,21.858,o2meter,constant,7,c_04,F
20220323,184,b_23,4,18,21.921,o2meter,constant,7,c_04,F
20220323,184,b_23,9,18,22.297,o2meter,constant,7,c_04,F
20220325,186,b_23,4,18,22.355,o2meter,constant,7,c_04,F
20220325,186,b_23,9,18,21.8,o2meter,constant,7,c_04,F
20220328,189,b_23,4,18,21.798,o2meter,constant,7,c_04,F
20220328,189,b_23,9,18,21.797,o2meter,constant,7,c_04,F
20220330,191,b_23,4,18,21.938,o2meter,constant,7,c_04,F
20220330,191,b_23,9,18,22.205,o2meter,constant,7,c_04,F
20220401,193,b_23,4,18,21.9,o2meter,constant,7,c_04,F
20220401,193,b_23,9,18,21.944,o2meter,constant,7,c_04,F
20220404,196,b_23,4,18,21.537,o2meter,constant,7,c_04,F
20220404,196,b_23,9,18,21.637,o2meter,constant,7,c_04,F
20220406,198,b_23,4,18,22.091,o2meter,constant,7,c_04,F
20220406,198,b_23,9,18,22.06,o2meter,constant,7,c_04,F
20220408,200,b_23,4,18,22.312,o2meter,constant,7,c_04,F
20220408,200,b_23,9,18,21.854,o2meter,constant,7,c_04,F
20220411,203,b_23,4,18,21.883,o2meter,constant,7,c_04,F
20220411,203,b_23,9,18,21.973,o2meter,constant,7,c_04,F
20220413,205,b_23,4,18,21.846,o2meter,constant,7,c_04,F
20220413,205,b_23,9,18,22.508,o2meter,constant,7,c_04,F
20220415,207,b_23,4,18,22.588,o2meter,constant,7,c_04,F
20220415,207,b_23,9,18,22.283,o2meter,constant,7,c_04,F
20220418,210,b_23,4,18,21.563,o2meter,constant,7,c_04,F
20220418,210,b_23,9,18,21.34,o2meter,constant,7,c_04,F
20220420,212,b_23,4,18,22.077,o2meter,constant,7,c_04,F
20220420,212,b_23,9,18,22.112,o2meter,constant,7,c_04,F
20220422,214,b_23,4,18,22.551,o2meter,constant,7,c_04,F
20220422,214,b_23,9,18,22.411,o2meter,constant,7,c_04,F
20220425,217,b_23,4,18,21.173,o2meter,constant,7,c_04,F
20220425,217,b_23,9,18,21.813,o2meter,constant,7,c_04,F
20220427,219,b_23,4,18,22.326,o2meter,constant,7,c_04,F
20220427,219,b_23,9,18,22.062,o2meter,constant,7,c_04,F
20220429,221,b_23,4,18,22.337,o2meter,constant,7,c_04,F
20220429,221,b_23,9,18,22.694,o2meter,constant,7,c_04,F
20220502,224,b_23,4,18,22.025,o2meter,constant,7,c_04,F
20220502,224,b_23,9,18,22.036,o2meter,constant,7,c_04,F
20220504,226,b_23,4,18,21.979,o2meter,constant,7,c_04,F
20220504,226,b_23,9,18,22.303,o2meter,constant,7,c_04,F
20220506,228,b_23,4,18,22.283,o2meter,constant,7,c_04,F
20220506,228,b_23,9,18,22.438,o2meter,constant,7,c_04,F
20220509,231,b_23,4,18,21.481,o2meter,constant,7,c_04,F
20220509,231,b_23,9,18,22.236,o2meter,constant,7,c_04,F
20220511,233,b_23,4,18,22.263,o2meter,constant,7,c_04,F
20220511,233,b_23,9,18,22.668,o2meter,constant,7,c_04,F
20220513,235,b_23,4,18,21.844,o2meter,constant,7,c_04,F
20220513,235,b_23,9,18,22.4,o2meter,constant,7,c_04,F
20220516,238,b_23,4,18,21.241,o2meter,constant,7,c_04,F
20220516,238,b_23,9,18,21.814,o2meter,constant,7,c_04,F
20220518,240,b_23,4,18,22.395,o2meter,constant,7,c_04,F
20220518,240,b_23,9,18,22.238,o2meter,constant,7,c_04,F
20220520,242,b_23,4,18,22.248,o2meter,constant,7,c_04,F
20220520,242,b_23,9,18,22.142,o2meter,constant,7,c_04,F
20220523,245,b_23,4,18,21.676,o2meter,constant,7,c_04,F
20220523,245,b_23,9,18,21.89,o2meter,constant,7,c_04,F
20220525,247,b_23,4,18,21.987,o2meter,constant,7,c_04,F
20220525,247,b_23,9,18,22.273,o2meter,constant,7,c_04,F
20220527,249,b_23,4,18,21.958,o2meter,constant,7,c_04,F
20220527,249,b_23,9,18,22.006,o2meter,constant,7,c_04,F
20220530,252,b_23,4,18,21.436,o2meter,constant,7,c_04,F
20220530,252,b_23,9,18,21.649,o2meter,constant,7,c_04,F
20220601,254,b_23,4,18,21.863,o2meter,constant,7,c_04,F
20220601,254,b_23,9,18,21.896,o2meter,constant,7,c_04,F
20220603,256,b_23,4,18,21.891,o2meter,constant,7,c_04,F
20220603,256,b_23,9,18,21.825,o2meter,constant,7,c_04,F
20220606,259,b_23,4,18,21.704,o2meter,constant,7,c_04,F
20220606,259,b_23,9,18,22.161,o2meter,constant,7,c_04,F
20220608,261,b_23,4,18,21.964,o2meter,constant,7,c_04,F
20220608,261,b_23,9,18,22.14,o2meter,constant,7,c_04,F
20220610,263,b_23,4,18,21.824,o2meter,constant,7,c_04,F
20220610,263,b_23,9,18,22.114,o2meter,constant,7,c_04,F
20220613,266,b_23,4,18,21.57,o2meter,constant,7,c_04,F
20220613,266,b_23,9,18,21.644,o2meter,constant,7,c_04,F
20220615,268,b_23,4,18,22.015,o2meter,constant,7,c_04,F
20220615,268,b_23,9,18,22.17,o2meter,constant,7,c_04,F
20220617,270,b_23,4,18,22.082,o2meter,constant,7,c_04,F
20220617,270,b_23,9,18,21.843,o2meter,constant,7,c_04,F
20220620,273,b_23,4,18,21.2,o2meter,constant,7,c_04,F
20220620,273,b_23,9,18,21.64,o2meter,constant,7,c_04,F
20220622,275,b_23,4,18,22.168,o2meter,constant,7,c_04,F
20220622,275,b_23,9,18,22.201,o2meter,constant,7,c_04,F
20220624,277,b_23,4,18,22.261,o2meter,constant,7,c_04,F
20220624,277,b_23,9,18,22.524,o2meter,constant,7,c_04,F
20220627,280,b_23,4,18,21.741,o2meter,constant,7,c_04,F
20220627,280,b_23,9,18,21.928,o2meter,constant,7,c_04,F
20220629,282,b_23,4,18,22.38,o2meter,constant,7,c_04,F
20220629,282,b_23,9,18,22.452,o2meter,constant,7,c_04,F
20220704,287,b_23,4,18,21.706,o2meter,constant,7,c_04,F
20220704,287,b_23,9,18,21.595,o2meter,constant,7,c_04,F
20210920,0,b_24,4,18,26.696,o2meter,constant,14,c_13,F
20210920,0,b_24,9,18,26.949,o2meter,constant,14,c_13,F
20210922,2,b_24,4,18,27.589,o2meter,constant,14,c_13,F
20210922,2,b_24,9,18,26.725,o2meter,constant,14,c_13,F
20210924,4,b_24,4,18,27.1,o2meter,constant,14,c_13,F
20210924,4,b_24,9,18,27.36,o2meter,constant,14,c_13,F
20210927,7,b_24,4,18,26.131,o2meter,constant,14,c_13,F
20210927,7,b_24,9,18,26.112,o2meter,constant,14,c_13,F
20210929,9,b_24,4,18,26.562,o2meter,constant,14,c_13,F
20210929,9,b_24,9,18,26.385,o2meter,constant,14,c_13,F
20211001,11,b_24,4,18,25.68,o2meter,constant,14,c_13,F
20211001,11,b_24,9,18,24.833,o2meter,constant,14,c_13,F
20211004,14,b_24,4,18,24.813,o2meter,constant,14,c_13,F
20211004,14,b_24,9,18,23.91,o2meter,constant,14,c_13,F
20211006,16,b_24,4,18,25.365,o2meter,constant,14,c_13,F
20211006,16,b_24,9,18,24.733,o2meter,constant,14,c_13,F
20211008,18,b_24,4,18,25.328,o2meter,constant,14,c_13,F
20211008,18,b_24,9,18,24.337,o2meter,constant,14,c_13,F
20211011,21,b_24,4,18,24.988,o2meter,constant,14,c_13,F
20211011,21,b_24,9,18,24.109,o2meter,constant,14,c_13,F
20211013,23,b_24,4,18,25.536,o2meter,constant,14,c_13,F
20211013,23,b_24,9,18,24.716,o2meter,constant,14,c_13,F
20211015,25,b_24,4,18,27.919,o2meter,constant,14,c_13,F
20211015,25,b_24,9,18,27.883,o2meter,constant,14,c_13,F
20211018,28,b_24,4,18,26.164,o2meter,constant,14,c_13,F
20211018,28,b_24,9,18,25.488,o2meter,constant,14,c_13,F
20211020,30,b_24,4,18,28.58,o2meter,constant,14,c_13,F
20211020,30,b_24,9,18,26.863,o2meter,constant,14,c_13,F
20211022,32,b_24,4,18,27.781,o2meter,constant,14,c_13,F
20211022,32,b_24,9,18,25.563,o2meter,constant,14,c_13,F
20211025,35,b_24,4,18,26.617,o2meter,constant,14,c_13,F
20211025,35,b_24,9,18,26.419,o2meter,constant,14,c_13,F
20211027,37,b_24,4,18,27.887,o2meter,constant,14,c_13,F
20211027,37,b_24,9,18,27.122,o2meter,constant,14,c_13,F
20211029,39,b_24,4,18,27.778,o2meter,constant,14,c_13,F
20211029,39,b_24,9,18,25.751,o2meter,constant,14,c_13,F
20211101,42,b_24,4,18,26.791,o2meter,constant,14,c_13,F
20211101,42,b_24,9,18,26.382,o2meter,constant,14,c_13,F
20211103,44,b_24,4,18,29.112,o2meter,constant,14,c_13,F
20211103,44,b_24,9,18,29.494,o2meter,constant,14,c_13,F
20211105,46,b_24,4,18,27.415,o2meter,constant,14,c_13,F
20211105,46,b_24,9,18,27.307,o2meter,constant,14,c_13,F
20211108,49,b_24,4,18,26.064,o2meter,constant,14,c_13,F
20211108,49,b_24,9,18,26.13,o2meter,constant,14,c_13,F
20211110,51,b_24,4,18,28.596,o2meter,constant,14,c_13,F
20211110,51,b_24,9,18,28.362,o2meter,constant,14,c_13,F
20211112,53,b_24,4,18,27.442,o2meter,constant,14,c_13,F
20211112,53,b_24,9,18,27.6,o2meter,constant,14,c_13,F
20211115,56,b_24,4,18,26.859,o2meter,constant,14,c_13,F
20211115,56,b_24,9,18,25.179,o2meter,constant,14,c_13,F
20211117,58,b_24,4,18,27.341,o2meter,constant,14,c_13,F
20211117,58,b_24,9,18,27.351,o2meter,constant,14,c_13,F
20211119,60,b_24,4,18,26.631,o2meter,constant,14,c_13,F
20211119,60,b_24,9,18,26.204,o2meter,constant,14,c_13,F
20211122,63,b_24,4,18,27.128,o2meter,constant,14,c_13,F
20211122,63,b_24,9,18,26.836,o2meter,constant,14,c_13,F
20211124,65,b_24,4,18,27.219,o2meter,constant,14,c_13,F
20211124,65,b_24,9,18,27.815,o2meter,constant,14,c_13,F
20211126,67,b_24,4,18,26.769,o2meter,constant,14,c_13,F
20211126,67,b_24,9,18,26.176,o2meter,constant,14,c_13,F
20211129,70,b_24,4,18,26.457,o2meter,constant,14,c_13,F
20211129,70,b_24,9,18,25.189,o2meter,constant,14,c_13,F
20211203,74,b_24,4,18,25.802,o2meter,constant,14,c_13,F
20211203,74,b_24,9,18,24.72,o2meter,constant,14,c_13,F
20211206,77,b_24,4,18,26.247,o2meter,constant,14,c_13,F
20211206,77,b_24,9,18,25.608,o2meter,constant,14,c_13,F
20211208,79,b_24,4,18,26.832,o2meter,constant,14,c_13,F
20211208,79,b_24,9,18,25.774,o2meter,constant,14,c_13,F
20211210,81,b_24,4,18,28.606,o2meter,constant,14,c_13,F
20211210,81,b_24,9,18,28.827,o2meter,constant,14,c_13,F
20211213,84,b_24,4,18,25.637,o2meter,constant,14,c_13,F
20211213,84,b_24,9,18,23.862,o2meter,constant,14,c_13,F
20211215,86,b_24,4,18,27.089,o2meter,constant,14,c_13,F
20211215,86,b_24,9,18,26.018,o2meter,constant,14,c_13,F
20211217,88,b_24,4,18,28.446,o2meter,constant,14,c_13,F
20211217,88,b_24,9,18,27.665,o2meter,constant,14,c_13,F
20211220,91,b_24,4,18,26.12,o2meter,constant,14,c_13,F
20211220,91,b_24,9,18,25.138,o2meter,constant,14,c_13,F
20211222,93,b_24,4,18,28.667,o2meter,constant,14,c_13,F
20211222,93,b_24,9,18,25.588,o2meter,constant,14,c_13,F
20211224,95,b_24,4,18,28.923,o2meter,constant,14,c_13,F
20211224,95,b_24,9,18,29.331,o2meter,constant,14,c_13,F
20211227,98,b_24,4,18,27.54,o2meter,constant,14,c_13,F
20211227,98,b_24,9,18,26.751,o2meter,constant,14,c_13,F
20211229,100,b_24,4,18,26.01,o2meter,constant,14,c_13,F
20211229,100,b_24,9,18,25.644,o2meter,constant,14,c_13,F
20211231,102,b_24,4,18,27.117,o2meter,constant,14,c_13,F
20211231,102,b_24,9,18,27.516,o2meter,constant,14,c_13,F
20220103,105,b_24,4,18,26.971,o2meter,constant,14,c_13,F
20220103,105,b_24,9,18,27.036,o2meter,constant,14,c_13,F
20220105,107,b_24,4,18,27.93,o2meter,constant,14,c_13,F
20220105,107,b_24,9,18,27.877,o2meter,constant,14,c_13,F
20220107,109,b_24,4,18,27.589,o2meter,constant,14,c_13,F
20220107,109,b_24,9,18,27.342,o2meter,constant,14,c_13,F
20220110,112,b_24,4,18,25.76,o2meter,constant,14,c_13,F
20220110,112,b_24,9,18,26.192,o2meter,constant,14,c_13,F
20220112,114,b_24,4,18,26.317,o2meter,constant,14,c_13,F
20220112,114,b_24,9,18,26.333,o2meter,constant,14,c_13,F
20220114,116,b_24,4,18,27.771,o2meter,constant,14,c_13,F
20220114,116,b_24,9,18,27.112,o2meter,constant,14,c_13,F
20220117,119,b_24,4,18,25.936,o2meter,constant,14,c_13,F
20220117,119,b_24,9,18,24.94,o2meter,constant,14,c_13,F
20220119,121,b_24,4,18,26.548,o2meter,constant,14,c_13,F
20220119,121,b_24,9,18,27.02,o2meter,constant,14,c_13,F
20220121,123,b_24,4,18,25.165,o2meter,constant,14,c_13,F
20220121,123,b_24,9,18,24.192,o2meter,constant,14,c_13,F
20220124,126,b_24,4,18,25.29,o2meter,constant,14,c_13,F
20220124,126,b_24,9,18,24.491,o2meter,constant,14,c_13,F
20220126,128,b_24,4,18,24.732,o2meter,constant,14,c_13,F
20220126,128,b_24,9,18,23.974,o2meter,constant,14,c_13,F
20220128,130,b_24,4,18,26.111,o2meter,constant,14,c_13,F
20220128,130,b_24,9,18,24.113,o2meter,constant,14,c_13,F
20220131,133,b_24,4,18,25.747,o2meter,constant,14,c_13,F
20220131,133,b_24,9,18,25.13,o2meter,constant,14,c_13,F
20220202,135,b_24,4,18,26.4,o2meter,constant,14,c_13,F
20220202,135,b_24,9,18,24.917,o2meter,constant,14,c_13,F
20220204,137,b_24,4,18,26.439,o2meter,constant,14,c_13,F
20220204,137,b_24,9,18,26.507,o2meter,constant,14,c_13,F
20220207,140,b_24,4,18,25.752,o2meter,constant,14,c_13,F
20220207,140,b_24,9,18,24.654,o2meter,constant,14,c_13,F
20220209,142,b_24,4,18,27.718,o2meter,constant,14,c_13,F
20220209,142,b_24,9,18,26.013,o2meter,constant,14,c_13,F
20220211,144,b_24,4,18,27.041,o2meter,constant,14,c_13,F
20220211,144,b_24,9,18,24.75,o2meter,constant,14,c_13,F
20220214,147,b_24,4,18,27.034,o2meter,constant,14,c_13,F
20220214,147,b_24,9,18,25.11,o2meter,constant,14,c_13,F
20220216,149,b_24,4,18,26.45,o2meter,constant,14,c_13,F
20220216,149,b_24,9,18,24.479,o2meter,constant,14,c_13,F
20220218,151,b_24,4,18,26.797,o2meter,constant,14,c_13,F
20220218,151,b_24,9,18,26.732,o2meter,constant,14,c_13,F
20220221,154,b_24,4,18,25.155,o2meter,constant,14,c_13,F
20220221,154,b_24,9,18,24.693,o2meter,constant,14,c_13,F
20220223,156,b_24,4,18,26.701,o2meter,constant,14,c_13,F
20220223,156,b_24,9,18,27.234,o2meter,constant,14,c_13,F
20220225,158,b_24,4,18,26.206,o2meter,constant,14,c_13,F
20220225,158,b_24,9,18,25.398,o2meter,constant,14,c_13,F
20220228,161,b_24,4,18,25.185,o2meter,constant,14,c_13,F
20220228,161,b_24,9,18,25.456,o2meter,constant,14,c_13,F
20220302,163,b_24,4,18,27.039,o2meter,constant,14,c_13,F
20220302,163,b_24,9,18,25.976,o2meter,constant,14,c_13,F
20220304,165,b_24,4,18,27.546,o2meter,constant,14,c_13,F
20220304,165,b_24,9,18,26.891,o2meter,constant,14,c_13,F
20220307,168,b_24,4,18,26.284,o2meter,constant,14,c_13,F
20220307,168,b_24,9,18,26.589,o2meter,constant,14,c_13,F
20220309,170,b_24,4,18,27.639,o2meter,constant,14,c_13,F
20220309,170,b_24,9,18,26.603,o2meter,constant,14,c_13,F
20220311,172,b_24,4,18,26.408,o2meter,constant,14,c_13,F
20220311,172,b_24,9,18,25.915,o2meter,constant,14,c_13,F
20220314,175,b_24,4,18,26.054,o2meter,constant,14,c_13,F
20220314,175,b_24,9,18,25.527,o2meter,constant,14,c_13,F
20220316,177,b_24,4,18,27.836,o2meter,constant,14,c_13,F
20220316,177,b_24,9,18,27.404,o2meter,constant,14,c_13,F
20220318,179,b_24,4,18,25.021,o2meter,constant,14,c_13,F
20220318,179,b_24,9,18,24.128,o2meter,constant,14,c_13,F
20220321,182,b_24,4,18,23.856,o2meter,constant,14,c_13,F
20220321,182,b_24,9,18,23.511,o2meter,constant,14,c_13,F
20220323,184,b_24,4,18,24.97,o2meter,constant,14,c_13,F
20220323,184,b_24,9,18,23.685,o2meter,constant,14,c_13,F
20220325,186,b_24,4,18,25.763,o2meter,constant,14,c_13,F
20220325,186,b_24,9,18,24.417,o2meter,constant,14,c_13,F
20220328,189,b_24,4,18,24.457,o2meter,constant,14,c_13,F
20220328,189,b_24,9,18,23.78,o2meter,constant,14,c_13,F
20220330,191,b_24,4,18,25.893,o2meter,constant,14,c_13,F
20220330,191,b_24,9,18,24.854,o2meter,constant,14,c_13,F
20220401,193,b_24,4,18,26.064,o2meter,constant,14,c_13,F
20220401,193,b_24,9,18,24.521,o2meter,constant,14,c_13,F
20220404,196,b_24,4,18,25.305,o2meter,constant,14,c_13,F
20220404,196,b_24,9,18,24.956,o2meter,constant,14,c_13,F
20220406,198,b_24,4,18,28.497,o2meter,constant,14,c_13,F
20220406,198,b_24,9,18,27.897,o2meter,constant,14,c_13,F
20220408,200,b_24,4,18,28.372,o2meter,constant,14,c_13,F
20220408,200,b_24,9,18,28.08,o2meter,constant,14,c_13,F
20220411,203,b_24,4,18,25.575,o2meter,constant,14,c_13,F
20220411,203,b_24,9,18,24.581,o2meter,constant,14,c_13,F
20220413,205,b_24,4,18,26.104,o2meter,constant,14,c_13,F
20220413,205,b_24,9,18,24.035,o2meter,constant,14,c_13,F
20220415,207,b_24,4,18,26.264,o2meter,constant,14,c_13,F
20220415,207,b_24,9,18,26.627,o2meter,constant,14,c_13,F
20220418,210,b_24,4,18,24.939,o2meter,constant,14,c_13,F
20220418,210,b_24,9,18,25.207,o2meter,constant,14,c_13,F
20220420,212,b_24,4,18,25.99,o2meter,constant,14,c_13,F
20220420,212,b_24,9,18,25.974,o2meter,constant,14,c_13,F
20220422,214,b_24,4,18,27.046,o2meter,constant,14,c_13,F
20220422,214,b_24,9,18,27.254,o2meter,constant,14,c_13,F
20220425,217,b_24,4,18,24.644,o2meter,constant,14,c_13,F
20220425,217,b_24,9,18,24.567,o2meter,constant,14,c_13,F
20220427,219,b_24,4,18,26.764,o2meter,constant,14,c_13,F
20220427,219,b_24,9,18,26.738,o2meter,constant,14,c_13,F
20220429,221,b_24,4,18,26.219,o2meter,constant,14,c_13,F
20220429,221,b_24,9,18,26.057,o2meter,constant,14,c_13,F
20220502,224,b_24,4,18,26.491,o2meter,constant,14,c_13,F
20220502,224,b_24,9,18,26.579,o2meter,constant,14,c_13,F
20220504,226,b_24,4,18,25.723,o2meter,constant,14,c_13,F
20220504,226,b_24,9,18,25.88,o2meter,constant,14,c_13,F
20220506,228,b_24,4,18,26.219,o2meter,constant,14,c_13,F
20220506,228,b_24,9,18,26.214,o2meter,constant,14,c_13,F
20220509,231,b_24,4,18,26.051,o2meter,constant,14,c_13,F
20220509,231,b_24,9,18,25.887,o2meter,constant,14,c_13,F
20220511,233,b_24,4,18,26.448,o2meter,constant,14,c_13,F
20220511,233,b_24,9,18,26.754,o2meter,constant,14,c_13,F
20220513,235,b_24,4,18,25.5,o2meter,constant,14,c_13,F
20220513,235,b_24,9,18,24.529,o2meter,constant,14,c_13,F
20220516,238,b_24,4,18,25.849,o2meter,constant,14,c_13,F
20220516,238,b_24,9,18,25.583,o2meter,constant,14,c_13,F
20220518,240,b_24,4,18,26.343,o2meter,constant,14,c_13,F
20220518,240,b_24,9,18,24.813,o2meter,constant,14,c_13,F
20220520,242,b_24,4,18,25.851,o2meter,constant,14,c_13,F
20220520,242,b_24,9,18,24.958,o2meter,constant,14,c_13,F
20220523,245,b_24,4,18,25.219,o2meter,constant,14,c_13,F
20220523,245,b_24,9,18,25.006,o2meter,constant,14,c_13,F
20220525,247,b_24,4,18,25.463,o2meter,constant,14,c_13,F
20220525,247,b_24,9,18,24.586,o2meter,constant,14,c_13,F
20220527,249,b_24,4,18,27.728,o2meter,constant,14,c_13,F
20220527,249,b_24,9,18,26.839,o2meter,constant,14,c_13,F
20220530,252,b_24,4,18,25.938,o2meter,constant,14,c_13,F
20220530,252,b_24,9,18,25.416,o2meter,constant,14,c_13,F
20220601,254,b_24,4,18,28.453,o2meter,constant,14,c_13,F
20220601,254,b_24,9,18,26.477,o2meter,constant,14,c_13,F
20220603,256,b_24,4,18,29.393,o2meter,constant,14,c_13,F
20220603,256,b_24,9,18,28.638,o2meter,constant,14,c_13,F
20220606,259,b_24,4,18,25.128,o2meter,constant,14,c_13,F
20220606,259,b_24,9,18,24.171,o2meter,constant,14,c_13,F
20220608,261,b_24,4,18,27.223,o2meter,constant,14,c_13,F
20220608,261,b_24,9,18,24.843,o2meter,constant,14,c_13,F
20220610,263,b_24,4,18,26.656,o2meter,constant,14,c_13,F
20220610,263,b_24,9,18,26.295,o2meter,constant,14,c_13,F
20220613,266,b_24,4,18,24.907,o2meter,constant,14,c_13,F
20220613,266,b_24,9,18,24.869,o2meter,constant,14,c_13,F
20220615,268,b_24,4,18,25.14,o2meter,constant,14,c_13,F
20220615,268,b_24,9,18,25.586,o2meter,constant,14,c_13,F
20220617,270,b_24,4,18,25.435,o2meter,constant,14,c_13,F
20220617,270,b_24,9,18,26.024,o2meter,constant,14,c_13,F
20220620,273,b_24,4,18,24.711,o2meter,constant,14,c_13,F
20220620,273,b_24,9,18,24.222,o2meter,constant,14,c_13,F
20220622,275,b_24,4,18,25.436,o2meter,constant,14,c_13,F
20220622,275,b_24,9,18,25.84,o2meter,constant,14,c_13,F
20220624,277,b_24,4,18,26.851,o2meter,constant,14,c_13,F
20220624,277,b_24,9,18,27.563,o2meter,constant,14,c_13,F
20220627,280,b_24,4,18,24.823,o2meter,constant,14,c_13,F
20220627,280,b_24,9,18,24.884,o2meter,constant,14,c_13,F
20220629,282,b_24,4,18,26.066,o2meter,constant,14,c_13,F
20220629,282,b_24,9,18,25.839,o2meter,constant,14,c_13,F
20220704,287,b_24,4,18,24.376,o2meter,constant,14,c_13,F
20220704,287,b_24,9,18,24.446,o2meter,constant,14,c_13,F
20210920,0,b_25,4,18,29.962,o2meter,decreasing,7,c_03,G
20210920,0,b_25,9,18,27.272,o2meter,decreasing,7,c_03,G
20210922,2,b_25,4,18,31.481,o2meter,decreasing,7,c_03,G
20210922,2,b_25,9,18,28.912,o2meter,decreasing,7,c_03,G
20210924,4,b_25,4,18,28.741,o2meter,decreasing,7,c_03,G
20210924,4,b_25,9,18,26.911,o2meter,decreasing,7,c_03,G
20210927,7,b_25,4,18,25.766,o2meter,decreasing,7,c_03,G
20210927,7,b_25,9,18,24.697,o2meter,decreasing,7,c_03,G
20210929,9,b_25,4,18,26.74,o2meter,decreasing,7,c_03,G
20210929,9,b_25,9,18,24.645,o2meter,decreasing,7,c_03,G
20211001,11,b_25,4,18,26.849,o2meter,decreasing,7,c_03,G
20211001,11,b_25,9,18,25.591,o2meter,decreasing,7,c_03,G
20211004,14,b_25,4,18,25.293,o2meter,decreasing,7,c_03,G
20211004,14,b_25,9,18,24.183,o2meter,decreasing,7,c_03,G
20211006,16,b_25,4,18,26.617,o2meter,decreasing,7,c_03,G
20211006,16,b_25,9,18,25.139,o2meter,decreasing,7,c_03,G
20211008,18,b_25,4,18,26.019,o2meter,decreasing,7,c_03,G
20211008,18,b_25,9,18,24.773,o2meter,decreasing,7,c_03,G
20211011,21,b_25,4,18,24.483,o2meter,decreasing,7,c_03,G
20211011,21,b_25,9,18,23.488,o2meter,decreasing,7,c_03,G
20211013,23,b_25,4,18,26.036,o2meter,decreasing,7,c_03,G
20211013,23,b_25,9,18,24.736,o2meter,decreasing,7,c_03,G
20211015,25,b_25,4,18,27.925,o2meter,decreasing,7,c_03,G
20211015,25,b_25,9,18,28.173,o2meter,decreasing,7,c_03,G
20211018,28,b_25,4,18,26.12,o2meter,decreasing,7,c_03,G
20211018,28,b_25,9,18,26.339,o2meter,decreasing,7,c_03,G
20211020,30,b_25,4,18,26.887,o2meter,decreasing,7,c_03,G
20211020,30,b_25,9,18,25.453,o2meter,decreasing,7,c_03,G
20211022,32,b_25,4,18,27.222,o2meter,decreasing,7,c_03,G
20211022,32,b_25,9,18,26.931,o2meter,decreasing,7,c_03,G
20211025,35,b_25,4,18,26.097,o2meter,decreasing,7,c_03,G
20211025,35,b_25,9,18,25.343,o2meter,decreasing,7,c_03,G
20211027,37,b_25,4,18,27.545,o2meter,decreasing,7,c_03,G
20211027,37,b_25,9,18,26.914,o2meter,decreasing,7,c_03,G
20211029,39,b_25,4,18,27.771,o2meter,decreasing,7,c_03,G
20211029,39,b_25,9,18,27.691,o2meter,decreasing,7,c_03,G
20211101,42,b_25,4,18,25.206,o2meter,decreasing,7,c_03,G
20211101,42,b_25,9,18,23.547,o2meter,decreasing,7,c_03,G
20211103,44,b_25,4,18,28.716,o2meter,decreasing,7,c_03,G
20211103,44,b_25,9,18,27.796,o2meter,decreasing,7,c_03,G
20211105,46,b_25,4,18,26.052,o2meter,decreasing,7,c_03,G
20211105,46,b_25,9,18,26.042,o2meter,decreasing,7,c_03,G
20211108,49,b_25,4,18,25.376,o2meter,decreasing,7,c_03,G
20211108,49,b_25,9,18,25.081,o2meter,decreasing,7,c_03,G
20211110,51,b_25,4,18,27.315,o2meter,decreasing,7,c_03,G
20211110,51,b_25,9,18,25.906,o2meter,decreasing,7,c_03,G
20211112,53,b_25,4,18,26.937,o2meter,decreasing,7,c_03,G
20211112,53,b_25,9,18,26.172,o2meter,decreasing,7,c_03,G
20211115,56,b_25,4,18,26.947,o2meter,decreasing,7,c_03,G
20211115,56,b_25,9,18,26.985,o2meter,decreasing,7,c_03,G
20211117,58,b_25,4,18,27.759,o2meter,decreasing,7,c_03,G
20211117,58,b_25,9,18,27.621,o2meter,decreasing,7,c_03,G
20211119,60,b_25,4,18,27.703,o2meter,decreasing,7,c_03,G
20211119,60,b_25,9,18,28.133,o2meter,decreasing,7,c_03,G
20211122,63,b_25,4,18,27.329,o2meter,decreasing,7,c_03,G
20211122,63,b_25,9,18,27.122,o2meter,decreasing,7,c_03,G
20211124,65,b_25,4,18,26.929,o2meter,decreasing,7,c_03,G
20211124,65,b_25,9,18,25.588,o2meter,decreasing,7,c_03,G
20211126,67,b_25,4,18,30.394,o2meter,decreasing,7,c_03,G
20211126,67,b_25,9,18,30.322,o2meter,decreasing,7,c_03,G
20211129,70,b_25,4,18,28.909,o2meter,decreasing,7,c_03,G
20211129,70,b_25,9,18,28.644,o2meter,decreasing,7,c_03,G
20211203,74,b_25,4,18,27.179,o2meter,decreasing,7,c_03,G
20211203,74,b_25,9,18,25.639,o2meter,decreasing,7,c_03,G
20211206,77,b_25,4,18,27.432,o2meter,decreasing,7,c_03,G
20211206,77,b_25,9,18,26.569,o2meter,decreasing,7,c_03,G
20211208,79,b_25,4,18,26.122,o2meter,decreasing,7,c_03,G
20211208,79,b_25,9,18,24.731,o2meter,decreasing,7,c_03,G
20211210,81,b_25,4,18,28.239,o2meter,decreasing,7,c_03,G
20211210,81,b_25,9,18,28.406,o2meter,decreasing,7,c_03,G
20211213,84,b_25,4,18,25.848,o2meter,decreasing,7,c_03,G
20211213,84,b_25,9,18,24.301,o2meter,decreasing,7,c_03,G
20211215,86,b_25,4,18,28.856,o2meter,decreasing,7,c_03,G
20211215,86,b_25,9,18,28.83,o2meter,decreasing,7,c_03,G
20211217,88,b_25,4,18,28.638,o2meter,decreasing,7,c_03,G
20211217,88,b_25,9,18,28.691,o2meter,decreasing,7,c_03,G
20211220,91,b_25,4,18,27.016,o2meter,decreasing,7,c_03,G
20211220,91,b_25,9,18,26.946,o2meter,decreasing,7,c_03,G
20211222,93,b_25,4,18,28.478,o2meter,decreasing,7,c_03,G
20211222,93,b_25,9,18,28.956,o2meter,decreasing,7,c_03,G
20211224,95,b_25,4,18,27.759,o2meter,decreasing,7,c_03,G
20211224,95,b_25,9,18,26.456,o2meter,decreasing,7,c_03,G
20211227,98,b_25,4,18,27.275,o2meter,decreasing,7,c_03,G
20211227,98,b_25,9,18,27.96,o2meter,decreasing,7,c_03,G
20211229,100,b_25,4,18,27.879,o2meter,decreasing,7,c_03,G
20211229,100,b_25,9,18,28.442,o2meter,decreasing,7,c_03,G
20211231,102,b_25,4,18,27.969,o2meter,decreasing,7,c_03,G
20211231,102,b_25,9,18,28.025,o2meter,decreasing,7,c_03,G
20220103,105,b_25,4,18,27.534,o2meter,decreasing,7,c_03,G
20220103,105,b_25,9,18,28.347,o2meter,decreasing,7,c_03,G
20220105,107,b_25,4,18,28.324,o2meter,decreasing,7,c_03,G
20220105,107,b_25,9,18,28.486,o2meter,decreasing,7,c_03,G
20220107,109,b_25,4,18,27.711,o2meter,decreasing,7,c_03,G
20220107,109,b_25,9,18,26.183,o2meter,decreasing,7,c_03,G
20220110,112,b_25,4,18,26.443,o2meter,decreasing,7,c_03,G
20220110,112,b_25,9,18,25.181,o2meter,decreasing,7,c_03,G
20220112,114,b_25,4,18,27.502,o2meter,decreasing,7,c_03,G
20220112,114,b_25,9,18,26.066,o2meter,decreasing,7,c_03,G
20220114,116,b_25,4,18,28.33,o2meter,decreasing,7,c_03,G
20220114,116,b_25,9,18,26.024,o2meter,decreasing,7,c_03,G
20220117,119,b_25,4,18,26.422,o2meter,decreasing,7,c_03,G
20220117,119,b_25,9,18,24.92,o2meter,decreasing,7,c_03,G
20220119,121,b_25,4,18,27.712,o2meter,decreasing,7,c_03,G
20220119,121,b_25,9,18,25.655,o2meter,decreasing,7,c_03,G
20220121,123,b_25,4,18,26.032,o2meter,decreasing,7,c_03,G
20220121,123,b_25,9,18,24.058,o2meter,decreasing,7,c_03,G
20220124,126,b_25,4,18,25.89,o2meter,decreasing,7,c_03,G
20220124,126,b_25,9,18,24.253,o2meter,decreasing,7,c_03,G
20220126,128,b_25,4,18,26.474,o2meter,decreasing,7,c_03,G
20220126,128,b_25,9,18,24.781,o2meter,decreasing,7,c_03,G
20220128,130,b_25,4,18,27.203,o2meter,decreasing,7,c_03,G
20220128,130,b_25,9,18,26.396,o2meter,decreasing,7,c_03,G
20220131,133,b_25,4,18,26.144,o2meter,decreasing,7,c_03,G
20220131,133,b_25,9,18,24.106,o2meter,decreasing,7,c_03,G
20220202,135,b_25,4,18,28.803,o2meter,decreasing,7,c_03,G
20220202,135,b_25,9,18,26.124,o2meter,decreasing,7,c_03,G
20220204,137,b_25,4,18,29.045,o2meter,decreasing,7,c_03,G
20220204,137,b_25,9,18,30.786,o2meter,decreasing,7,c_03,G
20220207,140,b_25,4,18,27.93,o2meter,decreasing,7,c_03,G
20220207,140,b_25,9,18,29,o2meter,decreasing,7,c_03,G
20220209,142,b_25,4,18,30.507,o2meter,decreasing,7,c_03,G
20220209,142,b_25,9,18,32.298,o2meter,decreasing,7,c_03,G
20220211,144,b_25,4,18,31.18,o2meter,decreasing,7,c_03,G
20220211,144,b_25,9,18,31.221,o2meter,decreasing,7,c_03,G
20220214,147,b_25,4,18,29.722,o2meter,decreasing,7,c_03,G
20220214,147,b_25,9,18,32.292,o2meter,decreasing,7,c_03,G
20220216,149,b_25,4,18,31.542,o2meter,decreasing,7,c_03,G
20220216,149,b_25,9,18,33.225,o2meter,decreasing,7,c_03,G
20220218,151,b_25,4,18,30.128,o2meter,decreasing,7,c_03,G
20220218,151,b_25,9,18,31.285,o2meter,decreasing,7,c_03,G
20220221,154,b_25,4,18,29.513,o2meter,decreasing,7,c_03,G
20220221,154,b_25,9,18,30.136,o2meter,decreasing,7,c_03,G
20220223,156,b_25,4,18,31.211,o2meter,decreasing,7,c_03,G
20220223,156,b_25,9,18,31.313,o2meter,decreasing,7,c_03,G
20220225,158,b_25,4,18,30.927,o2meter,decreasing,7,c_03,G
20220225,158,b_25,9,18,25.398,o2meter,decreasing,7,c_03,G
20220228,161,b_25,4,18,30.307,o2meter,decreasing,7,c_03,G
20220228,161,b_25,9,18,27.006,o2meter,decreasing,7,c_03,G
20220302,163,b_25,4,18,30.47,o2meter,decreasing,7,c_03,G
20220302,163,b_25,9,18,30.944,o2meter,decreasing,7,c_03,G
20220304,165,b_25,4,18,28.549,o2meter,decreasing,7,c_03,G
20220304,165,b_25,9,18,26.231,o2meter,decreasing,7,c_03,G
20220307,168,b_25,4,18,28.138,o2meter,decreasing,7,c_03,G
20220307,168,b_25,9,18,26.859,o2meter,decreasing,7,c_03,G
20220309,170,b_25,4,18,30.732,o2meter,decreasing,7,c_03,G
20220309,170,b_25,9,18,30.227,o2meter,decreasing,7,c_03,G
20220311,172,b_25,4,18,30.431,o2meter,decreasing,7,c_03,G
20220311,172,b_25,9,18,31.548,o2meter,decreasing,7,c_03,G
20220314,175,b_25,4,18,28.606,o2meter,decreasing,7,c_03,G
20220314,175,b_25,9,18,28.928,o2meter,decreasing,7,c_03,G
20220316,177,b_25,4,18,33.61,o2meter,decreasing,7,c_03,G
20220316,177,b_25,9,18,34.515,o2meter,decreasing,7,c_03,G
20220318,179,b_25,4,18,23.01,o2meter,decreasing,7,c_03,G
20220318,179,b_25,9,18,23.435,o2meter,decreasing,7,c_03,G
20220321,182,b_25,4,18,25.857,o2meter,decreasing,7,c_03,G
20220321,182,b_25,9,18,26.419,o2meter,decreasing,7,c_03,G
20220323,184,b_25,4,18,30.253,o2meter,decreasing,7,c_03,G
20220323,184,b_25,9,18,29.197,o2meter,decreasing,7,c_03,G
20220325,186,b_25,4,18,22.189,o2meter,decreasing,7,c_03,G
20220325,186,b_25,9,18,22.758,o2meter,decreasing,7,c_03,G
20220328,189,b_25,4,18,22.311,o2meter,decreasing,7,c_03,G
20220328,189,b_25,9,18,23.469,o2meter,decreasing,7,c_03,G
20220330,191,b_25,4,18,23.285,o2meter,decreasing,7,c_03,G
20220330,191,b_25,9,18,22.496,o2meter,decreasing,7,c_03,G
20220401,193,b_25,4,18,20.683,o2meter,decreasing,7,c_03,G
20220401,193,b_25,9,18,21.741,o2meter,decreasing,7,c_03,G
20220404,196,b_25,4,18,21.161,o2meter,decreasing,7,c_03,G
20220404,196,b_25,9,18,21.946,o2meter,decreasing,7,c_03,G
20220406,198,b_25,4,18,24.465,o2meter,decreasing,7,c_03,G
20220406,198,b_25,9,18,24.427,o2meter,decreasing,7,c_03,G
20220408,200,b_25,4,18,22.564,o2meter,decreasing,7,c_03,G
20220408,200,b_25,9,18,23.558,o2meter,decreasing,7,c_03,G
20220411,203,b_25,4,18,23.343,o2meter,decreasing,7,c_03,G
20220411,203,b_25,9,18,23.366,o2meter,decreasing,7,c_03,G
20220413,205,b_25,4,18,23.928,o2meter,decreasing,7,c_03,G
20220413,205,b_25,9,18,23.468,o2meter,decreasing,7,c_03,G
20220415,207,b_25,4,18,24.564,o2meter,decreasing,7,c_03,G
20220415,207,b_25,9,18,24.574,o2meter,decreasing,7,c_03,G
20220418,210,b_25,4,18,24.193,o2meter,decreasing,7,c_03,G
20220418,210,b_25,9,18,24.702,o2meter,decreasing,7,c_03,G
20220420,212,b_25,4,18,23.599,o2meter,decreasing,7,c_03,G
20220420,212,b_25,9,18,23.979,o2meter,decreasing,7,c_03,G
20220422,214,b_25,4,18,23.472,o2meter,decreasing,7,c_03,G
20220422,214,b_25,9,18,24.567,o2meter,decreasing,7,c_03,G
20220425,217,b_25,4,18,23.771,o2meter,decreasing,7,c_03,G
20220425,217,b_25,9,18,24.062,o2meter,decreasing,7,c_03,G
20220427,219,b_25,4,18,24.941,o2meter,decreasing,7,c_03,G
20220427,219,b_25,9,18,25.091,o2meter,decreasing,7,c_03,G
20220429,221,b_25,4,18,22.719,o2meter,decreasing,7,c_03,G
20220429,221,b_25,9,18,22.906,o2meter,decreasing,7,c_03,G
20220502,224,b_25,4,18,24.675,o2meter,decreasing,7,c_03,G
20220502,224,b_25,9,18,24.731,o2meter,decreasing,7,c_03,G
20220504,226,b_25,4,18,24.199,o2meter,decreasing,7,c_03,G
20220504,226,b_25,9,18,23.816,o2meter,decreasing,7,c_03,G
20220506,228,b_25,4,18,23.595,o2meter,decreasing,7,c_03,G
20220506,228,b_25,9,18,23.242,o2meter,decreasing,7,c_03,G
20220509,231,b_25,4,18,23.538,o2meter,decreasing,7,c_03,G
20220509,231,b_25,9,18,23.905,o2meter,decreasing,7,c_03,G
20220511,233,b_25,4,18,23.764,o2meter,decreasing,7,c_03,G
20220511,233,b_25,9,18,23.736,o2meter,decreasing,7,c_03,G
20220513,235,b_25,4,18,23.217,o2meter,decreasing,7,c_03,G
20220513,235,b_25,9,18,23.581,o2meter,decreasing,7,c_03,G
20220516,238,b_25,4,18,23.664,o2meter,decreasing,7,c_03,G
20220516,238,b_25,9,18,23.628,o2meter,decreasing,7,c_03,G
20220518,240,b_25,4,18,24.818,o2meter,decreasing,7,c_03,G
20220518,240,b_25,9,18,24.546,o2meter,decreasing,7,c_03,G
20220520,242,b_25,4,18,24.253,o2meter,decreasing,7,c_03,G
20220520,242,b_25,9,18,24.308,o2meter,decreasing,7,c_03,G
20220523,245,b_25,4,18,25.537,o2meter,decreasing,7,c_03,G
20220523,245,b_25,9,18,25.708,o2meter,decreasing,7,c_03,G
20220525,247,b_25,4,18,24.694,o2meter,decreasing,7,c_03,G
20220525,247,b_25,9,18,23.561,o2meter,decreasing,7,c_03,G
20220527,249,b_25,4,18,25.879,o2meter,decreasing,7,c_03,G
20220527,249,b_25,9,18,25.996,o2meter,decreasing,7,c_03,G
20220530,252,b_25,4,18,24.631,o2meter,decreasing,7,c_03,G
20220530,252,b_25,9,18,24.678,o2meter,decreasing,7,c_03,G
20220601,254,b_25,4,18,23.873,o2meter,decreasing,7,c_03,G
20220601,254,b_25,9,18,24.2,o2meter,decreasing,7,c_03,G
20220603,256,b_25,4,18,25.083,o2meter,decreasing,7,c_03,G
20220603,256,b_25,9,18,24.956,o2meter,decreasing,7,c_03,G
20220606,259,b_25,4,18,26.58,o2meter,decreasing,7,c_03,G
20220606,259,b_25,9,18,26.333,o2meter,decreasing,7,c_03,G
20220608,261,b_25,4,18,25.775,o2meter,decreasing,7,c_03,G
20220608,261,b_25,9,18,24.958,o2meter,decreasing,7,c_03,G
20220610,263,b_25,4,18,24.293,o2meter,decreasing,7,c_03,G
20220610,263,b_25,9,18,24.062,o2meter,decreasing,7,c_03,G
20220613,266,b_25,4,18,25.887,o2meter,decreasing,7,c_03,G
20220613,266,b_25,9,18,25.599,o2meter,decreasing,7,c_03,G
20220615,268,b_25,4,18,24.021,o2meter,decreasing,7,c_03,G
20220615,268,b_25,9,18,24.678,o2meter,decreasing,7,c_03,G
20220617,270,b_25,4,18,23.894,o2meter,decreasing,7,c_03,G
20220617,270,b_25,9,18,23.832,o2meter,decreasing,7,c_03,G
20220620,273,b_25,4,18,24.135,o2meter,decreasing,7,c_03,G
20220620,273,b_25,9,18,24.163,o2meter,decreasing,7,c_03,G
20220622,275,b_25,4,18,24.645,o2meter,decreasing,7,c_03,G
20220622,275,b_25,9,18,24.135,o2meter,decreasing,7,c_03,G
20220624,277,b_25,4,18,24.12,o2meter,decreasing,7,c_03,G
20220624,277,b_25,9,18,24.342,o2meter,decreasing,7,c_03,G
20220627,280,b_25,4,18,24.725,o2meter,decreasing,7,c_03,G
20220627,280,b_25,9,18,24.255,o2meter,decreasing,7,c_03,G
20220629,282,b_25,4,18,23.994,o2meter,decreasing,7,c_03,G
20220629,282,b_25,9,18,24.269,o2meter,decreasing,7,c_03,G
20220704,287,b_25,4,18,25.356,o2meter,decreasing,7,c_03,G
20220704,287,b_25,9,18,25.317,o2meter,decreasing,7,c_03,G
20210920,0,b_26,4,18,25.52,o2meter,decreasing,14,c_15,G
20210920,0,b_26,9,18,23.904,o2meter,decreasing,14,c_15,G
20210922,2,b_26,4,18,27.085,o2meter,decreasing,14,c_15,G
20210922,2,b_26,9,18,25.893,o2meter,decreasing,14,c_15,G
20210924,4,b_26,4,18,26.743,o2meter,decreasing,14,c_15,G
20210924,4,b_26,9,18,25.112,o2meter,decreasing,14,c_15,G
20210927,7,b_26,4,18,25.727,o2meter,decreasing,14,c_15,G
20210927,7,b_26,9,18,24.293,o2meter,decreasing,14,c_15,G
20210929,9,b_26,4,18,28.965,o2meter,decreasing,14,c_15,G
20210929,9,b_26,9,18,26.385,o2meter,decreasing,14,c_15,G
20211001,11,b_26,4,18,29.264,o2meter,decreasing,14,c_15,G
20211001,11,b_26,9,18,29.032,o2meter,decreasing,14,c_15,G
20211004,14,b_26,4,18,28.172,o2meter,decreasing,14,c_15,G
20211004,14,b_26,9,18,26.825,o2meter,decreasing,14,c_15,G
20211006,16,b_26,4,18,29.243,o2meter,decreasing,14,c_15,G
20211006,16,b_26,9,18,28.122,o2meter,decreasing,14,c_15,G
20211008,18,b_26,4,18,28.605,o2meter,decreasing,14,c_15,G
20211008,18,b_26,9,18,28.346,o2meter,decreasing,14,c_15,G
20211011,21,b_26,4,18,28.932,o2meter,decreasing,14,c_15,G
20211011,21,b_26,9,18,28.118,o2meter,decreasing,14,c_15,G
20211013,23,b_26,4,18,29.802,o2meter,decreasing,14,c_15,G
20211013,23,b_26,9,18,26.705,o2meter,decreasing,14,c_15,G
20211015,25,b_26,4,18,27.558,o2meter,decreasing,14,c_15,G
20211015,25,b_26,9,18,25.557,o2meter,decreasing,14,c_15,G
20211018,28,b_26,4,18,26.275,o2meter,decreasing,14,c_15,G
20211018,28,b_26,9,18,24.469,o2meter,decreasing,14,c_15,G
20211020,30,b_26,4,18,29.626,o2meter,decreasing,14,c_15,G
20211020,30,b_26,9,18,27.118,o2meter,decreasing,14,c_15,G
20211022,32,b_26,4,18,26.373,o2meter,decreasing,14,c_15,G
20211022,32,b_26,9,18,24.568,o2meter,decreasing,14,c_15,G
20211025,35,b_26,4,18,26.6,o2meter,decreasing,14,c_15,G
20211025,35,b_26,9,18,25.19,o2meter,decreasing,14,c_15,G
20211027,37,b_26,4,18,26.727,o2meter,decreasing,14,c_15,G
20211027,37,b_26,9,18,24.82,o2meter,decreasing,14,c_15,G
20211029,39,b_26,4,18,27.021,o2meter,decreasing,14,c_15,G
20211029,39,b_26,9,18,25.277,o2meter,decreasing,14,c_15,G
20211101,42,b_26,4,18,28.05,o2meter,decreasing,14,c_15,G
20211101,42,b_26,9,18,28.218,o2meter,decreasing,14,c_15,G
20211103,44,b_26,4,18,30.402,o2meter,decreasing,14,c_15,G
20211103,44,b_26,9,18,30.283,o2meter,decreasing,14,c_15,G
20211105,46,b_26,4,18,26.941,o2meter,decreasing,14,c_15,G
20211105,46,b_26,9,18,26.13,o2meter,decreasing,14,c_15,G
20211108,49,b_26,4,18,26.183,o2meter,decreasing,14,c_15,G
20211108,49,b_26,9,18,25.886,o2meter,decreasing,14,c_15,G
20211110,51,b_26,4,18,28.152,o2meter,decreasing,14,c_15,G
20211110,51,b_26,9,18,27.65,o2meter,decreasing,14,c_15,G
20211112,53,b_26,4,18,26.353,o2meter,decreasing,14,c_15,G
20211112,53,b_26,9,18,25.481,o2meter,decreasing,14,c_15,G
20211115,56,b_26,4,18,25.971,o2meter,decreasing,14,c_15,G
20211115,56,b_26,9,18,25.895,o2meter,decreasing,14,c_15,G
20211117,58,b_26,4,18,26.08,o2meter,decreasing,14,c_15,G
20211117,58,b_26,9,18,25.056,o2meter,decreasing,14,c_15,G
20211119,60,b_26,4,18,26.124,o2meter,decreasing,14,c_15,G
20211119,60,b_26,9,18,24.438,o2meter,decreasing,14,c_15,G
20211122,63,b_26,4,18,25.72,o2meter,decreasing,14,c_15,G
20211122,63,b_26,9,18,24.532,o2meter,decreasing,14,c_15,G
20211124,65,b_26,4,18,27.822,o2meter,decreasing,14,c_15,G
20211124,65,b_26,9,18,27.806,o2meter,decreasing,14,c_15,G
20211126,67,b_26,4,18,27.748,o2meter,decreasing,14,c_15,G
20211126,67,b_26,9,18,27.665,o2meter,decreasing,14,c_15,G
20211129,70,b_26,4,18,27.56,o2meter,decreasing,14,c_15,G
20211129,70,b_26,9,18,27.175,o2meter,decreasing,14,c_15,G
20211203,74,b_26,4,18,26.115,o2meter,decreasing,14,c_15,G
20211203,74,b_26,9,18,25.615,o2meter,decreasing,14,c_15,G
20211206,77,b_26,4,18,25.442,o2meter,decreasing,14,c_15,G
20211206,77,b_26,9,18,25.266,o2meter,decreasing,14,c_15,G
20211208,79,b_26,4,18,24.904,o2meter,decreasing,14,c_15,G
20211208,79,b_26,9,18,25.399,o2meter,decreasing,14,c_15,G
20211210,81,b_26,4,18,27.039,o2meter,decreasing,14,c_15,G
20211210,81,b_26,9,18,26.734,o2meter,decreasing,14,c_15,G
20211213,84,b_26,4,18,24.395,o2meter,decreasing,14,c_15,G
20211213,84,b_26,9,18,23.782,o2meter,decreasing,14,c_15,G
20211215,86,b_26,4,18,26.273,o2meter,decreasing,14,c_15,G
20211215,86,b_26,9,18,25.894,o2meter,decreasing,14,c_15,G
20211217,88,b_26,4,18,25.963,o2meter,decreasing,14,c_15,G
20211217,88,b_26,9,18,25.783,o2meter,decreasing,14,c_15,G
20211220,91,b_26,4,18,25.419,o2meter,decreasing,14,c_15,G
20211220,91,b_26,9,18,25.082,o2meter,decreasing,14,c_15,G
20211222,93,b_26,4,18,26.479,o2meter,decreasing,14,c_15,G
20211222,93,b_26,9,18,26.395,o2meter,decreasing,14,c_15,G
20211224,95,b_26,4,18,26.212,o2meter,decreasing,14,c_15,G
20211224,95,b_26,9,18,25.39,o2meter,decreasing,14,c_15,G
20211227,98,b_26,4,18,25.392,o2meter,decreasing,14,c_15,G
20211227,98,b_26,9,18,23.847,o2meter,decreasing,14,c_15,G
20211229,100,b_26,4,18,25.704,o2meter,decreasing,14,c_15,G
20211229,100,b_26,9,18,24.132,o2meter,decreasing,14,c_15,G
20211231,102,b_26,4,18,25.274,o2meter,decreasing,14,c_15,G
20211231,102,b_26,9,18,24.086,o2meter,decreasing,14,c_15,G
20220103,105,b_26,4,18,25.577,o2meter,decreasing,14,c_15,G
20220103,105,b_26,9,18,24.165,o2meter,decreasing,14,c_15,G
20220105,107,b_26,4,18,25.66,o2meter,decreasing,14,c_15,G
20220105,107,b_26,9,18,24.374,o2meter,decreasing,14,c_15,G
20220107,109,b_26,4,18,25.554,o2meter,decreasing,14,c_15,G
20220107,109,b_26,9,18,23.811,o2meter,decreasing,14,c_15,G
20220110,112,b_26,4,18,24.548,o2meter,decreasing,14,c_15,G
20220110,112,b_26,9,18,22.827,o2meter,decreasing,14,c_15,G
20220112,114,b_26,4,18,25.425,o2meter,decreasing,14,c_15,G
20220112,114,b_26,9,18,23.531,o2meter,decreasing,14,c_15,G
20220114,116,b_26,4,18,27.816,o2meter,decreasing,14,c_15,G
20220114,116,b_26,9,18,25.188,o2meter,decreasing,14,c_15,G
20220117,119,b_26,4,18,24.933,o2meter,decreasing,14,c_15,G
20220117,119,b_26,9,18,23.34,o2meter,decreasing,14,c_15,G
20220119,121,b_26,4,18,26.468,o2meter,decreasing,14,c_15,G
20220119,121,b_26,9,18,24.107,o2meter,decreasing,14,c_15,G
20220121,123,b_26,4,18,27.931,o2meter,decreasing,14,c_15,G
20220121,123,b_26,9,18,28.089,o2meter,decreasing,14,c_15,G
20220124,126,b_26,4,18,26.828,o2meter,decreasing,14,c_15,G
20220124,126,b_26,9,18,26.957,o2meter,decreasing,14,c_15,G
20220126,128,b_26,4,18,27.898,o2meter,decreasing,14,c_15,G
20220126,128,b_26,9,18,28.157,o2meter,decreasing,14,c_15,G
20220128,130,b_26,4,18,27.912,o2meter,decreasing,14,c_15,G
20220128,130,b_26,9,18,27.534,o2meter,decreasing,14,c_15,G
20220131,133,b_26,4,18,27.648,o2meter,decreasing,14,c_15,G
20220131,133,b_26,9,18,27.81,o2meter,decreasing,14,c_15,G
20220202,135,b_26,4,18,30.068,o2meter,decreasing,14,c_15,G
20220202,135,b_26,9,18,29.839,o2meter,decreasing,14,c_15,G
20220204,137,b_26,4,18,26.853,o2meter,decreasing,14,c_15,G
20220204,137,b_26,9,18,27.26,o2meter,decreasing,14,c_15,G
20220207,140,b_26,4,18,25.954,o2meter,decreasing,14,c_15,G
20220207,140,b_26,9,18,26.311,o2meter,decreasing,14,c_15,G
20220209,142,b_26,4,18,26.533,o2meter,decreasing,14,c_15,G
20220209,142,b_26,9,18,27.267,o2meter,decreasing,14,c_15,G
20220211,144,b_26,4,18,26.734,o2meter,decreasing,14,c_15,G
20220211,144,b_26,9,18,25.494,o2meter,decreasing,14,c_15,G
20220214,147,b_26,4,18,25.254,o2meter,decreasing,14,c_15,G
20220214,147,b_26,9,18,25.886,o2meter,decreasing,14,c_15,G
20220216,149,b_26,4,18,26.378,o2meter,decreasing,14,c_15,G
20220216,149,b_26,9,18,24.158,o2meter,decreasing,14,c_15,G
20220218,151,b_26,4,18,26.742,o2meter,decreasing,14,c_15,G
20220218,151,b_26,9,18,24.38,o2meter,decreasing,14,c_15,G
20220221,154,b_26,4,18,26.366,o2meter,decreasing,14,c_15,G
20220221,154,b_26,9,18,24.428,o2meter,decreasing,14,c_15,G
20220223,156,b_26,4,18,27.695,o2meter,decreasing,14,c_15,G
20220223,156,b_26,9,18,25.376,o2meter,decreasing,14,c_15,G
20220225,158,b_26,4,18,26.555,o2meter,decreasing,14,c_15,G
20220225,158,b_26,9,18,24.459,o2meter,decreasing,14,c_15,G
20220228,161,b_26,4,18,26.333,o2meter,decreasing,14,c_15,G
20220228,161,b_26,9,18,24.98,o2meter,decreasing,14,c_15,G
20220302,163,b_26,4,18,28.935,o2meter,decreasing,14,c_15,G
20220302,163,b_26,9,18,28.205,o2meter,decreasing,14,c_15,G
20220304,165,b_26,4,18,29.432,o2meter,decreasing,14,c_15,G
20220304,165,b_26,9,18,28.192,o2meter,decreasing,14,c_15,G
20220307,168,b_26,4,18,27.349,o2meter,decreasing,14,c_15,G
20220307,168,b_26,9,18,27.679,o2meter,decreasing,14,c_15,G
20220309,170,b_26,4,18,28.491,o2meter,decreasing,14,c_15,G
20220309,170,b_26,9,18,28.206,o2meter,decreasing,14,c_15,G
20220311,172,b_26,4,18,28.888,o2meter,decreasing,14,c_15,G
20220311,172,b_26,9,18,28.61,o2meter,decreasing,14,c_15,G
20220314,175,b_26,4,18,28.208,o2meter,decreasing,14,c_15,G
20220314,175,b_26,9,18,27.842,o2meter,decreasing,14,c_15,G
20220316,177,b_26,4,18,31.706,o2meter,decreasing,14,c_15,G
20220316,177,b_26,9,18,30.566,o2meter,decreasing,14,c_15,G
20220318,179,b_26,4,18,26.793,o2meter,decreasing,14,c_15,G
20220318,179,b_26,9,18,26.041,o2meter,decreasing,14,c_15,G
20220321,182,b_26,4,18,26.303,o2meter,decreasing,14,c_15,G
20220321,182,b_26,9,18,26.474,o2meter,decreasing,14,c_15,G
20220323,184,b_26,4,18,28.104,o2meter,decreasing,14,c_15,G
20220323,184,b_26,9,18,28.039,o2meter,decreasing,14,c_15,G
20220325,186,b_26,4,18,26.424,o2meter,decreasing,14,c_15,G
20220325,186,b_26,9,18,26.209,o2meter,decreasing,14,c_15,G
20220328,189,b_26,4,18,26.671,o2meter,decreasing,14,c_15,G
20220328,189,b_26,9,18,26.33,o2meter,decreasing,14,c_15,G
20220330,191,b_26,4,18,26.685,o2meter,decreasing,14,c_15,G
20220330,191,b_26,9,18,23.59,o2meter,decreasing,14,c_15,G
20220401,193,b_26,4,18,23.373,o2meter,decreasing,14,c_15,G
20220401,193,b_26,9,18,22.981,o2meter,decreasing,14,c_15,G
20220404,196,b_26,4,18,24.267,o2meter,decreasing,14,c_15,G
20220404,196,b_26,9,18,23.705,o2meter,decreasing,14,c_15,G
20220406,198,b_26,4,18,25.29,o2meter,decreasing,14,c_15,G
20220406,198,b_26,9,18,24.689,o2meter,decreasing,14,c_15,G
20220408,200,b_26,4,18,24.253,o2meter,decreasing,14,c_15,G
20220408,200,b_26,9,18,23.865,o2meter,decreasing,14,c_15,G
20220411,203,b_26,4,18,25.247,o2meter,decreasing,14,c_15,G
20220411,203,b_26,9,18,25.189,o2meter,decreasing,14,c_15,G
20220413,205,b_26,4,18,25.785,o2meter,decreasing,14,c_15,G
20220413,205,b_26,9,18,25.093,o2meter,decreasing,14,c_15,G
20220415,207,b_26,4,18,25.36,o2meter,decreasing,14,c_15,G
20220415,207,b_26,9,18,23.858,o2meter,decreasing,14,c_15,G
20220418,210,b_26,4,18,27.021,o2meter,decreasing,14,c_15,G
20220418,210,b_26,9,18,26.472,o2meter,decreasing,14,c_15,G
20220420,212,b_26,4,18,26.589,o2meter,decreasing,14,c_15,G
20220420,212,b_26,9,18,26.43,o2meter,decreasing,14,c_15,G
20220422,214,b_26,4,18,26.941,o2meter,decreasing,14,c_15,G
20220422,214,b_26,9,18,26.434,o2meter,decreasing,14,c_15,G
20220425,217,b_26,4,18,27.319,o2meter,decreasing,14,c_15,G
20220425,217,b_26,9,18,26.472,o2meter,decreasing,14,c_15,G
20220427,219,b_26,4,18,27.271,o2meter,decreasing,14,c_15,G
20220427,219,b_26,9,18,26.826,o2meter,decreasing,14,c_15,G
20220429,221,b_26,4,18,27.717,o2meter,decreasing,14,c_15,G
20220429,221,b_26,9,18,27.137,o2meter,decreasing,14,c_15,G
20220502,224,b_26,4,18,29.192,o2meter,decreasing,14,c_15,G
20220502,224,b_26,9,18,27.11,o2meter,decreasing,14,c_15,G
20220504,226,b_26,4,18,26.274,o2meter,decreasing,14,c_15,G
20220504,226,b_26,9,18,25.678,o2meter,decreasing,14,c_15,G
20220506,228,b_26,4,18,27.126,o2meter,decreasing,14,c_15,G
20220506,228,b_26,9,18,26.293,o2meter,decreasing,14,c_15,G
20220509,231,b_26,4,18,27.884,o2meter,decreasing,14,c_15,G
20220509,231,b_26,9,18,26.908,o2meter,decreasing,14,c_15,G
20220511,233,b_26,4,18,27.255,o2meter,decreasing,14,c_15,G
20220511,233,b_26,9,18,26.58,o2meter,decreasing,14,c_15,G
20220513,235,b_26,4,18,27.461,o2meter,decreasing,14,c_15,G
20220513,235,b_26,9,18,26.526,o2meter,decreasing,14,c_15,G
20220516,238,b_26,4,18,27.475,o2meter,decreasing,14,c_15,G
20220516,238,b_26,9,18,27.391,o2meter,decreasing,14,c_15,G
20220518,240,b_26,4,18,26.89,o2meter,decreasing,14,c_15,G
20220518,240,b_26,9,18,26.672,o2meter,decreasing,14,c_15,G
20220520,242,b_26,4,18,26.235,o2meter,decreasing,14,c_15,G
20220520,242,b_26,9,18,26.001,o2meter,decreasing,14,c_15,G
20220523,245,b_26,4,18,28.291,o2meter,decreasing,14,c_15,G
20220523,245,b_26,9,18,27.459,o2meter,decreasing,14,c_15,G
20220525,247,b_26,4,18,27.207,o2meter,decreasing,14,c_15,G
20220525,247,b_26,9,18,26.624,o2meter,decreasing,14,c_15,G
20220527,249,b_26,4,18,25.666,o2meter,decreasing,14,c_15,G
20220527,249,b_26,9,18,26.267,o2meter,decreasing,14,c_15,G
20220530,252,b_26,4,18,25.492,o2meter,decreasing,14,c_15,G
20220530,252,b_26,9,18,25.683,o2meter,decreasing,14,c_15,G
20220601,254,b_26,4,18,25.506,o2meter,decreasing,14,c_15,G
20220601,254,b_26,9,18,25.281,o2meter,decreasing,14,c_15,G
20220603,256,b_26,4,18,25.674,o2meter,decreasing,14,c_15,G
20220603,256,b_26,9,18,25.956,o2meter,decreasing,14,c_15,G
20220606,259,b_26,4,18,26.869,o2meter,decreasing,14,c_15,G
20220606,259,b_26,9,18,25.606,o2meter,decreasing,14,c_15,G
20220608,261,b_26,4,18,25.983,o2meter,decreasing,14,c_15,G
20220608,261,b_26,9,18,26.333,o2meter,decreasing,14,c_15,G
20220610,263,b_26,4,18,25.273,o2meter,decreasing,14,c_15,G
20220610,263,b_26,9,18,25.44,o2meter,decreasing,14,c_15,G
20220613,266,b_26,4,18,27.187,o2meter,decreasing,14,c_15,G
20220613,266,b_26,9,18,27.524,o2meter,decreasing,14,c_15,G
20220615,268,b_26,4,18,26.459,o2meter,decreasing,14,c_15,G
20220615,268,b_26,9,18,25.929,o2meter,decreasing,14,c_15,G
20220617,270,b_26,4,18,26.791,o2meter,decreasing,14,c_15,G
20220617,270,b_26,9,18,26.133,o2meter,decreasing,14,c_15,G
20220620,273,b_26,4,18,27.499,o2meter,decreasing,14,c_15,G
20220620,273,b_26,9,18,27.681,o2meter,decreasing,14,c_15,G
20220622,275,b_26,4,18,26.759,o2meter,decreasing,14,c_15,G
20220622,275,b_26,9,18,26.114,o2meter,decreasing,14,c_15,G
20220624,277,b_26,4,18,27.099,o2meter,decreasing,14,c_15,G
20220624,277,b_26,9,18,26.658,o2meter,decreasing,14,c_15,G
20220627,280,b_26,4,18,27.891,o2meter,decreasing,14,c_15,G
20220627,280,b_26,9,18,27.334,o2meter,decreasing,14,c_15,G
20220629,282,b_26,4,18,26.661,o2meter,decreasing,14,c_15,G
20220629,282,b_26,9,18,26.367,o2meter,decreasing,14,c_15,G
20220704,287,b_26,4,18,27.675,o2meter,decreasing,14,c_15,G
20220704,287,b_26,9,18,27.648,o2meter,decreasing,14,c_15,G
20210920,0,b_27,4,18,33.952,o2meter,decreasing,10,c_10,G
20210920,0,b_27,9,18,32.949,o2meter,decreasing,10,c_10,G
20210922,2,b_27,4,18,38.36,o2meter,decreasing,10,c_10,G
20210922,2,b_27,9,18,36.997,o2meter,decreasing,10,c_10,G
20210924,4,b_27,4,18,36.096,o2meter,decreasing,10,c_10,G
20210924,4,b_27,9,18,32.759,o2meter,decreasing,10,c_10,G
20210927,7,b_27,4,18,31.553,o2meter,decreasing,10,c_10,G
20210927,7,b_27,9,18,30.597,o2meter,decreasing,10,c_10,G
20210929,9,b_27,4,18,27.646,o2meter,decreasing,10,c_10,G
20210929,9,b_27,9,18,27.111,o2meter,decreasing,10,c_10,G
20211001,11,b_27,4,18,26.088,o2meter,decreasing,10,c_10,G
20211001,11,b_27,9,18,25.898,o2meter,decreasing,10,c_10,G
20211004,14,b_27,4,18,24.215,o2meter,decreasing,10,c_10,G
20211004,14,b_27,9,18,23.281,o2meter,decreasing,10,c_10,G
20211006,16,b_27,4,18,24.558,o2meter,decreasing,10,c_10,G
20211006,16,b_27,9,18,23.679,o2meter,decreasing,10,c_10,G
20211008,18,b_27,4,18,24.04,o2meter,decreasing,10,c_10,G
20211008,18,b_27,9,18,23.512,o2meter,decreasing,10,c_10,G
20211011,21,b_27,4,18,23.24,o2meter,decreasing,10,c_10,G
20211011,21,b_27,9,18,22.705,o2meter,decreasing,10,c_10,G
20211013,23,b_27,4,18,23.929,o2meter,decreasing,10,c_10,G
20211013,23,b_27,9,18,23.401,o2meter,decreasing,10,c_10,G
20211015,25,b_27,4,18,25.22,o2meter,decreasing,10,c_10,G
20211015,25,b_27,9,18,25.324,o2meter,decreasing,10,c_10,G
20211018,28,b_27,4,18,24.122,o2meter,decreasing,10,c_10,G
20211018,28,b_27,9,18,24.101,o2meter,decreasing,10,c_10,G
20211020,30,b_27,4,18,25.132,o2meter,decreasing,10,c_10,G
20211020,30,b_27,9,18,25.188,o2meter,decreasing,10,c_10,G
20211022,32,b_27,4,18,24.489,o2meter,decreasing,10,c_10,G
20211022,32,b_27,9,18,24.57,o2meter,decreasing,10,c_10,G
20211025,35,b_27,4,18,23.913,o2meter,decreasing,10,c_10,G
20211025,35,b_27,9,18,23.829,o2meter,decreasing,10,c_10,G
20211027,37,b_27,4,18,24.659,o2meter,decreasing,10,c_10,G
20211027,37,b_27,9,18,23.904,o2meter,decreasing,10,c_10,G
20211029,39,b_27,4,18,25.274,o2meter,decreasing,10,c_10,G
20211029,39,b_27,9,18,25.28,o2meter,decreasing,10,c_10,G
20211101,42,b_27,4,18,23.514,o2meter,decreasing,10,c_10,G
20211101,42,b_27,9,18,23.098,o2meter,decreasing,10,c_10,G
20211103,44,b_27,4,18,24.439,o2meter,decreasing,10,c_10,G
20211103,44,b_27,9,18,24.249,o2meter,decreasing,10,c_10,G
20211105,46,b_27,4,18,23.372,o2meter,decreasing,10,c_10,G
20211105,46,b_27,9,18,23.041,o2meter,decreasing,10,c_10,G
20211108,49,b_27,4,18,22.983,o2meter,decreasing,10,c_10,G
20211108,49,b_27,9,18,22.508,o2meter,decreasing,10,c_10,G
20211110,51,b_27,4,18,23.666,o2meter,decreasing,10,c_10,G
20211110,51,b_27,9,18,23.284,o2meter,decreasing,10,c_10,G
20211112,53,b_27,4,18,23.833,o2meter,decreasing,10,c_10,G
20211112,53,b_27,9,18,23.309,o2meter,decreasing,10,c_10,G
20211115,56,b_27,4,18,23.169,o2meter,decreasing,10,c_10,G
20211115,56,b_27,9,18,23.245,o2meter,decreasing,10,c_10,G
20211117,58,b_27,4,18,23.525,o2meter,decreasing,10,c_10,G
20211117,58,b_27,9,18,23.481,o2meter,decreasing,10,c_10,G
20211119,60,b_27,4,18,23.54,o2meter,decreasing,10,c_10,G
20211119,60,b_27,9,18,22.918,o2meter,decreasing,10,c_10,G
20211122,63,b_27,4,18,22.956,o2meter,decreasing,10,c_10,G
20211122,63,b_27,9,18,22.445,o2meter,decreasing,10,c_10,G
20211124,65,b_27,4,18,23.62,o2meter,decreasing,10,c_10,G
20211124,65,b_27,9,18,23.56,o2meter,decreasing,10,c_10,G
20211126,67,b_27,4,18,23.59,o2meter,decreasing,10,c_10,G
20211126,67,b_27,9,18,23.818,o2meter,decreasing,10,c_10,G
20211129,70,b_27,4,18,22.733,o2meter,decreasing,10,c_10,G
20211129,70,b_27,9,18,22.481,o2meter,decreasing,10,c_10,G
20211203,74,b_27,4,18,22.95,o2meter,decreasing,10,c_10,G
20211203,74,b_27,9,18,22.29,o2meter,decreasing,10,c_10,G
20211206,77,b_27,4,18,22.649,o2meter,decreasing,10,c_10,G
20211206,77,b_27,9,18,22.375,o2meter,decreasing,10,c_10,G
20211208,79,b_27,4,18,21.983,o2meter,decreasing,10,c_10,G
20211208,79,b_27,9,18,21.737,o2meter,decreasing,10,c_10,G
20211210,81,b_27,4,18,23.078,o2meter,decreasing,10,c_10,G
20211210,81,b_27,9,18,22.72,o2meter,decreasing,10,c_10,G
20211213,84,b_27,4,18,23.028,o2meter,decreasing,10,c_10,G
20211213,84,b_27,9,18,22.564,o2meter,decreasing,10,c_10,G
20211215,86,b_27,4,18,22.734,o2meter,decreasing,10,c_10,G
20211215,86,b_27,9,18,22.286,o2meter,decreasing,10,c_10,G
20211217,88,b_27,4,18,23.051,o2meter,decreasing,10,c_10,G
20211217,88,b_27,9,18,22.526,o2meter,decreasing,10,c_10,G
20211220,91,b_27,4,18,22.242,o2meter,decreasing,10,c_10,G
20211220,91,b_27,9,18,22.021,o2meter,decreasing,10,c_10,G
20211222,93,b_27,4,18,22.812,o2meter,decreasing,10,c_10,G
20211222,93,b_27,9,18,22.475,o2meter,decreasing,10,c_10,G
20211224,95,b_27,4,18,22.831,o2meter,decreasing,10,c_10,G
20211224,95,b_27,9,18,22.676,o2meter,decreasing,10,c_10,G
20211227,98,b_27,4,18,22.12,o2meter,decreasing,10,c_10,G
20211227,98,b_27,9,18,21.921,o2meter,decreasing,10,c_10,G
20211229,100,b_27,4,18,22.324,o2meter,decreasing,10,c_10,G
20211229,100,b_27,9,18,22.223,o2meter,decreasing,10,c_10,G
20211231,102,b_27,4,18,22.597,o2meter,decreasing,10,c_10,G
20211231,102,b_27,9,18,22.384,o2meter,decreasing,10,c_10,G
20220103,105,b_27,4,18,22.025,o2meter,decreasing,10,c_10,G
20220103,105,b_27,9,18,21.775,o2meter,decreasing,10,c_10,G
20220105,107,b_27,4,18,22.508,o2meter,decreasing,10,c_10,G
20220105,107,b_27,9,18,21.991,o2meter,decreasing,10,c_10,G
20220107,109,b_27,4,18,22.689,o2meter,decreasing,10,c_10,G
20220107,109,b_27,9,18,22.706,o2meter,decreasing,10,c_10,G
20220110,112,b_27,4,18,21.834,o2meter,decreasing,10,c_10,G
20220110,112,b_27,9,18,21.857,o2meter,decreasing,10,c_10,G
20220112,114,b_27,4,18,22.508,o2meter,decreasing,10,c_10,G
20220112,114,b_27,9,18,22.513,o2meter,decreasing,10,c_10,G
20220114,116,b_27,4,18,23.034,o2meter,decreasing,10,c_10,G
20220114,116,b_27,9,18,23.178,o2meter,decreasing,10,c_10,G
20220117,119,b_27,4,18,21.955,o2meter,decreasing,10,c_10,G
20220117,119,b_27,9,18,21.8,o2meter,decreasing,10,c_10,G
20220119,121,b_27,4,18,22.667,o2meter,decreasing,10,c_10,G
20220119,121,b_27,9,18,22.636,o2meter,decreasing,10,c_10,G
20220121,123,b_27,4,18,22.123,o2meter,decreasing,10,c_10,G
20220121,123,b_27,9,18,21.794,o2meter,decreasing,10,c_10,G
20220124,126,b_27,4,18,21.494,o2meter,decreasing,10,c_10,G
20220124,126,b_27,9,18,21.749,o2meter,decreasing,10,c_10,G
20220126,128,b_27,4,18,22.608,o2meter,decreasing,10,c_10,G
20220126,128,b_27,9,18,22.091,o2meter,decreasing,10,c_10,G
20220128,130,b_27,4,18,22.678,o2meter,decreasing,10,c_10,G
20220128,130,b_27,9,18,22.57,o2meter,decreasing,10,c_10,G
20220131,133,b_27,4,18,22.077,o2meter,decreasing,10,c_10,G
20220131,133,b_27,9,18,21.939,o2meter,decreasing,10,c_10,G
20220202,135,b_27,4,18,22.764,o2meter,decreasing,10,c_10,G
20220202,135,b_27,9,18,23.012,o2meter,decreasing,10,c_10,G
20220204,137,b_27,4,18,22.822,o2meter,decreasing,10,c_10,G
20220204,137,b_27,9,18,22.107,o2meter,decreasing,10,c_10,G
20220207,140,b_27,4,18,21.886,o2meter,decreasing,10,c_10,G
20220207,140,b_27,9,18,21.748,o2meter,decreasing,10,c_10,G
20220209,142,b_27,4,18,22.523,o2meter,decreasing,10,c_10,G
20220209,142,b_27,9,18,21.98,o2meter,decreasing,10,c_10,G
20220211,144,b_27,4,18,22.677,o2meter,decreasing,10,c_10,G
20220211,144,b_27,9,18,22.501,o2meter,decreasing,10,c_10,G
20220214,147,b_27,4,18,22.361,o2meter,decreasing,10,c_10,G
20220214,147,b_27,9,18,21.867,o2meter,decreasing,10,c_10,G
20220216,149,b_27,4,18,22.479,o2meter,decreasing,10,c_10,G
20220216,149,b_27,9,18,22.447,o2meter,decreasing,10,c_10,G
20220218,151,b_27,4,18,22.547,o2meter,decreasing,10,c_10,G
20220218,151,b_27,9,18,22.471,o2meter,decreasing,10,c_10,G
20220221,154,b_27,4,18,22.185,o2meter,decreasing,10,c_10,G
20220221,154,b_27,9,18,22.139,o2meter,decreasing,10,c_10,G
20220223,156,b_27,4,18,22.792,o2meter,decreasing,10,c_10,G
20220223,156,b_27,9,18,23.041,o2meter,decreasing,10,c_10,G
20220225,158,b_27,4,18,22.769,o2meter,decreasing,10,c_10,G
20220225,158,b_27,9,18,22.039,o2meter,decreasing,10,c_10,G
20220228,161,b_27,4,18,22.378,o2meter,decreasing,10,c_10,G
20220228,161,b_27,9,18,22.326,o2meter,decreasing,10,c_10,G
20220302,163,b_27,4,18,22.326,o2meter,decreasing,10,c_10,G
20220302,163,b_27,9,18,21.609,o2meter,decreasing,10,c_10,G
20220304,165,b_27,4,18,22.396,o2meter,decreasing,10,c_10,G
20220304,165,b_27,9,18,22.742,o2meter,decreasing,10,c_10,G
20220307,168,b_27,4,18,21.874,o2meter,decreasing,10,c_10,G
20220307,168,b_27,9,18,21.857,o2meter,decreasing,10,c_10,G
20220309,170,b_27,4,18,22.28,o2meter,decreasing,10,c_10,G
20220309,170,b_27,9,18,22.675,o2meter,decreasing,10,c_10,G
20220311,172,b_27,4,18,23.15,o2meter,decreasing,10,c_10,G
20220311,172,b_27,9,18,23.327,o2meter,decreasing,10,c_10,G
20220314,175,b_27,4,18,22.38,o2meter,decreasing,10,c_10,G
20220314,175,b_27,9,18,22.428,o2meter,decreasing,10,c_10,G
20220316,177,b_27,4,18,23.564,o2meter,decreasing,10,c_10,G
20220316,177,b_27,9,18,23.6,o2meter,decreasing,10,c_10,G
20220318,179,b_27,4,18,24.579,o2meter,decreasing,10,c_10,G
20220318,179,b_27,9,18,23.816,o2meter,decreasing,10,c_10,G
20220321,182,b_27,4,18,23.378,o2meter,decreasing,10,c_10,G
20220321,182,b_27,9,18,22.621,o2meter,decreasing,10,c_10,G
20220323,184,b_27,4,18,24.557,o2meter,decreasing,10,c_10,G
20220323,184,b_27,9,18,23.883,o2meter,decreasing,10,c_10,G
20220325,186,b_27,4,18,20.826,o2meter,decreasing,10,c_10,G
20220325,186,b_27,9,18,21.7,o2meter,decreasing,10,c_10,G
20220328,189,b_27,4,18,21.829,o2meter,decreasing,10,c_10,G
20220328,189,b_27,9,18,21.488,o2meter,decreasing,10,c_10,G
20220330,191,b_27,4,18,20.977,o2meter,decreasing,10,c_10,G
20220330,191,b_27,9,18,21.301,o2meter,decreasing,10,c_10,G
20220401,193,b_27,4,18,18.722,o2meter,decreasing,10,c_10,G
20220401,193,b_27,9,18,18.702,o2meter,decreasing,10,c_10,G
20220404,196,b_27,4,18,19.467,o2meter,decreasing,10,c_10,G
20220404,196,b_27,9,18,19.694,o2meter,decreasing,10,c_10,G
20220406,198,b_27,4,18,18.695,o2meter,decreasing,10,c_10,G
20220406,198,b_27,9,18,18.907,o2meter,decreasing,10,c_10,G
20220408,200,b_27,4,18,18.559,o2meter,decreasing,10,c_10,G
20220408,200,b_27,9,18,19.048,o2meter,decreasing,10,c_10,G
20220411,203,b_27,4,18,0.636,o2meter,decreasing,10,c_10,G
20220411,203,b_27,9,18,1.918,o2meter,decreasing,10,c_10,G
20220413,205,b_27,4,18,0.707,o2meter,decreasing,10,c_10,G
20220413,205,b_27,9,18,5.722,o2meter,decreasing,10,c_10,G
20220415,207,b_27,4,18,4.138,o2meter,decreasing,10,c_10,G
20220415,207,b_27,9,18,6.212,o2meter,decreasing,10,c_10,G
20220418,210,b_27,4,18,7.282,o2meter,decreasing,10,c_10,G
20220418,210,b_27,9,18,8.157,o2meter,decreasing,10,c_10,G
20220420,212,b_27,4,18,10.011,o2meter,decreasing,10,c_10,G
20220420,212,b_27,9,18,10.386,o2meter,decreasing,10,c_10,G
20220422,214,b_27,4,18,11.802,o2meter,decreasing,10,c_10,G
20220422,214,b_27,9,18,12.137,o2meter,decreasing,10,c_10,G
20220425,217,b_27,4,18,12.552,o2meter,decreasing,10,c_10,G
20220425,217,b_27,9,18,13.934,o2meter,decreasing,10,c_10,G
20220427,219,b_27,4,18,14.371,o2meter,decreasing,10,c_10,G
20220427,219,b_27,9,18,14.565,o2meter,decreasing,10,c_10,G
20220429,221,b_27,4,18,14.841,o2meter,decreasing,10,c_10,G
20220429,221,b_27,9,18,15.421,o2meter,decreasing,10,c_10,G
20220502,224,b_27,4,18,16.915,o2meter,decreasing,10,c_10,G
20220502,224,b_27,9,18,17.763,o2meter,decreasing,10,c_10,G
20220504,226,b_27,4,18,15.666,o2meter,decreasing,10,c_10,G
20220504,226,b_27,9,18,16.351,o2meter,decreasing,10,c_10,G
20220506,228,b_27,4,18,16.379,o2meter,decreasing,10,c_10,G
20220506,228,b_27,9,18,16.488,o2meter,decreasing,10,c_10,G
20220509,231,b_27,4,18,17.887,o2meter,decreasing,10,c_10,G
20220509,231,b_27,9,18,18.434,o2meter,decreasing,10,c_10,G
20220511,233,b_27,4,18,16.571,o2meter,decreasing,10,c_10,G
20220511,233,b_27,9,18,16.96,o2meter,decreasing,10,c_10,G
20220513,235,b_27,4,18,15.396,o2meter,decreasing,10,c_10,G
20220513,235,b_27,9,18,16.017,o2meter,decreasing,10,c_10,G
20220516,238,b_27,4,18,17.705,o2meter,decreasing,10,c_10,G
20220516,238,b_27,9,18,18.12,o2meter,decreasing,10,c_10,G
20220518,240,b_27,4,18,17.429,o2meter,decreasing,10,c_10,G
20220518,240,b_27,9,18,17.734,o2meter,decreasing,10,c_10,G
20220520,242,b_27,4,18,17.738,o2meter,decreasing,10,c_10,G
20220520,242,b_27,9,18,18.049,o2meter,decreasing,10,c_10,G
20220523,245,b_27,4,18,19.062,o2meter,decreasing,10,c_10,G
20220523,245,b_27,9,18,19.423,o2meter,decreasing,10,c_10,G
20220525,247,b_27,4,18,17.279,o2meter,decreasing,10,c_10,G
20220525,247,b_27,9,18,17.888,o2meter,decreasing,10,c_10,G
20220527,249,b_27,4,18,16.987,o2meter,decreasing,10,c_10,G
20220527,249,b_27,9,18,18.299,o2meter,decreasing,10,c_10,G
20220530,252,b_27,4,18,19.545,o2meter,decreasing,10,c_10,G
20220530,252,b_27,9,18,19.872,o2meter,decreasing,10,c_10,G
20220601,254,b_27,4,18,18.729,o2meter,decreasing,10,c_10,G
20220601,254,b_27,9,18,19.199,o2meter,decreasing,10,c_10,G
20220603,256,b_27,4,18,18.992,o2meter,decreasing,10,c_10,G
20220603,256,b_27,9,18,19.15,o2meter,decreasing,10,c_10,G
20220606,259,b_27,4,18,20.062,o2meter,decreasing,10,c_10,G
20220606,259,b_27,9,18,20.568,o2meter,decreasing,10,c_10,G
20220608,261,b_27,4,18,18.769,o2meter,decreasing,10,c_10,G
20220608,261,b_27,9,18,19.077,o2meter,decreasing,10,c_10,G
20220610,263,b_27,4,18,17.371,o2meter,decreasing,10,c_10,G
20220610,263,b_27,9,18,17.815,o2meter,decreasing,10,c_10,G
20220613,266,b_27,4,18,20.707,o2meter,decreasing,10,c_10,G
20220613,266,b_27,9,18,20.577,o2meter,decreasing,10,c_10,G
20220615,268,b_27,4,18,19.022,o2meter,decreasing,10,c_10,G
20220615,268,b_27,9,18,19.029,o2meter,decreasing,10,c_10,G
20220617,270,b_27,4,18,18.824,o2meter,decreasing,10,c_10,G
20220617,270,b_27,9,18,18.887,o2meter,decreasing,10,c_10,G
20220620,273,b_27,4,18,20.276,o2meter,decreasing,10,c_10,G
20220620,273,b_27,9,18,20.208,o2meter,decreasing,10,c_10,G
20220622,275,b_27,4,18,19.593,o2meter,decreasing,10,c_10,G
20220622,275,b_27,9,18,19.547,o2meter,decreasing,10,c_10,G
20220624,277,b_27,4,18,18.704,o2meter,decreasing,10,c_10,G
20220624,277,b_27,9,18,19.229,o2meter,decreasing,10,c_10,G
20220627,280,b_27,4,18,20.242,o2meter,decreasing,10,c_10,G
20220627,280,b_27,9,18,20.635,o2meter,decreasing,10,c_10,G
20220629,282,b_27,4,18,19.201,o2meter,decreasing,10,c_10,G
20220629,282,b_27,9,18,19.633,o2meter,decreasing,10,c_10,G
20220704,287,b_27,4,18,21.749,o2meter,decreasing,10,c_10,G
20220704,287,b_27,9,18,21.741,o2meter,decreasing,10,c_10,G
20210920,0,b_28,4,18,24.992,o2meter,constant,10,c_09,H
20210920,0,b_28,9,18,24.483,o2meter,constant,10,c_09,H
20210922,2,b_28,4,18,26.403,o2meter,constant,10,c_09,H
20210922,2,b_28,9,18,26.26,o2meter,constant,10,c_09,H
20210924,4,b_28,4,18,26.494,o2meter,constant,10,c_09,H
20210924,4,b_28,9,18,25.835,o2meter,constant,10,c_09,H
20210927,7,b_28,4,18,24.621,o2meter,constant,10,c_09,H
20210927,7,b_28,9,18,23.803,o2meter,constant,10,c_09,H
20210929,9,b_28,4,18,25.029,o2meter,constant,10,c_09,H
20210929,9,b_28,9,18,23.78,o2meter,constant,10,c_09,H
20211001,11,b_28,4,18,26.091,o2meter,constant,10,c_09,H
20211001,11,b_28,9,18,25.912,o2meter,constant,10,c_09,H
20211004,14,b_28,4,18,25.513,o2meter,constant,10,c_09,H
20211004,14,b_28,9,18,25.612,o2meter,constant,10,c_09,H
20211006,16,b_28,4,18,26.277,o2meter,constant,10,c_09,H
20211006,16,b_28,9,18,25.959,o2meter,constant,10,c_09,H
20211008,18,b_28,4,18,25.91,o2meter,constant,10,c_09,H
20211008,18,b_28,9,18,26.134,o2meter,constant,10,c_09,H
20211011,21,b_28,4,18,24.984,o2meter,constant,10,c_09,H
20211011,21,b_28,9,18,24.993,o2meter,constant,10,c_09,H
20211013,23,b_28,4,18,26.086,o2meter,constant,10,c_09,H
20211013,23,b_28,9,18,25.962,o2meter,constant,10,c_09,H
20211015,25,b_28,4,18,26.299,o2meter,constant,10,c_09,H
20211015,25,b_28,9,18,26.569,o2meter,constant,10,c_09,H
20211018,28,b_28,4,18,24.939,o2meter,constant,10,c_09,H
20211018,28,b_28,9,18,25.133,o2meter,constant,10,c_09,H
20211020,30,b_28,4,18,26.505,o2meter,constant,10,c_09,H
20211020,30,b_28,9,18,26.061,o2meter,constant,10,c_09,H
20211022,32,b_28,4,18,25.962,o2meter,constant,10,c_09,H
20211022,32,b_28,9,18,26.022,o2meter,constant,10,c_09,H
20211025,35,b_28,4,18,25.392,o2meter,constant,10,c_09,H
20211025,35,b_28,9,18,25.606,o2meter,constant,10,c_09,H
20211027,37,b_28,4,18,26.255,o2meter,constant,10,c_09,H
20211027,37,b_28,9,18,26.094,o2meter,constant,10,c_09,H
20211029,39,b_28,4,18,26.262,o2meter,constant,10,c_09,H
20211029,39,b_28,9,18,26.474,o2meter,constant,10,c_09,H
20211101,42,b_28,4,18,25.38,o2meter,constant,10,c_09,H
20211101,42,b_28,9,18,25.527,o2meter,constant,10,c_09,H
20211103,44,b_28,4,18,26.686,o2meter,constant,10,c_09,H
20211103,44,b_28,9,18,26.777,o2meter,constant,10,c_09,H
20211105,46,b_28,4,18,25.616,o2meter,constant,10,c_09,H
20211105,46,b_28,9,18,25.845,o2meter,constant,10,c_09,H
20211108,49,b_28,4,18,25.044,o2meter,constant,10,c_09,H
20211108,49,b_28,9,18,25.249,o2meter,constant,10,c_09,H
20211110,51,b_28,4,18,26.455,o2meter,constant,10,c_09,H
20211110,51,b_28,9,18,26.508,o2meter,constant,10,c_09,H
20211112,53,b_28,4,18,25.187,o2meter,constant,10,c_09,H
20211112,53,b_28,9,18,24.596,o2meter,constant,10,c_09,H
20211115,56,b_28,4,18,24.57,o2meter,constant,10,c_09,H
20211115,56,b_28,9,18,23.995,o2meter,constant,10,c_09,H
20211117,58,b_28,4,18,25.316,o2meter,constant,10,c_09,H
20211117,58,b_28,9,18,24.358,o2meter,constant,10,c_09,H
20211119,60,b_28,4,18,25.206,o2meter,constant,10,c_09,H
20211119,60,b_28,9,18,24.285,o2meter,constant,10,c_09,H
20211122,63,b_28,4,18,24.473,o2meter,constant,10,c_09,H
20211122,63,b_28,9,18,23.626,o2meter,constant,10,c_09,H
20211124,65,b_28,4,18,25.317,o2meter,constant,10,c_09,H
20211124,65,b_28,9,18,24.645,o2meter,constant,10,c_09,H
20211126,67,b_28,4,18,27.145,o2meter,constant,10,c_09,H
20211126,67,b_28,9,18,26.787,o2meter,constant,10,c_09,H
20211129,70,b_28,4,18,26.203,o2meter,constant,10,c_09,H
20211129,70,b_28,9,18,25.9,o2meter,constant,10,c_09,H
20211203,74,b_28,4,18,26.31,o2meter,constant,10,c_09,H
20211203,74,b_28,9,18,26.262,o2meter,constant,10,c_09,H
20211206,77,b_28,4,18,26.275,o2meter,constant,10,c_09,H
20211206,77,b_28,9,18,26.452,o2meter,constant,10,c_09,H
20211208,79,b_28,4,18,27.237,o2meter,constant,10,c_09,H
20211208,79,b_28,9,18,27.05,o2meter,constant,10,c_09,H
20211210,81,b_28,4,18,26.617,o2meter,constant,10,c_09,H
20211210,81,b_28,9,18,27.416,o2meter,constant,10,c_09,H
20211213,84,b_28,4,18,25.374,o2meter,constant,10,c_09,H
20211213,84,b_28,9,18,25.712,o2meter,constant,10,c_09,H
20211215,86,b_28,4,18,26.743,o2meter,constant,10,c_09,H
20211215,86,b_28,9,18,26.776,o2meter,constant,10,c_09,H
20211217,88,b_28,4,18,27.046,o2meter,constant,10,c_09,H
20211217,88,b_28,9,18,26.92,o2meter,constant,10,c_09,H
20211220,91,b_28,4,18,25.658,o2meter,constant,10,c_09,H
20211220,91,b_28,9,18,25.917,o2meter,constant,10,c_09,H
20211222,93,b_28,4,18,27.251,o2meter,constant,10,c_09,H
20211222,93,b_28,9,18,27.307,o2meter,constant,10,c_09,H
20211224,95,b_28,4,18,26.733,o2meter,constant,10,c_09,H
20211224,95,b_28,9,18,27.115,o2meter,constant,10,c_09,H
20211227,98,b_28,4,18,25.192,o2meter,constant,10,c_09,H
20211227,98,b_28,9,18,25.197,o2meter,constant,10,c_09,H
20211229,100,b_28,4,18,25.305,o2meter,constant,10,c_09,H
20211229,100,b_28,9,18,25.603,o2meter,constant,10,c_09,H
20211231,102,b_28,4,18,26.035,o2meter,constant,10,c_09,H
20211231,102,b_28,9,18,26.204,o2meter,constant,10,c_09,H
20220103,105,b_28,4,18,25.547,o2meter,constant,10,c_09,H
20220103,105,b_28,9,18,25.851,o2meter,constant,10,c_09,H
20220105,107,b_28,4,18,25.817,o2meter,constant,10,c_09,H
20220105,107,b_28,9,18,26.043,o2meter,constant,10,c_09,H
20220107,109,b_28,4,18,25.284,o2meter,constant,10,c_09,H
20220107,109,b_28,9,18,24.78,o2meter,constant,10,c_09,H
20220110,112,b_28,4,18,24.27,o2meter,constant,10,c_09,H
20220110,112,b_28,9,18,23.625,o2meter,constant,10,c_09,H
20220112,114,b_28,4,18,24.615,o2meter,constant,10,c_09,H
20220112,114,b_28,9,18,24.277,o2meter,constant,10,c_09,H
20220114,116,b_28,4,18,25.762,o2meter,constant,10,c_09,H
20220114,116,b_28,9,18,25.157,o2meter,constant,10,c_09,H
20220117,119,b_28,4,18,25.335,o2meter,constant,10,c_09,H
20220117,119,b_28,9,18,24.544,o2meter,constant,10,c_09,H
20220119,121,b_28,4,18,25.139,o2meter,constant,10,c_09,H
20220119,121,b_28,9,18,24.507,o2meter,constant,10,c_09,H
20220121,123,b_28,4,18,26.822,o2meter,constant,10,c_09,H
20220121,123,b_28,9,18,27.041,o2meter,constant,10,c_09,H
20220124,126,b_28,4,18,25.902,o2meter,constant,10,c_09,H
20220124,126,b_28,9,18,26.378,o2meter,constant,10,c_09,H
20220126,128,b_28,4,18,27.301,o2meter,constant,10,c_09,H
20220126,128,b_28,9,18,27.511,o2meter,constant,10,c_09,H
20220128,130,b_28,4,18,27.952,o2meter,constant,10,c_09,H
20220128,130,b_28,9,18,27.742,o2meter,constant,10,c_09,H
20220131,133,b_28,4,18,26.907,o2meter,constant,10,c_09,H
20220131,133,b_28,9,18,26.999,o2meter,constant,10,c_09,H
20220202,135,b_28,4,18,27.793,o2meter,constant,10,c_09,H
20220202,135,b_28,9,18,25.17,o2meter,constant,10,c_09,H
20220204,137,b_28,4,18,25.978,o2meter,constant,10,c_09,H
20220204,137,b_28,9,18,25.989,o2meter,constant,10,c_09,H
20220207,140,b_28,4,18,24.825,o2meter,constant,10,c_09,H
20220207,140,b_28,9,18,24.654,o2meter,constant,10,c_09,H
20220209,142,b_28,4,18,25.445,o2meter,constant,10,c_09,H
20220209,142,b_28,9,18,25.577,o2meter,constant,10,c_09,H
20220211,144,b_28,4,18,25.275,o2meter,constant,10,c_09,H
20220211,144,b_28,9,18,25.365,o2meter,constant,10,c_09,H
20220214,147,b_28,4,18,24.698,o2meter,constant,10,c_09,H
20220214,147,b_28,9,18,24.805,o2meter,constant,10,c_09,H
20220216,149,b_28,4,18,24.952,o2meter,constant,10,c_09,H
20220216,149,b_28,9,18,24.85,o2meter,constant,10,c_09,H
20220218,151,b_28,4,18,26.079,o2meter,constant,10,c_09,H
20220218,151,b_28,9,18,26.079,o2meter,constant,10,c_09,H
20220221,154,b_28,4,18,24.96,o2meter,constant,10,c_09,H
20220221,154,b_28,9,18,24.958,o2meter,constant,10,c_09,H
20220223,156,b_28,4,18,25.297,o2meter,constant,10,c_09,H
20220223,156,b_28,9,18,25.204,o2meter,constant,10,c_09,H
20220225,158,b_28,4,18,25.63,o2meter,constant,10,c_09,H
20220225,158,b_28,9,18,25.679,o2meter,constant,10,c_09,H
20220228,161,b_28,4,18,24.622,o2meter,constant,10,c_09,H
20220228,161,b_28,9,18,24.704,o2meter,constant,10,c_09,H
20220302,163,b_28,4,18,25.521,o2meter,constant,10,c_09,H
20220302,163,b_28,9,18,25.526,o2meter,constant,10,c_09,H
20220304,165,b_28,4,18,24.489,o2meter,constant,10,c_09,H
20220304,165,b_28,9,18,23.337,o2meter,constant,10,c_09,H
20220307,168,b_28,4,18,23.447,o2meter,constant,10,c_09,H
20220307,168,b_28,9,18,22.805,o2meter,constant,10,c_09,H
20220309,170,b_28,4,18,24.418,o2meter,constant,10,c_09,H
20220309,170,b_28,9,18,23.47,o2meter,constant,10,c_09,H
20220311,172,b_28,4,18,24.186,o2meter,constant,10,c_09,H
20220311,172,b_28,9,18,23.22,o2meter,constant,10,c_09,H
20220314,175,b_28,4,18,23.72,o2meter,constant,10,c_09,H
20220314,175,b_28,9,18,23.142,o2meter,constant,10,c_09,H
20220316,177,b_28,4,18,24.634,o2meter,constant,10,c_09,H
20220316,177,b_28,9,18,23.611,o2meter,constant,10,c_09,H
20220318,179,b_28,4,18,25.546,o2meter,constant,10,c_09,H
20220318,179,b_28,9,18,24.866,o2meter,constant,10,c_09,H
20220321,182,b_28,4,18,24.608,o2meter,constant,10,c_09,H
20220321,182,b_28,9,18,24.7,o2meter,constant,10,c_09,H
20220323,184,b_28,4,18,26.576,o2meter,constant,10,c_09,H
20220323,184,b_28,9,18,26.201,o2meter,constant,10,c_09,H
20220325,186,b_28,4,18,26.476,o2meter,constant,10,c_09,H
20220325,186,b_28,9,18,26.668,o2meter,constant,10,c_09,H
20220328,189,b_28,4,18,26.073,o2meter,constant,10,c_09,H
20220328,189,b_28,9,18,24.385,o2meter,constant,10,c_09,H
20220330,191,b_28,4,18,25.386,o2meter,constant,10,c_09,H
20220330,191,b_28,9,18,24.847,o2meter,constant,10,c_09,H
20220401,193,b_28,4,18,24.85,o2meter,constant,10,c_09,H
20220401,193,b_28,9,18,24.904,o2meter,constant,10,c_09,H
20220404,196,b_28,4,18,23.947,o2meter,constant,10,c_09,H
20220404,196,b_28,9,18,24.095,o2meter,constant,10,c_09,H
20220406,198,b_28,4,18,25.418,o2meter,constant,10,c_09,H
20220406,198,b_28,9,18,25.608,o2meter,constant,10,c_09,H
20220408,200,b_28,4,18,25.292,o2meter,constant,10,c_09,H
20220408,200,b_28,9,18,25.267,o2meter,constant,10,c_09,H
20220411,203,b_28,4,18,24.112,o2meter,constant,10,c_09,H
20220411,203,b_28,9,18,24.274,o2meter,constant,10,c_09,H
20220413,205,b_28,4,18,24.972,o2meter,constant,10,c_09,H
20220413,205,b_28,9,18,25.387,o2meter,constant,10,c_09,H
20220415,207,b_28,4,18,25.336,o2meter,constant,10,c_09,H
20220415,207,b_28,9,18,25.53,o2meter,constant,10,c_09,H
20220418,210,b_28,4,18,23.957,o2meter,constant,10,c_09,H
20220418,210,b_28,9,18,23.997,o2meter,constant,10,c_09,H
20220420,212,b_28,4,18,25.507,o2meter,constant,10,c_09,H
20220420,212,b_28,9,18,25.559,o2meter,constant,10,c_09,H
20220422,214,b_28,4,18,25.355,o2meter,constant,10,c_09,H
20220422,214,b_28,9,18,25.442,o2meter,constant,10,c_09,H
20220425,217,b_28,4,18,23.843,o2meter,constant,10,c_09,H
20220425,217,b_28,9,18,23.911,o2meter,constant,10,c_09,H
20220427,219,b_28,4,18,25.316,o2meter,constant,10,c_09,H
20220427,219,b_28,9,18,25.917,o2meter,constant,10,c_09,H
20220429,221,b_28,4,18,24.141,o2meter,constant,10,c_09,H
20220429,221,b_28,9,18,23.45,o2meter,constant,10,c_09,H
20220502,224,b_28,4,18,23.368,o2meter,constant,10,c_09,H
20220502,224,b_28,9,18,22.851,o2meter,constant,10,c_09,H
20220504,226,b_28,4,18,24.249,o2meter,constant,10,c_09,H
20220504,226,b_28,9,18,23.426,o2meter,constant,10,c_09,H
20220506,228,b_28,4,18,24.284,o2meter,constant,10,c_09,H
20220506,228,b_28,9,18,23.3,o2meter,constant,10,c_09,H
20220509,231,b_28,4,18,23.491,o2meter,constant,10,c_09,H
20220509,231,b_28,9,18,22.848,o2meter,constant,10,c_09,H
20220511,233,b_28,4,18,23.962,o2meter,constant,10,c_09,H
20220511,233,b_28,9,18,23.045,o2meter,constant,10,c_09,H
20220513,235,b_28,4,18,25.583,o2meter,constant,10,c_09,H
20220513,235,b_28,9,18,25.731,o2meter,constant,10,c_09,H
20220516,238,b_28,4,18,24.459,o2meter,constant,10,c_09,H
20220516,238,b_28,9,18,24.598,o2meter,constant,10,c_09,H
20220518,240,b_28,4,18,26.751,o2meter,constant,10,c_09,H
20220518,240,b_28,9,18,25.629,o2meter,constant,10,c_09,H
20220520,242,b_28,4,18,26.422,o2meter,constant,10,c_09,H
20220520,242,b_28,9,18,25.965,o2meter,constant,10,c_09,H
20220523,245,b_28,4,18,25.758,o2meter,constant,10,c_09,H
20220523,245,b_28,9,18,24.256,o2meter,constant,10,c_09,H
20220525,247,b_28,4,18,25.77,o2meter,constant,10,c_09,H
20220525,247,b_28,9,18,23.908,o2meter,constant,10,c_09,H
20220527,249,b_28,4,18,24.771,o2meter,constant,10,c_09,H
20220527,249,b_28,9,18,24.842,o2meter,constant,10,c_09,H
20220530,252,b_28,4,18,24.531,o2meter,constant,10,c_09,H
20220530,252,b_28,9,18,24.524,o2meter,constant,10,c_09,H
20220601,254,b_28,4,18,24.515,o2meter,constant,10,c_09,H
20220601,254,b_28,9,18,24.639,o2meter,constant,10,c_09,H
20220603,256,b_28,4,18,24.981,o2meter,constant,10,c_09,H
20220603,256,b_28,9,18,25.117,o2meter,constant,10,c_09,H
20220606,259,b_28,4,18,23.743,o2meter,constant,10,c_09,H
20220606,259,b_28,9,18,23.877,o2meter,constant,10,c_09,H
20220608,261,b_28,4,18,25.698,o2meter,constant,10,c_09,H
20220608,261,b_28,9,18,25.709,o2meter,constant,10,c_09,H
20220610,263,b_28,4,18,24.475,o2meter,constant,10,c_09,H
20220610,263,b_28,9,18,24.518,o2meter,constant,10,c_09,H
20220613,266,b_28,4,18,24.249,o2meter,constant,10,c_09,H
20220613,266,b_28,9,18,24.008,o2meter,constant,10,c_09,H
20220615,268,b_28,4,18,24.155,o2meter,constant,10,c_09,H
20220615,268,b_28,9,18,24.293,o2meter,constant,10,c_09,H
20220617,270,b_28,4,18,24.65,o2meter,constant,10,c_09,H
20220617,270,b_28,9,18,24.604,o2meter,constant,10,c_09,H
20220620,273,b_28,4,18,24.114,o2meter,constant,10,c_09,H
20220620,273,b_28,9,18,24.081,o2meter,constant,10,c_09,H
20220622,275,b_28,4,18,24.756,o2meter,constant,10,c_09,H
20220622,275,b_28,9,18,25.074,o2meter,constant,10,c_09,H
20220624,277,b_28,4,18,23.797,o2meter,constant,10,c_09,H
20220624,277,b_28,9,18,22.804,o2meter,constant,10,c_09,H
20220627,280,b_28,4,18,23.27,o2meter,constant,10,c_09,H
20220627,280,b_28,9,18,22.739,o2meter,constant,10,c_09,H
20220629,282,b_28,4,18,23.707,o2meter,constant,10,c_09,H
20220629,282,b_28,9,18,23.036,o2meter,constant,10,c_09,H
20220704,287,b_28,4,18,22.993,o2meter,constant,10,c_09,H
20220704,287,b_28,9,18,22.392,o2meter,constant,10,c_09,H
20210920,0,b_29,4,18,26.18,o2meter,constant,14,c_12,H
20210920,0,b_29,9,18,25.081,o2meter,constant,14,c_12,H
20210922,2,b_29,4,18,29.875,o2meter,constant,14,c_12,H
20210922,2,b_29,9,18,26.824,o2meter,constant,14,c_12,H
20210924,4,b_29,4,18,29.605,o2meter,constant,14,c_12,H
20210924,4,b_29,9,18,29.498,o2meter,constant,14,c_12,H
20210927,7,b_29,4,18,27.685,o2meter,constant,14,c_12,H
20210927,7,b_29,9,18,26.234,o2meter,constant,14,c_12,H
20210929,9,b_29,4,18,28.29,o2meter,constant,14,c_12,H
20210929,9,b_29,9,18,27.299,o2meter,constant,14,c_12,H
20211001,11,b_29,4,18,26.951,o2meter,constant,14,c_12,H
20211001,11,b_29,9,18,26.543,o2meter,constant,14,c_12,H
20211004,14,b_29,9,18,26.016,o2meter,constant,14,c_12,H
20211006,16,b_29,4,18,26.485,o2meter,constant,14,c_12,H
20211006,16,b_29,9,18,26.733,o2meter,constant,14,c_12,H
20211008,18,b_29,4,18,26.207,o2meter,constant,14,c_12,H
20211008,18,b_29,9,18,26.449,o2meter,constant,14,c_12,H
20211011,21,b_29,4,18,26.021,o2meter,constant,14,c_12,H
20211011,21,b_29,9,18,25.782,o2meter,constant,14,c_12,H
20211013,23,b_29,4,18,26.453,o2meter,constant,14,c_12,H
20211013,23,b_29,9,18,25.985,o2meter,constant,14,c_12,H
20211015,25,b_29,4,18,26.275,o2meter,constant,14,c_12,H
20211015,25,b_29,9,18,26.462,o2meter,constant,14,c_12,H
20211018,28,b_29,4,18,25.46,o2meter,constant,14,c_12,H
20211018,28,b_29,9,18,25.452,o2meter,constant,14,c_12,H
20211020,30,b_29,4,18,27.068,o2meter,constant,14,c_12,H
20211020,30,b_29,9,18,26.931,o2meter,constant,14,c_12,H
20211022,32,b_29,4,18,25.699,o2meter,constant,14,c_12,H
20211022,32,b_29,9,18,25.637,o2meter,constant,14,c_12,H
20211025,35,b_29,4,18,25.182,o2meter,constant,14,c_12,H
20211025,35,b_29,9,18,25.187,o2meter,constant,14,c_12,H
20211027,37,b_29,4,18,26.565,o2meter,constant,14,c_12,H
20211027,37,b_29,9,18,26.456,o2meter,constant,14,c_12,H
20211029,39,b_29,4,18,26.522,o2meter,constant,14,c_12,H
20211029,39,b_29,9,18,26.774,o2meter,constant,14,c_12,H
20211101,42,b_29,4,18,25.234,o2meter,constant,14,c_12,H
20211101,42,b_29,9,18,24.064,o2meter,constant,14,c_12,H
20211103,44,b_29,4,18,26.393,o2meter,constant,14,c_12,H
20211103,44,b_29,9,18,25.463,o2meter,constant,14,c_12,H
20211105,46,b_29,4,18,25.32,o2meter,constant,14,c_12,H
20211105,46,b_29,9,18,24.143,o2meter,constant,14,c_12,H
20211108,49,b_29,4,18,24.738,o2meter,constant,14,c_12,H
20211108,49,b_29,9,18,23.409,o2meter,constant,14,c_12,H
20211110,51,b_29,4,18,26.162,o2meter,constant,14,c_12,H
20211110,51,b_29,9,18,25.088,o2meter,constant,14,c_12,H
20211112,53,b_29,4,18,27.572,o2meter,constant,14,c_12,H
20211112,53,b_29,9,18,26.316,o2meter,constant,14,c_12,H
20211115,56,b_29,4,18,26.579,o2meter,constant,14,c_12,H
20211115,56,b_29,9,18,25.118,o2meter,constant,14,c_12,H
20211117,58,b_29,4,18,28.528,o2meter,constant,14,c_12,H
20211117,58,b_29,9,18,27.019,o2meter,constant,14,c_12,H
20211119,60,b_29,4,18,28.36,o2meter,constant,14,c_12,H
20211119,60,b_29,9,18,28.202,o2meter,constant,14,c_12,H
20211122,63,b_29,4,18,26.861,o2meter,constant,14,c_12,H
20211122,63,b_29,9,18,26.724,o2meter,constant,14,c_12,H
20211124,65,b_29,4,18,28.109,o2meter,constant,14,c_12,H
20211124,65,b_29,9,18,27.87,o2meter,constant,14,c_12,H
20211126,67,b_29,4,18,27.841,o2meter,constant,14,c_12,H
20211126,67,b_29,9,18,27.54,o2meter,constant,14,c_12,H
20211129,70,b_29,4,18,26.572,o2meter,constant,14,c_12,H
20211129,70,b_29,9,18,26.908,o2meter,constant,14,c_12,H
20211203,74,b_29,4,18,26.491,o2meter,constant,14,c_12,H
20211203,74,b_29,9,18,25.639,o2meter,constant,14,c_12,H
20211206,77,b_29,4,18,26.906,o2meter,constant,14,c_12,H
20211206,77,b_29,9,18,26.498,o2meter,constant,14,c_12,H
20211208,79,b_29,4,18,27.827,o2meter,constant,14,c_12,H
20211208,79,b_29,9,18,28.19,o2meter,constant,14,c_12,H
20211210,81,b_29,4,18,27.404,o2meter,constant,14,c_12,H
20211210,81,b_29,9,18,27.504,o2meter,constant,14,c_12,H
20211213,84,b_29,4,18,25.407,o2meter,constant,14,c_12,H
20211213,84,b_29,9,18,23.897,o2meter,constant,14,c_12,H
20211215,86,b_29,4,18,27.372,o2meter,constant,14,c_12,H
20211215,86,b_29,9,18,27.764,o2meter,constant,14,c_12,H
20211217,88,b_29,4,18,27.038,o2meter,constant,14,c_12,H
20211217,88,b_29,9,18,27.073,o2meter,constant,14,c_12,H
20211220,91,b_29,4,18,25.935,o2meter,constant,14,c_12,H
20211220,91,b_29,9,18,25.745,o2meter,constant,14,c_12,H
20211222,93,b_29,4,18,27.795,o2meter,constant,14,c_12,H
20211222,93,b_29,9,18,28.223,o2meter,constant,14,c_12,H
20211224,95,b_29,4,18,26.668,o2meter,constant,14,c_12,H
20211224,95,b_29,9,18,25.293,o2meter,constant,14,c_12,H
20211227,98,b_29,4,18,25.567,o2meter,constant,14,c_12,H
20211227,98,b_29,9,18,24.883,o2meter,constant,14,c_12,H
20211229,100,b_29,4,18,27.067,o2meter,constant,14,c_12,H
20211229,100,b_29,9,18,27.49,o2meter,constant,14,c_12,H
20211231,102,b_29,4,18,26.594,o2meter,constant,14,c_12,H
20211231,102,b_29,9,18,26.09,o2meter,constant,14,c_12,H
20220103,105,b_29,4,18,26.296,o2meter,constant,14,c_12,H
20220103,105,b_29,9,18,25.808,o2meter,constant,14,c_12,H
20220105,107,b_29,4,18,26.94,o2meter,constant,14,c_12,H
20220105,107,b_29,9,18,26.272,o2meter,constant,14,c_12,H
20220107,109,b_29,4,18,28.885,o2meter,constant,14,c_12,H
20220107,109,b_29,9,18,28.747,o2meter,constant,14,c_12,H
20220110,112,b_29,4,18,25.934,o2meter,constant,14,c_12,H
20220110,112,b_29,9,18,25.827,o2meter,constant,14,c_12,H
20220112,114,b_29,4,18,28.198,o2meter,constant,14,c_12,H
20220112,114,b_29,9,18,24.063,o2meter,constant,14,c_12,H
20220114,116,b_29,4,18,29.376,o2meter,constant,14,c_12,H
20220114,116,b_29,9,18,28.606,o2meter,constant,14,c_12,H
20220117,119,b_29,4,18,28.011,o2meter,constant,14,c_12,H
20220117,119,b_29,9,18,28.048,o2meter,constant,14,c_12,H
20220119,121,b_29,4,18,27.254,o2meter,constant,14,c_12,H
20220119,121,b_29,9,18,26.919,o2meter,constant,14,c_12,H
20220121,123,b_29,4,18,25.947,o2meter,constant,14,c_12,H
20220121,123,b_29,9,18,25.857,o2meter,constant,14,c_12,H
20220124,126,b_29,4,18,25.402,o2meter,constant,14,c_12,H
20220124,126,b_29,9,18,25.012,o2meter,constant,14,c_12,H
20220126,128,b_29,4,18,25.935,o2meter,constant,14,c_12,H
20220126,128,b_29,9,18,26.364,o2meter,constant,14,c_12,H
20220128,130,b_29,4,18,26.576,o2meter,constant,14,c_12,H
20220128,130,b_29,9,18,26.634,o2meter,constant,14,c_12,H
20220131,133,b_29,4,18,25.677,o2meter,constant,14,c_12,H
20220131,133,b_29,9,18,25.048,o2meter,constant,14,c_12,H
20220202,135,b_29,4,18,26.692,o2meter,constant,14,c_12,H
20220202,135,b_29,9,18,26.344,o2meter,constant,14,c_12,H
20220204,137,b_29,4,18,25.723,o2meter,constant,14,c_12,H
20220204,137,b_29,9,18,25.835,o2meter,constant,14,c_12,H
20220207,140,b_29,4,18,24.998,o2meter,constant,14,c_12,H
20220207,140,b_29,9,18,25.073,o2meter,constant,14,c_12,H
20220209,142,b_29,4,18,25.373,o2meter,constant,14,c_12,H
20220209,142,b_29,9,18,25.706,o2meter,constant,14,c_12,H
20220211,144,b_29,4,18,25.588,o2meter,constant,14,c_12,H
20220211,144,b_29,9,18,25.5,o2meter,constant,14,c_12,H
20220214,147,b_29,4,18,24.453,o2meter,constant,14,c_12,H
20220214,147,b_29,9,18,24.586,o2meter,constant,14,c_12,H
20220216,149,b_29,4,18,26.222,o2meter,constant,14,c_12,H
20220216,149,b_29,9,18,26.39,o2meter,constant,14,c_12,H
20220218,151,b_29,4,18,25.113,o2meter,constant,14,c_12,H
20220218,151,b_29,9,18,24.237,o2meter,constant,14,c_12,H
20220221,154,b_29,4,18,24.592,o2meter,constant,14,c_12,H
20220221,154,b_29,9,18,23.824,o2meter,constant,14,c_12,H
20220223,156,b_29,4,18,24.69,o2meter,constant,14,c_12,H
20220223,156,b_29,9,18,23.99,o2meter,constant,14,c_12,H
20220225,158,b_29,4,18,24.617,o2meter,constant,14,c_12,H
20220225,158,b_29,9,18,23.7,o2meter,constant,14,c_12,H
20220228,161,b_29,4,18,24.28,o2meter,constant,14,c_12,H
20220228,161,b_29,9,18,23.562,o2meter,constant,14,c_12,H
20220302,163,b_29,4,18,25.179,o2meter,constant,14,c_12,H
20220302,163,b_29,9,18,24.373,o2meter,constant,14,c_12,H
20220304,165,b_29,4,18,25.444,o2meter,constant,14,c_12,H
20220304,165,b_29,9,18,24.838,o2meter,constant,14,c_12,H
20220307,168,b_29,4,18,24.549,o2meter,constant,14,c_12,H
20220307,168,b_29,9,18,23.52,o2meter,constant,14,c_12,H
20220309,170,b_29,4,18,25.114,o2meter,constant,14,c_12,H
20220309,170,b_29,9,18,23.836,o2meter,constant,14,c_12,H
20220311,172,b_29,4,18,24.798,o2meter,constant,14,c_12,H
20220311,172,b_29,9,18,24.13,o2meter,constant,14,c_12,H
20220314,175,b_29,4,18,25.11,o2meter,constant,14,c_12,H
20220314,175,b_29,9,18,23.362,o2meter,constant,14,c_12,H
20220316,177,b_29,4,18,27.574,o2meter,constant,14,c_12,H
20220316,177,b_29,9,18,26.516,o2meter,constant,14,c_12,H
20220318,179,b_29,4,18,25.576,o2meter,constant,14,c_12,H
20220318,179,b_29,9,18,25.238,o2meter,constant,14,c_12,H
20220321,182,b_29,4,18,24.627,o2meter,constant,14,c_12,H
20220321,182,b_29,9,18,24.57,o2meter,constant,14,c_12,H
20220323,184,b_29,4,18,26.101,o2meter,constant,14,c_12,H
20220323,184,b_29,9,18,25.868,o2meter,constant,14,c_12,H
20220325,186,b_29,4,18,26.545,o2meter,constant,14,c_12,H
20220325,186,b_29,9,18,26.707,o2meter,constant,14,c_12,H
20220328,189,b_29,4,18,24.897,o2meter,constant,14,c_12,H
20220328,189,b_29,9,18,24.616,o2meter,constant,14,c_12,H
20220330,191,b_29,4,18,26.115,o2meter,constant,14,c_12,H
20220330,191,b_29,9,18,24.419,o2meter,constant,14,c_12,H
20220401,193,b_29,4,18,24.975,o2meter,constant,14,c_12,H
20220401,193,b_29,9,18,25.074,o2meter,constant,14,c_12,H
20220404,196,b_29,4,18,24.488,o2meter,constant,14,c_12,H
20220404,196,b_29,9,18,25.002,o2meter,constant,14,c_12,H
20220406,198,b_29,4,18,26.157,o2meter,constant,14,c_12,H
20220406,198,b_29,9,18,26.825,o2meter,constant,14,c_12,H
20220408,200,b_29,4,18,25.509,o2meter,constant,14,c_12,H
20220408,200,b_29,9,18,25.646,o2meter,constant,14,c_12,H
20220411,203,b_29,4,18,24.248,o2meter,constant,14,c_12,H
20220411,203,b_29,9,18,24.26,o2meter,constant,14,c_12,H
20220413,205,b_29,4,18,25.594,o2meter,constant,14,c_12,H
20220413,205,b_29,9,18,25.73,o2meter,constant,14,c_12,H
20220415,207,b_29,4,18,25.012,o2meter,constant,14,c_12,H
20220415,207,b_29,9,18,24.167,o2meter,constant,14,c_12,H
20220418,210,b_29,4,18,23.844,o2meter,constant,14,c_12,H
20220418,210,b_29,9,18,23.381,o2meter,constant,14,c_12,H
20220420,212,b_29,4,18,24.629,o2meter,constant,14,c_12,H
20220420,212,b_29,9,18,24.072,o2meter,constant,14,c_12,H
20220422,214,b_29,4,18,24.99,o2meter,constant,14,c_12,H
20220422,214,b_29,9,18,24.293,o2meter,constant,14,c_12,H
20220425,217,b_29,4,18,23.731,o2meter,constant,14,c_12,H
20220425,217,b_29,9,18,22.933,o2meter,constant,14,c_12,H
20220427,219,b_29,4,18,24.96,o2meter,constant,14,c_12,H
20220427,219,b_29,9,18,24.26,o2meter,constant,14,c_12,H
20220429,221,b_29,4,18,26.133,o2meter,constant,14,c_12,H
20220429,221,b_29,9,18,24.557,o2meter,constant,14,c_12,H
20220502,224,b_29,4,18,25.785,o2meter,constant,14,c_12,H
20220502,224,b_29,9,18,25.212,o2meter,constant,14,c_12,H
20220504,226,b_29,4,18,27.126,o2meter,constant,14,c_12,H
20220504,226,b_29,9,18,27.22,o2meter,constant,14,c_12,H
20220506,228,b_29,4,18,27.421,o2meter,constant,14,c_12,H
20220506,228,b_29,9,18,27.359,o2meter,constant,14,c_12,H
20220509,231,b_29,4,18,25.107,o2meter,constant,14,c_12,H
20220509,231,b_29,9,18,24.8,o2meter,constant,14,c_12,H
20220511,233,b_29,4,18,26.739,o2meter,constant,14,c_12,H
20220511,233,b_29,9,18,24.012,o2meter,constant,14,c_12,H
20220513,235,b_29,4,18,25.737,o2meter,constant,14,c_12,H
20220513,235,b_29,9,18,26.035,o2meter,constant,14,c_12,H
20220516,238,b_29,4,18,24.341,o2meter,constant,14,c_12,H
20220516,238,b_29,9,18,23.897,o2meter,constant,14,c_12,H
20220518,240,b_29,4,18,25.286,o2meter,constant,14,c_12,H
20220518,240,b_29,9,18,25.461,o2meter,constant,14,c_12,H
20220520,242,b_29,4,18,26.051,o2meter,constant,14,c_12,H
20220520,242,b_29,9,18,25.944,o2meter,constant,14,c_12,H
20220523,245,b_29,4,18,25.184,o2meter,constant,14,c_12,H
20220523,245,b_29,9,18,25.314,o2meter,constant,14,c_12,H
20220525,247,b_29,4,18,25.308,o2meter,constant,14,c_12,H
20220525,247,b_29,9,18,25.296,o2meter,constant,14,c_12,H
20220527,249,b_29,4,18,25.214,o2meter,constant,14,c_12,H
20220527,249,b_29,9,18,25.351,o2meter,constant,14,c_12,H
20220530,252,b_29,4,18,24.217,o2meter,constant,14,c_12,H
20220530,252,b_29,9,18,24.449,o2meter,constant,14,c_12,H
20220601,254,b_29,4,18,25.197,o2meter,constant,14,c_12,H
20220601,254,b_29,9,18,25.322,o2meter,constant,14,c_12,H
20220603,256,b_29,4,18,24.963,o2meter,constant,14,c_12,H
20220603,256,b_29,9,18,25.16,o2meter,constant,14,c_12,H
20220606,259,b_29,4,18,23.957,o2meter,constant,14,c_12,H
20220606,259,b_29,9,18,24.482,o2meter,constant,14,c_12,H
20220608,261,b_29,4,18,25.92,o2meter,constant,14,c_12,H
20220608,261,b_29,9,18,26.039,o2meter,constant,14,c_12,H
20220610,263,b_29,4,18,24.78,o2meter,constant,14,c_12,H
20220610,263,b_29,9,18,23.85,o2meter,constant,14,c_12,H
20220613,266,b_29,4,18,23.766,o2meter,constant,14,c_12,H
20220613,266,b_29,9,18,23.42,o2meter,constant,14,c_12,H
20220615,268,b_29,4,18,25.333,o2meter,constant,14,c_12,H
20220615,268,b_29,9,18,24.59,o2meter,constant,14,c_12,H
20220617,270,b_29,4,18,24.508,o2meter,constant,14,c_12,H
20220617,270,b_29,9,18,24.045,o2meter,constant,14,c_12,H
20220620,273,b_29,4,18,24.316,o2meter,constant,14,c_12,H
20220620,273,b_29,9,18,23.673,o2meter,constant,14,c_12,H
20220622,275,b_29,4,18,24.557,o2meter,constant,14,c_12,H
20220622,275,b_29,9,18,24.057,o2meter,constant,14,c_12,H
20220624,277,b_29,4,18,27.471,o2meter,constant,14,c_12,H
20220624,277,b_29,9,18,26.45,o2meter,constant,14,c_12,H
20220627,280,b_29,4,18,25.688,o2meter,constant,14,c_12,H
20220627,280,b_29,9,18,22.79,o2meter,constant,14,c_12,H
20220629,282,b_29,4,18,26.272,o2meter,constant,14,c_12,H
20220629,282,b_29,9,18,22.826,o2meter,constant,14,c_12,H
20220704,287,b_29,4,18,24.722,o2meter,constant,14,c_12,H
20220704,287,b_29,9,18,23.244,o2meter,constant,14,c_12,H
20210920,0,b_30,4,18,25.37,o2meter,constant,7,c_01,H
20210920,0,b_30,9,18,25.15,o2meter,constant,7,c_01,H
20210922,2,b_30,4,18,25.934,o2meter,constant,7,c_01,H
20210922,2,b_30,9,18,25.985,o2meter,constant,7,c_01,H
20210924,4,b_30,4,18,25.747,o2meter,constant,7,c_01,H
20210924,4,b_30,9,18,26.295,o2meter,constant,7,c_01,H
20210927,7,b_30,4,18,25.853,o2meter,constant,7,c_01,H
20210927,7,b_30,9,18,23.88,o2meter,constant,7,c_01,H
20210929,9,b_30,4,18,27.699,o2meter,constant,7,c_01,H
20210929,9,b_30,9,18,25.695,o2meter,constant,7,c_01,H
20211001,11,b_30,4,18,28.284,o2meter,constant,7,c_01,H
20211001,11,b_30,9,18,28.821,o2meter,constant,7,c_01,H
20211004,14,b_30,4,18,29.517,o2meter,constant,7,c_01,H
20211004,14,b_30,9,18,26.557,o2meter,constant,7,c_01,H
20211006,16,b_30,4,18,30.116,o2meter,constant,7,c_01,H
20211006,16,b_30,9,18,29.227,o2meter,constant,7,c_01,H
20211008,18,b_30,4,18,33.598,o2meter,constant,7,c_01,H
20211008,18,b_30,9,18,30.501,o2meter,constant,7,c_01,H
20211011,21,b_30,4,18,30.734,o2meter,constant,7,c_01,H
20211011,21,b_30,9,18,29.897,o2meter,constant,7,c_01,H
20211013,23,b_30,4,18,32.116,o2meter,constant,7,c_01,H
20211013,23,b_30,9,18,32.064,o2meter,constant,7,c_01,H
20211015,25,b_30,4,18,30.429,o2meter,constant,7,c_01,H
20211015,25,b_30,9,18,28.11,o2meter,constant,7,c_01,H
20211018,28,b_30,4,18,31.149,o2meter,constant,7,c_01,H
20211018,28,b_30,9,18,26.586,o2meter,constant,7,c_01,H
20211020,30,b_30,4,18,29.741,o2meter,constant,7,c_01,H
20211020,30,b_30,9,18,27.119,o2meter,constant,7,c_01,H
20211022,32,b_30,4,18,33.64,o2meter,constant,7,c_01,H
20211022,32,b_30,9,18,29.615,o2meter,constant,7,c_01,H
20211025,35,b_30,4,18,30.937,o2meter,constant,7,c_01,H
20211025,35,b_30,9,18,29.078,o2meter,constant,7,c_01,H
20211027,37,b_30,4,18,31.19,o2meter,constant,7,c_01,H
20211027,37,b_30,9,18,27.326,o2meter,constant,7,c_01,H
20211029,39,b_30,4,18,30.145,o2meter,constant,7,c_01,H
20211029,39,b_30,9,18,27.236,o2meter,constant,7,c_01,H
20211101,42,b_30,4,18,31.094,o2meter,constant,7,c_01,H
20211101,42,b_30,9,18,30.506,o2meter,constant,7,c_01,H
20211103,44,b_30,4,18,32.666,o2meter,constant,7,c_01,H
20211103,44,b_30,9,18,32.455,o2meter,constant,7,c_01,H
20211105,46,b_30,4,18,33.227,o2meter,constant,7,c_01,H
20211105,46,b_30,9,18,31.984,o2meter,constant,7,c_01,H
20211108,49,b_30,4,18,28.984,o2meter,constant,7,c_01,H
20211108,49,b_30,9,18,27.942,o2meter,constant,7,c_01,H
20211110,51,b_30,4,18,30.617,o2meter,constant,7,c_01,H
20211110,51,b_30,9,18,30.734,o2meter,constant,7,c_01,H
20211112,53,b_30,4,18,29.138,o2meter,constant,7,c_01,H
20211112,53,b_30,9,18,29.394,o2meter,constant,7,c_01,H
20211115,56,b_30,4,18,27.48,o2meter,constant,7,c_01,H
20211115,56,b_30,9,18,27.717,o2meter,constant,7,c_01,H
20211117,58,b_30,4,18,27.678,o2meter,constant,7,c_01,H
20211117,58,b_30,9,18,27.957,o2meter,constant,7,c_01,H
20211119,60,b_30,4,18,28.671,o2meter,constant,7,c_01,H
20211119,60,b_30,9,18,28.449,o2meter,constant,7,c_01,H
20211122,63,b_30,4,18,28.009,o2meter,constant,7,c_01,H
20211122,63,b_30,9,18,26.683,o2meter,constant,7,c_01,H
20211124,65,b_30,4,18,28.03,o2meter,constant,7,c_01,H
20211124,65,b_30,9,18,27.349,o2meter,constant,7,c_01,H
20211126,67,b_30,4,18,28.898,o2meter,constant,7,c_01,H
20211126,67,b_30,9,18,27.735,o2meter,constant,7,c_01,H
20211129,70,b_30,4,18,28.191,o2meter,constant,7,c_01,H
20211129,70,b_30,9,18,27.549,o2meter,constant,7,c_01,H
20211203,74,b_30,4,18,27.422,o2meter,constant,7,c_01,H
20211203,74,b_30,9,18,27.173,o2meter,constant,7,c_01,H
20211206,77,b_30,4,18,25.511,o2meter,constant,7,c_01,H
20211206,77,b_30,9,18,25.69,o2meter,constant,7,c_01,H
20211208,79,b_30,4,18,27.167,o2meter,constant,7,c_01,H
20211208,79,b_30,9,18,27.188,o2meter,constant,7,c_01,H
20211210,81,b_30,4,18,26.6,o2meter,constant,7,c_01,H
20211210,81,b_30,9,18,25.957,o2meter,constant,7,c_01,H
20211213,84,b_30,4,18,26.055,o2meter,constant,7,c_01,H
20211213,84,b_30,9,18,24.84,o2meter,constant,7,c_01,H
20211215,86,b_30,4,18,25.679,o2meter,constant,7,c_01,H
20211215,86,b_30,9,18,24.638,o2meter,constant,7,c_01,H
20211217,88,b_30,4,18,26.434,o2meter,constant,7,c_01,H
20211217,88,b_30,9,18,25.134,o2meter,constant,7,c_01,H
20211220,91,b_30,4,18,24.705,o2meter,constant,7,c_01,H
20211220,91,b_30,9,18,23.094,o2meter,constant,7,c_01,H
20211222,93,b_30,4,18,26.827,o2meter,constant,7,c_01,H
20211222,93,b_30,9,18,26.128,o2meter,constant,7,c_01,H
20211224,95,b_30,4,18,27.257,o2meter,constant,7,c_01,H
20211224,95,b_30,9,18,26.939,o2meter,constant,7,c_01,H
20211227,98,b_30,4,18,27.706,o2meter,constant,7,c_01,H
20211227,98,b_30,9,18,27.506,o2meter,constant,7,c_01,H
20211229,100,b_30,4,18,27.91,o2meter,constant,7,c_01,H
20211229,100,b_30,9,18,27.28,o2meter,constant,7,c_01,H
20211231,102,b_30,4,18,27.897,o2meter,constant,7,c_01,H
20211231,102,b_30,9,18,27.195,o2meter,constant,7,c_01,H
20220103,105,b_30,4,18,27.399,o2meter,constant,7,c_01,H
20220103,105,b_30,9,18,25.72,o2meter,constant,7,c_01,H
20220105,107,b_30,4,18,27.053,o2meter,constant,7,c_01,H
20220105,107,b_30,9,18,26.722,o2meter,constant,7,c_01,H
20220107,109,b_30,4,18,27.036,o2meter,constant,7,c_01,H
20220107,109,b_30,9,18,26.696,o2meter,constant,7,c_01,H
20220110,112,b_30,4,18,26.257,o2meter,constant,7,c_01,H
20220110,112,b_30,9,18,26.108,o2meter,constant,7,c_01,H
20220112,114,b_30,4,18,26.659,o2meter,constant,7,c_01,H
20220112,114,b_30,9,18,26.493,o2meter,constant,7,c_01,H
20220114,116,b_30,4,18,28.725,o2meter,constant,7,c_01,H
20220114,116,b_30,9,18,27.722,o2meter,constant,7,c_01,H
20220117,119,b_30,4,18,25.968,o2meter,constant,7,c_01,H
20220117,119,b_30,9,18,25.695,o2meter,constant,7,c_01,H
20220119,121,b_30,4,18,27.038,o2meter,constant,7,c_01,H
20220119,121,b_30,9,18,26.765,o2meter,constant,7,c_01,H
20220121,123,b_30,4,18,26.125,o2meter,constant,7,c_01,H
20220121,123,b_30,9,18,25.725,o2meter,constant,7,c_01,H
20220124,126,b_30,4,18,24.803,o2meter,constant,7,c_01,H
20220124,126,b_30,9,18,24.735,o2meter,constant,7,c_01,H
20220126,128,b_30,4,18,26.139,o2meter,constant,7,c_01,H
20220126,128,b_30,9,18,26.227,o2meter,constant,7,c_01,H
20220128,130,b_30,4,18,26.659,o2meter,constant,7,c_01,H
20220128,130,b_30,9,18,25.762,o2meter,constant,7,c_01,H
20220131,133,b_30,4,18,27.659,o2meter,constant,7,c_01,H
20220131,133,b_30,9,18,27.543,o2meter,constant,7,c_01,H
20220202,135,b_30,4,18,27.236,o2meter,constant,7,c_01,H
20220202,135,b_30,9,18,27.296,o2meter,constant,7,c_01,H
20220204,137,b_30,4,18,25.402,o2meter,constant,7,c_01,H
20220204,137,b_30,9,18,24.343,o2meter,constant,7,c_01,H
20220207,140,b_30,4,18,24.995,o2meter,constant,7,c_01,H
20220207,140,b_30,9,18,23.514,o2meter,constant,7,c_01,H
20220209,142,b_30,4,18,24.618,o2meter,constant,7,c_01,H
20220209,142,b_30,9,18,23.586,o2meter,constant,7,c_01,H
20220211,144,b_30,4,18,25.158,o2meter,constant,7,c_01,H
20220211,144,b_30,9,18,23.982,o2meter,constant,7,c_01,H
20220214,147,b_30,4,18,24.812,o2meter,constant,7,c_01,H
20220214,147,b_30,9,18,23.585,o2meter,constant,7,c_01,H
20220216,149,b_30,4,18,24.384,o2meter,constant,7,c_01,H
20220216,149,b_30,9,18,23.97,o2meter,constant,7,c_01,H
20220218,151,b_30,4,18,27.449,o2meter,constant,7,c_01,H
20220218,151,b_30,9,18,26.568,o2meter,constant,7,c_01,H
20220221,154,b_30,4,18,27.695,o2meter,constant,7,c_01,H
20220221,154,b_30,9,18,26.088,o2meter,constant,7,c_01,H
20220223,156,b_30,4,18,29.093,o2meter,constant,7,c_01,H
20220223,156,b_30,9,18,28.174,o2meter,constant,7,c_01,H
20220225,158,b_30,4,18,28.1,o2meter,constant,7,c_01,H
20220225,158,b_30,9,18,27.885,o2meter,constant,7,c_01,H
20220228,161,b_30,4,18,26.415,o2meter,constant,7,c_01,H
20220228,161,b_30,9,18,24.518,o2meter,constant,7,c_01,H
20220302,163,b_30,4,18,27.942,o2meter,constant,7,c_01,H
20220302,163,b_30,9,18,27.061,o2meter,constant,7,c_01,H
20220304,165,b_30,4,18,28.123,o2meter,constant,7,c_01,H
20220304,165,b_30,9,18,28.608,o2meter,constant,7,c_01,H
20220307,168,b_30,4,18,26.183,o2meter,constant,7,c_01,H
20220307,168,b_30,9,18,26.257,o2meter,constant,7,c_01,H
20220309,170,b_30,4,18,27.121,o2meter,constant,7,c_01,H
20220309,170,b_30,9,18,27.475,o2meter,constant,7,c_01,H
20220311,172,b_30,4,18,27.601,o2meter,constant,7,c_01,H
20220311,172,b_30,9,18,27.047,o2meter,constant,7,c_01,H
20220314,175,b_30,4,18,27.242,o2meter,constant,7,c_01,H
20220314,175,b_30,9,18,26.554,o2meter,constant,7,c_01,H
20220316,177,b_30,4,18,28.215,o2meter,constant,7,c_01,H
20220316,177,b_30,9,18,28.129,o2meter,constant,7,c_01,H
20220318,179,b_30,4,18,27.45,o2meter,constant,7,c_01,H
20220318,179,b_30,9,18,26.467,o2meter,constant,7,c_01,H
20220321,182,b_30,4,18,25.774,o2meter,constant,7,c_01,H
20220321,182,b_30,9,18,26.111,o2meter,constant,7,c_01,H
20220323,184,b_30,4,18,24.314,o2meter,constant,7,c_01,H
20220323,184,b_30,9,18,24.737,o2meter,constant,7,c_01,H
20220325,186,b_30,4,18,26.48,o2meter,constant,7,c_01,H
20220325,186,b_30,9,18,25.736,o2meter,constant,7,c_01,H
20220328,189,b_30,4,18,26.023,o2meter,constant,7,c_01,H
20220328,189,b_30,9,18,26.187,o2meter,constant,7,c_01,H
20220330,191,b_30,4,18,26.583,o2meter,constant,7,c_01,H
20220330,191,b_30,9,18,26.787,o2meter,constant,7,c_01,H
20220401,193,b_30,4,18,25.594,o2meter,constant,7,c_01,H
20220401,193,b_30,9,18,24.491,o2meter,constant,7,c_01,H
20220404,196,b_30,4,18,24.235,o2meter,constant,7,c_01,H
20220404,196,b_30,9,18,23.863,o2meter,constant,7,c_01,H
20220406,198,b_30,4,18,26.223,o2meter,constant,7,c_01,H
20220406,198,b_30,9,18,25.436,o2meter,constant,7,c_01,H
20220408,200,b_30,4,18,25.352,o2meter,constant,7,c_01,H
20220408,200,b_30,9,18,24.693,o2meter,constant,7,c_01,H
20220411,203,b_30,4,18,24.101,o2meter,constant,7,c_01,H
20220411,203,b_30,9,18,23.615,o2meter,constant,7,c_01,H
20220413,205,b_30,4,18,25.704,o2meter,constant,7,c_01,H
20220413,205,b_30,9,18,24.301,o2meter,constant,7,c_01,H
20220415,207,b_30,4,18,28.013,o2meter,constant,7,c_01,H
20220415,207,b_30,9,18,27.098,o2meter,constant,7,c_01,H
20220418,210,b_30,4,18,27.187,o2meter,constant,7,c_01,H
20220418,210,b_30,9,18,26.652,o2meter,constant,7,c_01,H
20220420,212,b_30,4,18,27.838,o2meter,constant,7,c_01,H
20220420,212,b_30,9,18,26.31,o2meter,constant,7,c_01,H
20220422,214,b_30,4,18,28.929,o2meter,constant,7,c_01,H
20220422,214,b_30,9,18,26.869,o2meter,constant,7,c_01,H
20220425,217,b_30,4,18,26.713,o2meter,constant,7,c_01,H
20220425,217,b_30,9,18,26.277,o2meter,constant,7,c_01,H
20220427,219,b_30,4,18,28.925,o2meter,constant,7,c_01,H
20220427,219,b_30,9,18,28.274,o2meter,constant,7,c_01,H
20220429,221,b_30,4,18,27.137,o2meter,constant,7,c_01,H
20220429,221,b_30,9,18,27.556,o2meter,constant,7,c_01,H
20220502,224,b_30,4,18,26.862,o2meter,constant,7,c_01,H
20220502,224,b_30,9,18,26.281,o2meter,constant,7,c_01,H
20220504,226,b_30,4,18,26.197,o2meter,constant,7,c_01,H
20220504,226,b_30,9,18,26.198,o2meter,constant,7,c_01,H
20220506,228,b_30,4,18,25.89,o2meter,constant,7,c_01,H
20220506,228,b_30,9,18,25.804,o2meter,constant,7,c_01,H
20220509,231,b_30,4,18,25.251,o2meter,constant,7,c_01,H
20220509,231,b_30,9,18,25.003,o2meter,constant,7,c_01,H
20220511,233,b_30,4,18,26.211,o2meter,constant,7,c_01,H
20220511,233,b_30,9,18,26.508,o2meter,constant,7,c_01,H
20220513,235,b_30,4,18,26.349,o2meter,constant,7,c_01,H
20220513,235,b_30,9,18,26.374,o2meter,constant,7,c_01,H
20220516,238,b_30,4,18,23.763,o2meter,constant,7,c_01,H
20220516,238,b_30,9,18,22.489,o2meter,constant,7,c_01,H
20220518,240,b_30,4,18,26.684,o2meter,constant,7,c_01,H
20220518,240,b_30,9,18,26.998,o2meter,constant,7,c_01,H
20220520,242,b_30,4,18,28.273,o2meter,constant,7,c_01,H
20220520,242,b_30,9,18,28.103,o2meter,constant,7,c_01,H
20220523,245,b_30,4,18,26.399,o2meter,constant,7,c_01,H
20220523,245,b_30,9,18,26.449,o2meter,constant,7,c_01,H
20220525,247,b_30,4,18,24.761,o2meter,constant,7,c_01,H
20220525,247,b_30,9,18,25.182,o2meter,constant,7,c_01,H
20220527,249,b_30,4,18,25.077,o2meter,constant,7,c_01,H
20220527,249,b_30,9,18,24.306,o2meter,constant,7,c_01,H
20220530,252,b_30,4,18,25.439,o2meter,constant,7,c_01,H
20220530,252,b_30,9,18,24.62,o2meter,constant,7,c_01,H
20220601,254,b_30,4,18,25.457,o2meter,constant,7,c_01,H
20220601,254,b_30,9,18,24.888,o2meter,constant,7,c_01,H
20220603,256,b_30,4,18,25.461,o2meter,constant,7,c_01,H
20220603,256,b_30,9,18,24.059,o2meter,constant,7,c_01,H
20220606,259,b_30,4,18,24.178,o2meter,constant,7,c_01,H
20220606,259,b_30,9,18,22.908,o2meter,constant,7,c_01,H
20220608,261,b_30,4,18,26.699,o2meter,constant,7,c_01,H
20220608,261,b_30,9,18,25.705,o2meter,constant,7,c_01,H
20220610,263,b_30,4,18,28.15,o2meter,constant,7,c_01,H
20220610,263,b_30,9,18,26.996,o2meter,constant,7,c_01,H
20220613,266,b_30,4,18,26.783,o2meter,constant,7,c_01,H
20220613,266,b_30,9,18,25.551,o2meter,constant,7,c_01,H
20220615,268,b_30,4,18,27.113,o2meter,constant,7,c_01,H
20220615,268,b_30,9,18,26.923,o2meter,constant,7,c_01,H
20220617,270,b_30,4,18,27.193,o2meter,constant,7,c_01,H
20220617,270,b_30,9,18,26.257,o2meter,constant,7,c_01,H
20220620,273,b_30,4,18,26.761,o2meter,constant,7,c_01,H
20220620,273,b_30,9,18,25.634,o2meter,constant,7,c_01,H
20220622,275,b_30,4,18,27.944,o2meter,constant,7,c_01,H
20220622,275,b_30,9,18,26.872,o2meter,constant,7,c_01,H
20220624,277,b_30,4,18,25.79,o2meter,constant,7,c_01,H
20220624,277,b_30,9,18,25.865,o2meter,constant,7,c_01,H
20220627,280,b_30,4,18,24.785,o2meter,constant,7,c_01,H
20220627,280,b_30,9,18,24.441,o2meter,constant,7,c_01,H
20220629,282,b_30,4,18,26.135,o2meter,constant,7,c_01,H
20220629,282,b_30,9,18,26.071,o2meter,constant,7,c_01,H
20220704,287,b_30,4,18,26.158,o2meter,constant,7,c_01,H
20220704,287,b_30,9,18,25.389,o2meter,constant,7,c_01,H
